/* Auto-generated by scripts/gen_avatar_assets.py — do not edit. */
#include <stdint.h>
#include "lvgl.h"

static const uint8_t avatar_close_data[64800] __attribute__((aligned(4))) = {
    0x00, 0x00, 0x00, 0x00, 0x00, 0x00, 0x00, 0x00, 0x00, 0x00, 0x20, 0x00, 0x40, 0x08, 0x20, 0x00,
    0x20, 0x00, 0x00, 0x00, 0x20, 0x00, 0x61, 0x08, 0x81, 0x10, 0xA2, 0x18, 0xE2, 0x18, 0x03, 0x21,
    0x24, 0x29, 0x44, 0x29, 0x44, 0x29, 0x85, 0x31, 0x65, 0x29, 0x24, 0x29, 0x44, 0x29, 0x44, 0x29,
    0x45, 0x29, 0x04, 0x21, 0xE3, 0x18, 0xC2, 0x18, 0x81, 0x10, 0x61, 0x08, 0x41, 0x08, 0x20, 0x00,
    0x20, 0x00, 0x40, 0x08, 0x81, 0x10, 0xA1, 0x10, 0xE2, 0x18, 0xE3, 0x20, 0x81, 0x10, 0x40, 0x08,
    0x40, 0x08, 0x40, 0x08, 0x40, 0x08, 0x60, 0x10, 0x81, 0x10, 0x81, 0x10, 0x40, 0x08, 0x61, 0x10,
    0x81, 0x10, 0xA1, 0x18, 0xE3, 0x20, 0x61, 0x10, 0x81, 0x10, 0xC2, 0x18, 0x44, 0x29, 0xA6, 0x39,
    0xC6, 0x39, 0xE7, 0x41, 0x07, 0x42, 0xE6, 0x39, 0xE7, 0x41, 0x48, 0x4A, 0x48, 0x4A, 0x27, 0x42,
    0xE7, 0x41, 0xE6, 0x39, 0xC6, 0x39, 0xA6, 0x39, 0xA6, 0x39, 0x85, 0x31, 0x85, 0x31, 0x65, 0x31,
    0x85, 0x31, 0xA5, 0x31, 0xC6, 0x39, 0x07, 0x42, 0x68, 0x52, 0xA9, 0x52, 0xCA, 0x5A, 0x2B, 0x63,
    0x2C, 0x6B, 0x2C, 0x63, 0x2C, 0x6B, 0x2C, 0x63, 0x2C, 0x6B, 0x0B, 0x63, 0x2B, 0x63, 0x4C, 0x6B,
    0x2C, 0x6B, 0x2C, 0x6B, 0x0B, 0x63, 0xCA, 0x5A, 0xAA, 0x5A, 0x89, 0x52, 0x68, 0x52, 0x68, 0x4A,
    0x48, 0x4A, 0x48, 0x4A, 0x27, 0x4A, 0x27, 0x4A, 0x27, 0x4A, 0x07, 0x4A, 0xE6, 0x41, 0xC6, 0x39,
    0x85, 0x39, 0x64, 0x31, 0x44, 0x29, 0x03, 0x21, 0x23, 0x29, 0x23, 0x29, 0x43, 0x29, 0x43, 0x29,
    0x43, 0x31, 0x23, 0x29, 0x03, 0x29, 0xE2, 0x20, 0xA1, 0x18, 0x60, 0x10, 0x40, 0x08, 0x40, 0x08,
    0x60, 0x10, 0x60, 0x18, 0x80, 0x18, 0x80, 0x18, 0x60, 0x18, 0x60, 0x10, 0x80, 0x18, 0xA0, 0x18,
    0xA0, 0x20, 0x80, 0x18, 0x80, 0x18, 0x80, 0x18, 0x80, 0x18, 0x80, 0x18, 0xA0, 0x20, 0x00, 0x00,
    0x00, 0x00, 0x00, 0x00, 0x00, 0x00, 0x00, 0x00, 0x00, 0x00, 0x00, 0x00, 0x40, 0x08, 0x61, 0x08,
    0x81, 0x10, 0x81, 0x10, 0xC2, 0x18, 0xE3, 0x20, 0x03, 0x21, 0x44, 0x29, 0x44, 0x29, 0x44, 0x29,
    0x44, 0x29, 0x04, 0x21, 0xA2, 0x10, 0x40, 0x08, 0x20, 0x08, 0x40, 0x08, 0x61, 0x08, 0x81, 0x10,
    0xA2, 0x18, 0xE3, 0x18, 0x03, 0x21, 0x03, 0x21, 0xC2, 0x18, 0xA2, 0x10, 0xA2, 0x10, 0x81, 0x10,
    0x61, 0x08, 0x40, 0x08, 0x81, 0x10, 0xA2, 0x18, 0x24, 0x29, 0xC2, 0x18, 0x40, 0x08, 0x40, 0x08,
    0x61, 0x08, 0x61, 0x08, 0x40, 0x08, 0x60, 0x10, 0xA1, 0x18, 0x61, 0x10, 0x81, 0x10, 0x81, 0x10,
    0x03, 0x21, 0x81, 0x10, 0x81, 0x10, 0x23, 0x29, 0x85, 0x31, 0xA6, 0x39, 0xA5, 0x39, 0xC6, 0x39,
    0x48, 0x4A, 0x8A, 0x52, 0xCB, 0x5A, 0x89, 0x52, 0x48, 0x4A, 0x48, 0x4A, 0x28, 0x4A, 0x48, 0x4A,
    0x28, 0x4A, 0x48, 0x4A, 0x28, 0x4A, 0x28, 0x4A, 0x69, 0x4A, 0x89, 0x52, 0xCA, 0x5A, 0x0C, 0x63,
    0x4D, 0x6B, 0x6D, 0x6B, 0x8E, 0x73, 0x8D, 0x73, 0x4D, 0x6B, 0x2C, 0x6B, 0x2C, 0x63, 0x2C, 0x63,
    0x4C, 0x6B, 0x6D, 0x73, 0x8E, 0x73, 0x8E, 0x73, 0x6D, 0x73, 0x4C, 0x6B, 0x0B, 0x63, 0xEB, 0x62,
    0xAA, 0x5A, 0xAA, 0x5A, 0xAA, 0x5A, 0xAA, 0x5A, 0xCA, 0x5A, 0xEB, 0x62, 0xEA, 0x62, 0xCA, 0x5A,
    0xAA, 0x5A, 0x69, 0x52, 0x07, 0x42, 0xA6, 0x39, 0x64, 0x31, 0x23, 0x29, 0x03, 0x21, 0x23, 0x29,
    0x64, 0x31, 0xA6, 0x39, 0xE6, 0x41, 0xE7, 0x41, 0x07, 0x42, 0xC6, 0x41, 0xA5, 0x39, 0x85, 0x39,
    0x84, 0x39, 0x64, 0x31, 0x44, 0x31, 0x43, 0x31, 0x23, 0x29, 0xE2, 0x20, 0xA1, 0x18, 0x81, 0x10,
    0x60, 0x10, 0x60, 0x10, 0x60, 0x10, 0x60, 0x10, 0x60, 0x18, 0x80, 0x18, 0x60, 0x18, 0x40, 0x10,
    0x40, 0x10, 0x60, 0x10, 0x60, 0x10, 0x40, 0x10, 0x40, 0x10, 0xA0, 0x20, 0x00, 0x00, 0x00, 0x00,
    0x00, 0x00, 0x00, 0x00, 0x00, 0x00, 0x00, 0x00, 0x00, 0x00, 0x20, 0x00, 0x81, 0x10, 0xE3, 0x18,
    0x03, 0x21, 0x03, 0x21, 0x03, 0x21, 0x24, 0x21, 0x24, 0x21, 0x24, 0x21, 0x04, 0x21, 0xE3, 0x18,
    0xE3, 0x18, 0x24, 0x21, 0x85, 0x31, 0xC6, 0x39, 0xA6, 0x31, 0x85, 0x31, 0x65, 0x29, 0x65, 0x29,
    0x44, 0x29, 0x44, 0x29, 0x44, 0x29, 0x65, 0x29, 0x24, 0x29, 0xA2, 0x18, 0x81, 0x10, 0xE3, 0x18,
    0xC3, 0x18, 0xC2, 0x18, 0xA2, 0x18, 0x03, 0x21, 0x23, 0x21, 0x81, 0x10, 0x20, 0x08, 0x40, 0x08,
    0x61, 0x10, 0x81, 0x10, 0x61, 0x10, 0x81, 0x10, 0xA1, 0x18, 0x81, 0x10, 0xE2, 0x20, 0x03, 0x21,
    0xA1, 0x18, 0x65, 0x31, 0xA6, 0x39, 0x44, 0x29, 0x24, 0x29, 0xA6, 0x31, 0x69, 0x4A, 0x89, 0x52,
    0x49, 0x4A, 0x85, 0x31, 0x24, 0x29, 0xA6, 0x31, 0x85, 0x31, 0x44, 0x29, 0x24, 0x29, 0x86, 0x31,
    0xC7, 0x39, 0x08, 0x42, 0x28, 0x4A, 0xAA, 0x52, 0xCB, 0x5A, 0xCA, 0x5A, 0xAA, 0x52, 0x89, 0x52,
    0x69, 0x4A, 0x48, 0x4A, 0x49, 0x4A, 0xAA, 0x52, 0x0B, 0x63, 0x4C, 0x6B, 0x6D, 0x6B, 0x8D, 0x73,
    0x4C, 0x6B, 0xCA, 0x5A, 0x69, 0x52, 0x69, 0x52, 0x89, 0x52, 0xAA, 0x5A, 0xEB, 0x5A, 0x0B, 0x63,
    0x0B, 0x63, 0x0B, 0x63, 0xEB, 0x62, 0xAA, 0x5A, 0x48, 0x4A, 0xC6, 0x39, 0x85, 0x31, 0x64, 0x31,
    0x44, 0x29, 0x44, 0x29, 0x85, 0x31, 0xC6, 0x39, 0x07, 0x42, 0x68, 0x52, 0xA9, 0x5A, 0x69, 0x52,
    0x07, 0x42, 0xA5, 0x39, 0x64, 0x31, 0x23, 0x29, 0x23, 0x29, 0x44, 0x31, 0x44, 0x31, 0x44, 0x31,
    0x44, 0x31, 0x64, 0x31, 0x64, 0x31, 0x64, 0x31, 0x84, 0x39, 0x84, 0x39, 0x64, 0x31, 0x43, 0x31,
    0x23, 0x29, 0x02, 0x29, 0xC2, 0x20, 0x61, 0x10, 0x40, 0x08, 0x20, 0x08, 0x20, 0x08, 0x40, 0x10,
    0x60, 0x18, 0x40, 0x10, 0x20, 0x08, 0x80, 0x18, 0xC1, 0x20, 0x00, 0x00, 0x20, 0x00, 0x20, 0x00,
    0x20, 0x00, 0x20, 0x00, 0x20, 0x00, 0x41, 0x08, 0x81, 0x10, 0x81, 0x10, 0x61, 0x10, 0xA2, 0x10,
    0xE3, 0x18, 0x24, 0x21, 0x44, 0x29, 0x45, 0x29, 0x65, 0x29, 0xC7, 0x31, 0xC7, 0x39, 0xC7, 0x39,
    0xA6, 0x39, 0x85, 0x31, 0x24, 0x29, 0x03, 0x21, 0xC2, 0x18, 0xC2, 0x18, 0xC2, 0x18, 0xC2, 0x18,
    0xE3, 0x18, 0xE3, 0x18, 0xC2, 0x18, 0x03, 0x21, 0x45, 0x29, 0x03, 0x21, 0x41, 0x08, 0x40, 0x08,
    0xA2, 0x10, 0xE3, 0x18, 0x24, 0x21, 0x44, 0x29, 0xE3, 0x18, 0x61, 0x08, 0x20, 0x08, 0x40, 0x08,
    0x61, 0x10, 0xA2, 0x18, 0x61, 0x10, 0x81, 0x10, 0xC2, 0x20, 0x44, 0x29, 0x03, 0x21, 0x85, 0x31,
    0x44, 0x29, 0xE3, 0x20, 0x03, 0x21, 0xA6, 0x31, 0x8A, 0x4A, 0xE7, 0x41, 0x44, 0x29, 0xE3, 0x18,
    0xC2, 0x18, 0x85, 0x31, 0x23, 0x29, 0xC2, 0x20, 0xE3, 0x20, 0xA6, 0x31, 0xA6, 0x31, 0x85, 0x31,
    0x85, 0x31, 0x85, 0x31, 0x44, 0x29, 0x44, 0x29, 0x44, 0x29, 0x65, 0x31, 0xA6, 0x31, 0x07, 0x42,
    0x69, 0x4A, 0xAA, 0x52, 0xCA, 0x52, 0xAA, 0x52, 0x89, 0x52, 0x48, 0x4A, 0x07, 0x42, 0x07, 0x42,
    0x69, 0x52, 0xEB, 0x5A, 0x6D, 0x6B, 0xCF, 0x7B, 0xCF, 0x7B, 0x2C, 0x63, 0xAA, 0x52, 0x48, 0x4A,
    0xE6, 0x39, 0xA6, 0x39, 0xC6, 0x39, 0xC6, 0x39, 0x28, 0x42, 0x48, 0x4A, 0x89, 0x52, 0xCA, 0x5A,
    0xEA, 0x5A, 0xEA, 0x5A, 0xCA, 0x5A, 0xAA, 0x5A, 0x48, 0x4A, 0xC6, 0x39, 0x65, 0x31, 0x64, 0x31,
    0x85, 0x31, 0xE7, 0x41, 0x48, 0x4A, 0x69, 0x4A, 0x48, 0x4A, 0x48, 0x4A, 0x48, 0x4A, 0x47, 0x4A,
    0x07, 0x4A, 0xE6, 0x41, 0xE6, 0x41, 0xA5, 0x39, 0xA5, 0x39, 0xA5, 0x39, 0xA5, 0x39, 0x84, 0x39,
    0x84, 0x39, 0x84, 0x39, 0x63, 0x31, 0x23, 0x29, 0x02, 0x21, 0xC2, 0x20, 0xC1, 0x20, 0x80, 0x18,
    0x60, 0x10, 0x80, 0x18, 0xE1, 0x28, 0xC1, 0x20, 0x20, 0x00, 0x20, 0x00, 0x20, 0x00, 0x40, 0x08,
    0x61, 0x08, 0x61, 0x08, 0x61, 0x08, 0x41, 0x08, 0x61, 0x08, 0x82, 0x10, 0xA2, 0x10, 0xC3, 0x18,
    0xE3, 0x18, 0x24, 0x21, 0x45, 0x29, 0x85, 0x29, 0x44, 0x29, 0x03, 0x21, 0xC2, 0x18, 0x81, 0x10,
    0x81, 0x10, 0x81, 0x18, 0xC2, 0x18, 0xA1, 0x18, 0x61, 0x08, 0x81, 0x10, 0x81, 0x10, 0xA2, 0x10,
    0xC2, 0x18, 0x03, 0x21, 0x03, 0x21, 0xE3, 0x20, 0x03, 0x21, 0x24, 0x29, 0xC2, 0x18, 0x20, 0x00,
    0x20, 0x00, 0x61, 0x08, 0xE3, 0x18, 0x24, 0x29, 0xC2, 0x18, 0x40, 0x08, 0x40, 0x08, 0x60, 0x08,
    0x81, 0x10, 0xE2, 0x20, 0xA1, 0x18, 0x03, 0x21, 0x23, 0x29, 0x65, 0x31, 0x03, 0x29, 0xA1, 0x18,
    0xE2, 0x20, 0xC7, 0x39, 0x49, 0x4A, 0x44, 0x29, 0x81, 0x18, 0x24, 0x21, 0xE3, 0x20, 0x65, 0x29,
    0xA2, 0x18, 0xC2, 0x20, 0x03, 0x21, 0x24, 0x29, 0x03, 0x21, 0xC2, 0x18, 0xE2, 0x20, 0xC2, 0x18,
    0xC2, 0x18, 0xE3, 0x20, 0x23, 0x21, 0x44, 0x29, 0x65, 0x31, 0x85, 0x31, 0x65, 0x31, 0x44, 0x29,
    0x23, 0x29, 0xE3, 0x20, 0x03, 0x21, 0x64, 0x31, 0xE7, 0x41, 0x89, 0x52, 0x2C, 0x6B, 0x8D, 0x73,
    0x6D, 0x6B, 0xCA, 0x5A, 0x28, 0x4A, 0x85, 0x31, 0x03, 0x21, 0x44, 0x29, 0xC6, 0x39, 0x69, 0x4A,
    0xCA, 0x5A, 0x2C, 0x63, 0x6D, 0x6B, 0x4C, 0x6B, 0x0B, 0x63, 0x0B, 0x63, 0xEA, 0x5A, 0xA9, 0x5A,
    0x68, 0x4A, 0x28, 0x4A, 0x07, 0x42, 0x07, 0x42, 0x48, 0x4A, 0xAA, 0x52, 0xEB, 0x5A, 0xEB, 0x5A,
    0xA9, 0x5A, 0x48, 0x4A, 0xC6, 0x39, 0x64, 0x31, 0x23, 0x31, 0x03, 0x29, 0xC2, 0x20, 0xA1, 0x18,
    0xA1, 0x18, 0x81, 0x18, 0x81, 0x10, 0x60, 0x10, 0x60, 0x10, 0x60, 0x10, 0x60, 0x10, 0x60, 0x10,
    0x60, 0x10, 0x61, 0x10, 0x81, 0x10, 0x81, 0x10, 0xC2, 0x20, 0x23, 0x29, 0x43, 0x31, 0x43, 0x31,
    0x63, 0x31, 0x23, 0x31, 0x02, 0x29, 0x20, 0x00, 0x20, 0x00, 0x40, 0x08, 0x40, 0x08, 0x40, 0x08,
    0x40, 0x08, 0x61, 0x08, 0x61, 0x08, 0x61, 0x08, 0x61, 0x08, 0x41, 0x08, 0x82, 0x10, 0xC3, 0x10,
    0xC2, 0x10, 0x81, 0x10, 0x60, 0x08, 0x40, 0x08, 0x61, 0x10, 0xA1, 0x18, 0xA1, 0x18, 0x81, 0x10,
    0xA2, 0x10, 0xC2, 0x18, 0xE2, 0x20, 0x81, 0x10, 0x20, 0x08, 0x41, 0x08, 0x40, 0x08, 0x41, 0x08,
    0x61, 0x10, 0xC2, 0x18, 0x24, 0x29, 0x65, 0x31, 0x85, 0x31, 0xA6, 0x31, 0x85, 0x31, 0x24, 0x29,
    0x24, 0x21, 0xC2, 0x18, 0xE2, 0x18, 0x03, 0x21, 0x03, 0x21, 0x61, 0x10, 0x60, 0x10, 0x81, 0x10,
    0xC2, 0x20, 0xE2, 0x20, 0x03, 0x29, 0x64, 0x31, 0x03, 0x21, 0x81, 0x10, 0xE3, 0x20, 0xA6, 0x31,
    0xE7, 0x39, 0x03, 0x21, 0x81, 0x10, 0xC2, 0x20, 0x24, 0x29, 0x23, 0x29, 0x81, 0x18, 0xA1, 0x18,
    0x03, 0x21, 0xE3, 0x20, 0xE2, 0x20, 0xC2, 0x18, 0xA2, 0x18, 0x81, 0x10, 0xC2, 0x18, 0xC2, 0x20,
    0xC2, 0x18, 0xC2, 0x18, 0xA1, 0x18, 0x81, 0x10, 0x61, 0x10, 0x61, 0x10, 0x81, 0x10, 0xE2, 0x20,
    0x65, 0x31, 0x28, 0x4A, 0xCB, 0x5A, 0x2C, 0x63, 0x0B, 0x63, 0x69, 0x52, 0xA6, 0x39, 0x03, 0x21,
    0xC2, 0x18, 0x23, 0x29, 0xA6, 0x39, 0x89, 0x52, 0x0B, 0x63, 0x6D, 0x6B, 0x8D, 0x73, 0x6D, 0x73,
    0x6D, 0x73, 0x6D, 0x73, 0x6D, 0x6B, 0x2C, 0x6B, 0xEB, 0x62, 0xAA, 0x5A, 0x89, 0x52, 0xA9, 0x5A,
    0xAA, 0x5A, 0xAA, 0x5A, 0xAA, 0x52, 0x69, 0x52, 0x07, 0x42, 0x85, 0x39, 0x23, 0x29, 0xC2, 0x20,
    0xA1, 0x18, 0xA1, 0x18, 0xC1, 0x18, 0xA1, 0x18, 0xA1, 0x18, 0xA1, 0x18, 0xC2, 0x20, 0xC2, 0x20,
    0xC2, 0x18, 0xC2, 0x20, 0xC2, 0x20, 0xC2, 0x18, 0xA1, 0x18, 0xA1, 0x18, 0xA1, 0x10, 0xA2, 0x18,
    0xC2, 0x18, 0x23, 0x29, 0xA5, 0x39, 0x07, 0x42, 0x07, 0x42, 0xE6, 0x41, 0xC6, 0x41, 0xC5, 0x41,
    0x43, 0x31, 0x64, 0x39, 0x20, 0x08, 0x20, 0x08, 0x40, 0x08, 0x40, 0x08, 0x61, 0x08, 0x61, 0x08,
    0x61, 0x08, 0x20, 0x00, 0x00, 0x00, 0x41, 0x00, 0x82, 0x10, 0xA2, 0x10, 0x61, 0x08, 0x40, 0x08,
    0x20, 0x08, 0x40, 0x08, 0x40, 0x08, 0x20, 0x08, 0x40, 0x08, 0xA2, 0x10, 0xE3, 0x20, 0xC2, 0x18,
    0x82, 0x10, 0xA2, 0x18, 0x03, 0x21, 0xC2, 0x18, 0x41, 0x08, 0x61, 0x08, 0x61, 0x08, 0xA2, 0x10,
    0x24, 0x29, 0x86, 0x31, 0x65, 0x29, 0x45, 0x29, 0x24, 0x29, 0x44, 0x29, 0x24, 0x29, 0x03, 0x21,
    0x24, 0x29, 0x24, 0x29, 0x03, 0x21, 0x44, 0x31, 0x44, 0x29, 0xE2, 0x20, 0xC2, 0x20, 0xA1, 0x18,
    0xE2, 0x20, 0x85, 0x31, 0x23, 0x29, 0x81, 0x18, 0xE3, 0x20, 0x85, 0x31, 0xA5, 0x31, 0xE2, 0x20,
    0xA1, 0x18, 0x81, 0x18, 0x03, 0x21, 0x24, 0x29, 0xA1, 0x18, 0x81, 0x10, 0xE2, 0x20, 0xE3, 0x20,
    0xA2, 0x18, 0x03, 0x21, 0xA2, 0x18, 0xA1, 0x18, 0xE2, 0x20, 0xE2, 0x20, 0x81, 0x10, 0x81, 0x10,
    0xA1, 0x18, 0xA2, 0x18, 0xA2, 0x18, 0xA2, 0x18, 0xE3, 0x20, 0x44, 0x31, 0xA6, 0x39, 0x07, 0x42,
    0x07, 0x42, 0xC6, 0x39, 0x44, 0x29, 0x03, 0x21, 0xE3, 0x20, 0x44, 0x29, 0x07, 0x42, 0xAA, 0x5A,
    0x0C, 0x63, 0x4C, 0x6B, 0x8E, 0x73, 0xCF, 0x7B, 0x10, 0x84, 0xEF, 0x7B, 0xCF, 0x7B, 0x4D, 0x6B,
    0xCA, 0x5A, 0x69, 0x52, 0x48, 0x4A, 0x69, 0x52, 0x69, 0x52, 0x89, 0x52, 0x89, 0x52, 0x69, 0x52,
    0x68, 0x52, 0x48, 0x4A, 0x07, 0x42, 0xE6, 0x41, 0xE6, 0x41, 0x07, 0x42, 0x28, 0x4A, 0x48, 0x4A,
    0x69, 0x52, 0x89, 0x52, 0x69, 0x52, 0x69, 0x4A, 0x69, 0x52, 0x69, 0x52, 0x69, 0x52, 0x69, 0x52,
    0x89, 0x52, 0x89, 0x52, 0x68, 0x52, 0x48, 0x4A, 0x48, 0x52, 0x68, 0x52, 0x69, 0x52, 0x68, 0x52,
    0x89, 0x52, 0x48, 0x4A, 0xE6, 0x41, 0xE6, 0x41, 0x07, 0x4A, 0x27, 0x4A, 0xA5, 0x39, 0x84, 0x39,
    0xA5, 0x39, 0x20, 0x08, 0x40, 0x08, 0x40, 0x08, 0x40, 0x08, 0x40, 0x08, 0x20, 0x08, 0x40, 0x08,
    0x41, 0x08, 0x82, 0x10, 0xA2, 0x10, 0x41, 0x08, 0x20, 0x00, 0x20, 0x00, 0x20, 0x08, 0x20, 0x00,
    0x20, 0x00, 0x40, 0x08, 0x61, 0x08, 0xA2, 0x10, 0xC3, 0x18, 0xE3, 0x18, 0x04, 0x21, 0xC2, 0x18,
    0xA2, 0x10, 0xA2, 0x18, 0x03, 0x21, 0xE3, 0x18, 0x82, 0x10, 0x45, 0x29, 0xA6, 0x31, 0x24, 0x29,
    0xC3, 0x18, 0x20, 0x08, 0x61, 0x08, 0xC2, 0x18, 0x03, 0x21, 0x24, 0x29, 0x24, 0x29, 0xC2, 0x20,
    0xE3, 0x20, 0x24, 0x29, 0x03, 0x29, 0x43, 0x31, 0x44, 0x31, 0x64, 0x31, 0x64, 0x31, 0x44, 0x31,
    0x44, 0x31, 0xA1, 0x18, 0xE3, 0x20, 0x85, 0x31, 0x85, 0x31, 0x03, 0x29, 0xE2, 0x20, 0xA1, 0x18,
    0xA1, 0x18, 0x44, 0x31, 0xE2, 0x20, 0xA1, 0x18, 0xC2, 0x20, 0xE2, 0x20, 0xC2, 0x18, 0xE2, 0x20,
    0xE2, 0x20, 0xA1, 0x18, 0x44, 0x31, 0x03, 0x29, 0xE2, 0x20, 0xE2, 0x20, 0xE2, 0x20, 0x03, 0x21,
    0x23, 0x29, 0x44, 0x31, 0x64, 0x31, 0x85, 0x31, 0xA6, 0x39, 0xC6, 0x39, 0xC6, 0x39, 0xC6, 0x39,
    0xC7, 0x39, 0xE7, 0x39, 0x07, 0x42, 0x69, 0x52, 0xEB, 0x62, 0x4C, 0x6B, 0xAE, 0x73, 0x10, 0x84,
    0x51, 0x8C, 0x10, 0x84, 0x4D, 0x6B, 0xAA, 0x52, 0x69, 0x4A, 0x69, 0x52, 0x89, 0x52, 0xAA, 0x52,
    0xAA, 0x5A, 0xCA, 0x5A, 0xCA, 0x5A, 0xEB, 0x62, 0xEA, 0x5A, 0xAA, 0x5A, 0xAA, 0x5A, 0xCA, 0x5A,
    0xCA, 0x5A, 0xCA, 0x5A, 0xEB, 0x5A, 0xEB, 0x62, 0xCA, 0x5A, 0xAA, 0x5A, 0x89, 0x52, 0x68, 0x52,
    0x28, 0x4A, 0x27, 0x4A, 0x28, 0x4A, 0x28, 0x4A, 0x28, 0x4A, 0x48, 0x4A, 0x69, 0x52, 0x48, 0x4A,
    0x28, 0x4A, 0x48, 0x4A, 0x69, 0x52, 0x68, 0x52, 0x28, 0x4A, 0xE6, 0x41, 0x07, 0x42, 0xE6, 0x41,
    0xC6, 0x41, 0x48, 0x4A, 0xCA, 0x5A, 0xA9, 0x5A, 0xE6, 0x49, 0xE6, 0x41, 0x06, 0x4A, 0x27, 0x4A,
    0x20, 0x00, 0x20, 0x00, 0x40, 0x08, 0x40, 0x08, 0x00, 0x00, 0x00, 0x00, 0x61, 0x08, 0xE3, 0x18,
    0xA2, 0x10, 0x20, 0x00, 0x00, 0x00, 0x20, 0x00, 0x20, 0x00, 0x20, 0x00, 0x41, 0x08, 0x61, 0x08,
    0x82, 0x08, 0x61, 0x08, 0x41, 0x08, 0x20, 0x00, 0x20, 0x00, 0x41, 0x08, 0x03, 0x21, 0x24, 0x21,
    0xA2, 0x18, 0xA2, 0x18, 0x08, 0x42, 0xC7, 0x39, 0x04, 0x21, 0x61, 0x08, 0x61, 0x08, 0xC2, 0x18,
    0xC2, 0x18, 0x40, 0x08, 0x40, 0x08, 0xA2, 0x18, 0x03, 0x21, 0xE3, 0x20, 0x23, 0x29, 0x03, 0x21,
    0xC2, 0x18, 0x03, 0x29, 0x23, 0x29, 0x23, 0x29, 0x23, 0x31, 0x64, 0x39, 0x84, 0x39, 0x44, 0x31,
    0xE2, 0x20, 0x64, 0x31, 0x64, 0x31, 0x23, 0x29, 0x02, 0x29, 0x02, 0x31, 0xC1, 0x20, 0x23, 0x31,
    0x63, 0x39, 0xC1, 0x28, 0xE2, 0x28, 0x02, 0x29, 0x02, 0x29, 0xE2, 0x20, 0x23, 0x31, 0x02, 0x29,
    0x43, 0x31, 0x02, 0x29, 0xE2, 0x28, 0xE2, 0x28, 0xC2, 0x20, 0xE2, 0x20, 0x03, 0x29, 0x44, 0x31,
    0x85, 0x39, 0xA6, 0x39, 0xC6, 0x41, 0x07, 0x42, 0x07, 0x42, 0xE7, 0x41, 0xE7, 0x41, 0x27, 0x4A,
    0x89, 0x52, 0xEB, 0x5A, 0x6D, 0x6B, 0xEF, 0x7B, 0xEF, 0x7B, 0x6D, 0x6B, 0xAA, 0x5A, 0x08, 0x42,
    0xC6, 0x39, 0x48, 0x4A, 0x2C, 0x63, 0x6D, 0x6B, 0x2C, 0x63, 0xEB, 0x62, 0xAA, 0x5A, 0xCA, 0x5A,
    0xEB, 0x5A, 0xCB, 0x5A, 0xCA, 0x5A, 0xEB, 0x5A, 0x0B, 0x63, 0x0B, 0x63, 0xCA, 0x5A, 0x89, 0x52,
    0x69, 0x52, 0x89, 0x52, 0x68, 0x52, 0x68, 0x52, 0x89, 0x52, 0x89, 0x52, 0xA9, 0x52, 0x89, 0x52,
    0x89, 0x52, 0x69, 0x52, 0x27, 0x42, 0xE6, 0x41, 0xE6, 0x39, 0xE7, 0x41, 0x07, 0x42, 0x48, 0x4A,
    0x69, 0x52, 0x48, 0x4A, 0xE7, 0x41, 0xC6, 0x39, 0xE7, 0x41, 0x28, 0x4A, 0x48, 0x4A, 0xAA, 0x5A,
    0x0B, 0x63, 0xA9, 0x5A, 0x07, 0x4A, 0x07, 0x4A, 0x68, 0x52, 0xA9, 0x5A, 0xA9, 0x5A, 0x20, 0x00,
    0x20, 0x00, 0x20, 0x00, 0x20, 0x00, 0x61, 0x08, 0xA2, 0x10, 0x81, 0x08, 0x20, 0x08, 0x20, 0x08,
    0x61, 0x08, 0x20, 0x00, 0x20, 0x00, 0x40, 0x08, 0x61, 0x08, 0x61, 0x08, 0x41, 0x08, 0x20, 0x00,
    0x20, 0x00, 0x00, 0x00, 0x20, 0x00, 0x41, 0x08, 0x82, 0x10, 0xC2, 0x18, 0x24, 0x21, 0x03, 0x21,
    0xC7, 0x39, 0x28, 0x42, 0x45, 0x29, 0x04, 0x21, 0x65, 0x29, 0x04, 0x21, 0xA2, 0x18, 0xC2, 0x18,
    0xE3, 0x18, 0x61, 0x08, 0x40, 0x08, 0x81, 0x10, 0xE3, 0x20, 0xC2, 0x18, 0xE2, 0x20, 0x23, 0x29,
    0xE2, 0x20, 0xC2, 0x20, 0x23, 0x31, 0x43, 0x39, 0x03, 0x29, 0x03, 0x29, 0x43, 0x31, 0xA5, 0x41,
    0x84, 0x39, 0x23, 0x31, 0x22, 0x31, 0x43, 0x39, 0x22, 0x39, 0x22, 0x31, 0xA4, 0x41, 0x83, 0x41,
    0x22, 0x39, 0x63, 0x39, 0x63, 0x39, 0x43, 0x39, 0x43, 0x31, 0x43, 0x39, 0x43, 0x39, 0x43, 0x31,
    0x02, 0x31, 0x23, 0x31, 0x23, 0x31, 0x23, 0x31, 0x23, 0x31, 0x44, 0x31, 0x64, 0x31, 0x44, 0x31,
    0x64, 0x31, 0x85, 0x39, 0x65, 0x31, 0xA5, 0x39, 0x28, 0x4A, 0xEB, 0x62, 0x2C, 0x6B, 0x6D, 0x6B,
    0x8E, 0x73, 0x6D, 0x6B, 0x69, 0x52, 0xA5, 0x39, 0xC6, 0x39, 0x69, 0x4A, 0x2C, 0x63, 0xCF, 0x7B,
    0x8D, 0x73, 0xCA, 0x5A, 0x69, 0x52, 0xCB, 0x5A, 0x6D, 0x6B, 0x2C, 0x6B, 0xAA, 0x52, 0x89, 0x52,
    0x0B, 0x63, 0x2C, 0x63, 0xCA, 0x5A, 0x69, 0x52, 0x48, 0x4A, 0x28, 0x4A, 0x89, 0x52, 0xEB, 0x5A,
    0xCB, 0x5A, 0xEB, 0x5A, 0x2C, 0x63, 0x6D, 0x6B, 0x4C, 0x6B, 0x0B, 0x63, 0x89, 0x52, 0x07, 0x42,
    0x85, 0x31, 0x44, 0x29, 0x85, 0x31, 0xE6, 0x39, 0x28, 0x4A, 0x69, 0x52, 0x89, 0x52, 0x69, 0x52,
    0x48, 0x4A, 0x28, 0x4A, 0x68, 0x52, 0x69, 0x52, 0x48, 0x4A, 0xAA, 0x5A, 0xEB, 0x62, 0x89, 0x52,
    0xC6, 0x39, 0x27, 0x4A, 0x89, 0x5A, 0xEB, 0x62, 0x0B, 0x63, 0x69, 0x52, 0x20, 0x00, 0x00, 0x00,
    0x20, 0x00, 0x81, 0x08, 0xA2, 0x10, 0x61, 0x08, 0x41, 0x08, 0x40, 0x08, 0x20, 0x08, 0x41, 0x08,
    0x81, 0x10, 0x61, 0x08, 0x20, 0x00, 0x20, 0x00, 0x40, 0x08, 0x40, 0x08, 0x20, 0x08, 0x41, 0x08,
    0x81, 0x10, 0xA2, 0x10, 0xA2, 0x10, 0x61, 0x08, 0x20, 0x08, 0x61, 0x08, 0x29, 0x42, 0xC7, 0x31,
    0x03, 0x21, 0xC6, 0x39, 0x44, 0x29, 0xE3, 0x20, 0x65, 0x31, 0x65, 0x31, 0x24, 0x29, 0x03, 0x21,
    0x03, 0x21, 0x81, 0x10, 0x61, 0x08, 0xC2, 0x18, 0x23, 0x29, 0xE2, 0x20, 0xC2, 0x20, 0x64, 0x39,
    0x23, 0x31, 0xE2, 0x28, 0x43, 0x39, 0xA4, 0x41, 0x64, 0x41, 0x43, 0x39, 0x84, 0x41, 0xC4, 0x49,
    0xC5, 0x49, 0xA4, 0x49, 0xA3, 0x49, 0xA3, 0x49, 0xC4, 0x51, 0x05, 0x5A, 0xE4, 0x51, 0xC4, 0x51,
    0xE4, 0x51, 0xC4, 0x51, 0xA4, 0x49, 0xE4, 0x51, 0xC4, 0x49, 0xA4, 0x49, 0xA4, 0x41, 0xA4, 0x49,
    0xC5, 0x49, 0x63, 0x39, 0x64, 0x39, 0x64, 0x39, 0x64, 0x39, 0x43, 0x39, 0x64, 0x31, 0x44, 0x31,
    0x64, 0x31, 0x28, 0x4A, 0xEB, 0x62, 0xEB, 0x62, 0x8A, 0x52, 0x69, 0x52, 0x69, 0x52, 0x07, 0x42,
    0xC7, 0x39, 0x49, 0x4A, 0x2C, 0x63, 0xAE, 0x73, 0x6D, 0x6B, 0xCA, 0x5A, 0x28, 0x42, 0x49, 0x4A,
    0x2C, 0x63, 0xAE, 0x73, 0xEB, 0x5A, 0xE7, 0x41, 0xE7, 0x39, 0xCB, 0x5A, 0x8E, 0x73, 0xEB, 0x5A,
    0x48, 0x4A, 0x69, 0x52, 0xCA, 0x5A, 0x0C, 0x63, 0x4D, 0x6B, 0x0C, 0x63, 0xAA, 0x5A, 0xCB, 0x5A,
    0x4C, 0x6B, 0x4C, 0x6B, 0xCA, 0x5A, 0x07, 0x42, 0x44, 0x29, 0xE2, 0x20, 0xE2, 0x20, 0x44, 0x29,
    0xE7, 0x41, 0x89, 0x52, 0xEB, 0x5A, 0x0B, 0x63, 0x0C, 0x63, 0xEB, 0x62, 0xCA, 0x5A, 0xCA, 0x5A,
    0xAA, 0x5A, 0x69, 0x52, 0x69, 0x52, 0xAA, 0x5A, 0x89, 0x52, 0xE7, 0x41, 0xA5, 0x39, 0x07, 0x42,
    0x68, 0x52, 0xEB, 0x62, 0x0B, 0x63, 0xCA, 0x5A, 0x48, 0x4A, 0x20, 0x00, 0x61, 0x08, 0xA2, 0x10,
    0x61, 0x08, 0x00, 0x00, 0x20, 0x00, 0x20, 0x08, 0x61, 0x08, 0x61, 0x08, 0x40, 0x08, 0x20, 0x08,
    0x61, 0x10, 0xA2, 0x10, 0x61, 0x08, 0x61, 0x08, 0x61, 0x10, 0x82, 0x10, 0x82, 0x10, 0x61, 0x08,
    0x61, 0x08, 0x61, 0x08, 0x81, 0x10, 0xC3, 0x18, 0x29, 0x42, 0x44, 0x21, 0x81, 0x10, 0x03, 0x21,
    0x24, 0x29, 0x44, 0x29, 0x03, 0x21, 0xC2, 0x18, 0x24, 0x29, 0x85, 0x31, 0x85, 0x39, 0x44, 0x29,
    0x44, 0x29, 0xE3, 0x20, 0xA1, 0x18, 0xC2, 0x20, 0x43, 0x31, 0x44, 0x31, 0x03, 0x29, 0xA5, 0x41,
    0x84, 0x41, 0x43, 0x39, 0xA4, 0x49, 0x05, 0x52, 0xC4, 0x49, 0xC4, 0x49, 0x05, 0x52, 0x05, 0x52,
    0x05, 0x5A, 0x46, 0x62, 0x46, 0x6A, 0x66, 0x6A, 0x86, 0x6A, 0x66, 0x6A, 0x46, 0x62, 0x46, 0x62,
    0x46, 0x62, 0x46, 0x62, 0x46, 0x62, 0x46, 0x62, 0x25, 0x5A, 0x26, 0x5A, 0x05, 0x5A, 0xE5, 0x51,
    0xA4, 0x49, 0x84, 0x41, 0xA4, 0x49, 0x63, 0x39, 0x63, 0x39, 0x84, 0x39, 0xE6, 0x41, 0x68, 0x52,
    0x48, 0x4A, 0xC6, 0x39, 0x85, 0x31, 0xE7, 0x41, 0x69, 0x52, 0xA9, 0x5A, 0xCA, 0x5A, 0x2C, 0x6B,
    0x6D, 0x6B, 0xCA, 0x5A, 0x07, 0x42, 0xC6, 0x39, 0x28, 0x42, 0x8A, 0x52, 0x8A, 0x52, 0xE7, 0x41,
    0x64, 0x31, 0xA6, 0x39, 0xEB, 0x5A, 0xCF, 0x73, 0x2C, 0x63, 0xE7, 0x41, 0x48, 0x4A, 0x2C, 0x63,
    0xEB, 0x5A, 0xEB, 0x5A, 0xEB, 0x5A, 0x28, 0x4A, 0x28, 0x4A, 0xCB, 0x5A, 0x2C, 0x63, 0x69, 0x52,
    0x64, 0x31, 0xC2, 0x18, 0xA1, 0x18, 0xE2, 0x20, 0x85, 0x31, 0x69, 0x4A, 0x0B, 0x63, 0x0B, 0x63,
    0xEB, 0x5A, 0x0B, 0x63, 0x0B, 0x63, 0xCA, 0x5A, 0xCB, 0x5A, 0xEB, 0x5A, 0xCA, 0x5A, 0x89, 0x52,
    0x89, 0x52, 0x89, 0x52, 0xE7, 0x41, 0x24, 0x29, 0x24, 0x29, 0xA5, 0x31, 0xE7, 0x41, 0x69, 0x52,
    0x0B, 0x63, 0x2C, 0x63, 0x28, 0x4A, 0x23, 0x29, 0xA2, 0x10, 0xA2, 0x10, 0x20, 0x00, 0x00, 0x00,
    0x40, 0x08, 0x40, 0x08, 0x41, 0x08, 0x61, 0x08, 0x61, 0x10, 0x61, 0x10, 0x81, 0x10, 0xA2, 0x10,
    0xC3, 0x18, 0xC3, 0x18, 0xE3, 0x18, 0xC3, 0x18, 0xA2, 0x10, 0x82, 0x10, 0x61, 0x08, 0x61, 0x08,
    0x20, 0x00, 0x61, 0x08, 0xE7, 0x39, 0x44, 0x29, 0xA2, 0x10, 0x03, 0x21, 0x24, 0x29, 0x85, 0x31,
    0xA6, 0x39, 0x85, 0x31, 0x24, 0x29, 0x03, 0x21, 0x03, 0x21, 0x44, 0x31, 0xA5, 0x39, 0x23, 0x29,
    0x44, 0x31, 0x64, 0x31, 0xE2, 0x20, 0xA1, 0x20, 0x84, 0x39, 0x06, 0x52, 0x43, 0x39, 0xC5, 0x49,
    0x06, 0x52, 0xC5, 0x49, 0xE5, 0x51, 0x46, 0x62, 0x26, 0x5A, 0x46, 0x62, 0x26, 0x62, 0x66, 0x6A,
    0xC8, 0x72, 0xA7, 0x72, 0xC7, 0x72, 0xE8, 0x7A, 0xE8, 0x7A, 0xA7, 0x72, 0xA7, 0x72, 0xC8, 0x72,
    0xA7, 0x6A, 0xC8, 0x72, 0xA7, 0x6A, 0x87, 0x6A, 0x66, 0x6A, 0x86, 0x6A, 0x66, 0x62, 0x26, 0x62,
    0x66, 0x62, 0xA4, 0x49, 0xA4, 0x49, 0xE5, 0x49, 0x26, 0x52, 0xC5, 0x41, 0x64, 0x31, 0x85, 0x39,
    0x28, 0x4A, 0xA9, 0x5A, 0xCA, 0x5A, 0xCA, 0x5A, 0xA9, 0x5A, 0x48, 0x4A, 0xA6, 0x39, 0x44, 0x29,
    0x03, 0x29, 0x44, 0x31, 0x85, 0x31, 0x24, 0x29, 0xE2, 0x20, 0xE2, 0x20, 0xA6, 0x39, 0xEB, 0x5A,
    0x8E, 0x73, 0xEB, 0x5A, 0xE7, 0x41, 0xE7, 0x41, 0xAA, 0x52, 0xEB, 0x62, 0x89, 0x52, 0x48, 0x4A,
    0xA6, 0x39, 0xA6, 0x39, 0x49, 0x4A, 0xCB, 0x5A, 0x07, 0x42, 0x23, 0x29, 0xA2, 0x18, 0xE3, 0x20,
    0x85, 0x31, 0x28, 0x4A, 0xCB, 0x5A, 0x2C, 0x63, 0xEB, 0x5A, 0x69, 0x52, 0x48, 0x4A, 0x89, 0x52,
    0xEB, 0x62, 0x2C, 0x63, 0x0B, 0x63, 0x0B, 0x63, 0x0B, 0x63, 0xEB, 0x62, 0xCB, 0x5A, 0x89, 0x52,
    0x28, 0x42, 0xC6, 0x39, 0x07, 0x42, 0x48, 0x4A, 0x28, 0x4A, 0x89, 0x52, 0x0B, 0x63, 0x0B, 0x63,
    0x69, 0x52, 0xC6, 0x39, 0xE6, 0x39, 0x41, 0x08, 0x20, 0x00, 0x41, 0x08, 0x61, 0x08, 0x40, 0x08,
    0x20, 0x00, 0x20, 0x00, 0x40, 0x08, 0x61, 0x08, 0x82, 0x10, 0xA2, 0x10, 0xA2, 0x10, 0x82, 0x10,
    0xC2, 0x10, 0x04, 0x21, 0x04, 0x21, 0x04, 0x21, 0x65, 0x29, 0x65, 0x29, 0x45, 0x29, 0x24, 0x21,
    0xE7, 0x39, 0x24, 0x21, 0x61, 0x08, 0xA2, 0x18, 0xC2, 0x18, 0x23, 0x21, 0x03, 0x21, 0x44, 0x29,
    0x85, 0x31, 0xA5, 0x39, 0x44, 0x31, 0x44, 0x31, 0x03, 0x29, 0x23, 0x31, 0x85, 0x39, 0x44, 0x31,
    0x43, 0x31, 0xC5, 0x41, 0x43, 0x31, 0xC2, 0x20, 0xA5, 0x41, 0x47, 0x5A, 0xC5, 0x49, 0x06, 0x52,
    0x47, 0x62, 0x06, 0x5A, 0x26, 0x62, 0x66, 0x6A, 0x46, 0x62, 0xA7, 0x6A, 0x08, 0x7B, 0xE8, 0x7A,
    0xE8, 0x7A, 0x09, 0x7B, 0x29, 0x83, 0x29, 0x83, 0xE8, 0x7A, 0x09, 0x83, 0x29, 0x83, 0xE8, 0x7A,
    0x29, 0x83, 0xE8, 0x7A, 0x08, 0x7B, 0xE8, 0x7A, 0x29, 0x83, 0xE8, 0x7A, 0xC8, 0x72, 0x66, 0x62,
    0x05, 0x5A, 0x67, 0x62, 0x26, 0x5A, 0xA5, 0x41, 0xA5, 0x41, 0x07, 0x4A, 0x68, 0x52, 0x47, 0x52,
    0x07, 0x4A, 0xC5, 0x49, 0x84, 0x39, 0x03, 0x29, 0xC2, 0x20, 0xE2, 0x28, 0x02, 0x31, 0x23, 0x31,
    0xC1, 0x20, 0xA1, 0x20, 0xC1, 0x20, 0x23, 0x31, 0x28, 0x4A, 0xCB, 0x5A, 0x89, 0x52, 0xC6, 0x41,
    0xC6, 0x39, 0x28, 0x42, 0x48, 0x4A, 0x28, 0x4A, 0xC6, 0x39, 0x44, 0x29, 0x44, 0x29, 0x07, 0x42,
    0x49, 0x4A, 0xA6, 0x39, 0xE2, 0x20, 0xE2, 0x20, 0x44, 0x29, 0xC6, 0x39, 0x69, 0x4A, 0xEB, 0x5A,
    0xCA, 0x5A, 0x48, 0x4A, 0xE6, 0x39, 0x07, 0x42, 0x69, 0x4A, 0xCB, 0x5A, 0x2C, 0x63, 0x0B, 0x63,
    0x89, 0x52, 0xAA, 0x5A, 0xEB, 0x5A, 0x89, 0x52, 0xE7, 0x39, 0x65, 0x31, 0xE3, 0x20, 0xE3, 0x20,
    0x24, 0x29, 0x85, 0x31, 0xA6, 0x39, 0x27, 0x42, 0xA9, 0x52, 0xEA, 0x5A, 0xCA, 0x5A, 0x69, 0x52,
    0xAA, 0x52, 0xEB, 0x5A, 0x40, 0x08, 0x61, 0x08, 0x40, 0x08, 0x20, 0x00, 0x20, 0x00, 0x61, 0x08,
    0xA2, 0x10, 0xC3, 0x18, 0xA2, 0x10, 0x82, 0x10, 0xA2, 0x10, 0x03, 0x21, 0x24, 0x21, 0x04, 0x21,
    0x04, 0x21, 0x45, 0x29, 0x86, 0x29, 0x45, 0x29, 0x65, 0x29, 0x85, 0x31, 0x89, 0x52, 0x07, 0x42,
    0x86, 0x31, 0xC6, 0x39, 0xC6, 0x39, 0x85, 0x31, 0x65, 0x31, 0x44, 0x31, 0x44, 0x29, 0x23, 0x29,
    0x43, 0x31, 0x64, 0x31, 0x23, 0x31, 0x43, 0x31, 0x23, 0x31, 0x23, 0x31, 0xA5, 0x39, 0xC5, 0x41,
    0x43, 0x31, 0xA5, 0x41, 0x26, 0x52, 0xA5, 0x41, 0x84, 0x41, 0x47, 0x5A, 0x47, 0x5A, 0x67, 0x62,
    0xA8, 0x6A, 0xA7, 0x6A, 0x87, 0x6A, 0x87, 0x6A, 0xC8, 0x72, 0xE8, 0x72, 0x29, 0x83, 0x29, 0x83,
    0x4A, 0x8B, 0x29, 0x83, 0x49, 0x83, 0x6A, 0x8B, 0x69, 0x8B, 0x6A, 0x93, 0x6A, 0x8B, 0x6A, 0x8B,
    0x69, 0x8B, 0x49, 0x8B, 0x8A, 0x93, 0x8A, 0x93, 0x49, 0x83, 0xC8, 0x7A, 0xC8, 0x72, 0xE8, 0x72,
    0x47, 0x62, 0x26, 0x52, 0x47, 0x5A, 0x26, 0x52, 0x06, 0x52, 0xC5, 0x49, 0x84, 0x41, 0x63, 0x39,
    0x02, 0x31, 0x02, 0x31, 0x02, 0x31, 0x42, 0x39, 0x22, 0x39, 0xE2, 0x30, 0xC1, 0x28, 0x01, 0x29,
    0x02, 0x29, 0x64, 0x39, 0x07, 0x4A, 0x48, 0x4A, 0xE7, 0x41, 0x85, 0x31, 0xA6, 0x39, 0xC6, 0x39,
    0x85, 0x31, 0x24, 0x29, 0xE3, 0x20, 0x03, 0x21, 0x85, 0x31, 0xC6, 0x39, 0x44, 0x29, 0xC2, 0x18,
    0x03, 0x21, 0x85, 0x31, 0x07, 0x42, 0x48, 0x4A, 0x69, 0x52, 0x28, 0x4A, 0xA5, 0x39, 0x85, 0x31,
    0xC6, 0x39, 0x28, 0x4A, 0x69, 0x52, 0x89, 0x52, 0x89, 0x52, 0x28, 0x4A, 0x07, 0x42, 0x8A, 0x52,
    0x69, 0x4A, 0xA6, 0x39, 0x44, 0x29, 0x03, 0x21, 0xC2, 0x18, 0x03, 0x21, 0x65, 0x31, 0xA5, 0x31,
    0xE6, 0x39, 0x69, 0x4A, 0xEB, 0x62, 0x0B, 0x63, 0xEB, 0x62, 0xCA, 0x5A, 0xAA, 0x52, 0xAA, 0x52,
    0xE7, 0x41, 0x40, 0x08, 0x20, 0x00, 0x00, 0x00, 0x20, 0x00, 0xC3, 0x10, 0xE3, 0x18, 0x82, 0x10,
    0xA2, 0x10, 0x45, 0x29, 0xA6, 0x31, 0xA6, 0x31, 0xA6, 0x31, 0xA6, 0x31, 0x86, 0x31, 0xA6, 0x31,
    0xC6, 0x39, 0x28, 0x42, 0x49, 0x4A, 0x89, 0x52, 0xCB, 0x5A, 0x89, 0x52, 0xC6, 0x39, 0xC6, 0x39,
    0x85, 0x31, 0x64, 0x31, 0x44, 0x31, 0x64, 0x31, 0x23, 0x29, 0x23, 0x29, 0x23, 0x29, 0x23, 0x29,
    0x02, 0x29, 0x23, 0x31, 0x23, 0x31, 0x23, 0x31, 0x23, 0x31, 0x23, 0x31, 0x84, 0x39, 0xC5, 0x41,
    0x64, 0x39, 0x84, 0x41, 0x06, 0x4A, 0xE6, 0x49, 0x84, 0x41, 0x26, 0x5A, 0x87, 0x62, 0x87, 0x62,
    0x87, 0x6A, 0x87, 0x6A, 0xC8, 0x72, 0xC7, 0x72, 0xC8, 0x72, 0xC8, 0x72, 0xC8, 0x72, 0xE8, 0x7A,
    0x6A, 0x8B, 0x29, 0x83, 0x49, 0x8B, 0xCB, 0x9B, 0xAB, 0x9B, 0x8A, 0x93, 0xAA, 0x93, 0xCB, 0x9B,
    0xAB, 0x93, 0xCB, 0x9B, 0xAA, 0x93, 0x69, 0x8B, 0x29, 0x8B, 0x49, 0x83, 0x09, 0x7B, 0xC8, 0x72,
    0x67, 0x62, 0x26, 0x5A, 0xE5, 0x51, 0xC4, 0x49, 0xC5, 0x51, 0xE5, 0x51, 0xC4, 0x51, 0xC4, 0x51,
    0xC4, 0x51, 0xC4, 0x51, 0x83, 0x49, 0x42, 0x41, 0x63, 0x41, 0x43, 0x41, 0x43, 0x39, 0xA5, 0x41,
    0x07, 0x4A, 0xC5, 0x41, 0x23, 0x31, 0x02, 0x31, 0x02, 0x29, 0xE2, 0x28, 0xE2, 0x28, 0x24, 0x29,
    0x24, 0x29, 0x24, 0x29, 0x44, 0x29, 0xE3, 0x20, 0x80, 0x10, 0xA2, 0x18, 0x65, 0x31, 0xA6, 0x39,
    0xA5, 0x39, 0xC6, 0x39, 0xC6, 0x41, 0x44, 0x31, 0x23, 0x29, 0x85, 0x31, 0xC6, 0x41, 0xE6, 0x41,
    0xE6, 0x41, 0x07, 0x42, 0x48, 0x4A, 0xE6, 0x41, 0xE7, 0x41, 0x28, 0x42, 0xA6, 0x39, 0x24, 0x29,
    0x03, 0x21, 0x03, 0x21, 0x23, 0x21, 0x44, 0x29, 0xA5, 0x31, 0x07, 0x42, 0x69, 0x4A, 0xAA, 0x5A,
    0x0B, 0x63, 0x2C, 0x6B, 0xEB, 0x5A, 0x89, 0x52, 0x68, 0x4A, 0x69, 0x4A, 0x85, 0x31, 0xC2, 0x20,
    0x00, 0x00, 0x00, 0x00, 0xC3, 0x10, 0x24, 0x21, 0xA2, 0x10, 0xC3, 0x10, 0x65, 0x29, 0xC7, 0x31,
    0x65, 0x29, 0x24, 0x21, 0x65, 0x29, 0x45, 0x21, 0x24, 0x21, 0x24, 0x29, 0xC6, 0x39, 0x28, 0x42,
    0x48, 0x4A, 0x07, 0x42, 0x28, 0x4A, 0x28, 0x4A, 0x85, 0x31, 0xA5, 0x39, 0x85, 0x31, 0x64, 0x31,
    0x65, 0x31, 0x64, 0x31, 0x44, 0x31, 0x44, 0x31, 0x23, 0x29, 0x03, 0x29, 0x03, 0x29, 0x02, 0x29,
    0x02, 0x29, 0x23, 0x31, 0x43, 0x31, 0x23, 0x31, 0x43, 0x31, 0x43, 0x31, 0x63, 0x39, 0xA4, 0x41,
    0xA4, 0x41, 0xA4, 0x49, 0x05, 0x52, 0x46, 0x5A, 0x46, 0x5A, 0x46, 0x5A, 0x46, 0x5A, 0x46, 0x62,
    0x05, 0x5A, 0x46, 0x62, 0x87, 0x6A, 0xE8, 0x7A, 0xA7, 0x72, 0x66, 0x62, 0xE8, 0x7A, 0xA7, 0x6A,
    0xA8, 0x72, 0x87, 0x6A, 0x8A, 0x93, 0x6A, 0x8B, 0x8A, 0x93, 0x8A, 0x93, 0xAB, 0x9B, 0xAB, 0x9B,
    0xCB, 0x9B, 0xAA, 0x93, 0x8A, 0x93, 0x8A, 0x93, 0x8B, 0x93, 0x29, 0x83, 0x67, 0x6A, 0x46, 0x62,
    0x66, 0x6A, 0xA7, 0x72, 0xA7, 0x72, 0xA7, 0x72, 0x87, 0x72, 0x66, 0x6A, 0x46, 0x62, 0x46, 0x62,
    0x05, 0x62, 0xE4, 0x59, 0x05, 0x5A, 0xC4, 0x49, 0xA4, 0x41, 0xC5, 0x41, 0xA5, 0x41, 0x22, 0x39,
    0x01, 0x39, 0x22, 0x39, 0x42, 0x41, 0x01, 0x39, 0xC1, 0x28, 0xA1, 0x28, 0xC1, 0x28, 0x02, 0x29,
    0x23, 0x29, 0x23, 0x29, 0x23, 0x29, 0x64, 0x29, 0x64, 0x31, 0x23, 0x29, 0x23, 0x29, 0x44, 0x31,
    0x23, 0x29, 0x02, 0x29, 0x64, 0x31, 0x84, 0x39, 0x85, 0x39, 0xC6, 0x39, 0xE6, 0x41, 0xE6, 0x41,
    0xC6, 0x39, 0x85, 0x39, 0x64, 0x31, 0x64, 0x31, 0x03, 0x29, 0x03, 0x21, 0x23, 0x29, 0x23, 0x29,
    0x44, 0x29, 0x85, 0x31, 0xE7, 0x41, 0x69, 0x52, 0xCA, 0x5A, 0xAA, 0x5A, 0xCA, 0x5A, 0xEB, 0x62,
    0xAA, 0x52, 0x89, 0x52, 0x89, 0x52, 0x48, 0x4A, 0x07, 0x42, 0x23, 0x29, 0x03, 0x29, 0x61, 0x08,
    0x24, 0x21, 0xE3, 0x18, 0xA2, 0x10, 0x45, 0x21, 0x86, 0x29, 0x45, 0x21, 0x24, 0x21, 0x24, 0x21,
    0x45, 0x29, 0x45, 0x29, 0x65, 0x29, 0x07, 0x42, 0x49, 0x4A, 0x69, 0x4A, 0x48, 0x4A, 0xC6, 0x39,
    0xC6, 0x39, 0x07, 0x42, 0xC6, 0x39, 0x85, 0x31, 0x85, 0x31, 0x85, 0x31, 0x44, 0x31, 0x23, 0x29,
    0x23, 0x29, 0xE2, 0x20, 0xE2, 0x20, 0x02, 0x29, 0x43, 0x31, 0x43, 0x31, 0x43, 0x31, 0x23, 0x31,
    0x22, 0x31, 0x22, 0x31, 0x43, 0x39, 0x43, 0x39, 0x63, 0x39, 0x84, 0x41, 0x84, 0x41, 0xC4, 0x49,
    0xE5, 0x51, 0xC4, 0x49, 0xC4, 0x49, 0xC4, 0x51, 0xC4, 0x51, 0xC4, 0x51, 0xC4, 0x49, 0xC4, 0x51,
    0xE5, 0x51, 0xE5, 0x51, 0x25, 0x5A, 0x87, 0x72, 0x46, 0x62, 0xE8, 0x7A, 0xC8, 0x7A, 0x46, 0x62,
    0x26, 0x62, 0xE8, 0x7A, 0x6A, 0x8B, 0xAA, 0x93, 0xAA, 0x93, 0xAB, 0x9B, 0x49, 0x8B, 0x29, 0x83,
    0xAA, 0x93, 0xCB, 0x9B, 0xCC, 0x9B, 0x6A, 0x8B, 0x87, 0x72, 0xE8, 0x7A, 0x49, 0x8B, 0x49, 0x8B,
    0x29, 0x83, 0x08, 0x83, 0x08, 0x83, 0xC8, 0x7A, 0xE8, 0x7A, 0xE8, 0x7A, 0xE7, 0x7A, 0xA7, 0x72,
    0x46, 0x62, 0xE5, 0x51, 0xE5, 0x51, 0xE5, 0x51, 0xE4, 0x59, 0x04, 0x5A, 0xE4, 0x59, 0xC4, 0x59,
    0xC3, 0x51, 0x62, 0x41, 0x02, 0x39, 0x01, 0x39, 0x02, 0x39, 0xE1, 0x30, 0xE1, 0x28, 0xC1, 0x28,
    0xE2, 0x28, 0x23, 0x31, 0x44, 0x31, 0x85, 0x39, 0x07, 0x42, 0x07, 0x4A, 0xE6, 0x41, 0x48, 0x4A,
    0x48, 0x52, 0x27, 0x4A, 0x27, 0x4A, 0x48, 0x52, 0x48, 0x52, 0x48, 0x4A, 0x48, 0x4A, 0x28, 0x4A,
    0x27, 0x4A, 0x28, 0x4A, 0x28, 0x4A, 0x07, 0x42, 0xE7, 0x41, 0xE7, 0x41, 0x28, 0x42, 0x48, 0x4A,
    0x89, 0x52, 0xCA, 0x5A, 0xCA, 0x5A, 0x89, 0x52, 0xAA, 0x5A, 0xEB, 0x5A, 0x89, 0x52, 0x89, 0x52,
    0x69, 0x52, 0x07, 0x42, 0x07, 0x42, 0x24, 0x29, 0xC2, 0x18, 0xA2, 0x18, 0x24, 0x21, 0xA2, 0x10,
    0x04, 0x21, 0xA6, 0x31, 0x65, 0x29, 0x24, 0x21, 0x24, 0x21, 0x24, 0x21, 0xA6, 0x31, 0xA6, 0x31,
    0xE7, 0x39, 0x89, 0x52, 0x8A, 0x52, 0x69, 0x52, 0x48, 0x4A, 0xC6, 0x39, 0xA5, 0x39, 0x07, 0x42,
    0xC6, 0x39, 0xA5, 0x39, 0xA5, 0x39, 0x65, 0x31, 0x23, 0x29, 0x23, 0x29, 0x02, 0x29, 0xE2, 0x28,
    0xE2, 0x20, 0x02, 0x29, 0x02, 0x29, 0x02, 0x31, 0x22, 0x31, 0x43, 0x31, 0x63, 0x39, 0x63, 0x39,
    0x83, 0x39, 0x63, 0x39, 0x83, 0x41, 0x83, 0x41, 0x83, 0x41, 0x63, 0x41, 0x63, 0x41, 0x63, 0x41,
    0x83, 0x49, 0x83, 0x49, 0x83, 0x49, 0x83, 0x49, 0x83, 0x41, 0xA3, 0x49, 0xC4, 0x51, 0x05, 0x5A,
    0x05, 0x62, 0xE5, 0x59, 0x25, 0x62, 0x66, 0x6A, 0x87, 0x6A, 0x87, 0x72, 0x67, 0x6A, 0x46, 0x62,
    0x87, 0x6A, 0x09, 0x83, 0x6A, 0x8B, 0xAB, 0x93, 0x8A, 0x93, 0x09, 0x83, 0x6A, 0x93, 0x09, 0x7B,
    0x8A, 0x93, 0xAB, 0x9B, 0x6A, 0x8B, 0x6A, 0x8B, 0x8A, 0x93, 0x8A, 0x93, 0x49, 0x8B, 0x49, 0x8B,
    0x09, 0x83, 0x49, 0x8B, 0x8A, 0x93, 0x6A, 0x8B, 0x6A, 0x8B, 0x08, 0x7B, 0x46, 0x62, 0x46, 0x62,
    0x87, 0x6A, 0xE8, 0x7A, 0x08, 0x83, 0xC7, 0x7A, 0xA7, 0x72, 0xA7, 0x72, 0x46, 0x6A, 0xC4, 0x51,
    0xA4, 0x51, 0x83, 0x49, 0x83, 0x49, 0x42, 0x41, 0x22, 0x39, 0x22, 0x39, 0x02, 0x31, 0x02, 0x31,
    0x02, 0x31, 0x22, 0x31, 0x23, 0x31, 0x23, 0x29, 0x64, 0x39, 0x27, 0x4A, 0x89, 0x52, 0xA9, 0x5A,
    0x69, 0x52, 0x48, 0x52, 0x27, 0x4A, 0x07, 0x4A, 0x27, 0x4A, 0xE7, 0x41, 0xE7, 0x41, 0x27, 0x4A,
    0x28, 0x4A, 0x48, 0x4A, 0x89, 0x52, 0xAA, 0x5A, 0xCA, 0x5A, 0xCA, 0x5A, 0xCB, 0x5A, 0xCA, 0x5A,
    0x8A, 0x52, 0xCA, 0x5A, 0x0B, 0x63, 0x0B, 0x63, 0xCA, 0x5A, 0xAA, 0x5A, 0xCA, 0x5A, 0xCA, 0x5A,
    0xCA, 0x5A, 0x89, 0x52, 0x28, 0x42, 0xE7, 0x39, 0xC6, 0x39, 0xA2, 0x10, 0x65, 0x29, 0x65, 0x29,
    0x24, 0x21, 0x65, 0x29, 0x85, 0x31, 0x86, 0x31, 0x07, 0x42, 0x48, 0x4A, 0x28, 0x42, 0xAA, 0x5A,
    0xAA, 0x5A, 0x89, 0x52, 0x07, 0x42, 0xA5, 0x39, 0xA5, 0x39, 0xE6, 0x41, 0xC6, 0x39, 0xC6, 0x39,
    0xA5, 0x39, 0x23, 0x29, 0xE2, 0x20, 0x03, 0x29, 0x23, 0x29, 0xE2, 0x20, 0xE2, 0x20, 0x02, 0x29,
    0x23, 0x31, 0x22, 0x31, 0x02, 0x31, 0x22, 0x31, 0x22, 0x31, 0x02, 0x31, 0x22, 0x31, 0x42, 0x39,
    0x42, 0x39, 0x22, 0x39, 0x62, 0x41, 0x63, 0x41, 0x63, 0x41, 0x83, 0x49, 0x83, 0x49, 0x83, 0x49,
    0x83, 0x49, 0x83, 0x49, 0xA3, 0x49, 0xA4, 0x51, 0xC4, 0x51, 0xE4, 0x59, 0xC4, 0x51, 0x25, 0x62,
    0x46, 0x72, 0xE5, 0x59, 0x46, 0x72, 0x87, 0x72, 0x66, 0x6A, 0x87, 0x72, 0x67, 0x62, 0x46, 0x62,
    0xA7, 0x72, 0x29, 0x83, 0x6A, 0x8B, 0x29, 0x8B, 0xE8, 0x7A, 0x8A, 0x93, 0x49, 0x8B, 0xE8, 0x82,
    0x8A, 0x93, 0xAB, 0x9B, 0x8A, 0x93, 0x6A, 0x93, 0x49, 0x8B, 0x6A, 0x8B, 0x8A, 0x93, 0x6A, 0x93,
    0x8A, 0x93, 0x8A, 0x93, 0x49, 0x8B, 0x87, 0x6A, 0xC8, 0x72, 0x49, 0x83, 0xAA, 0x93, 0xCB, 0x9B,
    0x8A, 0x93, 0x29, 0x83, 0xE8, 0x7A, 0xE8, 0x7A, 0xC7, 0x72, 0x66, 0x6A, 0x46, 0x62, 0x46, 0x62,
    0x05, 0x5A, 0xC4, 0x51, 0xA4, 0x49, 0x83, 0x49, 0x83, 0x41, 0x63, 0x41, 0x63, 0x39, 0x63, 0x41,
    0x63, 0x39, 0x43, 0x31, 0x84, 0x39, 0x27, 0x4A, 0x27, 0x4A, 0xE6, 0x41, 0xE6, 0x41, 0x07, 0x4A,
    0x07, 0x4A, 0x27, 0x4A, 0x68, 0x52, 0x28, 0x4A, 0x07, 0x42, 0xE7, 0x41, 0xE7, 0x41, 0x07, 0x42,
    0x28, 0x4A, 0x68, 0x52, 0x89, 0x52, 0xCA, 0x5A, 0xEB, 0x5A, 0xEB, 0x5A, 0xCA, 0x5A, 0xAA, 0x5A,
    0xAA, 0x5A, 0xAA, 0x5A, 0x89, 0x52, 0x69, 0x52, 0x69, 0x52, 0x89, 0x52, 0x69, 0x4A, 0x28, 0x42,
    0xC6, 0x39, 0xC6, 0x39, 0x07, 0x42, 0x48, 0x4A, 0xA6, 0x31, 0x24, 0x21, 0x65, 0x29, 0xC6, 0x39,
    0xC6, 0x39, 0xE7, 0x41, 0x48, 0x4A, 0x48, 0x4A, 0x69, 0x52, 0xAA, 0x52, 0xCA, 0x5A, 0xCA, 0x5A,
    0x28, 0x4A, 0x85, 0x31, 0xE7, 0x41, 0xE6, 0x41, 0xE6, 0x41, 0x07, 0x42, 0xA5, 0x39, 0x44, 0x31,
    0x44, 0x31, 0x64, 0x31, 0x23, 0x29, 0x02, 0x29, 0xE2, 0x28, 0x02, 0x29, 0x23, 0x31, 0x02, 0x31,
    0x02, 0x29, 0x22, 0x31, 0x02, 0x31, 0x22, 0x31, 0x22, 0x39, 0x22, 0x39, 0x22, 0x39, 0x42, 0x39,
    0x42, 0x39, 0x42, 0x41, 0x42, 0x41, 0x63, 0x41, 0x63, 0x49, 0x83, 0x49, 0x63, 0x41, 0x83, 0x49,
    0xA3, 0x51, 0xA3, 0x51, 0xA3, 0x51, 0x83, 0x49, 0x04, 0x62, 0x05, 0x62, 0xA4, 0x49, 0x25, 0x6A,
    0x25, 0x62, 0x05, 0x5A, 0x87, 0x7A, 0x66, 0x6A, 0x87, 0x72, 0x46, 0x62, 0x05, 0x5A, 0x26, 0x62,
    0x08, 0x83, 0x69, 0x93, 0x49, 0x8B, 0xE8, 0x82, 0xC8, 0x7A, 0x49, 0x8B, 0xA7, 0x7A, 0xE8, 0x7A,
    0x49, 0x8B, 0x6A, 0x93, 0xC8, 0x7A, 0x6A, 0x93, 0x8A, 0x93, 0x29, 0x83, 0xE8, 0x7A, 0x09, 0x83,
    0xC8, 0x7A, 0xC8, 0x7A, 0x09, 0x83, 0x8A, 0x93, 0x8A, 0x93, 0x6A, 0x93, 0x4A, 0x8B, 0x49, 0x8B,
    0x49, 0x8B, 0x08, 0x83, 0xE8, 0x7A, 0xA7, 0x72, 0xC7, 0x7A, 0xE8, 0x7A, 0xA7, 0x72, 0x46, 0x62,
    0x46, 0x62, 0x46, 0x62, 0x46, 0x62, 0x05, 0x52, 0xA4, 0x49, 0xA4, 0x49, 0x83, 0x41, 0x63, 0x39,
    0xC4, 0x41, 0xC5, 0x49, 0x63, 0x39, 0x02, 0x29, 0x02, 0x31, 0x22, 0x31, 0x43, 0x39, 0xA5, 0x39,
    0x07, 0x4A, 0x28, 0x4A, 0xE7, 0x41, 0xE6, 0x41, 0xE6, 0x41, 0xE6, 0x41, 0xE6, 0x41, 0x07, 0x42,
    0xE7, 0x41, 0x27, 0x42, 0x69, 0x4A, 0xAA, 0x5A, 0xEB, 0x62, 0x0B, 0x63, 0x2C, 0x63, 0x2C, 0x63,
    0xCA, 0x5A, 0xAA, 0x52, 0x89, 0x52, 0x69, 0x52, 0x28, 0x42, 0xE7, 0x41, 0xA6, 0x39, 0x65, 0x29,
    0xA6, 0x31, 0xE7, 0x41, 0xC6, 0x39, 0x65, 0x29, 0xC7, 0x39, 0xC7, 0x39, 0xC6, 0x39, 0xE7, 0x39,
    0xE7, 0x39, 0x48, 0x4A, 0xAA, 0x52, 0x89, 0x52, 0x8A, 0x52, 0xEB, 0x5A, 0x28, 0x4A, 0x65, 0x31,
    0xE7, 0x41, 0xE6, 0x41, 0xC6, 0x39, 0x69, 0x4A, 0xC6, 0x41, 0xA5, 0x39, 0x85, 0x39, 0x23, 0x29,
    0x03, 0x29, 0x23, 0x29, 0x43, 0x31, 0x23, 0x29, 0x23, 0x31, 0x43, 0x31, 0xE2, 0x28, 0x02, 0x31,
    0x02, 0x31, 0x02, 0x31, 0x22, 0x31, 0x22, 0x39, 0x22, 0x39, 0x22, 0x39, 0x42, 0x41, 0x62, 0x41,
    0x42, 0x41, 0x63, 0x49, 0x83, 0x49, 0x42, 0x41, 0x63, 0x49, 0xA3, 0x51, 0xA3, 0x51, 0xA3, 0x51,
    0xA3, 0x51, 0xC4, 0x59, 0xA3, 0x51, 0xC4, 0x51, 0x05, 0x62, 0xC4, 0x51, 0x05, 0x5A, 0x46, 0x72,
    0x05, 0x5A, 0x87, 0x7A, 0x86, 0x72, 0x46, 0x6A, 0x45, 0x62, 0xE5, 0x51, 0x05, 0x5A, 0xA7, 0x72,
    0x49, 0x8B, 0x28, 0x8B, 0x08, 0x8B, 0xC7, 0x82, 0xA7, 0x72, 0xE8, 0x82, 0x66, 0x6A, 0x08, 0x8B,
    0x29, 0x8B, 0x29, 0x8B, 0xE8, 0x82, 0x08, 0x83, 0x49, 0x8B, 0x29, 0x8B, 0xC8, 0x7A, 0xA8, 0x72,
    0x08, 0x83, 0x09, 0x83, 0xC8, 0x7A, 0x09, 0x83, 0xC8, 0x7A, 0x09, 0x83, 0xCB, 0x9B, 0xEC, 0x9B,
    0xAB, 0x93, 0x6A, 0x8B, 0x8A, 0x93, 0x29, 0x83, 0x08, 0x83, 0x08, 0x7B, 0x08, 0x7B, 0xE8, 0x7A,
    0xC8, 0x72, 0x46, 0x62, 0x26, 0x62, 0x25, 0x5A, 0xE4, 0x51, 0xC4, 0x49, 0xC4, 0x49, 0x83, 0x49,
    0x42, 0x39, 0x22, 0x39, 0x42, 0x39, 0x63, 0x41, 0x83, 0x41, 0x84, 0x39, 0x84, 0x41, 0x84, 0x39,
    0x23, 0x31, 0x22, 0x31, 0x22, 0x31, 0x22, 0x31, 0x23, 0x31, 0x23, 0x31, 0x02, 0x31, 0x43, 0x31,
    0x84, 0x39, 0xC5, 0x41, 0x07, 0x42, 0x48, 0x4A, 0xAA, 0x52, 0xEB, 0x62, 0x0B, 0x63, 0x2C, 0x63,
    0x4C, 0x6B, 0x2C, 0x63, 0xEB, 0x62, 0xCA, 0x5A, 0x89, 0x52, 0x07, 0x42, 0x28, 0x42, 0x28, 0x42,
    0x07, 0x42, 0x07, 0x42, 0xE7, 0x39, 0xA6, 0x31, 0x65, 0x31, 0x65, 0x31, 0x07, 0x42, 0xAA, 0x52,
    0xEB, 0x5A, 0x28, 0x4A, 0xAA, 0x52, 0x2C, 0x63, 0x69, 0x52, 0xA5, 0x39, 0x48, 0x4A, 0x27, 0x42,
    0xA5, 0x39, 0x89, 0x52, 0x48, 0x4A, 0xC5, 0x39, 0x23, 0x29, 0xE2, 0x20, 0x43, 0x29, 0x85, 0x31,
    0x84, 0x31, 0x23, 0x29, 0x02, 0x29, 0x23, 0x31, 0x22, 0x31, 0x02, 0x31, 0x22, 0x31, 0x02, 0x31,
    0x22, 0x39, 0x22, 0x39, 0x22, 0x39, 0x42, 0x39, 0x42, 0x41, 0x62, 0x49, 0x62, 0x49, 0x82, 0x49,
    0x83, 0x49, 0x83, 0x49, 0xA3, 0x51, 0x83, 0x49, 0x83, 0x49, 0xA3, 0x51, 0xA3, 0x51, 0xC3, 0x59,
    0xE4, 0x59, 0x04, 0x62, 0xA4, 0x51, 0x05, 0x62, 0x05, 0x62, 0xE4, 0x59, 0x25, 0x6A, 0x25, 0x62,
    0x05, 0x62, 0xC7, 0x82, 0x25, 0x62, 0x45, 0x6A, 0xC4, 0x51, 0x25, 0x62, 0x86, 0x72, 0x28, 0x8B,
    0x49, 0x93, 0x08, 0x8B, 0xE8, 0x82, 0xA7, 0x7A, 0x86, 0x72, 0x66, 0x72, 0xC7, 0x7A, 0x49, 0x93,
    0x08, 0x83, 0x49, 0x93, 0xC8, 0x7A, 0xE8, 0x7A, 0x6A, 0x93, 0x8A, 0x93, 0x29, 0x8B, 0xE8, 0x7A,
    0x6A, 0x93, 0xE9, 0x82, 0x4A, 0x8B, 0x8A, 0x93, 0xA8, 0x72, 0x67, 0x6A, 0x6A, 0x8B, 0xCB, 0x9B,
    0xEC, 0x9B, 0x8B, 0x93, 0x4A, 0x8B, 0x4A, 0x8B, 0x6A, 0x8B, 0x4A, 0x8B, 0xA7, 0x72, 0x67, 0x6A,
    0xC8, 0x72, 0xA8, 0x72, 0x87, 0x6A, 0xA7, 0x72, 0x87, 0x72, 0x46, 0x62, 0x25, 0x62, 0x05, 0x5A,
    0x25, 0x5A, 0xE4, 0x51, 0x84, 0x49, 0x63, 0x41, 0x63, 0x41, 0x42, 0x39, 0x22, 0x39, 0x22, 0x39,
    0x42, 0x39, 0x22, 0x39, 0x22, 0x39, 0x22, 0x39, 0x22, 0x39, 0x43, 0x39, 0x63, 0x41, 0x83, 0x41,
    0x64, 0x41, 0xA4, 0x41, 0x06, 0x4A, 0x27, 0x52, 0x69, 0x52, 0xAA, 0x5A, 0xCA, 0x5A, 0xAA, 0x5A,
    0xAA, 0x52, 0xCA, 0x5A, 0xEB, 0x5A, 0xCB, 0x5A, 0xEB, 0x5A, 0x0B, 0x63, 0xCA, 0x5A, 0x89, 0x52,
    0x69, 0x52, 0x24, 0x29, 0x24, 0x29, 0x85, 0x31, 0xE7, 0x41, 0xCB, 0x5A, 0xAA, 0x52, 0xE7, 0x41,
    0xAA, 0x52, 0x4C, 0x6B, 0x48, 0x4A, 0x07, 0x42, 0x89, 0x52, 0x07, 0x42, 0xC6, 0x41, 0x27, 0x4A,
    0xA9, 0x52, 0xC6, 0x39, 0x43, 0x31, 0x43, 0x31, 0xE6, 0x41, 0xC5, 0x39, 0x03, 0x29, 0xE2, 0x20,
    0x02, 0x29, 0x23, 0x31, 0x22, 0x31, 0x02, 0x31, 0x02, 0x31, 0x22, 0x31, 0x22, 0x39, 0x22, 0x39,
    0x22, 0x39, 0x42, 0x41, 0x42, 0x41, 0x83, 0x49, 0x83, 0x49, 0x83, 0x49, 0xA3, 0x51, 0xA3, 0x51,
    0x83, 0x41, 0xA3, 0x51, 0xC3, 0x59, 0x83, 0x41, 0x83, 0x49, 0xC3, 0x59, 0xC4, 0x59, 0xE4, 0x59,
    0xE4, 0x61, 0xC4, 0x59, 0xE4, 0x59, 0x25, 0x6A, 0xE4, 0x61, 0x05, 0x62, 0x66, 0x7A, 0x05, 0x62,
    0x86, 0x7A, 0x66, 0x72, 0x45, 0x6A, 0xE4, 0x61, 0x25, 0x62, 0x46, 0x6A, 0xA7, 0x7A, 0x49, 0x93,
    0x28, 0x93, 0x28, 0x93, 0xA7, 0x7A, 0x45, 0x6A, 0x66, 0x72, 0x86, 0x72, 0xE8, 0x8A, 0x29, 0x93,
    0x28, 0x93, 0x69, 0x9B, 0x66, 0x6A, 0x87, 0x72, 0x69, 0x93, 0x8A, 0x9B, 0xE8, 0x82, 0x67, 0x72,
    0x8A, 0x9B, 0x09, 0x83, 0x29, 0x8B, 0x2C, 0xAC, 0x29, 0x8B, 0x46, 0x6A, 0x08, 0x83, 0xCB, 0x9B,
    0xAB, 0x93, 0xCC, 0x9B, 0xAB, 0x93, 0x49, 0x8B, 0x49, 0x8B, 0x49, 0x8B, 0x29, 0x83, 0xE8, 0x7A,
    0x09, 0x7B, 0x29, 0x83, 0x08, 0x7B, 0xC8, 0x72, 0xC8, 0x72, 0xC7, 0x7A, 0xC7, 0x72, 0x87, 0x6A,
    0x66, 0x6A, 0x25, 0x62, 0x05, 0x5A, 0xC4, 0x51, 0xC4, 0x51, 0xE4, 0x59, 0xE4, 0x59, 0xC4, 0x51,
    0xA3, 0x49, 0xA4, 0x51, 0xC4, 0x51, 0xC4, 0x51, 0xC4, 0x51, 0xA4, 0x49, 0xC4, 0x51, 0xE4, 0x51,
    0xE5, 0x51, 0xE5, 0x51, 0xE5, 0x51, 0x06, 0x52, 0x06, 0x4A, 0x07, 0x4A, 0x07, 0x4A, 0x28, 0x4A,
    0x48, 0x4A, 0x28, 0x4A, 0x07, 0x42, 0x48, 0x4A, 0x69, 0x4A, 0xAA, 0x52, 0xCA, 0x5A, 0xAA, 0x52,
    0x24, 0x29, 0x86, 0x31, 0x28, 0x4A, 0x0C, 0x63, 0x48, 0x4A, 0xC6, 0x39, 0xAA, 0x52, 0x0B, 0x63,
    0x68, 0x4A, 0x28, 0x4A, 0xA9, 0x52, 0xE7, 0x41, 0x48, 0x4A, 0x27, 0x4A, 0x69, 0x52, 0x07, 0x4A,
    0x64, 0x31, 0xC6, 0x41, 0x27, 0x4A, 0x85, 0x39, 0xE2, 0x28, 0x23, 0x29, 0x23, 0x31, 0x43, 0x39,
    0x22, 0x31, 0x22, 0x31, 0x02, 0x31, 0x02, 0x31, 0x22, 0x39, 0x42, 0x39, 0x42, 0x41, 0x42, 0x41,
    0x42, 0x41, 0x62, 0x49, 0x82, 0x49, 0xA3, 0x51, 0xA3, 0x51, 0xA3, 0x51, 0xC3, 0x59, 0xC3, 0x59,
    0x83, 0x49, 0xA3, 0x51, 0xE3, 0x61, 0xA3, 0x49, 0x83, 0x49, 0xE4, 0x61, 0x04, 0x62, 0x04, 0x62,
    0x04, 0x6A, 0xA4, 0x59, 0x25, 0x6A, 0x45, 0x6A, 0xE4, 0x61, 0x46, 0x72, 0x25, 0x6A, 0x45, 0x72,
    0xC7, 0x82, 0x45, 0x6A, 0x45, 0x6A, 0x05, 0x62, 0x05, 0x62, 0x66, 0x72, 0x08, 0x8B, 0x08, 0x8B,
    0x28, 0x93, 0xC7, 0x82, 0x66, 0x72, 0x66, 0x72, 0x86, 0x7A, 0x66, 0x72, 0xC7, 0x82, 0xE7, 0x8A,
    0x08, 0x8B, 0xE8, 0x8A, 0x26, 0x6A, 0xE8, 0x82, 0x69, 0x9B, 0x28, 0x8B, 0xC7, 0x7A, 0xA7, 0x7A,
    0x6A, 0x9B, 0xA7, 0x72, 0x49, 0x8B, 0xCB, 0xA3, 0x8A, 0x93, 0x87, 0x6A, 0x46, 0x6A, 0xEC, 0x9B,
    0xAB, 0x9B, 0x6A, 0x93, 0xAB, 0x93, 0xAB, 0x9B, 0xAB, 0x93, 0x8A, 0x93, 0x08, 0x7B, 0x46, 0x6A,
    0x46, 0x6A, 0x46, 0x62, 0x87, 0x72, 0x87, 0x6A, 0xA7, 0x72, 0x87, 0x6A, 0x67, 0x6A, 0xC8, 0x72,
    0xE8, 0x7A, 0xC8, 0x7A, 0xC8, 0x72, 0xA7, 0x72, 0x66, 0x6A, 0x66, 0x6A, 0x46, 0x6A, 0x45, 0x6A,
    0x66, 0x6A, 0x66, 0x6A, 0x66, 0x6A, 0x45, 0x62, 0x45, 0x62, 0x46, 0x62, 0x25, 0x62, 0x25, 0x5A,
    0x25, 0x5A, 0x05, 0x5A, 0xE5, 0x51, 0xE5, 0x51, 0xE6, 0x51, 0x06, 0x4A, 0x07, 0x4A, 0x27, 0x4A,
    0x07, 0x42, 0x08, 0x42, 0x08, 0x42, 0x28, 0x4A, 0x49, 0x4A, 0x08, 0x42, 0x49, 0x4A, 0xC6, 0x39,
    0x49, 0x4A, 0x0C, 0x63, 0x48, 0x4A, 0xA6, 0x39, 0xCA, 0x5A, 0xEA, 0x5A, 0xAA, 0x52, 0x0B, 0x63,
    0x0C, 0x63, 0x48, 0x4A, 0xAA, 0x5A, 0x48, 0x4A, 0x27, 0x4A, 0x89, 0x52, 0xC6, 0x41, 0x48, 0x4A,
    0x48, 0x4A, 0x85, 0x39, 0x64, 0x31, 0x64, 0x31, 0x23, 0x31, 0x22, 0x31, 0x63, 0x39, 0x22, 0x31,
    0x22, 0x31, 0x02, 0x31, 0x22, 0x39, 0x22, 0x39, 0x42, 0x41, 0x42, 0x41, 0x42, 0x49, 0x62, 0x49,
    0x82, 0x49, 0xA3, 0x51, 0xC3, 0x59, 0xC3, 0x61, 0xC3, 0x59, 0xA3, 0x51, 0xC3, 0x59, 0xC3, 0x59,
    0xA3, 0x51, 0xC3, 0x59, 0x04, 0x62, 0xC4, 0x59, 0xC3, 0x59, 0x25, 0x6A, 0x25, 0x72, 0x24, 0x6A,
    0x25, 0x6A, 0xE4, 0x61, 0x45, 0x72, 0x05, 0x6A, 0x05, 0x62, 0x86, 0x7A, 0x25, 0x6A, 0xC7, 0x82,
    0x86, 0x7A, 0x46, 0x72, 0x45, 0x72, 0x25, 0x62, 0x86, 0x72, 0xE7, 0x8A, 0x08, 0x93, 0x08, 0x93,
    0xC7, 0x8A, 0x86, 0x82, 0x45, 0x72, 0x86, 0x7A, 0x66, 0x7A, 0x86, 0x7A, 0x08, 0x93, 0xC7, 0x82,
    0xE7, 0x8A, 0xE7, 0x8A, 0x05, 0x62, 0x28, 0x93, 0x49, 0x9B, 0x48, 0x93, 0xA7, 0x7A, 0xE8, 0x82,
    0x8A, 0x9B, 0xC8, 0x7A, 0x69, 0x93, 0x6A, 0x93, 0x0B, 0xA4, 0xE8, 0x82, 0x46, 0x62, 0xEB, 0x9B,
    0xEC, 0xA3, 0xEC, 0xA3, 0xCB, 0x9B, 0xAB, 0x9B, 0x6A, 0x93, 0x6A, 0x93, 0x08, 0x83, 0x87, 0x72,
    0x46, 0x6A, 0x05, 0x5A, 0xE5, 0x59, 0x05, 0x5A, 0x67, 0x6A, 0x09, 0x7B, 0x29, 0x83, 0x29, 0x83,
    0x09, 0x7B, 0xE8, 0x7A, 0xE8, 0x72, 0x67, 0x6A, 0x46, 0x62, 0xC8, 0x72, 0xC8, 0x72, 0x87, 0x6A,
    0x87, 0x6A, 0xA7, 0x72, 0xC8, 0x7A, 0xC7, 0x7A, 0x87, 0x72, 0xA7, 0x72, 0xC7, 0x7A, 0xA7, 0x72,
    0x66, 0x6A, 0x66, 0x62, 0x46, 0x62, 0x46, 0x5A, 0x26, 0x5A, 0x26, 0x52, 0xE6, 0x49, 0x06, 0x4A,
    0x27, 0x4A, 0x69, 0x4A, 0x28, 0x42, 0xC7, 0x39, 0x28, 0x42, 0x08, 0x42, 0x49, 0x4A, 0x2C, 0x63,
    0x49, 0x4A, 0x85, 0x31, 0xAA, 0x52, 0xAA, 0x52, 0x69, 0x4A, 0xEB, 0x62, 0x6D, 0x6B, 0xCA, 0x5A,
    0xCA, 0x5A, 0x28, 0x4A, 0xC6, 0x41, 0x69, 0x52, 0x48, 0x4A, 0x68, 0x52, 0x89, 0x52, 0xC6, 0x41,
    0xC5, 0x39, 0x84, 0x39, 0x02, 0x31, 0xE1, 0x28, 0x83, 0x41, 0x63, 0x39, 0x42, 0x39, 0x22, 0x31,
    0x22, 0x39, 0x42, 0x41, 0x42, 0x41, 0x42, 0x41, 0x82, 0x49, 0x62, 0x49, 0x82, 0x51, 0xA3, 0x59,
    0xE3, 0x61, 0xE3, 0x61, 0xE3, 0x69, 0x03, 0x6A, 0x04, 0x62, 0xE4, 0x59, 0xE3, 0x59, 0xE4, 0x61,
    0xC4, 0x59, 0xC3, 0x59, 0x04, 0x6A, 0xE4, 0x61, 0xE4, 0x59, 0x45, 0x72, 0x04, 0x6A, 0x25, 0x6A,
    0x04, 0x62, 0x25, 0x6A, 0x45, 0x72, 0x05, 0x6A, 0x65, 0x7A, 0x46, 0x72, 0xA6, 0x82, 0x08, 0x93,
    0x46, 0x72, 0x65, 0x72, 0x45, 0x72, 0x25, 0x6A, 0x07, 0x8B, 0x28, 0x93, 0x08, 0x8B, 0xE7, 0x8A,
    0xA7, 0x82, 0x66, 0x7A, 0x86, 0x7A, 0xA6, 0x82, 0x66, 0x7A, 0xE7, 0x92, 0xE7, 0x8A, 0x86, 0x7A,
    0x07, 0x93, 0xA6, 0x7A, 0x66, 0x72, 0x28, 0x93, 0x08, 0x8B, 0x48, 0x9B, 0x25, 0x62, 0x08, 0x8B,
    0x29, 0x8B, 0x49, 0x93, 0x49, 0x93, 0x49, 0x93, 0x0C, 0xAC, 0xC7, 0x7A, 0x67, 0x6A, 0xEC, 0xA3,
    0x0C, 0xAC, 0xAB, 0x9B, 0xAB, 0x9B, 0x8B, 0x9B, 0xCB, 0xA3, 0xCB, 0x9B, 0x29, 0x8B, 0x09, 0x83,
    0x4A, 0x8B, 0xC8, 0x7A, 0x46, 0x62, 0xE5, 0x51, 0xE5, 0x59, 0x06, 0x5A, 0xA8, 0x72, 0x49, 0x8B,
    0xAA, 0x93, 0x49, 0x8B, 0x29, 0x83, 0xA7, 0x6A, 0x06, 0x5A, 0xE8, 0x72, 0x8B, 0x93, 0x4A, 0x8B,
    0x09, 0x7B, 0xC8, 0x72, 0x29, 0x83, 0x8A, 0x93, 0x8A, 0x93, 0x09, 0x83, 0x08, 0x7B, 0x08, 0x7B,
    0xE8, 0x7A, 0xA7, 0x72, 0x87, 0x6A, 0x46, 0x62, 0x06, 0x5A, 0x06, 0x52, 0x06, 0x52, 0x27, 0x52,
    0x07, 0x4A, 0x07, 0x42, 0x48, 0x4A, 0xE7, 0x39, 0xA6, 0x31, 0xEB, 0x5A, 0x89, 0x4A, 0xA6, 0x31,
    0x48, 0x4A, 0x89, 0x52, 0x69, 0x4A, 0xEB, 0x5A, 0x4D, 0x6B, 0x0B, 0x63, 0xAA, 0x5A, 0xC6, 0x41,
    0xA6, 0x39, 0x07, 0x4A, 0xCA, 0x5A, 0x89, 0x52, 0xAA, 0x5A, 0x27, 0x4A, 0x85, 0x39, 0x63, 0x39,
    0x02, 0x31, 0xE1, 0x30, 0x22, 0x39, 0xA4, 0x49, 0x63, 0x41, 0x42, 0x39, 0x22, 0x31, 0x42, 0x41,
    0x62, 0x49, 0x62, 0x49, 0x62, 0x49, 0x83, 0x51, 0x62, 0x49, 0xA2, 0x51, 0xE3, 0x61, 0x04, 0x62,
    0x03, 0x6A, 0x03, 0x6A, 0x23, 0x72, 0x24, 0x72, 0x04, 0x6A, 0xE4, 0x59, 0x04, 0x62, 0x04, 0x6A,
    0xC4, 0x59, 0xE4, 0x61, 0x45, 0x72, 0x24, 0x72, 0x04, 0x62, 0x25, 0x72, 0x04, 0x62, 0x45, 0x72,
    0x24, 0x6A, 0x66, 0x7A, 0x45, 0x72, 0x04, 0x62, 0xA6, 0x8A, 0x46, 0x72, 0xE7, 0x92, 0xA6, 0x82,
    0x66, 0x72, 0xA6, 0x82, 0xE5, 0x61, 0xC7, 0x82, 0x28, 0x93, 0x08, 0x8B, 0x07, 0x93, 0xA6, 0x82,
    0xA6, 0x82, 0x66, 0x7A, 0x86, 0x82, 0x65, 0x7A, 0xA6, 0x82, 0x07, 0x93, 0x86, 0x7A, 0xA6, 0x82,
    0x28, 0x9B, 0x66, 0x72, 0xC7, 0x8A, 0x08, 0x93, 0x69, 0x9B, 0xC7, 0x82, 0x05, 0x62, 0x28, 0x93,
    0x08, 0x8B, 0x69, 0x93, 0x09, 0x8B, 0xCB, 0xA3, 0x0C, 0xAC, 0x66, 0x72, 0x26, 0x62, 0x0C, 0xAC,
    0xAB, 0xA3, 0xAB, 0x9B, 0xAB, 0x9B, 0x8A, 0x93, 0x6A, 0x93, 0x6A, 0x93, 0xAB, 0x9B, 0xCB, 0xA3,
    0xEB, 0xA3, 0xCB, 0x9B, 0x29, 0x83, 0xA7, 0x72, 0xA7, 0x72, 0x66, 0x6A, 0x26, 0x62, 0x87, 0x6A,
    0xE8, 0x7A, 0x49, 0x8B, 0xAA, 0x9B, 0x29, 0x83, 0x26, 0x62, 0xE8, 0x72, 0xCB, 0x9B, 0xAB, 0x93,
    0xAB, 0x93, 0x2A, 0x83, 0x09, 0x7B, 0x09, 0x7B, 0x8A, 0x93, 0xCB, 0x9B, 0x6A, 0x93, 0x49, 0x8B,
    0xE8, 0x7A, 0xC7, 0x72, 0x87, 0x6A, 0x46, 0x62, 0x46, 0x62, 0x46, 0x5A, 0xE5, 0x49, 0xA5, 0x41,
    0xE6, 0x49, 0x07, 0x42, 0xA6, 0x31, 0x28, 0x42, 0x69, 0x4A, 0x65, 0x29, 0x08, 0x42, 0x28, 0x42,
    0x69, 0x4A, 0x69, 0x4A, 0x0C, 0x63, 0x2C, 0x63, 0x89, 0x52, 0x44, 0x29, 0x85, 0x31, 0x27, 0x4A,
    0xAA, 0x52, 0xEA, 0x5A, 0xEB, 0x5A, 0x27, 0x4A, 0x84, 0x39, 0x43, 0x31, 0x22, 0x39, 0x01, 0x39,
    0x21, 0x39, 0x83, 0x49, 0x83, 0x49, 0x62, 0x41, 0x63, 0x41, 0x42, 0x39, 0x82, 0x49, 0x82, 0x49,
    0x82, 0x49, 0x83, 0x51, 0x82, 0x49, 0x83, 0x51, 0xC3, 0x59, 0x24, 0x6A, 0x24, 0x72, 0x23, 0x72,
    0x23, 0x72, 0x44, 0x7A, 0x44, 0x7A, 0x24, 0x72, 0x24, 0x72, 0x04, 0x6A, 0x04, 0x62, 0x24, 0x6A,
    0xE4, 0x61, 0xE4, 0x61, 0x65, 0x7A, 0x45, 0x7A, 0x24, 0x6A, 0x25, 0x72, 0x25, 0x6A, 0x65, 0x72,
    0xC6, 0x82, 0xC6, 0x8A, 0xE4, 0x61, 0xA6, 0x82, 0xA6, 0x82, 0xA7, 0x82, 0xE7, 0x92, 0x46, 0x72,
    0xA6, 0x82, 0x25, 0x6A, 0x66, 0x72, 0x08, 0x93, 0x08, 0x93, 0x28, 0x9B, 0xA7, 0x8A, 0xA6, 0x82,
    0x65, 0x7A, 0x86, 0x7A, 0x86, 0x8A, 0x86, 0x7A, 0x07, 0x9B, 0x86, 0x82, 0x65, 0x7A, 0x07, 0x93,
    0xC7, 0x8A, 0x45, 0x6A, 0x08, 0x93, 0x08, 0x93, 0x28, 0x9B, 0x87, 0x7A, 0x66, 0x72, 0x28, 0x93,
    0x08, 0x8B, 0x28, 0x93, 0x08, 0x8B, 0xCB, 0xAB, 0xEB, 0xAB, 0x26, 0x62, 0xE8, 0x82, 0x0C, 0xAC,
    0xCB, 0xA3, 0xEB, 0xA3, 0xCB, 0xA3, 0x6A, 0x9B, 0x6A, 0x93, 0xAB, 0x9B, 0x8A, 0x9B, 0xEB, 0xA3,
    0x0C, 0xAC, 0x0C, 0xAC, 0x4A, 0x93, 0x6A, 0x93, 0xAB, 0x9B, 0x8A, 0x93, 0x09, 0x83, 0xA7, 0x72,
    0x87, 0x6A, 0xE8, 0x7A, 0xE8, 0x7A, 0xE8, 0x7A, 0x46, 0x62, 0xA7, 0x72, 0xAB, 0x93, 0xAB, 0x9B,
    0xEC, 0x9B, 0xAB, 0x93, 0x29, 0x83, 0xE9, 0x7A, 0x4A, 0x8B, 0xCB, 0x9B, 0x8A, 0x93, 0x69, 0x8B,
    0x49, 0x8B, 0x28, 0x83, 0xE8, 0x7A, 0xA7, 0x72, 0x26, 0x5A, 0x05, 0x52, 0x05, 0x52, 0xE5, 0x49,
    0x84, 0x39, 0x07, 0x42, 0x08, 0x42, 0x44, 0x29, 0x48, 0x4A, 0x07, 0x42, 0x48, 0x4A, 0x28, 0x42,
    0x2C, 0x63, 0x4D, 0x6B, 0x69, 0x4A, 0x24, 0x29, 0x85, 0x31, 0x07, 0x42, 0x69, 0x52, 0x0B, 0x63,
    0x2C, 0x63, 0x28, 0x4A, 0x64, 0x39, 0x63, 0x39, 0x43, 0x39, 0x42, 0x39, 0x42, 0x41, 0x62, 0x49,
    0xC4, 0x51, 0x83, 0x49, 0xA3, 0x49, 0x83, 0x49, 0x42, 0x41, 0xA3, 0x51, 0xA3, 0x51, 0xA3, 0x51,
    0xC3, 0x59, 0xA3, 0x59, 0x83, 0x51, 0x04, 0x62, 0x24, 0x72, 0x24, 0x72, 0x44, 0x7A, 0x64, 0x7A,
    0x64, 0x7A, 0x64, 0x7A, 0x44, 0x7A, 0x64, 0x7A, 0x44, 0x7A, 0x44, 0x72, 0x24, 0x6A, 0x04, 0x6A,
    0x04, 0x6A, 0x24, 0x72, 0xA6, 0x82, 0x85, 0x82, 0x45, 0x7A, 0x05, 0x6A, 0xC6, 0x8A, 0x86, 0x82,
    0xC7, 0x8A, 0x66, 0x7A, 0x45, 0x72, 0x27, 0x9B, 0x66, 0x7A, 0x08, 0x9B, 0xC7, 0x8A, 0x86, 0x7A,
    0x66, 0x7A, 0x25, 0x6A, 0xE7, 0x8A, 0x28, 0x9B, 0x48, 0x9B, 0xE7, 0x92, 0xA6, 0x82, 0xA6, 0x8A,
    0x66, 0x7A, 0xC6, 0x8A, 0x86, 0x82, 0xC7, 0x8A, 0xC7, 0x92, 0x66, 0x7A, 0xC7, 0x92, 0xC7, 0x8A,
    0xA6, 0x82, 0xC7, 0x82, 0x48, 0x9B, 0x08, 0x8B, 0x28, 0x9B, 0x46, 0x6A, 0x86, 0x7A, 0x08, 0x8B,
    0x48, 0x93, 0x28, 0x93, 0x28, 0x93, 0xCA, 0xA3, 0x69, 0x9B, 0x26, 0x62, 0x69, 0x9B, 0xEB, 0xAB,
    0xCB, 0xA3, 0xEB, 0xAB, 0x6A, 0x9B, 0x6A, 0x9B, 0xEB, 0xAB, 0xAA, 0x9B, 0x8A, 0x9B, 0xCB, 0xA3,
    0xEC, 0xAB, 0xEB, 0xA3, 0x4A, 0x93, 0xAB, 0x9B, 0xCB, 0xA3, 0xCB, 0x9B, 0x8A, 0x93, 0x09, 0x83,
    0xC8, 0x7A, 0x28, 0x83, 0xC8, 0x7A, 0xA7, 0x72, 0x46, 0x6A, 0x67, 0x6A, 0x6A, 0x93, 0x8B, 0x93,
    0xEC, 0x9B, 0xCB, 0x9B, 0xAB, 0x93, 0x2A, 0x83, 0x2A, 0x83, 0xCB, 0x9B, 0x0C, 0xAC, 0xCB, 0x9B,
    0x8A, 0x93, 0x49, 0x8B, 0xE8, 0x7A, 0xC8, 0x72, 0x87, 0x6A, 0x26, 0x5A, 0xC5, 0x49, 0xE6, 0x49,
    0xE6, 0x41, 0xC6, 0x39, 0xC6, 0x39, 0xE7, 0x39, 0x48, 0x4A, 0xC6, 0x39, 0x0C, 0x63, 0x8E, 0x6B,
    0x48, 0x4A, 0xC2, 0x18, 0x85, 0x31, 0xE7, 0x41, 0xE7, 0x41, 0x8A, 0x52, 0x6D, 0x6B, 0x48, 0x52,
    0x64, 0x31, 0x63, 0x41, 0x42, 0x41, 0x62, 0x41, 0x62, 0x49, 0x83, 0x49, 0xA3, 0x51, 0xC4, 0x51,
    0xA3, 0x49, 0xC4, 0x51, 0x83, 0x49, 0x83, 0x49, 0xE3, 0x59, 0xA3, 0x59, 0xC3, 0x59, 0xE3, 0x61,
    0xE3, 0x61, 0xE3, 0x61, 0xC3, 0x59, 0x44, 0x72, 0x44, 0x7A, 0x64, 0x7A, 0x64, 0x82, 0x64, 0x82,
    0x84, 0x82, 0x64, 0x7A, 0x64, 0x82, 0x85, 0x82, 0x85, 0x82, 0x85, 0x7A, 0x65, 0x7A, 0x45, 0x7A,
    0x04, 0x6A, 0x25, 0x72, 0xC6, 0x8A, 0xC6, 0x8A, 0x25, 0x72, 0x25, 0x6A, 0xC7, 0x92, 0xA6, 0x82,
    0xA6, 0x8A, 0x45, 0x72, 0x27, 0x9B, 0xC7, 0x82, 0xA6, 0x82, 0x28, 0x9B, 0xC7, 0x8A, 0xA6, 0x82,
    0x25, 0x6A, 0xC7, 0x82, 0x48, 0x9B, 0x48, 0x9B, 0x07, 0x9B, 0xA6, 0x82, 0x07, 0x93, 0x86, 0x82,
    0xC6, 0x92, 0xC7, 0x92, 0xA6, 0x82, 0xE6, 0x9A, 0x86, 0x82, 0xA6, 0x8A, 0xE7, 0x92, 0xC6, 0x8A,
    0x66, 0x7A, 0x08, 0x93, 0x08, 0x93, 0x28, 0x9B, 0xC7, 0x82, 0x45, 0x72, 0x86, 0x7A, 0x08, 0x93,
    0x89, 0xA3, 0x28, 0x93, 0x28, 0x93, 0xAA, 0xA3, 0xE8, 0x82, 0x46, 0x6A, 0xCB, 0xAB, 0xAA, 0xA3,
    0x8A, 0xA3, 0x8A, 0xA3, 0x29, 0x93, 0x6A, 0x9B, 0xCA, 0xA3, 0x6A, 0x9B, 0x49, 0x93, 0xCB, 0xA3,
    0x2C, 0xB4, 0x49, 0x93, 0x29, 0x8B, 0xCB, 0xAB, 0xCB, 0xA3, 0x8A, 0x93, 0x6A, 0x93, 0x09, 0x8B,
    0xA8, 0x72, 0x08, 0x83, 0xE8, 0x82, 0xA7, 0x72, 0xE5, 0x51, 0x46, 0x62, 0x8A, 0x93, 0x8A, 0x93,
    0x6A, 0x8B, 0x29, 0x83, 0x4A, 0x83, 0x8A, 0x93, 0x4A, 0x83, 0x8B, 0x93, 0x2D, 0xAC, 0x0C, 0xA4,
    0xAB, 0x9B, 0x8A, 0x93, 0x49, 0x8B, 0xE8, 0x7A, 0x87, 0x6A, 0x67, 0x62, 0x26, 0x52, 0xA5, 0x39,
    0x64, 0x39, 0xC6, 0x39, 0x28, 0x42, 0xE7, 0x41, 0xEB, 0x5A, 0xF0, 0x7B, 0x49, 0x4A, 0xC2, 0x18,
    0x44, 0x29, 0xE6, 0x39, 0xE7, 0x41, 0x28, 0x4A, 0x2C, 0x63, 0xCA, 0x5A, 0x43, 0x31, 0x43, 0x39,
    0x42, 0x41, 0x41, 0x49, 0x83, 0x49, 0xA3, 0x51, 0xA3, 0x51, 0xC4, 0x59, 0xC4, 0x51, 0xC4, 0x51,
    0xE4, 0x51, 0x83, 0x49, 0xA3, 0x51, 0xE4, 0x61, 0xE3, 0x59, 0xE3, 0x61, 0x04, 0x62, 0x04, 0x6A,
    0x44, 0x72, 0x04, 0x6A, 0xE4, 0x61, 0x84, 0x82, 0x84, 0x82, 0x85, 0x82, 0xA5, 0x8A, 0xA5, 0x8A,
    0x85, 0x82, 0x85, 0x82, 0xC5, 0x8A, 0xA5, 0x8A, 0xC6, 0x92, 0xA5, 0x8A, 0x85, 0x82, 0x65, 0x82,
    0x24, 0x72, 0x45, 0x72, 0xC6, 0x8A, 0xE6, 0x8A, 0x45, 0x7A, 0x45, 0x7A, 0xC6, 0x8A, 0xA6, 0x82,
    0x86, 0x82, 0xA6, 0x82, 0x48, 0xA3, 0x66, 0x72, 0x27, 0x9B, 0x28, 0x93, 0x86, 0x7A, 0x45, 0x72,
    0x86, 0x7A, 0x48, 0xA3, 0x68, 0xA3, 0x28, 0xA3, 0xC7, 0x92, 0x07, 0x9B, 0xA6, 0x8A, 0x86, 0x8A,
    0x07, 0x9B, 0x86, 0x82, 0xA6, 0x8A, 0xA6, 0x92, 0xA6, 0x82, 0xE7, 0x92, 0xC6, 0x8A, 0xA6, 0x82,
    0xC7, 0x8A, 0xC7, 0x8A, 0xE7, 0x8A, 0x28, 0x9B, 0x46, 0x72, 0x45, 0x72, 0xA6, 0x82, 0x28, 0x93,
    0x49, 0x9B, 0xE7, 0x8A, 0x69, 0x9B, 0xAA, 0xAB, 0x66, 0x6A, 0x87, 0x72, 0xCA, 0xAB, 0x69, 0x9B,
    0x49, 0x9B, 0x29, 0x93, 0x69, 0x9B, 0xAA, 0xA3, 0x8A, 0xA3, 0xE8, 0x8A, 0x69, 0x9B, 0x2B, 0xB4,
    0x8A, 0x9B, 0xA7, 0x7A, 0x69, 0x9B, 0xAB, 0xA3, 0x8A, 0x9B, 0x29, 0x8B, 0x8A, 0x9B, 0x09, 0x8B,
    0x87, 0x72, 0xC7, 0x7A, 0xA7, 0x72, 0x87, 0x72, 0xA4, 0x49, 0x87, 0x6A, 0x8A, 0x93, 0x29, 0x8B,
    0x8A, 0x93, 0x09, 0x7B, 0xE8, 0x72, 0xCB, 0x9B, 0xAB, 0x93, 0x6B, 0x8B, 0x0C, 0xA4, 0x6D, 0xB4,
    0x0C, 0xA4, 0xCB, 0x9B, 0x49, 0x8B, 0xE8, 0x7A, 0x67, 0x62, 0x06, 0x52, 0xC5, 0x41, 0xA5, 0x41,
    0x07, 0x3A, 0x48, 0x4A, 0x49, 0x4A, 0xCF, 0x73, 0xEB, 0x5A, 0xE3, 0x18, 0x03, 0x21, 0xA5, 0x31,
    0xC6, 0x39, 0xE6, 0x41, 0x89, 0x52, 0xEA, 0x5A, 0xC5, 0x41, 0x22, 0x39, 0x42, 0x41, 0x62, 0x51,
    0x82, 0x51, 0xC4, 0x51, 0xC4, 0x59, 0xC3, 0x59, 0xE4, 0x59, 0xE4, 0x59, 0xE4, 0x59, 0xE4, 0x59,
    0x83, 0x49, 0xE4, 0x61, 0x04, 0x62, 0xE4, 0x61, 0x24, 0x6A, 0x24, 0x6A, 0x24, 0x6A, 0x45, 0x72,
    0x85, 0x82, 0x24, 0x6A, 0x24, 0x6A, 0xA5, 0x8A, 0xA5, 0x8A, 0xA5, 0x8A, 0xC5, 0x92, 0xA5, 0x8A,
    0xA5, 0x8A, 0xC6, 0x92, 0xC6, 0x92, 0xE6, 0x92, 0xE6, 0x92, 0xE6, 0x9A, 0xE6, 0x92, 0xA6, 0x82,
    0x04, 0x6A, 0x65, 0x7A, 0xC6, 0x8A, 0x07, 0x9B, 0x45, 0x7A, 0xC7, 0x8A, 0xA6, 0x8A, 0xE7, 0x92,
    0x66, 0x7A, 0x28, 0x9B, 0xC7, 0x8A, 0x86, 0x7A, 0x89, 0xAB, 0xA7, 0x82, 0x66, 0x7A, 0x86, 0x7A,
    0x28, 0x9B, 0x68, 0xAB, 0x48, 0xA3, 0xE7, 0x92, 0x27, 0xA3, 0xE7, 0x9A, 0x86, 0x82, 0x07, 0x9B,
    0xC7, 0x8A, 0xA6, 0x82, 0xE7, 0x92, 0xA7, 0x82, 0x07, 0x9B, 0xE6, 0x92, 0xC6, 0x8A, 0xE7, 0x8A,
    0xC7, 0x8A, 0xA7, 0x82, 0x08, 0x9B, 0xA7, 0x82, 0x45, 0x72, 0x45, 0x7A, 0xC7, 0x82, 0x89, 0xAB,
    0x28, 0x93, 0x08, 0x93, 0xCA, 0xB3, 0x08, 0x93, 0xE5, 0x61, 0x28, 0x93, 0x8A, 0xA3, 0x28, 0x93,
    0x29, 0x9B, 0x08, 0x8B, 0x49, 0x9B, 0xAA, 0xA3, 0x6A, 0xA3, 0xE8, 0x8A, 0x89, 0x9B, 0xEB, 0xAB,
    0xC8, 0x82, 0xC7, 0x82, 0x69, 0x93, 0xAA, 0xA3, 0xE8, 0x82, 0x08, 0x83, 0x69, 0x9B, 0xC8, 0x82,
    0x87, 0x72, 0x66, 0x72, 0x87, 0x72, 0x66, 0x6A, 0x84, 0x49, 0xE8, 0x82, 0x6A, 0x93, 0x09, 0x83,
    0x6A, 0x93, 0xA8, 0x72, 0xC8, 0x72, 0xEC, 0xA3, 0xEC, 0x9B, 0x8B, 0x8B, 0x0C, 0xA4, 0x6D, 0xB4,
    0xEB, 0x9B, 0xAB, 0x93, 0x6A, 0x8B, 0xC8, 0x72, 0x67, 0x62, 0x47, 0x5A, 0xA5, 0x41, 0x69, 0x4A,
    0x48, 0x4A, 0x8E, 0x6B, 0x2C, 0x63, 0x03, 0x21, 0xA2, 0x18, 0xA6, 0x39, 0xA6, 0x39, 0xE6, 0x41,
    0xE7, 0x41, 0xAA, 0x5A, 0x27, 0x4A, 0x42, 0x39, 0x42, 0x49, 0x82, 0x51, 0xA2, 0x59, 0xC3, 0x59,
    0x04, 0x5A, 0xC3, 0x59, 0xE4, 0x61, 0x04, 0x62, 0xE4, 0x59, 0x04, 0x5A, 0x04, 0x5A, 0xC3, 0x51,
    0x24, 0x6A, 0x24, 0x6A, 0x24, 0x6A, 0x44, 0x72, 0x44, 0x72, 0x65, 0x7A, 0x85, 0x82, 0x85, 0x82,
    0xA5, 0x8A, 0x24, 0x72, 0x45, 0x72, 0xE5, 0x92, 0xC5, 0x92, 0xE5, 0x92, 0xC6, 0x8A, 0xC6, 0x92,
    0xE6, 0x92, 0xE6, 0x92, 0xE6, 0x92, 0x27, 0x9B, 0x07, 0x9B, 0x27, 0x9B, 0x27, 0xA3, 0xC6, 0x8A,
    0x45, 0x72, 0x07, 0x93, 0xE7, 0x8A, 0x07, 0x9B, 0xA6, 0x82, 0xC7, 0x8A, 0x07, 0x9B, 0x07, 0x9B,
    0x45, 0x72, 0x69, 0xAB, 0x86, 0x7A, 0x28, 0x9B, 0x48, 0x9B, 0x66, 0x72, 0x66, 0x7A, 0x08, 0x93,
    0x89, 0xAB, 0x88, 0xAB, 0x07, 0x9B, 0x48, 0xA3, 0x48, 0xAB, 0xC7, 0x92, 0x07, 0xA3, 0x07, 0x9B,
    0xC7, 0x92, 0xE7, 0x92, 0xE7, 0x92, 0xE7, 0x92, 0x07, 0x9B, 0xC6, 0x8A, 0xE7, 0x92, 0xC7, 0x92,
    0xA7, 0x8A, 0xE7, 0x8A, 0xE7, 0x92, 0x46, 0x72, 0x25, 0x6A, 0x66, 0x7A, 0x48, 0x9B, 0x49, 0xA3,
    0x08, 0x93, 0x89, 0xAB, 0x69, 0x9B, 0xA7, 0x82, 0x26, 0x6A, 0x89, 0xAB, 0x28, 0x93, 0x48, 0x9B,
    0x28, 0x93, 0x29, 0x93, 0x49, 0x9B, 0x69, 0x9B, 0x28, 0x93, 0xE8, 0x8A, 0xAA, 0xA3, 0x28, 0x93,
    0x46, 0x6A, 0xC7, 0x82, 0x08, 0x8B, 0x28, 0x93, 0xA7, 0x7A, 0x08, 0x8B, 0xC7, 0x82, 0x26, 0x62,
    0xC7, 0x82, 0x05, 0x62, 0xA7, 0x72, 0x05, 0x62, 0xE5, 0x59, 0x49, 0x93, 0x49, 0x8B, 0x08, 0x83,
    0x29, 0x8B, 0x67, 0x62, 0x09, 0x7B, 0x4D, 0xAC, 0x2D, 0xA4, 0x6B, 0x8B, 0xEC, 0x9B, 0x6D, 0xB4,
    0x0C, 0xA4, 0x8A, 0x93, 0x29, 0x83, 0xC8, 0x72, 0x67, 0x62, 0x46, 0x5A, 0xE7, 0x39, 0xEB, 0x5A,
    0x6E, 0x6B, 0x24, 0x29, 0x81, 0x10, 0x64, 0x31, 0xC6, 0x39, 0xA5, 0x39, 0xA5, 0x39, 0x27, 0x4A,
    0x68, 0x52, 0xA4, 0x41, 0x62, 0x49, 0x82, 0x51, 0xA2, 0x59, 0xC3, 0x59, 0x04, 0x62, 0x04, 0x62,
    0xE3, 0x61, 0x24, 0x62, 0x04, 0x62, 0x04, 0x5A, 0x24, 0x62, 0x04, 0x5A, 0xC3, 0x59, 0x24, 0x6A,
    0x44, 0x72, 0x45, 0x72, 0x65, 0x7A, 0x85, 0x7A, 0xA6, 0x82, 0xA5, 0x8A, 0xA5, 0x82, 0xC5, 0x8A,
    0xE6, 0x92, 0x65, 0x7A, 0x65, 0x7A, 0xE6, 0x9A, 0xE6, 0x9A, 0xE6, 0x92, 0x06, 0x9B, 0x06, 0x9B,
    0x07, 0x9B, 0x06, 0x9B, 0x27, 0x9B, 0x47, 0xA3, 0x47, 0xA3, 0x47, 0xA3, 0x47, 0xA3, 0x07, 0x93,
    0xE7, 0x8A, 0x07, 0x9B, 0x08, 0x9B, 0x07, 0x9B, 0xA6, 0x82, 0xC7, 0x8A, 0x68, 0xA3, 0x86, 0x82,
    0xE7, 0x92, 0xE7, 0x92, 0x86, 0x7A, 0xA9, 0xB3, 0x86, 0x7A, 0x46, 0x7A, 0x08, 0x93, 0x89, 0xAB,
    0xA9, 0xB3, 0x48, 0xA3, 0x68, 0xAB, 0xA9, 0xB3, 0x28, 0x9B, 0x48, 0xA3, 0x28, 0xA3, 0x07, 0x9B,
    0x07, 0x9B, 0x07, 0x9B, 0xC7, 0x8A, 0x27, 0xA3, 0x07, 0x9B, 0xE7, 0x92, 0xC7, 0x92, 0xC7, 0x8A,
    0xC7, 0x8A, 0x28, 0x9B, 0x66, 0x7A, 0x05, 0x6A, 0x66, 0x7A, 0x07, 0x93, 0x89, 0xAB, 0x29, 0x9B,
    0x69, 0xA3, 0x89, 0xA3, 0x08, 0x93, 0x86, 0x7A, 0xE7, 0x8A, 0x49, 0xA3, 0x08, 0x8B, 0x49, 0xA3,
    0x08, 0x8B, 0x28, 0x93, 0x28, 0x93, 0x08, 0x93, 0xE8, 0x8A, 0x28, 0x93, 0x69, 0xA3, 0x46, 0x72,
    0x86, 0x72, 0xC7, 0x8A, 0xC7, 0x82, 0xA7, 0x7A, 0x66, 0x6A, 0xE7, 0x8A, 0x25, 0x6A, 0x46, 0x6A,
    0x86, 0x7A, 0x25, 0x62, 0x86, 0x72, 0xA5, 0x49, 0x46, 0x6A, 0x29, 0x8B, 0x08, 0x83, 0x08, 0x83,
    0xE8, 0x82, 0x87, 0x6A, 0x6A, 0x8B, 0xCB, 0x9B, 0xEB, 0x9B, 0x4A, 0x83, 0xEC, 0xA3, 0x2C, 0xAC,
    0xEB, 0x9B, 0xAB, 0x9B, 0x6A, 0x93, 0x08, 0x7B, 0x67, 0x62, 0x48, 0x4A, 0xAE, 0x73, 0x85, 0x31,
    0x40, 0x10, 0x23, 0x29, 0xA5, 0x39, 0x85, 0x31, 0xA5, 0x39, 0x85, 0x39, 0x48, 0x52, 0x06, 0x4A,
    0x83, 0x49, 0x82, 0x51, 0xC3, 0x59, 0xC3, 0x61, 0x04, 0x62, 0x04, 0x62, 0x04, 0x62, 0x04, 0x6A,
    0x04, 0x6A, 0x25, 0x62, 0x04, 0x62, 0x24, 0x6A, 0x04, 0x62, 0xE4, 0x61, 0x44, 0x72, 0x65, 0x7A,
    0x65, 0x7A, 0xA5, 0x82, 0xA6, 0x82, 0xC6, 0x8A, 0xC6, 0x8A, 0xC6, 0x8A, 0xC6, 0x8A, 0x06, 0x9B,
    0x27, 0x9B, 0x65, 0x7A, 0x85, 0x82, 0x06, 0xA3, 0xE6, 0x92, 0x27, 0x9B, 0x47, 0xA3, 0x07, 0x9B,
    0x07, 0x9B, 0x27, 0x9B, 0x68, 0xAB, 0x68, 0xAB, 0x68, 0xAB, 0x68, 0xAB, 0x88, 0xB3, 0xE7, 0x92,
    0x07, 0x93, 0x48, 0xA3, 0x28, 0xA3, 0xE7, 0x92, 0xA6, 0x8A, 0x28, 0x9B, 0x28, 0x9B, 0x25, 0x72,
    0x28, 0x9B, 0xA7, 0x82, 0x48, 0xA3, 0x28, 0x9B, 0x66, 0x7A, 0xA7, 0x82, 0x69, 0xA3, 0xC9, 0xBB,
    0x69, 0xAB, 0x69, 0xA3, 0xC9, 0xBB, 0x68, 0xAB, 0x48, 0xA3, 0x68, 0xAB, 0xC7, 0x92, 0x48, 0xA3,
    0xE7, 0x92, 0xC7, 0x8A, 0xE7, 0x92, 0x68, 0xAB, 0x07, 0x9B, 0x07, 0x9B, 0xC7, 0x8A, 0xA7, 0x8A,
    0xE7, 0x92, 0xC7, 0x8A, 0x45, 0x72, 0x46, 0x72, 0xA6, 0x82, 0x28, 0x9B, 0x29, 0x9B, 0x89, 0xA3,
    0x49, 0x9B, 0x08, 0x93, 0xE8, 0x8A, 0x66, 0x7A, 0x48, 0x9B, 0x08, 0x93, 0x08, 0x93, 0x28, 0x9B,
    0xE7, 0x8A, 0x49, 0x9B, 0x28, 0x9B, 0xC7, 0x8A, 0x86, 0x7A, 0x48, 0xA3, 0xE7, 0x92, 0xA4, 0x51,
    0xC7, 0x82, 0xC7, 0x8A, 0x86, 0x7A, 0x05, 0x62, 0x86, 0x7A, 0xA6, 0x7A, 0xC4, 0x59, 0x25, 0x6A,
    0x25, 0x6A, 0x25, 0x62, 0x46, 0x6A, 0x84, 0x41, 0x08, 0x83, 0x08, 0x83, 0x87, 0x72, 0x08, 0x83,
    0xA7, 0x72, 0xC8, 0x7A, 0x09, 0x83, 0x4A, 0x83, 0x6A, 0x93, 0xC8, 0x72, 0xEC, 0xA3, 0x2C, 0xAC,
    0xEB, 0x9B, 0x8A, 0x93, 0x69, 0x8B, 0xE8, 0x7A, 0x6D, 0x6B, 0x49, 0x4A, 0x40, 0x08, 0xC2, 0x20,
    0x85, 0x39, 0x64, 0x31, 0x64, 0x31, 0x43, 0x31, 0xE6, 0x41, 0x27, 0x52, 0xA4, 0x49, 0xA3, 0x51,
    0xC3, 0x59, 0xC3, 0x61, 0x04, 0x62, 0x25, 0x62, 0x04, 0x62, 0x24, 0x6A, 0x24, 0x6A, 0x25, 0x6A,
    0x25, 0x62, 0x04, 0x62, 0x45, 0x6A, 0x04, 0x62, 0x04, 0x6A, 0x65, 0x7A, 0x85, 0x7A, 0x85, 0x7A,
    0xC6, 0x8A, 0xC6, 0x8A, 0xE6, 0x92, 0xE6, 0x92, 0x06, 0x9B, 0x06, 0x93, 0x27, 0x9B, 0x47, 0x9B,
    0x47, 0xA3, 0xA6, 0x82, 0x85, 0x82, 0x06, 0x9B, 0x47, 0xA3, 0x67, 0xAB, 0x68, 0xA3, 0x27, 0x9B,
    0x07, 0x9B, 0x68, 0xAB, 0x88, 0xAB, 0x88, 0xB3, 0xA8, 0xB3, 0x88, 0xB3, 0x88, 0xAB, 0x07, 0x93,
    0x68, 0xA3, 0x28, 0x9B, 0x48, 0xA3, 0x28, 0x9B, 0xC7, 0x8A, 0x48, 0xA3, 0xC7, 0x8A, 0xE7, 0x8A,
    0x28, 0x9B, 0xA7, 0x82, 0xA9, 0xB3, 0xC7, 0x82, 0x86, 0x7A, 0x48, 0x9B, 0xEA, 0xBB, 0xA9, 0xB3,
    0x69, 0xA3, 0xE9, 0xC3, 0xA9, 0xB3, 0x69, 0xAB, 0xC9, 0xBB, 0x48, 0xA3, 0x48, 0xA3, 0x28, 0xA3,
    0xE8, 0x92, 0xA7, 0x82, 0xA9, 0xB3, 0x89, 0xB3, 0x48, 0xAB, 0x07, 0x93, 0x86, 0x82, 0xC7, 0x8A,
    0xE7, 0x92, 0xC7, 0x8A, 0x05, 0x6A, 0x46, 0x72, 0x08, 0x93, 0x69, 0xA3, 0x49, 0xA3, 0x69, 0xA3,
    0x28, 0x9B, 0xC7, 0x8A, 0xC7, 0x8A, 0xA7, 0x82, 0x69, 0xA3, 0xE7, 0x8A, 0x28, 0x9B, 0xE7, 0x8A,
    0x08, 0x93, 0x48, 0xA3, 0xC7, 0x8A, 0xA6, 0x82, 0xC7, 0x82, 0x68, 0xA3, 0xE5, 0x61, 0xE5, 0x61,
    0x08, 0x93, 0x86, 0x7A, 0x05, 0x6A, 0xE5, 0x61, 0x86, 0x7A, 0xE5, 0x61, 0xC4, 0x59, 0x05, 0x6A,
    0xE5, 0x59, 0x66, 0x6A, 0xE5, 0x59, 0x05, 0x62, 0x28, 0x8B, 0x87, 0x72, 0xE8, 0x82, 0x87, 0x6A,
    0x67, 0x6A, 0x8A, 0x93, 0x29, 0x83, 0xE8, 0x7A, 0xE8, 0x7A, 0xC9, 0x72, 0xCB, 0x9B, 0xEB, 0x9B,
    0xCB, 0x9B, 0x8A, 0x93, 0x29, 0x83, 0xEB, 0x5A, 0xA2, 0x18, 0x80, 0x18, 0x23, 0x31, 0x64, 0x31,
    0x43, 0x31, 0x63, 0x31, 0x43, 0x31, 0x06, 0x4A, 0x06, 0x4A, 0xA3, 0x51, 0xC3, 0x59, 0xE3, 0x61,
    0xE3, 0x61, 0x25, 0x62, 0x24, 0x6A, 0x24, 0x6A, 0x24, 0x72, 0x24, 0x6A, 0x65, 0x6A, 0x45, 0x6A,
    0x25, 0x6A, 0x45, 0x6A, 0x04, 0x62, 0x24, 0x6A, 0x85, 0x7A, 0x85, 0x7A, 0xC6, 0x82, 0xE6, 0x8A,
    0xE6, 0x92, 0x06, 0x9B, 0x06, 0x93, 0x27, 0x9B, 0x27, 0x9B, 0x47, 0xA3, 0x47, 0xA3, 0x47, 0xA3,
    0x47, 0xA3, 0xC6, 0x8A, 0xC6, 0x8A, 0x88, 0xB3, 0x88, 0xAB, 0x88, 0xAB, 0x88, 0xAB, 0x27, 0x9B,
    0x68, 0xAB, 0xA9, 0xB3, 0xA9, 0xB3, 0xA9, 0xB3, 0xC9, 0xB3, 0xA8, 0xB3, 0x88, 0xB3, 0x27, 0x9B,
    0xA9, 0xAB, 0x48, 0x9B, 0x69, 0xAB, 0xE7, 0x92, 0x28, 0x9B, 0x89, 0xAB, 0xA7, 0x8A, 0x48, 0x9B,
    0xE8, 0x8A, 0x69, 0xA3, 0x28, 0x9B, 0x86, 0x7A, 0x08, 0x93, 0xCA, 0xB3, 0xEA, 0xBB, 0x89, 0xAB,
    0xEA, 0xC3, 0xEA, 0xC3, 0x89, 0xAB, 0xEA, 0xBB, 0x89, 0xAB, 0xCA, 0xBB, 0xA9, 0xAB, 0x48, 0xA3,
    0x87, 0x82, 0x48, 0xA3, 0xEA, 0xBB, 0x89, 0xB3, 0x69, 0xAB, 0xE7, 0x92, 0xC7, 0x92, 0xE7, 0x92,
    0x28, 0x9B, 0xA7, 0x8A, 0x25, 0x6A, 0x86, 0x82, 0x69, 0xA3, 0x69, 0xA3, 0x49, 0xA3, 0x69, 0xA3,
    0x28, 0x9B, 0xC7, 0x8A, 0x86, 0x82, 0x48, 0x9B, 0x28, 0x9B, 0x28, 0x9B, 0x08, 0x9B, 0xE7, 0x92,
    0x48, 0xA3, 0x28, 0x9B, 0xA6, 0x82, 0x86, 0x82, 0x08, 0x93, 0xC7, 0x8A, 0x84, 0x51, 0x86, 0x7A,
    0xC7, 0x8A, 0x25, 0x6A, 0xE4, 0x59, 0x45, 0x72, 0x25, 0x6A, 0xA4, 0x51, 0x05, 0x62, 0xC4, 0x59,
    0x05, 0x62, 0x66, 0x6A, 0xA4, 0x49, 0xC7, 0x82, 0xC8, 0x7A, 0x87, 0x72, 0xA7, 0x7A, 0xA7, 0x72,
    0xC8, 0x72, 0x8A, 0x9B, 0x09, 0x83, 0xC8, 0x72, 0xA8, 0x6A, 0xA8, 0x72, 0x0C, 0xA4, 0xEC, 0xA3,
    0xAA, 0x93, 0x49, 0x8B, 0x65, 0x29, 0x40, 0x10, 0xC1, 0x20, 0x43, 0x31, 0x22, 0x31, 0x43, 0x39,
    0x22, 0x31, 0xA4, 0x41, 0x26, 0x52, 0xA4, 0x49, 0xA3, 0x51, 0xE3, 0x61, 0xE3, 0x61, 0x04, 0x62,
    0x25, 0x6A, 0x24, 0x6A, 0x24, 0x72, 0x24, 0x72, 0x45, 0x72, 0x66, 0x6A, 0x45, 0x72, 0x45, 0x6A,
    0x45, 0x6A, 0x25, 0x6A, 0x44, 0x72, 0x85, 0x82, 0xA6, 0x82, 0xE6, 0x8A, 0x06, 0x93, 0x27, 0x9B,
    0x27, 0x9B, 0x27, 0x9B, 0x47, 0xA3, 0x47, 0xA3, 0x68, 0xA3, 0x88, 0xAB, 0x68, 0xAB, 0x68, 0xA3,
    0x88, 0xAB, 0x07, 0x93, 0x07, 0x93, 0xA8, 0xB3, 0xA8, 0xB3, 0xA8, 0xB3, 0xA9, 0xB3, 0x68, 0xA3,
    0xA9, 0xB3, 0xC9, 0xB3, 0xC9, 0xBB, 0xC9, 0xBB, 0xC9, 0xBB, 0xC9, 0xBB, 0x89, 0xB3, 0x48, 0x9B,
    0x89, 0xAB, 0x08, 0x9B, 0x89, 0xAB, 0xE8, 0x92, 0x68, 0xA3, 0x28, 0x9B, 0xE8, 0x8A, 0x69, 0xA3,
    0xC7, 0x82, 0x89, 0xAB, 0xA7, 0x82, 0xA6, 0x82, 0x89, 0xAB, 0x2B, 0xC4, 0x89, 0xAB, 0xCA, 0xBB,
    0x2A, 0xCC, 0xAA, 0xB3, 0xEA, 0xBB, 0xAA, 0xAB, 0x0A, 0xC4, 0xEA, 0xBB, 0xA9, 0xAB, 0x28, 0x9B,
    0xC7, 0x92, 0xAA, 0xB3, 0xCA, 0xB3, 0xAA, 0xBB, 0x69, 0xAB, 0xE7, 0x92, 0xE8, 0x92, 0x08, 0x93,
    0x48, 0xA3, 0x66, 0x7A, 0x26, 0x72, 0x08, 0x93, 0x8A, 0xAB, 0x49, 0xA3, 0x69, 0xA3, 0x89, 0xAB,
    0xE8, 0x8A, 0xA7, 0x8A, 0xC7, 0x8A, 0x89, 0xAB, 0x08, 0x93, 0x28, 0x9B, 0xE8, 0x92, 0x28, 0x9B,
    0x48, 0xA3, 0xA7, 0x82, 0x86, 0x82, 0x86, 0x82, 0x07, 0x93, 0x05, 0x6A, 0xA4, 0x59, 0xC7, 0x8A,
    0x46, 0x72, 0xE5, 0x61, 0x05, 0x62, 0x66, 0x7A, 0xA4, 0x51, 0xE4, 0x59, 0x05, 0x62, 0xA4, 0x51,
    0x45, 0x6A, 0xC5, 0x59, 0x05, 0x5A, 0xC7, 0x7A, 0x87, 0x72, 0xA7, 0x7A, 0xC8, 0x7A, 0xA7, 0x72,
    0xE8, 0x7A, 0x8A, 0x93, 0xC8, 0x72, 0xA7, 0x72, 0x46, 0x62, 0xE8, 0x7A, 0x0C, 0xA4, 0xAB, 0x9B,
    0x6A, 0x93, 0x81, 0x18, 0x80, 0x20, 0x02, 0x29, 0x22, 0x31, 0x22, 0x31, 0x22, 0x31, 0x42, 0x39,
    0xC5, 0x49, 0xE5, 0x51, 0xA3, 0x51, 0xC3, 0x59, 0xE3, 0x61, 0x04, 0x62, 0x25, 0x6A, 0x24, 0x6A,
    0x24, 0x6A, 0x44, 0x72, 0x44, 0x72, 0x65, 0x6A, 0x45, 0x6A, 0x45, 0x72, 0x45, 0x6A, 0x65, 0x72,
    0x25, 0x6A, 0x45, 0x6A, 0xA6, 0x82, 0xC6, 0x82, 0xE7, 0x8A, 0x27, 0x9B, 0x47, 0x9B, 0x47, 0x9B,
    0x47, 0xA3, 0x68, 0xA3, 0x68, 0xAB, 0x68, 0xAB, 0x88, 0xAB, 0x88, 0xAB, 0xA8, 0xAB, 0xA9, 0xB3,
    0xC9, 0xB3, 0x48, 0x9B, 0x27, 0x93, 0xC9, 0xBB, 0xC9, 0xB3, 0xC9, 0xB3, 0xA9, 0xB3, 0x68, 0xAB,
    0xC9, 0xB3, 0xE9, 0xBB, 0xEA, 0xBB, 0xE9, 0xBB, 0xC9, 0xBB, 0xEA, 0xBB, 0x89, 0xAB, 0x28, 0x9B,
    0x28, 0x9B, 0xA9, 0xAB, 0x49, 0xA3, 0x28, 0x9B, 0x69, 0xAB, 0xA7, 0x82, 0x68, 0xA3, 0x49, 0x9B,
    0x48, 0x9B, 0x28, 0x93, 0x86, 0x7A, 0x48, 0x9B, 0x2B, 0xC4, 0xCA, 0xBB, 0xCA, 0xB3, 0x4B, 0xCC,
    0xEA, 0xBB, 0xEA, 0xBB, 0xCA, 0xB3, 0x2B, 0xC4, 0x0A, 0xC4, 0x0A, 0xC4, 0x89, 0xAB, 0xE8, 0x92,
    0x49, 0xA3, 0xEA, 0xBB, 0xCA, 0xB3, 0xCA, 0xBB, 0x49, 0xA3, 0xE8, 0x92, 0xE8, 0x92, 0x69, 0xA3,
    0xE8, 0x8A, 0x46, 0x72, 0xA7, 0x82, 0x89, 0xA3, 0x49, 0x9B, 0x89, 0xA3, 0x8A, 0xA3, 0x49, 0xA3,
    0xA7, 0x82, 0xC7, 0x8A, 0x28, 0x9B, 0x28, 0x9B, 0xE8, 0x92, 0xE8, 0x8A, 0x28, 0x9B, 0x28, 0x9B,
    0x07, 0x93, 0x86, 0x7A, 0xA6, 0x8A, 0x86, 0x7A, 0x86, 0x7A, 0x84, 0x51, 0x45, 0x72, 0x86, 0x7A,
    0x25, 0x6A, 0xA4, 0x51, 0x66, 0x72, 0xC4, 0x59, 0xA4, 0x51, 0x05, 0x62, 0xA4, 0x51, 0xE5, 0x59,
    0x05, 0x62, 0xE5, 0x59, 0x46, 0x6A, 0x46, 0x6A, 0xA7, 0x7A, 0x87, 0x72, 0xA7, 0x72, 0xA7, 0x72,
    0x08, 0x83, 0x28, 0x8B, 0xC8, 0x72, 0xA7, 0x72, 0x06, 0x5A, 0x09, 0x7B, 0xEB, 0xA3, 0x8A, 0x9B,
    0x60, 0x18, 0xC1, 0x28, 0x22, 0x31, 0x01, 0x31, 0x22, 0x39, 0x22, 0x39, 0x63, 0x41, 0xC5, 0x49,
    0xC4, 0x51, 0xC3, 0x59, 0xE3, 0x61, 0x04, 0x62, 0x45, 0x6A, 0x45, 0x6A, 0x24, 0x72, 0x44, 0x72,
    0x45, 0x72, 0x65, 0x72, 0x65, 0x72, 0x65, 0x72, 0x65, 0x7A, 0x65, 0x72, 0x85, 0x7A, 0x65, 0x72,
    0x45, 0x6A, 0xC6, 0x8A, 0xC6, 0x82, 0x07, 0x93, 0x47, 0x9B, 0x47, 0xA3, 0x68, 0xA3, 0x68, 0xAB,
    0x88, 0xAB, 0x88, 0xAB, 0x88, 0xAB, 0xA9, 0xAB, 0xA9, 0xB3, 0xA9, 0xB3, 0xA9, 0xB3, 0xC9, 0xB3,
    0xE9, 0xBB, 0x89, 0xA3, 0x48, 0x9B, 0xC9, 0xBB, 0xC9, 0xBB, 0xE9, 0xBB, 0xC9, 0xB3, 0xA9, 0xB3,
    0xEA, 0xBB, 0xEA, 0xBB, 0xEA, 0xBB, 0xEA, 0xBB, 0xEA, 0xBB, 0xEA, 0xBB, 0x89, 0xAB, 0x28, 0x9B,
    0x89, 0xAB, 0xA9, 0xAB, 0x28, 0x9B, 0x69, 0xAB, 0x28, 0x9B, 0xE8, 0x92, 0xAA, 0xB3, 0x08, 0x93,
    0x68, 0xA3, 0xA7, 0x82, 0x07, 0x93, 0xEA, 0xB3, 0x2B, 0xC4, 0xEA, 0xBB, 0x6B, 0xD4, 0x2B, 0xC4,
    0x0B, 0xBC, 0xEB, 0xBB, 0x2B, 0xCC, 0x2B, 0xC4, 0x0A, 0xC4, 0x0A, 0xC4, 0xAA, 0xB3, 0xE8, 0x92,
    0xAA, 0xB3, 0x0B, 0xC4, 0xEA, 0xBB, 0xAA, 0xB3, 0x49, 0xA3, 0x29, 0x9B, 0x69, 0xA3, 0x49, 0x9B,
    0xA7, 0x82, 0x67, 0x7A, 0x49, 0x9B, 0x28, 0x9B, 0xAA, 0xAB, 0xAA, 0xAB, 0xAA, 0xAB, 0xC8, 0x8A,
    0xC7, 0x92, 0x08, 0x93, 0x49, 0x9B, 0xE8, 0x8A, 0x08, 0x93, 0x08, 0x93, 0x28, 0x9B, 0x28, 0x9B,
    0xA7, 0x82, 0xA7, 0x82, 0x86, 0x82, 0x66, 0x7A, 0x25, 0x6A, 0xE4, 0x61, 0x66, 0x7A, 0x66, 0x72,
    0xC4, 0x59, 0x25, 0x6A, 0x25, 0x6A, 0xA4, 0x51, 0xE4, 0x59, 0xC4, 0x59, 0xC4, 0x59, 0x05, 0x62,
    0x05, 0x62, 0x46, 0x6A, 0x46, 0x6A, 0x86, 0x72, 0xA7, 0x7A, 0x46, 0x62, 0xC7, 0x7A, 0x66, 0x6A,
    0x08, 0x8B, 0xE8, 0x82, 0xC8, 0x72, 0xA7, 0x72, 0x46, 0x5A, 0x49, 0x8B, 0xAA, 0x9B, 0x80, 0x20,
    0xE1, 0x30, 0x22, 0x31, 0x22, 0x31, 0x22, 0x39, 0x22, 0x39, 0x83, 0x41, 0xC5, 0x49, 0xA3, 0x51,
    0xC3, 0x59, 0xE3, 0x61, 0x24, 0x6A, 0x66, 0x6A, 0x44, 0x6A, 0x44, 0x72, 0x44, 0x72, 0x45, 0x72,
    0x65, 0x72, 0x65, 0x72, 0x85, 0x7A, 0x85, 0x7A, 0x85, 0x7A, 0xA6, 0x7A, 0x86, 0x7A, 0x65, 0x72,
    0xA6, 0x82, 0xE7, 0x8A, 0x27, 0x93, 0x68, 0xA3, 0x68, 0xA3, 0x88, 0xAB, 0xA8, 0xAB, 0xA8, 0xAB,
    0xA9, 0xAB, 0xA9, 0xB3, 0xA9, 0xB3, 0xC9, 0xB3, 0xC9, 0xB3, 0xC9, 0xB3, 0xE9, 0xB3, 0xE9, 0xB3,
    0x0A, 0xBC, 0xC9, 0xAB, 0x48, 0x9B, 0xE9, 0xBB, 0x0A, 0xBC, 0xEA, 0xBB, 0xEA, 0xBB, 0xEA, 0xBB,
    0x0A, 0xC4, 0x0A, 0xC4, 0x0A, 0xC4, 0x0A, 0xC4, 0x0A, 0xC4, 0x0A, 0xBC, 0x69, 0xA3, 0x69, 0xA3,
    0xCA, 0xB3, 0x69, 0xA3, 0x48, 0x9B, 0x69, 0xA3, 0xE8, 0x92, 0x69, 0xA3, 0xAA, 0xAB, 0x49, 0x9B,
    0xE8, 0x8A, 0xE7, 0x92, 0x89, 0xAB, 0x4B, 0xC4, 0x0B, 0xBC, 0x6C, 0xD4, 0x6C, 0xD4, 0x2B, 0xC4,
    0x2C, 0xC4, 0x6C, 0xCC, 0x4C, 0xCC, 0x2B, 0xC4, 0x2B, 0xC4, 0x2B, 0xCC, 0x69, 0xA3, 0x49, 0xA3,
    0x0B, 0xC4, 0x0B, 0xBC, 0xEA, 0xBB, 0xCA, 0xB3, 0x8A, 0xAB, 0x8A, 0xAB, 0x8A, 0xAB, 0xE8, 0x8A,
    0xA7, 0x82, 0x29, 0x93, 0x49, 0x9B, 0x8A, 0xA3, 0xEB, 0xB3, 0xCB, 0xB3, 0x49, 0xA3, 0xE8, 0x8A,
    0x49, 0x9B, 0x29, 0x93, 0x08, 0x93, 0x08, 0x93, 0x28, 0x9B, 0x08, 0x93, 0x08, 0x93, 0xE7, 0x92,
    0xA7, 0x82, 0xA6, 0x82, 0x66, 0x72, 0x66, 0x7A, 0x05, 0x62, 0x25, 0x6A, 0x86, 0x7A, 0x46, 0x6A,
    0xE5, 0x59, 0x46, 0x6A, 0xE5, 0x59, 0xE5, 0x59, 0xE5, 0x59, 0xC4, 0x51, 0x25, 0x62, 0x05, 0x62,
    0x46, 0x6A, 0x46, 0x6A, 0x46, 0x6A, 0xC7, 0x82, 0x46, 0x6A, 0x87, 0x72, 0xA7, 0x7A, 0xC7, 0x7A,
    0x08, 0x83, 0xC8, 0x7A, 0xE8, 0x7A, 0x87, 0x6A, 0x67, 0x6A, 0x6A, 0x8B, 0xA0, 0x28, 0x02, 0x31,
    0x01, 0x31, 0x42, 0x39, 0x22, 0x39, 0x42, 0x41, 0xA3, 0x49, 0xE4, 0x51, 0xC3, 0x59, 0xE3, 0x61,
    0x03, 0x62, 0x45, 0x6A, 0x45, 0x6A, 0x44, 0x72, 0x44, 0x72, 0x44, 0x72, 0x65, 0x7A, 0x65, 0x72,
    0x65, 0x72, 0x85, 0x7A, 0xA6, 0x82, 0xA6, 0x82, 0xC6, 0x82, 0x86, 0x7A, 0x86, 0x7A, 0xA6, 0x82,
    0x07, 0x93, 0x27, 0x93, 0x88, 0xAB, 0xA9, 0xAB, 0xA9, 0xAB, 0xA9, 0xB3, 0xA9, 0xB3, 0xA9, 0xB3,
    0xC9, 0xB3, 0xC9, 0xB3, 0xC9, 0xB3, 0xEA, 0xBB, 0xEA, 0xBB, 0xE9, 0xBB, 0xEA, 0xBB, 0x0A, 0xBC,
    0x0A, 0xBC, 0xC9, 0xB3, 0x69, 0xA3, 0xEA, 0xBB, 0x0A, 0xC4, 0x0A, 0xBC, 0x0A, 0xBC, 0x0A, 0xC4,
    0x2A, 0xC4, 0x0A, 0xC4, 0x2B, 0xC4, 0x2B, 0xC4, 0x0A, 0xBC, 0x0A, 0xBC, 0x89, 0xA3, 0xA9, 0xAB,
    0x69, 0xA3, 0x28, 0x9B, 0xA9, 0xAB, 0x08, 0x93, 0x08, 0x93, 0xEB, 0xB3, 0x8A, 0xA3, 0x28, 0x9B,
    0xE7, 0x8A, 0x69, 0xA3, 0x2B, 0xBC, 0x2B, 0xC4, 0x6C, 0xCC, 0x8C, 0xD4, 0x2B, 0xC4, 0x2C, 0xC4,
    0x6C, 0xCC, 0x6C, 0xCC, 0x4C, 0xCC, 0x4C, 0xCC, 0x4C, 0xCC, 0x0B, 0xC4, 0x28, 0x9B, 0xCA, 0xB3,
    0x2B, 0xC4, 0x2B, 0xC4, 0xEB, 0xBB, 0xCB, 0xB3, 0xAB, 0xB3, 0xAA, 0xAB, 0x69, 0xA3, 0xC7, 0x8A,
    0x08, 0x93, 0x29, 0x9B, 0x49, 0x9B, 0xEB, 0xBB, 0xCB, 0xB3, 0xCA, 0xB3, 0x08, 0x93, 0x49, 0x9B,
    0x49, 0x9B, 0x28, 0x93, 0xE8, 0x8A, 0x48, 0x9B, 0x28, 0x9B, 0xE8, 0x8A, 0x08, 0x9B, 0xC7, 0x8A,
    0xA7, 0x82, 0x46, 0x72, 0x66, 0x7A, 0x46, 0x72, 0x05, 0x62, 0x66, 0x72, 0x87, 0x7A, 0xC4, 0x59,
    0x26, 0x6A, 0x25, 0x6A, 0xC5, 0x51, 0x05, 0x62, 0xE5, 0x59, 0x25, 0x62, 0x05, 0x62, 0x26, 0x62,
    0x46, 0x6A, 0x46, 0x6A, 0xA7, 0x72, 0xA7, 0x7A, 0x26, 0x5A, 0xE8, 0x82, 0xA7, 0x72, 0xC8, 0x7A,
    0xC8, 0x7A, 0xE8, 0x7A, 0xA7, 0x6A, 0x66, 0x6A, 0xC8, 0x72, 0xC1, 0x28, 0x22, 0x39, 0x21, 0x39,
    0x22, 0x39, 0x21, 0x41, 0x62, 0x49, 0xA4, 0x51, 0xE4, 0x51, 0xC3, 0x59, 0xE3, 0x61, 0x04, 0x6A,
    0x45, 0x6A, 0x24, 0x6A, 0x44, 0x72, 0x44, 0x72, 0x64, 0x72, 0x65, 0x7A, 0x65, 0x72, 0x85, 0x72,
    0xA6, 0x82, 0xA6, 0x82, 0xA6, 0x82, 0xE7, 0x8A, 0xA6, 0x82, 0x86, 0x7A, 0xC7, 0x8A, 0x07, 0x8B,
    0x27, 0x93, 0x88, 0xAB, 0xA9, 0xAB, 0xA9, 0xB3, 0xA9, 0xB3, 0xC9, 0xB3, 0xC9, 0xB3, 0xC9, 0xB3,
    0xE9, 0xB3, 0xEA, 0xBB, 0xEA, 0xBB, 0x0A, 0xBC, 0x0A, 0xBC, 0x0A, 0xBC, 0x0A, 0xBC, 0x0A, 0xBC,
    0x2A, 0xC4, 0xEA, 0xBB, 0x69, 0x9B, 0xEA, 0xBB, 0x2A, 0xC4, 0x0A, 0xBC, 0x0A, 0xC4, 0x0A, 0xC4,
    0x2B, 0xC4, 0x2B, 0xC4, 0x2B, 0xC4, 0x2B, 0xC4, 0x2B, 0xBC, 0x0B, 0xBC, 0x89, 0xA3, 0xAA, 0xB3,
    0x48, 0xA3, 0xAA, 0xB3, 0x69, 0xA3, 0xE7, 0x8A, 0x89, 0xA3, 0x0B, 0xBC, 0x69, 0xA3, 0xE8, 0x8A,
    0x49, 0x9B, 0xCA, 0xB3, 0x6C, 0xCC, 0x6C, 0xCC, 0xAD, 0xDC, 0x6C, 0xCC, 0x2C, 0xC4, 0x8D, 0xD4,
    0x8C, 0xD4, 0x6C, 0xCC, 0x6C, 0xCC, 0x6C, 0xCC, 0x6C, 0xD4, 0xCA, 0xB3, 0x69, 0xA3, 0x0B, 0xBC,
    0x4C, 0xC4, 0x2B, 0xC4, 0x0B, 0xBC, 0x2C, 0xC4, 0xAB, 0xAB, 0x0B, 0xB4, 0x29, 0x93, 0x08, 0x8B,
    0x29, 0x93, 0x49, 0x9B, 0xEB, 0xB3, 0x0C, 0xBC, 0x0C, 0xBC, 0x8A, 0xAB, 0x49, 0x9B, 0x6A, 0xA3,
    0x29, 0x93, 0x29, 0x93, 0x28, 0x93, 0x48, 0x9B, 0xE8, 0x8A, 0x08, 0x93, 0xE8, 0x92, 0xC7, 0x8A,
    0x46, 0x72, 0x86, 0x7A, 0x87, 0x7A, 0x26, 0x6A, 0x66, 0x72, 0xA7, 0x82, 0x05, 0x62, 0x05, 0x62,
    0x46, 0x6A, 0xE5, 0x61, 0x05, 0x5A, 0x26, 0x62, 0x05, 0x5A, 0x26, 0x62, 0x26, 0x6A, 0x66, 0x6A,
    0x66, 0x6A, 0x87, 0x72, 0xC7, 0x7A, 0x46, 0x6A, 0x66, 0x6A, 0xC7, 0x7A, 0xA7, 0x72, 0xC8, 0x7A,
    0xC8, 0x7A, 0xA8, 0x72, 0xA7, 0x72, 0x87, 0x6A, 0xE1, 0x30, 0x22, 0x39, 0x22, 0x39, 0x22, 0x41,
    0x42, 0x41, 0x62, 0x49, 0xC4, 0x51, 0xC3, 0x51, 0xE3, 0x61, 0xE3, 0x61, 0x45, 0x6A, 0x45, 0x6A,
    0x45, 0x72, 0x44, 0x72, 0x44, 0x72, 0x65, 0x7A, 0x85, 0x7A, 0x86, 0x7A, 0x86, 0x7A, 0xC6, 0x82,
    0xC6, 0x8A, 0xC6, 0x82, 0x07, 0x93, 0xE6, 0x8A, 0x86, 0x7A, 0x07, 0x93, 0x07, 0x93, 0x28, 0x93,
    0xA9, 0xAB, 0xC9, 0xB3, 0xC9, 0xB3, 0xC9, 0xB3, 0xE9, 0xB3, 0xE9, 0xB3, 0xEA, 0xB3, 0xEA, 0xBB,
    0x0A, 0xBC, 0x0A, 0xBC, 0x0A, 0xBC, 0x0A, 0xBC, 0x2A, 0xBC, 0x2A, 0xBC, 0x0A, 0xBC, 0x0A, 0xBC,
    0x2A, 0xC4, 0x2A, 0xBC, 0x69, 0x9B, 0xEA, 0xB3, 0x4B, 0xCC, 0x2A, 0xC4, 0x2B, 0xC4, 0x2B, 0xC4,
    0x4B, 0xC4, 0x2B, 0xC4, 0x2B, 0xC4, 0x2B, 0xC4, 0x2B, 0xC4, 0xEA, 0xB3, 0xEB, 0xBB, 0xAA, 0xB3,
    0x49, 0x9B, 0xCA, 0xB3, 0x08, 0x93, 0x49, 0x9B, 0x0B, 0xBC, 0xAA, 0xAB, 0x29, 0x9B, 0x49, 0x9B,
    0x8A, 0xA3, 0x6C, 0xCC, 0x6C, 0xCC, 0xCD, 0xDC, 0xAD, 0xD4, 0x6D, 0xCC, 0xAD, 0xD4, 0x8D, 0xD4,
    0xAD, 0xD4, 0x8D, 0xD4, 0x8D, 0xD4, 0x8D, 0xD4, 0x6C, 0xCC, 0xAA, 0xAB, 0xCA, 0xB3, 0x4C, 0xC4,
    0x4C, 0xCC, 0x2C, 0xC4, 0x6D, 0xCC, 0x0C, 0xBC, 0x0C, 0xB4, 0x2C, 0xBC, 0x09, 0x93, 0xE9, 0x8A,
    0x6A, 0x9B, 0xAB, 0xAB, 0x0C, 0xBC, 0x0C, 0xB4, 0x2C, 0xBC, 0xAA, 0xA3, 0x8A, 0xA3, 0x6A, 0x9B,
    0x6A, 0x9B, 0x29, 0x93, 0x29, 0x93, 0x29, 0x9B, 0x28, 0x93, 0x28, 0x9B, 0x08, 0x93, 0x87, 0x7A,
    0x87, 0x82, 0x87, 0x7A, 0x66, 0x72, 0x66, 0x72, 0xA7, 0x7A, 0x46, 0x72, 0xE5, 0x61, 0x67, 0x6A,
    0x26, 0x6A, 0xE5, 0x59, 0x46, 0x6A, 0x06, 0x5A, 0x46, 0x6A, 0x46, 0x62, 0x87, 0x72, 0x67, 0x6A,
    0x87, 0x72, 0xA7, 0x72, 0x87, 0x7A, 0x46, 0x62, 0xC8, 0x82, 0xA7, 0x72, 0xA7, 0x72, 0xC8, 0x7A,
    0xE8, 0x7A, 0xA7, 0x72, 0xE8, 0x7A, 0x01, 0x31, 0x42, 0x39, 0x42, 0x39, 0x41, 0x41, 0x42, 0x49,
    0x82, 0x49, 0xE4, 0x51, 0xC3, 0x59, 0xE3, 0x61, 0x04, 0x62, 0x66, 0x6A, 0x44, 0x72, 0x65, 0x72,
    0x44, 0x72, 0x64, 0x7A, 0x65, 0x7A, 0x85, 0x7A, 0x86, 0x7A, 0x86, 0x7A, 0xE6, 0x8A, 0xE6, 0x8A,
    0xE7, 0x8A, 0x27, 0x93, 0x07, 0x93, 0xC7, 0x8A, 0xE7, 0x8A, 0x48, 0xA3, 0x48, 0x93, 0x89, 0xA3,
    0xE9, 0xB3, 0xE9, 0xB3, 0xE9, 0xBB, 0xEA, 0xBB, 0xEA, 0xBB, 0xEA, 0xBB, 0x0A, 0xBC, 0x0A, 0xBC,
    0x0A, 0xBC, 0x2A, 0xBC, 0x2B, 0xBC, 0x2A, 0xBC, 0x2B, 0xBC, 0x2B, 0xC4, 0x2A, 0xBC, 0x2B, 0xC4,
    0x4B, 0xC4, 0x2B, 0xC4, 0x89, 0xA3, 0xCA, 0xB3, 0x4B, 0xCC, 0x2B, 0xC4, 0x2B, 0xC4, 0x4B, 0xC4,
    0x4B, 0xCC, 0x4B, 0xC4, 0x4B, 0xCC, 0x6B, 0xC4, 0x4C, 0xCC, 0xCA, 0xB3, 0x4C, 0xC4, 0x8A, 0xAB,
    0x8A, 0xA3, 0x89, 0xAB, 0x28, 0x9B, 0xCA, 0xAB, 0x2B, 0xC4, 0x4A, 0x9B, 0x49, 0x9B, 0x69, 0xA3,
    0x2C, 0xBC, 0x8D, 0xCC, 0xCE, 0xDC, 0xEE, 0xDC, 0x8D, 0xCC, 0xCE, 0xD4, 0xCE, 0xD4, 0xCD, 0xD4,
    0xAD, 0xD4, 0xAD, 0xD4, 0xAD, 0xD4, 0xAD, 0xD4, 0x4C, 0xC4, 0x0C, 0xB4, 0x2C, 0xBC, 0x6D, 0xCC,
    0x4C, 0xC4, 0x6D, 0xCC, 0x8D, 0xCC, 0x0C, 0xB4, 0x4D, 0xBC, 0x0C, 0xB4, 0x09, 0x8B, 0x29, 0x9B,
    0x8B, 0xA3, 0x4D, 0xBC, 0x0C, 0xB4, 0x6D, 0xC4, 0xEC, 0xB3, 0xCB, 0xAB, 0x8A, 0xA3, 0x6A, 0xA3,
    0x8A, 0xA3, 0x49, 0x93, 0x49, 0x9B, 0x29, 0x9B, 0x49, 0x9B, 0x49, 0x9B, 0xC8, 0x82, 0xC8, 0x8A,
    0xC7, 0x82, 0xA7, 0x7A, 0x67, 0x72, 0xC8, 0x82, 0xA7, 0x7A, 0xE5, 0x59, 0x67, 0x72, 0x67, 0x6A,
    0x26, 0x62, 0x26, 0x62, 0x47, 0x62, 0x46, 0x62, 0x47, 0x62, 0x67, 0x6A, 0xA7, 0x72, 0xA7, 0x7A,
    0xA7, 0x72, 0xA7, 0x7A, 0x67, 0x6A, 0xA7, 0x72, 0xC8, 0x7A, 0x87, 0x72, 0xC8, 0x72, 0xE8, 0x7A,
    0x87, 0x6A, 0xE8, 0x7A, 0x01, 0x39, 0x42, 0x41, 0x42, 0x41, 0x41, 0x41, 0x62, 0x49, 0x82, 0x51,
    0xC4, 0x51, 0xC3, 0x59, 0xE3, 0x61, 0x24, 0x62, 0x45, 0x6A, 0x44, 0x72, 0x44, 0x72, 0x44, 0x72,
    0x65, 0x7A, 0x85, 0x7A, 0x86, 0x7A, 0x86, 0x7A, 0xA6, 0x82, 0xE6, 0x8A, 0x07, 0x93, 0x07, 0x8B,
    0x27, 0x9B, 0x07, 0x93, 0x07, 0x93, 0xE7, 0x8A, 0x68, 0xA3, 0x49, 0x9B, 0x69, 0x9B, 0xEA, 0xBB,
    0xEA, 0xBB, 0x0A, 0xBC, 0x0A, 0xBC, 0x0A, 0xBC, 0x0A, 0xBC, 0x0A, 0xBC, 0x0A, 0xBC, 0x2B, 0xBC,
    0x2B, 0xBC, 0x4B, 0xC4, 0x2B, 0xC4, 0x2B, 0xC4, 0x2B, 0xC4, 0x2B, 0xC4, 0x4B, 0xC4, 0x4B, 0xC4,
    0x4B, 0xC4, 0x4B, 0xC4, 0xAA, 0xA3, 0xCA, 0xAB, 0x6B, 0xCC, 0x4B, 0xC4, 0x4B, 0xC4, 0x4B, 0xCC,
    0x4B, 0xCC, 0x6C, 0xCC, 0x6C, 0xCC, 0x6C, 0xCC, 0x0B, 0xBC, 0xEB, 0xB3, 0x6C, 0xCC, 0x6A, 0xA3,
    0xAA, 0xAB, 0x49, 0xA3, 0x8A, 0xA3, 0x2C, 0xBC, 0xCB, 0xB3, 0x49, 0x9B, 0x8A, 0xAB, 0xEB, 0xB3,
    0x6D, 0xC4, 0xEE, 0xDC, 0xEE, 0xE4, 0xCE, 0xD4, 0xCE, 0xD4, 0xEE, 0xDC, 0xCE, 0xD4, 0xCE, 0xD4,
    0xCE, 0xD4, 0xCE, 0xD4, 0xAE, 0xD4, 0xAD, 0xD4, 0x6D, 0xC4, 0x0C, 0xB4, 0x4C, 0xBC, 0x6D, 0xCC,
    0x6D, 0xCC, 0xAE, 0xCC, 0x6D, 0xC4, 0x2D, 0xBC, 0x8E, 0xCC, 0x8B, 0xA3, 0x29, 0x93, 0x8A, 0x9B,
    0x4D, 0xBC, 0xEC, 0xB3, 0x2D, 0xBC, 0x4E, 0xBC, 0xEC, 0xAB, 0xCC, 0xAB, 0x8A, 0xA3, 0xAB, 0xA3,
    0x49, 0x93, 0x49, 0x93, 0x49, 0x9B, 0x49, 0x9B, 0x8A, 0xA3, 0x08, 0x8B, 0x08, 0x8B, 0xE8, 0x82,
    0xC8, 0x82, 0xA7, 0x7A, 0xE8, 0x82, 0xE8, 0x82, 0x26, 0x62, 0x46, 0x6A, 0xA8, 0x72, 0x87, 0x72,
    0x47, 0x62, 0x87, 0x6A, 0x26, 0x62, 0x87, 0x6A, 0x67, 0x62, 0xA7, 0x7A, 0xA8, 0x72, 0xA8, 0x7A,
    0xA7, 0x7A, 0x87, 0x72, 0x67, 0x6A, 0xC8, 0x7A, 0xA7, 0x72, 0xA7, 0x72, 0xE8, 0x7A, 0xA8, 0x72,
    0xA8, 0x72, 0x21, 0x39, 0x42, 0x41, 0x42, 0x41, 0x62, 0x49, 0x62, 0x49, 0xA3, 0x51, 0xC4, 0x51,
    0xC3, 0x61, 0x03, 0x62, 0x45, 0x6A, 0x44, 0x6A, 0x44, 0x7A, 0x44, 0x72, 0x44, 0x72, 0x65, 0x7A,
    0x85, 0x7A, 0x86, 0x7A, 0x86, 0x7A, 0xC6, 0x82, 0xE6, 0x8A, 0x07, 0x93, 0x07, 0x93, 0x47, 0x9B,
    0x07, 0x93, 0x48, 0x9B, 0x48, 0x9B, 0x48, 0x9B, 0x68, 0xA3, 0x49, 0x93, 0xEA, 0xB3, 0x0A, 0xBC,
    0x0A, 0xBC, 0x0A, 0xBC, 0x0A, 0xBC, 0x2B, 0xBC, 0x2B, 0xBC, 0x2B, 0xBC, 0x4B, 0xBC, 0x4B, 0xC4,
    0x4B, 0xC4, 0x4B, 0xC4, 0x4B, 0xC4, 0x4B, 0xC4, 0x4B, 0xC4, 0x4B, 0xC4, 0x4B, 0xC4, 0x4B, 0xC4,
    0x4B, 0xC4, 0x6C, 0xCC, 0xCA, 0xAB, 0x8A, 0xA3, 0x4B, 0xCC, 0x4B, 0xCC, 0x4B, 0xCC, 0x6C, 0xCC,
    0x6C, 0xCC, 0x6C, 0xCC, 0x6C, 0xCC, 0x8C, 0xCC, 0x0B, 0xBC, 0x4C, 0xC4, 0x0B, 0xBC, 0x69, 0x9B,
    0xAA, 0xAB, 0x6A, 0xA3, 0x0B, 0xBC, 0x4C, 0xCC, 0x29, 0x93, 0x8A, 0xA3, 0xEB, 0xB3, 0x4C, 0xC4,
    0xCE, 0xD4, 0x0F, 0xE5, 0x0F, 0xDD, 0xCE, 0xD4, 0x0F, 0xDD, 0xEE, 0xDC, 0xEF, 0xDC, 0xEE, 0xDC,
    0xEE, 0xD4, 0xCE, 0xD4, 0xCE, 0xD4, 0xAE, 0xD4, 0x2C, 0xBC, 0x0C, 0xB4, 0x6D, 0xC4, 0xAE, 0xCC,
    0xAE, 0xCC, 0xCE, 0xD4, 0x6D, 0xC4, 0x6E, 0xC4, 0x4D, 0xBC, 0x6A, 0x9B, 0x4A, 0x93, 0xEB, 0xAB,
    0x6D, 0xBC, 0x0C, 0xB4, 0xAF, 0xCC, 0x2D, 0xB4, 0x2D, 0xBC, 0xCB, 0xAB, 0xAB, 0xA3, 0x6A, 0x93,
    0x29, 0x93, 0x6A, 0x9B, 0x6A, 0x9B, 0xCB, 0xAB, 0x49, 0x93, 0x09, 0x8B, 0x29, 0x93, 0x09, 0x8B,
    0xE9, 0x82, 0xE8, 0x82, 0x29, 0x8B, 0x87, 0x72, 0x26, 0x62, 0xC8, 0x7A, 0xA8, 0x72, 0x87, 0x6A,
    0x68, 0x62, 0xA8, 0x72, 0x87, 0x6A, 0x87, 0x6A, 0xA7, 0x72, 0xA8, 0x72, 0xA8, 0x7A, 0xC8, 0x7A,
    0xC7, 0x7A, 0x67, 0x62, 0xC8, 0x7A, 0xC8, 0x7A, 0xA7, 0x72, 0xE8, 0x7A, 0xC8, 0x72, 0xC8, 0x72,
    0x21, 0x39, 0x42, 0x41, 0x42, 0x41, 0x62, 0x49, 0x82, 0x51, 0xC3, 0x51, 0xE4, 0x59, 0xE3, 0x61,
    0x24, 0x6A, 0x66, 0x6A, 0x44, 0x72, 0x44, 0x7A, 0x65, 0x7A, 0x45, 0x72, 0x65, 0x7A, 0x85, 0x7A,
    0xA6, 0x7A, 0xA6, 0x7A, 0xC6, 0x82, 0x07, 0x8B, 0x27, 0x93, 0x27, 0x93, 0x48, 0x9B, 0x28, 0x9B,
    0x48, 0x9B, 0x88, 0xA3, 0x88, 0xA3, 0x68, 0x9B, 0x89, 0xA3, 0xA9, 0xAB, 0x2A, 0xBC, 0x2A, 0xBC,
    0x2A, 0xBC, 0x2A, 0xBC, 0x2B, 0xBC, 0x4B, 0xBC, 0x4B, 0xC4, 0x4B, 0xC4, 0x4B, 0xC4, 0x4B, 0xC4,
    0x4B, 0xC4, 0x4B, 0xC4, 0x4B, 0xC4, 0x4B, 0xC4, 0x4B, 0xC4, 0x4B, 0xC4, 0x4B, 0xC4, 0x4B, 0xC4,
    0x4B, 0xC4, 0x6C, 0xCC, 0x0B, 0xB4, 0x6A, 0x9B, 0x4C, 0xC4, 0x8C, 0xD4, 0x6C, 0xCC, 0x8C, 0xCC,
    0x8C, 0xD4, 0x8C, 0xCC, 0xAD, 0xCC, 0x8D, 0xCC, 0x2C, 0xBC, 0x4C, 0xC4, 0xAA, 0xAB, 0xAA, 0xAB,
    0x8A, 0xAB, 0xEB, 0xB3, 0x6C, 0xCC, 0xCB, 0xB3, 0x49, 0x9B, 0x0B, 0xB4, 0x2C, 0xBC, 0xCE, 0xD4,
    0x0F, 0xDD, 0x2F, 0xDD, 0xEF, 0xD4, 0x0F, 0xDD, 0x0F, 0xDD, 0x0F, 0xDD, 0x0F, 0xDD, 0x0F, 0xDD,
    0xEF, 0xDC, 0xEF, 0xD4, 0xEF, 0xD4, 0xAE, 0xCC, 0x4D, 0xBC, 0x2D, 0xBC, 0xAE, 0xCC, 0xCE, 0xD4,
    0xEF, 0xD4, 0xCF, 0xD4, 0x8E, 0xC4, 0x8E, 0xC4, 0x0C, 0xB4, 0x6A, 0x9B, 0x8A, 0x9B, 0xAE, 0xC4,
    0x4D, 0xBC, 0x8E, 0xC4, 0x6E, 0xBC, 0x6E, 0xBC, 0x2D, 0xB4, 0xEC, 0xAB, 0xCC, 0xA3, 0x4A, 0x93,
    0xAB, 0xA3, 0x8B, 0xA3, 0xCB, 0xAB, 0x8A, 0xA3, 0x4A, 0x9B, 0x29, 0x93, 0x09, 0x8B, 0x2A, 0x8B,
    0xE9, 0x82, 0x6A, 0x93, 0xC8, 0x7A, 0x47, 0x6A, 0xA8, 0x72, 0xA8, 0x72, 0xC8, 0x72, 0x88, 0x6A,
    0xC9, 0x72, 0x88, 0x6A, 0xA8, 0x72, 0xA7, 0x72, 0xC8, 0x72, 0xC8, 0x72, 0xE8, 0x7A, 0xE8, 0x82,
    0x87, 0x6A, 0xA8, 0x72, 0xE8, 0x7A, 0xC8, 0x72, 0xC8, 0x72, 0xE8, 0x72, 0xC8, 0x72, 0x21, 0x41,
    0x42, 0x41, 0x42, 0x49, 0x82, 0x51, 0x82, 0x51, 0xC4, 0x59, 0xE3, 0x59, 0xE3, 0x61, 0x66, 0x6A,
    0x45, 0x72, 0x44, 0x7A, 0x44, 0x7A, 0x65, 0x7A, 0x65, 0x7A, 0x65, 0x7A, 0x86, 0x7A, 0xA6, 0x7A,
    0xA6, 0x7A, 0xC6, 0x82, 0x07, 0x93, 0x27, 0x93, 0x48, 0x9B, 0x48, 0x9B, 0x68, 0xA3, 0x48, 0x9B,
    0x68, 0xA3, 0xA9, 0xAB, 0xA9, 0xAB, 0x69, 0x9B, 0x89, 0xA3, 0x0A, 0xB4, 0x2B, 0xC4, 0x2B, 0xBC,
    0x2B, 0xBC, 0x4B, 0xC4, 0x4B, 0xC4, 0x4B, 0xC4, 0x6B, 0xC4, 0x6B, 0xC4, 0x4B, 0xC4, 0x4B, 0xC4,
    0x6B, 0xC4, 0x6B, 0xC4, 0x6B, 0xC4, 0x4B, 0xC4, 0x6B, 0xC4, 0x4B, 0xC4, 0x6C, 0xC4, 0x6C, 0xCC,
    0x4B, 0xC4, 0x8C, 0xCC, 0x4B, 0xC4, 0xAA, 0xA3, 0x2B, 0xBC, 0xAC, 0xD4, 0x8C, 0xCC, 0x8C, 0xCC,
    0xAD, 0xD4, 0xAD, 0xD4, 0xAD, 0xCC, 0xAD, 0xD4, 0x8D, 0xCC, 0x2C, 0xBC, 0xAA, 0xAB, 0xEB, 0xB3,
    0xAA, 0xA3, 0x2C, 0xBC, 0x8D, 0xCC, 0x4A, 0x9B, 0xEB, 0xB3, 0x2C, 0xBC, 0xAE, 0xCC, 0x0F, 0xE5,
    0x2F, 0xE5, 0x0F, 0xDD, 0x2F, 0xDD, 0x30, 0xDD, 0x0F, 0xDD, 0x30, 0xDD, 0x30, 0xDD, 0x0F, 0xDD,
    0x0F, 0xDD, 0x0F, 0xDD, 0x0F, 0xDD, 0x8E, 0xC4, 0x2D, 0xBC, 0x8E, 0xC4, 0xEF, 0xD4, 0xEF, 0xD4,
    0x0F, 0xDD, 0xCF, 0xCC, 0x6E, 0xC4, 0x8E, 0xC4, 0x2D, 0xB4, 0x6B, 0x9B, 0xEC, 0xAB, 0xAE, 0xC4,
    0x8E, 0xC4, 0xCF, 0xCC, 0x4E, 0xB4, 0x6E, 0xBC, 0x2D, 0xB4, 0x0D, 0xAC, 0x6B, 0x9B, 0x8B, 0x9B,
    0xCB, 0xAB, 0xEC, 0xAB, 0xAB, 0xA3, 0x6A, 0x9B, 0x6A, 0x9B, 0x4A, 0x93, 0x2A, 0x8B, 0x29, 0x8B,
    0x6A, 0x93, 0xE9, 0x82, 0x87, 0x72, 0xC8, 0x72, 0xE9, 0x82, 0xC8, 0x72, 0xC9, 0x72, 0xC9, 0x72,
    0xC9, 0x72, 0xA8, 0x72, 0xA8, 0x72, 0xC8, 0x7A, 0xC8, 0x72, 0xE8, 0x7A, 0x09, 0x83, 0xC8, 0x7A,
    0x88, 0x6A, 0xE8, 0x7A, 0xC8, 0x7A, 0xC8, 0x72, 0xE8, 0x7A, 0xC9, 0x72, 0x21, 0x41, 0x42, 0x41,
    0x42, 0x49, 0x82, 0x51, 0x82, 0x51, 0xE4, 0x59, 0xE3, 0x61, 0x04, 0x62, 0x66, 0x6A, 0x44, 0x72,
    0x44, 0x7A, 0x44, 0x7A, 0x65, 0x7A, 0x65, 0x7A, 0x65, 0x7A, 0xA6, 0x82, 0xA6, 0x7A, 0xA6, 0x7A,
    0xC6, 0x8A, 0x07, 0x8B, 0x27, 0x9B, 0x47, 0x9B, 0x48, 0x9B, 0x89, 0xAB, 0x68, 0x9B, 0x68, 0x9B,
    0xA9, 0xAB, 0xC9, 0xB3, 0xC9, 0xAB, 0x69, 0x9B, 0xEA, 0xAB, 0x2B, 0xBC, 0x4B, 0xC4, 0x4B, 0xC4,
    0x4B, 0xC4, 0x4B, 0xC4, 0x4B, 0xC4, 0x4B, 0xC4, 0x6C, 0xC4, 0x6C, 0xC4, 0x6C, 0xC4, 0x6C, 0xC4,
    0x6C, 0xC4, 0x6C, 0xC4, 0x6C, 0xC4, 0x6C, 0xC4, 0x6C, 0xC4, 0x6C, 0xC4, 0x6C, 0xCC, 0x6C, 0xCC,
    0x6C, 0xCC, 0x8C, 0xCC, 0x8C, 0xCC, 0xAA, 0xA3, 0xAA, 0xAB, 0x8C, 0xCC, 0xAC, 0xD4, 0xAD, 0xD4,
    0xAD, 0xD4, 0xAD, 0xD4, 0xAD, 0xD4, 0xAD, 0xD4, 0x4C, 0xBC, 0xCB, 0xB3, 0xAA, 0xAB, 0xAA, 0xA3,
    0xEB, 0xB3, 0xAD, 0xCC, 0xEB, 0xAB, 0x8A, 0xA3, 0x4C, 0xC4, 0x8D, 0xC4, 0xEF, 0xDC, 0x2F, 0xE5,
    0x30, 0xE5, 0x0F, 0xDD, 0x50, 0xDD, 0x30, 0xDD, 0x30, 0xDD, 0x30, 0xDD, 0x30, 0xDD, 0x30, 0xDD,
    0x30, 0xDD, 0x10, 0xDD, 0xCF, 0xD4, 0x6E, 0xC4, 0x4D, 0xBC, 0xAF, 0xCC, 0xEF, 0xD4, 0x10, 0xDD,
    0x10, 0xD5, 0x8E, 0xC4, 0xAF, 0xC4, 0xAF, 0xC4, 0xAC, 0xA3, 0x4A, 0x93, 0xAE, 0xC4, 0xAF, 0xC4,
    0xCF, 0xCC, 0x6E, 0xBC, 0x8F, 0xC4, 0x6E, 0xBC, 0x2D, 0xB4, 0xAC, 0xA3, 0xAB, 0x9B, 0xCC, 0xA3,
    0x0C, 0xB4, 0xEC, 0xAB, 0xAB, 0xA3, 0x8B, 0xA3, 0x4A, 0x93, 0x4A, 0x93, 0x6A, 0x93, 0x8B, 0x9B,
    0x2A, 0x8B, 0xA8, 0x72, 0xE9, 0x7A, 0x09, 0x83, 0xC8, 0x7A, 0x0A, 0x7B, 0x0A, 0x7B, 0x0A, 0x73,
    0xC9, 0x72, 0xC9, 0x72, 0xC8, 0x7A, 0xC8, 0x72, 0xE9, 0x7A, 0x09, 0x83, 0xE8, 0x7A, 0x88, 0x6A,
    0xE8, 0x7A, 0xE8, 0x7A, 0xC8, 0x72, 0xE9, 0x7A, 0xE9, 0x72, 0x21, 0x41, 0x41, 0x49, 0x62, 0x49,
    0x82, 0x51, 0xA2, 0x51, 0xE4, 0x59, 0xC3, 0x61, 0x24, 0x6A, 0x65, 0x6A, 0x24, 0x72, 0x44, 0x7A,
    0x64, 0x7A, 0x65, 0x7A, 0x65, 0x7A, 0x85, 0x7A, 0xA6, 0x82, 0x86, 0x7A, 0xC6, 0x82, 0xE7, 0x8A,
    0x07, 0x8B, 0x47, 0x9B, 0x48, 0xA3, 0x48, 0x9B, 0x89, 0xAB, 0x68, 0x9B, 0x68, 0x9B, 0xC9, 0xAB,
    0xCA, 0xAB, 0x0A, 0xBC, 0xAA, 0xAB, 0xCA, 0xA3, 0xEA, 0xB3, 0x4B, 0xC4, 0x4B, 0xC4, 0x6B, 0xC4,
    0x4C, 0xC4, 0x6C, 0xC4, 0x6B, 0xC4, 0x6C, 0xC4, 0x6C, 0xC4, 0x6C, 0xC4, 0x6C, 0xC4, 0x6C, 0xC4,
    0x6C, 0xC4, 0x6C, 0xC4, 0x6C, 0xC4, 0x6C, 0xC4, 0x6C, 0xCC, 0x6C, 0xCC, 0x6C, 0xCC, 0x6C, 0xCC,
    0x6C, 0xCC, 0x8C, 0xCC, 0xAD, 0xD4, 0xEB, 0xB3, 0x69, 0xA3, 0x4B, 0xC4, 0xAC, 0xD4, 0x8D, 0xCC,
    0xCD, 0xD4, 0xCD, 0xD4, 0xCE, 0xD4, 0x8D, 0xCC, 0x4C, 0xC4, 0xAB, 0xAB, 0xEB, 0xB3, 0xCB, 0xAB,
    0x6D, 0xC4, 0x8D, 0xCC, 0x6A, 0x9B, 0x4D, 0xC4, 0x8D, 0xCC, 0xAE, 0xD4, 0x50, 0xE5, 0x50, 0xE5,
    0x30, 0xDD, 0x50, 0xE5, 0x51, 0xE5, 0x50, 0xE5, 0x51, 0xE5, 0x51, 0xDD, 0x30, 0xDD, 0x51, 0xDD,
    0x30, 0xDD, 0x10, 0xDD, 0xEF, 0xD4, 0x8E, 0xC4, 0x6E, 0xBC, 0x10, 0xD5, 0x10, 0xD5, 0x51, 0xDD,
    0xF0, 0xD4, 0xCF, 0xCC, 0xF0, 0xCC, 0x6E, 0xBC, 0x4A, 0x93, 0x4D, 0xB4, 0xF0, 0xCC, 0xCF, 0xCC,
    0xAF, 0xC4, 0x8E, 0xBC, 0xCF, 0xCC, 0x8F, 0xBC, 0xED, 0xAB, 0xAC, 0x9B, 0xEC, 0xAB, 0x0D, 0xB4,
    0x0C, 0xB4, 0xEC, 0xB3, 0xEC, 0xAB, 0x6A, 0x9B, 0x6A, 0x93, 0x8B, 0x9B, 0xAB, 0xA3, 0x6A, 0x8B,
    0xE9, 0x7A, 0x0A, 0x83, 0x2A, 0x83, 0x29, 0x8B, 0x2A, 0x83, 0x4B, 0x7B, 0x2B, 0x7B, 0x0A, 0x7B,
    0xC9, 0x72, 0xA8, 0x72, 0xE9, 0x7A, 0xE8, 0x7A, 0x09, 0x83, 0xE8, 0x7A, 0xA8, 0x72, 0xE9, 0x7A,
    0x09, 0x7B, 0x09, 0x83, 0x09, 0x7B, 0x09, 0x7B, 0x21, 0x49, 0x41, 0x49, 0x62, 0x49, 0x82, 0x51,
    0xA2, 0x59, 0xE4, 0x59, 0xE3, 0x61, 0x45, 0x6A, 0x45, 0x72, 0x24, 0x72, 0x44, 0x7A, 0x64, 0x7A,
    0x65, 0x7A, 0x65, 0x7A, 0x85, 0x7A, 0xA6, 0x82, 0xA6, 0x7A, 0xC6, 0x82, 0x07, 0x8B, 0x07, 0x8B,
    0x48, 0x93, 0x68, 0xA3, 0x48, 0x9B, 0x89, 0xA3, 0x89, 0xAB, 0x48, 0x9B, 0xA9, 0xAB, 0xCA, 0xB3,
    0x0A, 0xBC, 0xEA, 0xBB, 0xEA, 0xB3, 0xEA, 0xAB, 0x2B, 0xBC, 0x4B, 0xC4, 0x4B, 0xC4, 0x6C, 0xC4,
    0x6C, 0xC4, 0x6C, 0xC4, 0x6C, 0xC4, 0x6C, 0xC4, 0x6C, 0xC4, 0x6C, 0xC4, 0x6C, 0xC4, 0x6C, 0xC4,
    0x8C, 0xC4, 0x6C, 0xC4, 0x8C, 0xCC, 0x6C, 0xCC, 0x6C, 0xCC, 0x8C, 0xCC, 0x8C, 0xCC, 0x8C, 0xCC,
    0x8C, 0xCC, 0x8C, 0xCC, 0xCD, 0xD4, 0x6C, 0xC4, 0x89, 0xA3, 0xEB, 0xB3, 0xCD, 0xD4, 0xCD, 0xD4,
    0xCE, 0xD4, 0xCE, 0xD4, 0xEF, 0xDC, 0xAE, 0xCC, 0x4C, 0xC4, 0xCB, 0xB3, 0x0C, 0xBC, 0x2C, 0xBC,
    0xEE, 0xD4, 0xCB, 0xAB, 0xEC, 0xB3, 0xCE, 0xCC, 0xAE, 0xCC, 0x2F, 0xDD, 0x71, 0xED, 0x50, 0xE5,
    0x51, 0xE5, 0x71, 0xE5, 0x71, 0xE5, 0x71, 0xE5, 0x71, 0xE5, 0x51, 0xDD, 0x51, 0xDD, 0x51, 0xDD,
    0x51, 0xDD, 0x31, 0xDD, 0x10, 0xD5, 0xAF, 0xC4, 0xAF, 0xCC, 0x51, 0xDD, 0x71, 0xDD, 0x31, 0xDD,
    0xD0, 0xCC, 0x10, 0xCD, 0x10, 0xD5, 0xED, 0xAB, 0xAC, 0xA3, 0x10, 0xCD, 0xF0, 0xCC, 0xCF, 0xCC,
    0x8F, 0xBC, 0xF0, 0xCC, 0xCF, 0xC4, 0x4E, 0xB4, 0xEC, 0xA3, 0xEC, 0xA3, 0x2D, 0xB4, 0x2D, 0xBC,
    0x2D, 0xB4, 0x2D, 0xBC, 0xAB, 0xA3, 0xAB, 0xA3, 0xAB, 0x9B, 0xAB, 0xA3, 0x8B, 0x9B, 0x2A, 0x83,
    0x2A, 0x83, 0x4A, 0x8B, 0x4A, 0x8B, 0x2A, 0x83, 0x4B, 0x83, 0x4C, 0x7B, 0x4B, 0x7B, 0x0A, 0x7B,
    0xC8, 0x72, 0xE9, 0x7A, 0xE9, 0x7A, 0x2A, 0x83, 0x09, 0x83, 0xC8, 0x72, 0xE9, 0x72, 0x2A, 0x83,
    0x2A, 0x83, 0x0A, 0x7B, 0x4A, 0x83, 0x41, 0x49, 0x41, 0x49, 0x62, 0x49, 0x82, 0x51, 0xA2, 0x59,
    0xE4, 0x59, 0xE3, 0x61, 0x45, 0x6A, 0x44, 0x72, 0x44, 0x72, 0x44, 0x7A, 0x64, 0x7A, 0x65, 0x82,
    0x85, 0x7A, 0x85, 0x7A, 0xA6, 0x82, 0xA6, 0x82, 0xC6, 0x82, 0x07, 0x8B, 0x27, 0x93, 0x28, 0x93,
    0x48, 0xA3, 0x68, 0xA3, 0x69, 0x9B, 0xCA, 0xB3, 0x69, 0x9B, 0xA9, 0xAB, 0xCA, 0xB3, 0x0A, 0xB4,
    0x0B, 0xBC, 0x0B, 0xBC, 0x0B, 0xB4, 0xCA, 0xAB, 0x2B, 0xBC, 0x6B, 0xC4, 0x6C, 0xC4, 0x6C, 0xC4,
    0x6C, 0xC4, 0x6C, 0xC4, 0x6C, 0xC4, 0x8C, 0xC4, 0x6C, 0xC4, 0x8C, 0xC4, 0x8C, 0xC4, 0x8C, 0xC4,
    0x8C, 0xCC, 0x8C, 0xCC, 0x6C, 0xCC, 0x8C, 0xCC, 0x8C, 0xCC, 0x8D, 0xCC, 0x8D, 0xCC, 0x8D, 0xCC,
    0x8C, 0xCC, 0x8C, 0xCC, 0xAD, 0xD4, 0xAD, 0xCC, 0xEB, 0xB3, 0xCA, 0xAB, 0xAD, 0xD4, 0xCE, 0xD4,
    0xCE, 0xD4, 0xEF, 0xDC, 0xEE, 0xD4, 0xAE, 0xCC, 0xEB, 0xB3, 0xEB, 0xB3, 0x0C, 0xB4, 0x8D, 0xCC,
    0x4D, 0xC4, 0xAB, 0xA3, 0xEF, 0xD4, 0xCF, 0xCC, 0xCF, 0xD4, 0x91, 0xED, 0x71, 0xE5, 0x51, 0xE5,
    0x92, 0xE5, 0x92, 0xE5, 0x71, 0xE5, 0x71, 0xE5, 0x71, 0xE5, 0x72, 0xE5, 0x71, 0xE5, 0x51, 0xDD,
    0x51, 0xDD, 0x51, 0xDD, 0x10, 0xD5, 0x4E, 0xBC, 0xF0, 0xCC, 0x72, 0xE5, 0x72, 0xDD, 0xF0, 0xCC,
    0x10, 0xCD, 0x31, 0xD5, 0x8F, 0xBC, 0xAC, 0xA3, 0xAF, 0xC4, 0x10, 0xCD, 0xAF, 0xC4, 0xAF, 0xC4,
    0xAF, 0xC4, 0xF0, 0xCC, 0x8F, 0xC4, 0x2D, 0xAC, 0xED, 0xA3, 0x4D, 0xB4, 0x4D, 0xBC, 0x4D, 0xBC,
    0x6D, 0xC4, 0xCC, 0xAB, 0xCC, 0xAB, 0xCC, 0xA3, 0xEC, 0xAB, 0xAB, 0xA3, 0x4B, 0x8B, 0x6B, 0x8B,
    0x6B, 0x8B, 0x4A, 0x8B, 0x4B, 0x8B, 0x6C, 0x83, 0x4C, 0x7B, 0x4B, 0x7B, 0x2B, 0x7B, 0x09, 0x7B,
    0xC8, 0x72, 0x09, 0x7B, 0x2A, 0x83, 0x2A, 0x83, 0xE9, 0x7A, 0xE9, 0x72, 0x4A, 0x83, 0x4A, 0x83,
    0x2A, 0x7B, 0x4A, 0x83, 0x41, 0x49, 0x41, 0x49, 0x61, 0x51, 0x82, 0x51, 0xA2, 0x59, 0xE4, 0x59,
    0xE3, 0x61, 0x45, 0x6A, 0x23, 0x72, 0x44, 0x72, 0x44, 0x7A, 0x64, 0x7A, 0x65, 0x82, 0x85, 0x7A,
    0x85, 0x7A, 0xA6, 0x82, 0xA6, 0x82, 0xC7, 0x82, 0x07, 0x93, 0x27, 0x93, 0x27, 0x93, 0x28, 0x93,
    0x89, 0xAB, 0x69, 0x9B, 0xA9, 0xAB, 0xA9, 0xAB, 0x89, 0xA3, 0xEA, 0xB3, 0xEA, 0xBB, 0x2B, 0xBC,
    0x0B, 0xBC, 0x2B, 0xC4, 0x0B, 0xB4, 0xAA, 0xA3, 0x4B, 0xBC, 0x6C, 0xC4, 0x6C, 0xC4, 0x6C, 0xC4,
    0x6C, 0xC4, 0x6C, 0xC4, 0x8C, 0xC4, 0x8C, 0xC4, 0x8C, 0xC4, 0x8C, 0xC4, 0x8C, 0xC4, 0x8C, 0xCC,
    0x8C, 0xCC, 0x8C, 0xCC, 0x8C, 0xCC, 0x8C, 0xCC, 0x8C, 0xCC, 0x8D, 0xCC, 0xAD, 0xCC, 0xAD, 0xCC,
    0x8C, 0xCC, 0x8D, 0xCC, 0xAD, 0xCC, 0xAD, 0xCC, 0xEB, 0xBB, 0x89, 0xA3, 0xAD, 0xD4, 0xAD, 0xD4,
    0xCE, 0xD4, 0x0F, 0xDD, 0xEF, 0xD4, 0x2C, 0xBC, 0xAB, 0xAB, 0x2C, 0xBC, 0x8D, 0xC4, 0xCE, 0xD4,
    0xAB, 0xA3, 0x8D, 0xC4, 0x0F, 0xD5, 0xEF, 0xD4, 0x50, 0xDD, 0x91, 0xED, 0x51, 0xDD, 0x71, 0xE5,
    0x92, 0xE5, 0x92, 0xE5, 0x72, 0xE5, 0x92, 0xE5, 0x72, 0xE5, 0x72, 0xE5, 0x72, 0xE5, 0x71, 0xDD,
    0x72, 0xE5, 0x31, 0xDD, 0xAF, 0xC4, 0x8F, 0xBC, 0x51, 0xDD, 0x92, 0xE5, 0x31, 0xD5, 0x11, 0xD5,
    0x31, 0xD5, 0x11, 0xCD, 0x0D, 0xAC, 0x4E, 0xB4, 0x31, 0xD5, 0xAF, 0xC4, 0xAF, 0xC4, 0x8F, 0xBC,
    0xF0, 0xCC, 0xD0, 0xC4, 0x8F, 0xBC, 0xED, 0xA3, 0x0D, 0xAC, 0x4E, 0xBC, 0x6E, 0xBC, 0x6D, 0xC4,
    0xEC, 0xAB, 0xCC, 0xAB, 0x0C, 0xB4, 0xEC, 0xAB, 0xCC, 0xA3, 0x6B, 0x8B, 0x8B, 0x93, 0x8C, 0x8B,
    0x4A, 0x8B, 0x6B, 0x93, 0x8C, 0x8B, 0x6C, 0x83, 0x6C, 0x7B, 0x6B, 0x83, 0x4B, 0x83, 0xC8, 0x72,
    0x09, 0x7B, 0x2A, 0x83, 0x2A, 0x83, 0x2A, 0x83, 0xE9, 0x7A, 0x4A, 0x83, 0x4A, 0x83, 0x4A, 0x83,
    0x6A, 0x83, 0x41, 0x49, 0x41, 0x49, 0x61, 0x51, 0xA2, 0x51, 0xC3, 0x59, 0xE4, 0x61, 0x04, 0x62,
    0x45, 0x6A, 0x23, 0x72, 0x44, 0x7A, 0x44, 0x7A, 0x64, 0x7A, 0x85, 0x82, 0x85, 0x7A, 0x86, 0x7A,
    0xC6, 0x82, 0xA6, 0x82, 0xE7, 0x82, 0x07, 0x93, 0x27, 0x93, 0x48, 0x9B, 0x28, 0x93, 0x89, 0xAB,
    0x69, 0xA3, 0x89, 0xA3, 0xCA, 0xB3, 0x89, 0xA3, 0xEA, 0xB3, 0x0A, 0xBC, 0x2B, 0xBC, 0x2B, 0xBC,
    0x2B, 0xBC, 0x6C, 0xC4, 0x0B, 0xBC, 0xCA, 0xAB, 0x6C, 0xBC, 0x6C, 0xC4, 0x6C, 0xC4, 0x8C, 0xC4,
    0x8C, 0xC4, 0x8C, 0xC4, 0x8C, 0xCC, 0x8C, 0xC4, 0x8C, 0xC4, 0x8C, 0xCC, 0x8C, 0xCC, 0x8C, 0xCC,
    0x8C, 0xCC, 0x8C, 0xCC, 0x8D, 0xCC, 0x8D, 0xCC, 0xAD, 0xCC, 0xAD, 0xCC, 0xAD, 0xCC, 0xAD, 0xCC,
    0xAD, 0xCC, 0xAD, 0xD4, 0xAD, 0xCC, 0xCE, 0xD4, 0x6D, 0xCC, 0x6A, 0xA3, 0x6C, 0xCC, 0xCE, 0xD4,
    0xEF, 0xDC, 0x0F, 0xDD, 0xCE, 0xD4, 0xEC, 0xB3, 0x2C, 0xBC, 0x8D, 0xC4, 0x0F, 0xD5, 0x2D, 0xBC,
    0xEB, 0xAB, 0x0F, 0xD5, 0x10, 0xD5, 0xEF, 0xD4, 0x91, 0xED, 0x71, 0xE5, 0x51, 0xDD, 0x92, 0xED,
    0x92, 0xE5, 0x92, 0xE5, 0x92, 0xE5, 0x92, 0xE5, 0x92, 0xE5, 0x92, 0xE5, 0x92, 0xE5, 0x72, 0xE5,
    0x72, 0xE5, 0x51, 0xDD, 0xD0, 0xC4, 0xF0, 0xCC, 0x92, 0xE5, 0x72, 0xDD, 0x11, 0xD5, 0x52, 0xD5,
    0x31, 0xD5, 0xAF, 0xC4, 0x0D, 0xAC, 0xF0, 0xCC, 0x10, 0xCD, 0xCF, 0xCC, 0xAF, 0xC4, 0xCF, 0xCC,
    0xF0, 0xCC, 0xF0, 0xCC, 0x4E, 0xB4, 0x0D, 0xA4, 0x8E, 0xC4, 0x8E, 0xC4, 0x8E, 0xC4, 0x2D, 0xBC,
    0x0C, 0xAC, 0x2D, 0xB4, 0xEC, 0xAB, 0xEC, 0xAB, 0x8C, 0x93, 0x8B, 0x93, 0xAC, 0x93, 0x6B, 0x93,
    0xAB, 0x9B, 0x8C, 0x93, 0x8C, 0x83, 0x8C, 0x83, 0x6C, 0x83, 0x6C, 0x83, 0xE9, 0x7A, 0xE9, 0x7A,
    0x2A, 0x83, 0x4A, 0x83, 0x2A, 0x83, 0x2A, 0x7B, 0x4B, 0x7B, 0x4B, 0x83, 0x4A, 0x83, 0x6B, 0x83,
    0x41, 0x49, 0x61, 0x51, 0x61, 0x51, 0xA2, 0x51, 0xC3, 0x59, 0x04, 0x62, 0x04, 0x62, 0x24, 0x6A,
    0x24, 0x72, 0x44, 0x72, 0x44, 0x7A, 0x65, 0x7A, 0x85, 0x82, 0x85, 0x82, 0x86, 0x7A, 0xC6, 0x82,
    0xC6, 0x82, 0xE7, 0x8A, 0x27, 0x93, 0x48, 0x9B, 0x68, 0xA3, 0x68, 0xA3, 0x48, 0x9B, 0x89, 0xAB,
    0x69, 0x9B, 0xCA, 0xB3, 0xAA, 0xAB, 0xEA, 0xAB, 0x0B, 0xBC, 0x2B, 0xBC, 0x2B, 0xC4, 0x2B, 0xBC,
    0x4B, 0xBC, 0x6C, 0xC4, 0x0B, 0xB4, 0xEB, 0xAB, 0x6C, 0xC4, 0x6C, 0xC4, 0x8C, 0xC4, 0x8C, 0xC4,
    0x8C, 0xC4, 0x8C, 0xCC, 0x8C, 0xCC, 0x8C, 0xCC, 0x8D, 0xCC, 0x8C, 0xCC, 0x8D, 0xCC, 0xAD, 0xCC,
    0xAD, 0xCC, 0xAD, 0xCC, 0xAD, 0xCC, 0xAD, 0xCC, 0xAD, 0xCC, 0xAD, 0xCC, 0xAD, 0xCC, 0xAD, 0xD4,
    0xAD, 0xD4, 0xCD, 0xD4, 0xAD, 0xCC, 0xEE, 0xDC, 0x8D, 0xCC, 0x8A, 0xA3, 0x6D, 0xCC, 0xCE, 0xD4,
    0x0F, 0xDD, 0x0F, 0xDD, 0x8D, 0xC4, 0xEC, 0xAB, 0x6D, 0xBC, 0xCE, 0xCC, 0xAE, 0xCC, 0xEC, 0xAB,
    0xCE, 0xCC, 0x0F, 0xD5, 0xEF, 0xD4, 0x71, 0xE5, 0xB2, 0xED, 0x92, 0xE5, 0x92, 0xE5, 0x92, 0xED,
    0x92, 0xE5, 0xB2, 0xE5, 0xB2, 0xE5, 0xB3, 0xE5, 0x92, 0xE5, 0x92, 0xE5, 0x92, 0xE5, 0x92, 0xE5,
    0x72, 0xE5, 0x31, 0xD5, 0xD0, 0xC4, 0x10, 0xD5, 0x92, 0xE5, 0x31, 0xD5, 0x52, 0xDD, 0x51, 0xD5,
    0xF0, 0xCC, 0x6F, 0xBC, 0x8F, 0xC4, 0x31, 0xD5, 0xF0, 0xCC, 0x10, 0xD5, 0xAF, 0xC4, 0xF0, 0xCC,
    0xF0, 0xCC, 0xF0, 0xCC, 0x2E, 0xAC, 0x4E, 0xB4, 0xAF, 0xCC, 0x8E, 0xC4, 0x6E, 0xC4, 0x0D, 0xB4,
    0x2D, 0xBC, 0x0C, 0xB4, 0x0C, 0xB4, 0xCC, 0x9B, 0x8C, 0x93, 0xAC, 0x93, 0xAC, 0x93, 0xAB, 0xA3,
    0xAC, 0x93, 0xAD, 0x8B, 0x8D, 0x83, 0x8C, 0x83, 0x8C, 0x83, 0x2B, 0x7B, 0x09, 0x7B, 0x2A, 0x83,
    0x4A, 0x83, 0x2A, 0x83, 0x4B, 0x83, 0x4B, 0x7B, 0x6B, 0x83, 0x4A, 0x83, 0x6B, 0x83, 0x41, 0x49,
    0x61, 0x51, 0x61, 0x51, 0xA2, 0x59, 0xC3, 0x59, 0xE4, 0x61, 0x04, 0x62, 0x24, 0x6A, 0x24, 0x72,
    0x44, 0x7A, 0x44, 0x7A, 0x65, 0x7A, 0x85, 0x82, 0xA5, 0x82, 0x86, 0x7A, 0xC6, 0x82, 0xC6, 0x82,
    0xE7, 0x8A, 0x28, 0x93, 0x48, 0x9B, 0x68, 0xA3, 0x88, 0xA3, 0x69, 0x9B, 0x89, 0xA3, 0x69, 0x9B,
    0xA9, 0xAB, 0xCA, 0xB3, 0xCA, 0xAB, 0x0B, 0xBC, 0x2B, 0xBC, 0x2B, 0xBC, 0x2B, 0xBC, 0x4B, 0xBC,
    0x4B, 0xC4, 0x6C, 0xC4, 0x0B, 0xB4, 0xAA, 0xA3, 0x6C, 0xC4, 0x8C, 0xC4, 0x8C, 0xC4, 0x8C, 0xC4,
    0x8D, 0xCC, 0x8C, 0xCC, 0x8C, 0xCC, 0xAD, 0xCC, 0xAD, 0xCC, 0x8D, 0xCC, 0xAD, 0xCC, 0xAD, 0xCC,
    0xAD, 0xCC, 0xAD, 0xCC, 0xAD, 0xCC, 0xAD, 0xCC, 0xAD, 0xCC, 0xAD, 0xCC, 0xAD, 0xD4, 0xCD, 0xD4,
    0xAD, 0xD4, 0xCD, 0xD4, 0xAD, 0xCC, 0xEE, 0xD4, 0xAE, 0xD4, 0x8A, 0xAB, 0x2B, 0xBC, 0xEF, 0xDC,
    0x0F, 0xDD, 0xEF, 0xDC, 0x2C, 0xB4, 0x0C, 0xB4, 0xAE, 0xC4, 0xCE, 0xCC, 0x2D, 0xB4, 0x6D, 0xBC,
    0x0F, 0xD5, 0x10, 0xD5, 0x50, 0xDD, 0xB2, 0xED, 0x92, 0xE5, 0x72, 0xE5, 0x92, 0xE5, 0xB2, 0xED,
    0xB2, 0xE5, 0xB3, 0xED, 0xB3, 0xE5, 0xB3, 0xE5, 0x92, 0xE5, 0x93, 0xE5, 0x92, 0xE5, 0x92, 0xE5,
    0x92, 0xE5, 0x11, 0xCD, 0xAF, 0xC4, 0x51, 0xDD, 0x51, 0xDD, 0x31, 0xD5, 0x52, 0xDD, 0x10, 0xCD,
    0xAF, 0xC4, 0xAF, 0xC4, 0xF0, 0xCC, 0xF0, 0xD4, 0x10, 0xD5, 0xCF, 0xC4, 0xAF, 0xC4, 0xF0, 0xCC,
    0x11, 0xD5, 0x4E, 0xB4, 0x2D, 0xAC, 0xCF, 0xCC, 0xAF, 0xC4, 0x6E, 0xC4, 0x2D, 0xB4, 0x4D, 0xBC,
    0x2D, 0xBC, 0x0C, 0xB4, 0xEC, 0xA3, 0xAC, 0x93, 0xCD, 0x9B, 0xAC, 0x93, 0xAB, 0xA3, 0xCC, 0xA3,
    0xCD, 0x8B, 0xAD, 0x8B, 0xAD, 0x8B, 0xAD, 0x8B, 0x8C, 0x83, 0x09, 0x7B, 0x2A, 0x83, 0x4A, 0x83,
    0x4A, 0x83, 0x4B, 0x83, 0x4B, 0x83, 0x6C, 0x83, 0x6B, 0x83, 0x6B, 0x83, 0x41, 0x49, 0x61, 0x51,
    0x82, 0x51, 0xA2, 0x59, 0xC3, 0x59, 0xE4, 0x61, 0x04, 0x62, 0x24, 0x6A, 0x24, 0x72, 0x44, 0x7A,
    0x64, 0x7A, 0x65, 0x7A, 0x85, 0x82, 0x85, 0x82, 0xA6, 0x7A, 0xC6, 0x82, 0xC7, 0x82, 0xE7, 0x8A,
    0x28, 0x93, 0x68, 0x9B, 0x68, 0xA3, 0x68, 0xA3, 0x89, 0xAB, 0x69, 0x9B, 0x69, 0xA3, 0x69, 0x9B,
    0xCA, 0xB3, 0xCA, 0xAB, 0x0B, 0xB4, 0x2B, 0xBC, 0x2B, 0xBC, 0x4B, 0xBC, 0x2B, 0xBC, 0x4B, 0xC4,
    0x4B, 0xC4, 0x6C, 0xC4, 0xEB, 0xB3, 0xAA, 0xAB, 0x6C, 0xC4, 0x8C, 0xCC, 0x6C, 0xC4, 0x8C, 0xCC,
    0x8D, 0xCC, 0x8D, 0xCC, 0xAD, 0xCC, 0x8D, 0xCC, 0x8D, 0xCC, 0xAD, 0xCC, 0xAD, 0xCC, 0xAD, 0xCC,
    0xAD, 0xCC, 0xAD, 0xCC, 0xAD, 0xCC, 0xAD, 0xCC, 0xAD, 0xCC, 0xAD, 0xCC, 0xAD, 0xD4, 0xAD, 0xD4,
    0xAD, 0xD4, 0xCE, 0xD4, 0xAD, 0xCC, 0xEE, 0xD4, 0xCE, 0xD4, 0xAA, 0xAB, 0x4C, 0xC4, 0x0F, 0xDD,
    0x0F, 0xDD, 0xCE, 0xCC, 0xCB, 0xAB, 0x2C, 0xB4, 0xEF, 0xCC, 0xAF, 0xCC, 0x2D, 0xB4, 0xEF, 0xCC,
    0x10, 0xD5, 0x50, 0xDD, 0x71, 0xE5, 0xB2, 0xED, 0xB2, 0xED, 0x92, 0xE5, 0xB3, 0xE5, 0xB3, 0xE5,
    0xB3, 0xED, 0xB3, 0xE5, 0xB3, 0xE5, 0xB3, 0xE5, 0xB3, 0xE5, 0x92, 0xE5, 0x92, 0xE5, 0x92, 0xE5,
    0x72, 0xDD, 0xF0, 0xCC, 0xD0, 0xCC, 0x72, 0xDD, 0x11, 0xD5, 0x72, 0xDD, 0x51, 0xDD, 0xAF, 0xC4,
    0xAF, 0xC4, 0xF0, 0xCC, 0x10, 0xD5, 0xF0, 0xCC, 0xF0, 0xCC, 0xAF, 0xC4, 0xAF, 0xC4, 0x10, 0xD5,
    0xAF, 0xC4, 0x2E, 0xAC, 0xAF, 0xC4, 0xCF, 0xCC, 0x8E, 0xC4, 0x4D, 0xBC, 0x4D, 0xBC, 0x4D, 0xBC,
    0x2D, 0xB4, 0x0C, 0xAC, 0xCD, 0x9B, 0xED, 0x9B, 0xCD, 0x9B, 0xCC, 0xA3, 0xCC, 0xA3, 0xCD, 0x93,
    0xCD, 0x8B, 0xCD, 0x8B, 0xCD, 0x8B, 0x8C, 0x8B, 0x2A, 0x83, 0x4A, 0x83, 0x4A, 0x83, 0x6B, 0x8B,
    0x4B, 0x83, 0x6B, 0x7B, 0x6C, 0x83, 0x6C, 0x83, 0x6B, 0x83, 0x41, 0x51, 0x61, 0x51, 0x82, 0x51,
    0xA2, 0x59, 0xC3, 0x59, 0xE3, 0x61, 0x04, 0x62, 0x24, 0x72, 0x44, 0x72, 0x44, 0x7A, 0x64, 0x7A,
    0x65, 0x7A, 0x85, 0x82, 0xA5, 0x82, 0xA6, 0x7A, 0xC6, 0x82, 0xE7, 0x8A, 0xE7, 0x8A, 0x28, 0x93,
    0x68, 0x9B, 0x68, 0xA3, 0x68, 0xA3, 0xA9, 0xAB, 0x89, 0xAB, 0x69, 0x9B, 0x89, 0xA3, 0xCA, 0xAB,
    0xCA, 0xAB, 0xEA, 0xB3, 0x2B, 0xBC, 0x2B, 0xBC, 0x4B, 0xC4, 0x2B, 0xBC, 0x4B, 0xC4, 0x6C, 0xC4,
    0x4C, 0xC4, 0x6C, 0xCC, 0x2B, 0xBC, 0xCA, 0xAB, 0x6C, 0xC4, 0xAD, 0xCC, 0x8D, 0xCC, 0x8D, 0xCC,
    0xAD, 0xCC, 0xAD, 0xCC, 0xAD, 0xCC, 0xAD, 0xCC, 0xAD, 0xCC, 0xAD, 0xCC, 0xAD, 0xCC, 0xAD, 0xCC,
    0xAD, 0xCC, 0xAD, 0xCC, 0xAD, 0xCC, 0xAD, 0xCC, 0xAD, 0xCC, 0xCD, 0xD4, 0xCD, 0xD4, 0xCD, 0xD4,
    0xCE, 0xD4, 0xCE, 0xD4, 0xCE, 0xD4, 0x0F, 0xDD, 0xEF, 0xDC, 0xCB, 0xB3, 0x6D, 0xC4, 0x30, 0xDD,
    0x0F, 0xDD, 0x4D, 0xC4, 0xAB, 0xAB, 0xAE, 0xC4, 0xEF, 0xD4, 0x0C, 0xB4, 0xAE, 0xC4, 0x10, 0xD5,
    0x51, 0xDD, 0x51, 0xE5, 0xB2, 0xED, 0xD3, 0xED, 0xB2, 0xE5, 0x92, 0xE5, 0xD3, 0xED, 0xB3, 0xED,
    0xD3, 0xED, 0xB3, 0xED, 0xD3, 0xED, 0xB3, 0xE5, 0xB3, 0xE5, 0xB3, 0xE5, 0x93, 0xE5, 0xB3, 0xE5,
    0x52, 0xDD, 0xF0, 0xCC, 0x31, 0xD5, 0x52, 0xD5, 0x31, 0xD5, 0x92, 0xE5, 0xB0, 0xC4, 0xCF, 0xCC,
    0xF0, 0xCC, 0x10, 0xD5, 0xF0, 0xCC, 0x10, 0xCD, 0xF0, 0xCC, 0xAF, 0xC4, 0x10, 0xD5, 0xF0, 0xCC,
    0x4E, 0xB4, 0x8F, 0xBC, 0xCF, 0xCC, 0xAF, 0xC4, 0x6E, 0xC4, 0x4D, 0xBC, 0x6D, 0xC4, 0x4D, 0xBC,
    0x2D, 0xB4, 0xED, 0xA3, 0x0D, 0xA4, 0xED, 0xA3, 0xEC, 0xAB, 0xCB, 0xAB, 0xCC, 0x9B, 0xCD, 0x8B,
    0xCD, 0x8B, 0xCD, 0x8B, 0xAD, 0x8B, 0x8C, 0x8B, 0x4B, 0x83, 0x4A, 0x83, 0x6A, 0x8B, 0x6B, 0x83,
    0x6C, 0x7B, 0x6C, 0x83, 0x8C, 0x83, 0x8C, 0x83, 0x41, 0x51, 0x62, 0x51, 0x82, 0x59, 0xA2, 0x59,
    0xC3, 0x59, 0xE3, 0x61, 0x04, 0x6A, 0x24, 0x72, 0x44, 0x72, 0x44, 0x7A, 0x64, 0x7A, 0x65, 0x7A,
    0x85, 0x82, 0xA5, 0x82, 0xA6, 0x82, 0xC6, 0x82, 0xE7, 0x8A, 0xE7, 0x8A, 0x28, 0x93, 0x68, 0xA3,
    0x88, 0xA3, 0x89, 0xA3, 0xA9, 0xAB, 0xC9, 0xAB, 0x89, 0xA3, 0x69, 0x9B, 0xAA, 0xAB, 0xA9, 0xAB,
    0xCA, 0xAB, 0x0B, 0xB4, 0x4B, 0xC4, 0x2B, 0xBC, 0x4B, 0xC4, 0x2B, 0xBC, 0x6C, 0xC4, 0x6C, 0xC4,
    0x4C, 0xC4, 0x6C, 0xC4, 0x6C, 0xC4, 0xEB, 0xB3, 0x4C, 0xBC, 0xAD, 0xCC, 0xAD, 0xCC, 0xAD, 0xCC,
    0xAD, 0xCC, 0xAD, 0xCC, 0xAD, 0xCC, 0xAD, 0xCC, 0xAD, 0xCC, 0xCD, 0xCC, 0xAD, 0xCC, 0xAD, 0xCC,
    0xAD, 0xCC, 0xCD, 0xCC, 0xCD, 0xCC, 0xAD, 0xCC, 0xCD, 0xD4, 0xCE, 0xD4, 0xCE, 0xD4, 0xCE, 0xD4,
    0xCE, 0xD4, 0xEE, 0xD4, 0xCE, 0xD4, 0x0F, 0xDD, 0x0F, 0xDD, 0xEB, 0xB3, 0x6D, 0xC4, 0x30, 0xDD,
    0x0F, 0xDD, 0xCC, 0xAB, 0xEC, 0xB3, 0xEF, 0xD4, 0x6D, 0xBC, 0x4D, 0xBC, 0xEF, 0xD4, 0x31, 0xDD,
    0x51, 0xE5, 0x71, 0xE5, 0xD3, 0xED, 0xD3, 0xED, 0x92, 0xE5, 0xB3, 0xE5, 0xD3, 0xED, 0xD3, 0xED,
    0xB3, 0xED, 0xB3, 0xE5, 0xD3, 0xE5, 0xB3, 0xE5, 0xB3, 0xE5, 0xB3, 0xE5, 0xB3, 0xE5, 0x93, 0xE5,
    0x31, 0xD5, 0x11, 0xCD, 0x51, 0xD5, 0x11, 0xCD, 0x72, 0xE5, 0xF0, 0xCC, 0xAF, 0xC4, 0xF0, 0xD4,
    0x10, 0xD5, 0x10, 0xD5, 0xD0, 0xC4, 0x10, 0xD5, 0xCF, 0xCC, 0xD0, 0xCC, 0x11, 0xD5, 0x8F, 0xBC,
    0x8F, 0xBC, 0xCF, 0xCC, 0xAF, 0xCC, 0x8E, 0xC4, 0x6E, 0xC4, 0x8E, 0xC4, 0x6D, 0xBC, 0x4D, 0xB4,
    0x0E, 0xAC, 0x0E, 0xA4, 0x0D, 0xA4, 0x0D, 0xAC, 0xEC, 0xAB, 0xCC, 0x9B, 0xCD, 0x93, 0xCD, 0x8B,
    0xEE, 0x93, 0xCD, 0x8B, 0xAC, 0x8B, 0x6B, 0x8B, 0x6B, 0x83, 0x4A, 0x8B, 0x6A, 0x8B, 0x8C, 0x83,
    0x6C, 0x7B, 0x8C, 0x83, 0x8C, 0x83, 0x61, 0x51, 0x61, 0x51, 0x82, 0x59, 0xA2, 0x59, 0xC3, 0x59,
    0xE3, 0x61, 0x04, 0x6A, 0x24, 0x72, 0x24, 0x72, 0x44, 0x7A, 0x64, 0x7A, 0x65, 0x7A, 0x85, 0x82,
    0xA5, 0x82, 0xA6, 0x82, 0xC6, 0x82, 0xE7, 0x8A, 0x07, 0x8B, 0x28, 0x93, 0x68, 0xA3, 0x88, 0xA3,
    0x89, 0xAB, 0xA9, 0xAB, 0xA9, 0xAB, 0xCA, 0xAB, 0x69, 0xA3, 0x89, 0xA3, 0x8A, 0xA3, 0xAA, 0xAB,
    0xCA, 0xAB, 0x2B, 0xC4, 0x2B, 0xBC, 0x4B, 0xC4, 0x4B, 0xC4, 0x4C, 0xC4, 0x6C, 0xC4, 0x4C, 0xC4,
    0x4C, 0xC4, 0x6C, 0xC4, 0x6C, 0xC4, 0x4C, 0xBC, 0x2B, 0xBC, 0x4C, 0xBC, 0x8D, 0xC4, 0xAD, 0xCC,
    0xAD, 0xCC, 0xAD, 0xCC, 0xAD, 0xCC, 0xAD, 0xCC, 0xAD, 0xCC, 0xAD, 0xCC, 0xAD, 0xCC, 0xAD, 0xCC,
    0xCE, 0xCC, 0xCD, 0xCC, 0xCE, 0xD4, 0xCE, 0xD4, 0xCE, 0xD4, 0xCE, 0xD4, 0xCE, 0xD4, 0xCE, 0xD4,
    0xCE, 0xD4, 0xEE, 0xD4, 0xCE, 0xD4, 0xEF, 0xDC, 0xEF, 0xD4, 0xCB, 0xAB, 0x4C, 0xBC, 0x50, 0xE5,
    0xAE, 0xCC, 0x8B, 0xA3, 0x8E, 0xC4, 0xCF, 0xCC, 0x0C, 0xB4, 0xAE, 0xCC, 0xEF, 0xD4, 0x51, 0xDD,
    0x51, 0xE5, 0xD2, 0xED, 0xD3, 0xED, 0xD3, 0xED, 0x51, 0xDD, 0xD3, 0xE5, 0xD3, 0xED, 0xB3, 0xED,
    0xB3, 0xE5, 0xD3, 0xE5, 0xB3, 0xE5, 0xB3, 0xE5, 0xB3, 0xE5, 0xB3, 0xE5, 0xB3, 0xE5, 0x52, 0xDD,
    0x11, 0xCD, 0x31, 0xD5, 0x11, 0xD5, 0x31, 0xD5, 0x51, 0xDD, 0x8F, 0xBC, 0x10, 0xD5, 0x10, 0xD5,
    0x31, 0xD5, 0xAF, 0xC4, 0xEF, 0xCC, 0x10, 0xD5, 0xCF, 0xC4, 0xF0, 0xCC, 0x8F, 0xBC, 0x8F, 0xBC,
    0xAF, 0xC4, 0xAF, 0xCC, 0xAE, 0xC4, 0x8E, 0xC4, 0x8E, 0xC4, 0x6E, 0xC4, 0x4E, 0xB4, 0x2E, 0xAC,
    0x2E, 0xA4, 0x0E, 0xA4, 0x0D, 0xAC, 0x0C, 0xB4, 0xEC, 0xA3, 0xCD, 0x93, 0xCD, 0x93, 0xED, 0x93,
    0xED, 0x8B, 0xAD, 0x8B, 0x8B, 0x8B, 0x8C, 0x8B, 0x6A, 0x8B, 0x6A, 0x8B, 0x8C, 0x83, 0x8C, 0x83,
    0x8C, 0x83, 0xAC, 0x8B, 0x82, 0x49, 0x61, 0x51, 0x82, 0x59, 0xA2, 0x59, 0xC3, 0x59, 0x03, 0x62,
    0x04, 0x62, 0x24, 0x72, 0x44, 0x72, 0x44, 0x7A, 0x64, 0x7A, 0x85, 0x82, 0x85, 0x82, 0xA5, 0x82,
    0xA6, 0x82, 0xC6, 0x82, 0xE7, 0x8A, 0x07, 0x8B, 0x28, 0x93, 0x68, 0xA3, 0x69, 0xA3, 0x89, 0xAB,
    0x89, 0xAB, 0xA9, 0xAB, 0xAA, 0xAB, 0xAA, 0xAB, 0xA9, 0xA3, 0xAA, 0xA3, 0xAA, 0xA3, 0xEA, 0xB3,
    0x0B, 0xBC, 0x4B, 0xC4, 0x4B, 0xC4, 0x4C, 0xC4, 0x4B, 0xC4, 0x4C, 0xC4, 0x6C, 0xC4, 0x6C, 0xC4,
    0x6C, 0xC4, 0x6C, 0xC4, 0x6C, 0xC4, 0x8D, 0xC4, 0x6C, 0xC4, 0x4C, 0xBC, 0x6C, 0xC4, 0x6C, 0xC4,
    0x8D, 0xC4, 0xAD, 0xCC, 0xAD, 0xCC, 0xAD, 0xCC, 0xAD, 0xCC, 0xAD, 0xCC, 0xAD, 0xCC, 0xCE, 0xCC,
    0xCE, 0xCC, 0xCE, 0xD4, 0xCE, 0xD4, 0xCE, 0xD4, 0xCE, 0xD4, 0xCE, 0xD4, 0xEE, 0xD4, 0xEE, 0xD4,
    0xEE, 0xD4, 0x0F, 0xDD, 0xEF, 0xD4, 0xEF, 0xD4, 0xEF, 0xD4, 0xEB, 0xAB, 0xCF, 0xCC, 0x51, 0xE5,
    0x0C, 0xB4, 0xEC, 0xB3, 0xCF, 0xCC, 0x8E, 0xC4, 0x6D, 0xBC, 0xEF, 0xD4, 0x71, 0xDD, 0x71, 0xDD,
    0x92, 0xE5, 0xD3, 0xED, 0xD3, 0xED, 0xD3, 0xED, 0x72, 0xDD, 0xD3, 0xED, 0xB3, 0xED, 0xB3, 0xED,
    0xD3, 0xED, 0xB3, 0xE5, 0xB3, 0xE5, 0xB3, 0xE5, 0xB3, 0xE5, 0xB3, 0xE5, 0x93, 0xE5, 0x51, 0xD5,
    0x31, 0xD5, 0xF1, 0xCC, 0x11, 0xD5, 0x51, 0xDD, 0xAF, 0xC4, 0x10, 0xD5, 0x31, 0xD5, 0x11, 0xD5,
    0x10, 0xCD, 0x8F, 0xBC, 0x10, 0xDD, 0x10, 0xD5, 0xAF, 0xC4, 0xAF, 0xC4, 0xAF, 0xC4, 0xAF, 0xC4,
    0xAF, 0xC4, 0xAF, 0xC4, 0x8E, 0xC4, 0xAE, 0xCC, 0x8E, 0xC4, 0x4D, 0xBC, 0x2D, 0xB4, 0x2E, 0xAC,
    0x2E, 0xA4, 0x2D, 0xAC, 0x0D, 0xB4, 0xEC, 0xAB, 0xED, 0x9B, 0xCD, 0x93, 0xED, 0x93, 0xEE, 0x93,
    0xED, 0x93, 0xAC, 0x93, 0x8C, 0x8B, 0x6B, 0x8B, 0x8B, 0x93, 0x8C, 0x83, 0x8D, 0x83, 0x6B, 0x83,
    0xAC, 0x8B, 0x82, 0x51, 0x82, 0x59, 0xA2, 0x59, 0xA2, 0x59, 0xE3, 0x59, 0x03, 0x62, 0x04, 0x6A,
    0x24, 0x72, 0x44, 0x72, 0x64, 0x7A, 0x64, 0x7A, 0x65, 0x7A, 0x85, 0x82, 0xA5, 0x82, 0xA6, 0x82,
    0xC7, 0x82, 0xE7, 0x82, 0xE7, 0x8A, 0x28, 0x93, 0x48, 0x9B, 0x69, 0xA3, 0x89, 0xAB, 0x89, 0xAB,
    0xA9, 0xAB, 0xAA, 0xAB, 0xCA, 0xB3, 0xCA, 0xAB, 0xCA, 0xAB, 0x8A, 0xA3, 0xEB, 0xAB, 0xEB, 0xB3,
    0x2B, 0xBC, 0x4B, 0xC4, 0x4C, 0xC4, 0x6C, 0xC4, 0x6C, 0xC4, 0x6C, 0xC4, 0x6C, 0xC4, 0x6C, 0xC4,
    0x6C, 0xC4, 0x8C, 0xC4, 0x8D, 0xC4, 0xAD, 0xCC, 0xAD, 0xCC, 0xAD, 0xCC, 0x8D, 0xC4, 0x8D, 0xC4,
    0x8D, 0xC4, 0x8D, 0xC4, 0x8D, 0xC4, 0x8D, 0xC4, 0x8D, 0xC4, 0xAD, 0xCC, 0xAD, 0xCC, 0xAD, 0xCC,
    0xAD, 0xCC, 0xAE, 0xCC, 0xAD, 0xCC, 0xCE, 0xCC, 0xCE, 0xCC, 0xCE, 0xCC, 0xCE, 0xCC, 0xCE, 0xCC,
    0xCE, 0xD4, 0xEF, 0xD4, 0xCE, 0xD4, 0xEF, 0xD4, 0xCE, 0xD4, 0x0C, 0xB4, 0x0F, 0xD5, 0x10, 0xD5,
    0xEC, 0xAB, 0x4D, 0xBC, 0xEF, 0xD4, 0x4D, 0xBC, 0xCF, 0xCC, 0x30, 0xDD, 0x71, 0xE5, 0x71, 0xE5,
    0xD3, 0xED, 0xD3, 0xED, 0xD3, 0xED, 0xB3, 0xE5, 0x72, 0xDD, 0xD3, 0xED, 0xB3, 0xED, 0xB3, 0xED,
    0xB3, 0xED, 0xB3, 0xED, 0xB3, 0xE5, 0xB3, 0xE5, 0x93, 0xE5, 0xB3, 0xE5, 0x92, 0xE5, 0x52, 0xD5,
    0x11, 0xCD, 0x11, 0xCD, 0x71, 0xDD, 0xF0, 0xCC, 0xF0, 0xCC, 0x71, 0xDD, 0x31, 0xD5, 0x31, 0xD5,
    0x8F, 0xC4, 0xF0, 0xCC, 0x30, 0xDD, 0xCF, 0xC4, 0x8F, 0xBC, 0xF0, 0xD4, 0xCF, 0xCC, 0x8F, 0xC4,
    0xAF, 0xC4, 0xAF, 0xC4, 0xAE, 0xCC, 0xAE, 0xCC, 0x6E, 0xC4, 0x4E, 0xB4, 0x4E, 0xB4, 0x4E, 0xAC,
    0x2D, 0xAC, 0x2D, 0xB4, 0x0C, 0xAC, 0xEC, 0xA3, 0xCD, 0x93, 0xCD, 0x93, 0x0E, 0x94, 0xEE, 0x93,
    0xCC, 0x93, 0xAC, 0x93, 0x6B, 0x8B, 0x8B, 0x93, 0x6B, 0x8B, 0xAD, 0x83, 0x6C, 0x83, 0xAC, 0x8B,
    0x82, 0x51, 0xA3, 0x51, 0xA2, 0x59, 0xC2, 0x61, 0xE3, 0x59, 0x03, 0x62, 0x04, 0x6A, 0x24, 0x72,
    0x44, 0x72, 0x64, 0x7A, 0x64, 0x7A, 0x85, 0x7A, 0x85, 0x82, 0xA5, 0x82, 0x86, 0x82, 0xC7, 0x82,
    0xE7, 0x8A, 0xE7, 0x8A, 0x27, 0x93, 0x68, 0x9B, 0x69, 0xA3, 0x69, 0xA3, 0x89, 0xAB, 0xA9, 0xAB,
    0xCA, 0xAB, 0xCA, 0xB3, 0xEA, 0xB3, 0xEB, 0xB3, 0xAA, 0xA3, 0x8A, 0xA3, 0x0B, 0xB4, 0x0B, 0xB4,
    0x4B, 0xC4, 0x4C, 0xC4, 0x6C, 0xC4, 0x6C, 0xC4, 0x6C, 0xC4, 0x6C, 0xC4, 0x8D, 0xC4, 0x6C, 0xC4,
    0x6C, 0xC4, 0x8D, 0xC4, 0xAD, 0xCC, 0xAD, 0xCC, 0xAD, 0xCC, 0xAD, 0xCC, 0xCE, 0xCC, 0xAD, 0xCC,
    0xAD, 0xCC, 0xCE, 0xCC, 0xCE, 0xCC, 0xCE, 0xCC, 0xCE, 0xCC, 0xCE, 0xCC, 0xCE, 0xCC, 0xAE, 0xCC,
    0xCE, 0xCC, 0xCE, 0xCC, 0xCE, 0xCC, 0xEE, 0xD4, 0xEF, 0xD4, 0xEE, 0xD4, 0xEF, 0xD4, 0xEF, 0xD4,
    0xEF, 0xD4, 0x0F, 0xDD, 0xEF, 0xD4, 0x2F, 0xDD, 0xCE, 0xCC, 0xEC, 0xAB, 0x0F, 0xD5, 0x8E, 0xC4,
    0xCC, 0xA3, 0xCF, 0xCC, 0x6E, 0xC4, 0x6E, 0xC4, 0x10, 0xD5, 0x71, 0xE5, 0x51, 0xDD, 0xB2, 0xED,
    0xD3, 0xED, 0xB3, 0xED, 0xF3, 0xED, 0x92, 0xE5, 0x72, 0xDD, 0xD3, 0xED, 0xD3, 0xED, 0xD3, 0xED,
    0xB3, 0xED, 0xB3, 0xE5, 0xB3, 0xE5, 0xB3, 0xE5, 0xB3, 0xE5, 0xB3, 0xE5, 0x72, 0xDD, 0x51, 0xD5,
    0xD0, 0xCC, 0x52, 0xDD, 0x31, 0xD5, 0xAF, 0xC4, 0x71, 0xE5, 0x72, 0xDD, 0x31, 0xD5, 0xF0, 0xD4,
    0xAF, 0xC4, 0x51, 0xDD, 0x10, 0xD5, 0x8F, 0xBC, 0xF0, 0xCC, 0x10, 0xD5, 0x8F, 0xBC, 0xAF, 0xC4,
    0xAF, 0xC4, 0xCF, 0xCC, 0xCF, 0xD4, 0x8E, 0xC4, 0x4E, 0xB4, 0x8E, 0xBC, 0x4E, 0xB4, 0x2D, 0xB4,
    0x2D, 0xB4, 0x0D, 0xB4, 0xEC, 0xA3, 0xED, 0x9B, 0xCD, 0x93, 0xEE, 0x93, 0x0E, 0x94, 0xED, 0x9B,
    0xCC, 0x93, 0x8B, 0x8B, 0x8B, 0x93, 0x8B, 0x8B, 0x8D, 0x83, 0x8C, 0x83, 0x8C, 0x8B, 0x82, 0x51,
    0xA2, 0x51, 0xA2, 0x59, 0xC2, 0x61, 0xE3, 0x61, 0xE3, 0x61, 0x24, 0x6A, 0x24, 0x72, 0x44, 0x7A,
    0x44, 0x7A, 0x64, 0x7A, 0x65, 0x82, 0x85, 0x82, 0xA5, 0x82, 0x86, 0x7A, 0xC6, 0x82, 0xC7, 0x8A,
    0xE7, 0x8A, 0x27, 0x93, 0x48, 0x9B, 0x68, 0xA3, 0x69, 0xA3, 0x89, 0xA3, 0xA9, 0xAB, 0xCA, 0xAB,
    0xCA, 0xB3, 0xEA, 0xB3, 0xEA, 0xB3, 0xCA, 0xAB, 0x8A, 0xA3, 0xCB, 0xAB, 0xEA, 0xAB, 0x0B, 0xB4,
    0x4C, 0xC4, 0x4C, 0xC4, 0x4C, 0xC4, 0x6C, 0xC4, 0x6C, 0xC4, 0x8C, 0xC4, 0x6C, 0xC4, 0x8D, 0xC4,
    0x8D, 0xCC, 0x8D, 0xCC, 0xAD, 0xCC, 0xAD, 0xCC, 0xAD, 0xCC, 0xAD, 0xCC, 0xAD, 0xCC, 0xCE, 0xCC,
    0xCE, 0xCC, 0xCE, 0xCC, 0xCE, 0xD4, 0xCE, 0xCC, 0xCE, 0xCC, 0xEE, 0xD4, 0xEE, 0xD4, 0xCE, 0xD4,
    0xCE, 0xD4, 0xEE, 0xD4, 0xEF, 0xD4, 0xEF, 0xD4, 0xEF, 0xD4, 0xEF, 0xD4, 0x0F, 0xD5, 0x0F, 0xD5,
    0x0F, 0xDD, 0x0F, 0xDD, 0x0F, 0xDD, 0x30, 0xDD, 0x8E, 0xCC, 0xEC, 0xB3, 0xEF, 0xD4, 0xEC, 0xB3,
    0xAB, 0xAB, 0x8E, 0xC4, 0x6E, 0xC4, 0x6E, 0xC4, 0x30, 0xDD, 0x51, 0xDD, 0x71, 0xE5, 0xD3, 0xED,
    0xB2, 0xED, 0xD3, 0xED, 0xD3, 0xED, 0x72, 0xDD, 0x72, 0xDD, 0xD3, 0xED, 0xD3, 0xED, 0xD3, 0xED,
    0xB3, 0xED, 0xB3, 0xED, 0xB3, 0xE5, 0xB3, 0xE5, 0x92, 0xE5, 0x93, 0xE5, 0x51, 0xD5, 0xD0, 0xCC,
    0xF0, 0xCC, 0x51, 0xDD, 0xAF, 0xC4, 0x30, 0xD5, 0x92, 0xE5, 0x31, 0xD5, 0x10, 0xD5, 0xAF, 0xC4,
    0xF0, 0xD4, 0x30, 0xDD, 0xAF, 0xC4, 0xAF, 0xC4, 0x10, 0xD5, 0xAF, 0xC4, 0x6E, 0xBC, 0xAF, 0xC4,
    0xEF, 0xCC, 0xCF, 0xD4, 0xAE, 0xCC, 0x4E, 0xB4, 0x8E, 0xBC, 0x4E, 0xB4, 0x2E, 0xAC, 0x4D, 0xBC,
    0x2D, 0xB4, 0xEC, 0xA3, 0xED, 0x9B, 0xCD, 0x93, 0xEE, 0x93, 0x0E, 0x94, 0x0D, 0x9C, 0xCC, 0x93,
    0xAC, 0x8B, 0x8B, 0x93, 0x8B, 0x93, 0x8C, 0x83, 0x8D, 0x83, 0xAC, 0x8B, 0x82, 0x59, 0xA2, 0x59,
    0xA2, 0x59, 0xC2, 0x61, 0xE3, 0x61, 0x03, 0x62, 0x24, 0x6A, 0x24, 0x72, 0x44, 0x7A, 0x44, 0x7A,
    0x64, 0x7A, 0x64, 0x7A, 0x85, 0x82, 0x85, 0x82, 0xA6, 0x82, 0xC6, 0x82, 0xE7, 0x82, 0xE7, 0x8A,
    0x08, 0x93, 0x48, 0x9B, 0x68, 0x9B, 0x89, 0xA3, 0x89, 0xAB, 0xA9, 0xAB, 0xAA, 0xAB, 0xCA, 0xAB,
    0xCA, 0xB3, 0xEA, 0xB3, 0xEB, 0xB3, 0xCA, 0xAB, 0x8A, 0xA3, 0xEB, 0xB3, 0xEB, 0xAB, 0x2C, 0xBC,
    0x4C, 0xC4, 0x4C, 0xC4, 0x6C, 0xC4, 0x8C, 0xC4, 0x8C, 0xC4, 0x8C, 0xC4, 0x8D, 0xCC, 0x8D, 0xCC,
    0x8D, 0xCC, 0xAD, 0xCC, 0xAD, 0xCC, 0xAE, 0xCC, 0xAD, 0xCC, 0xCE, 0xCC, 0xCE, 0xCC, 0xCE, 0xCC,
    0xCE, 0xCC, 0xCE, 0xD4, 0xEE, 0xD4, 0xEE, 0xD4, 0xEE, 0xD4, 0xEF, 0xD4, 0xEF, 0xD4, 0xEF, 0xD4,
    0xEF, 0xD4, 0xEF, 0xD4, 0x0F, 0xD5, 0x0F, 0xD5, 0x0F, 0xD5, 0x0F, 0xD5, 0x0F, 0xDD, 0x0F, 0xDD,
    0x0F, 0xDD, 0x2F, 0xDD, 0x10, 0xDD, 0x30, 0xDD, 0x8E, 0xC4, 0x8E, 0xC4, 0xCF, 0xD4, 0xCC, 0xAB,
    0x0D, 0xB4, 0x8E, 0xCC, 0x0D, 0xB4, 0xAE, 0xC4, 0x31, 0xDD, 0x10, 0xD5, 0x71, 0xE5, 0xB2, 0xED,
    0xB3, 0xED, 0xD3, 0xED, 0xD3, 0xED, 0x72, 0xDD, 0x92, 0xE5, 0xD3, 0xED, 0xB3, 0xED, 0xD3, 0xED,
    0xD3, 0xED, 0xB3, 0xED, 0xB3, 0xED, 0x92, 0xE5, 0xB2, 0xED, 0x72, 0xDD, 0x31, 0xD5, 0xD0, 0xC4,
    0x31, 0xDD, 0xF0, 0xCC, 0xD0, 0xCC, 0x72, 0xE5, 0x51, 0xDD, 0x10, 0xD5, 0xF0, 0xD4, 0x8F, 0xC4,
    0x30, 0xDD, 0xF0, 0xCC, 0x8F, 0xC4, 0x10, 0xD5, 0xCF, 0xCC, 0x6E, 0xBC, 0x8F, 0xC4, 0xCF, 0xCC,
    0xCF, 0xD4, 0xCF, 0xD4, 0x4E, 0xBC, 0x8E, 0xBC, 0x8E, 0xC4, 0x4E, 0xB4, 0x4D, 0xBC, 0x2D, 0xB4,
    0x0C, 0xAC, 0xED, 0xA3, 0xED, 0x93, 0xAD, 0x8B, 0x2E, 0x94, 0x0D, 0x9C, 0xED, 0x9B, 0xAC, 0x93,
    0x8B, 0x93, 0x8B, 0x93, 0x6B, 0x83, 0xAD, 0x83, 0x8C, 0x83, 0x82, 0x59, 0xA2, 0x59, 0xC3, 0x59,
    0xC2, 0x61, 0xE3, 0x61, 0x04, 0x62, 0x24, 0x6A, 0x24, 0x72, 0x44, 0x7A, 0x64, 0x7A, 0x64, 0x7A,
    0x64, 0x82, 0x85, 0x82, 0x85, 0x7A, 0xA6, 0x82, 0xA6, 0x82, 0xE7, 0x82, 0xE7, 0x8A, 0x07, 0x93,
    0x48, 0x9B, 0x68, 0xA3, 0x89, 0xA3, 0x89, 0xA3, 0xA9, 0xAB, 0xCA, 0xAB, 0xCA, 0xAB, 0xCA, 0xB3,
    0xEA, 0xB3, 0xEA, 0xB3, 0xEB, 0xB3, 0xCA, 0xAB, 0xAA, 0xA3, 0x2C, 0xBC, 0xEB, 0xB3, 0x4C, 0xC4,
    0x4C, 0xC4, 0x6C, 0xC4, 0x6C, 0xC4, 0x8C, 0xC4, 0x8D, 0xC4, 0x8D, 0xCC, 0x8D, 0xCC, 0xAD, 0xCC,
    0xAD, 0xCC, 0xAD, 0xCC, 0xAD, 0xCC, 0xCE, 0xCC, 0xCE, 0xCC, 0xCE, 0xCC, 0xCE, 0xCC, 0xEE, 0xD4,
    0xEE, 0xD4, 0xEE, 0xD4, 0xEF, 0xD4, 0xEF, 0xD4, 0xEF, 0xD4, 0xEF, 0xD4, 0x0F, 0xD5, 0x0F, 0xD5,
    0x0F, 0xD5, 0x0F, 0xD5, 0x0F, 0xD5, 0x0F, 0xD5, 0x0F, 0xD5, 0x10, 0xDD, 0x0F, 0xDD, 0x0F, 0xDD,
    0x30, 0xDD, 0x30, 0xDD, 0x30, 0xDD, 0x10, 0xDD, 0x8E, 0xC4, 0xEF, 0xD4, 0xCF, 0xCC, 0xEC, 0xAB,
    0x6E, 0xC4, 0xCF, 0xCC, 0xAF, 0xCC, 0x71, 0xE5, 0x91, 0xE5, 0x51, 0xE5, 0xB2, 0xED, 0xB2, 0xE5,
    0xB3, 0xE5, 0xB3, 0xED, 0xD3, 0xED, 0x92, 0xE5, 0x92, 0xE5, 0xD3, 0xED, 0xD3, 0xED, 0xD3, 0xED,
    0xB3, 0xED, 0xB3, 0xED, 0xB3, 0xED, 0xB3, 0xED, 0x92, 0xE5, 0x72, 0xDD, 0x11, 0xCD, 0xD0, 0xCC,
    0x30, 0xDD, 0xAF, 0xC4, 0x71, 0xDD, 0x71, 0xE5, 0x10, 0xD5, 0x31, 0xDD, 0xD0, 0xCC, 0xCF, 0xCC,
    0x10, 0xDD, 0xAF, 0xC4, 0xF0, 0xCC, 0xF0, 0xD4, 0xAF, 0xCC, 0xAF, 0xC4, 0xCF, 0xCC, 0xCF, 0xD4,
    0xEF, 0xD4, 0x8F, 0xC4, 0x6E, 0xBC, 0xAF, 0xCC, 0x6E, 0xBC, 0x4D, 0xBC, 0x4D, 0xB4, 0x0D, 0xAC,
    0xEC, 0xA3, 0xCD, 0x93, 0xAC, 0x8B, 0x0E, 0x94, 0x0D, 0x9C, 0xED, 0x9B, 0xCD, 0x93, 0xAB, 0x93,
    0x8B, 0x93, 0x6B, 0x8B, 0xAD, 0x83, 0x8C, 0x83, 0xA2, 0x59, 0xA2, 0x59, 0xC2, 0x61, 0xC2, 0x61,
    0xE4, 0x61, 0x04, 0x62, 0x03, 0x6A, 0x24, 0x72, 0x44, 0x72, 0x44, 0x7A, 0x64, 0x7A, 0x65, 0x82,
    0x85, 0x7A, 0xA6, 0x82, 0xA6, 0x8A, 0xC6, 0x82, 0xE7, 0x82, 0xE7, 0x8A, 0x27, 0x93, 0x48, 0x9B,
    0x69, 0xA3, 0x89, 0xA3, 0x89, 0xAB, 0xAA, 0xAB, 0xAA, 0xAB, 0xCA, 0xAB, 0xCA, 0xB3, 0xEA, 0xB3,
    0xEA, 0xB3, 0xEA, 0xB3, 0x2B, 0xBC, 0xCA, 0xAB, 0xAA, 0xA3, 0x0B, 0xBC, 0x0B, 0xB4, 0x4C, 0xC4,
    0x4C, 0xC4, 0x6C, 0xC4, 0x8D, 0xC4, 0x8D, 0xC4, 0x8D, 0xCC, 0xAD, 0xCC, 0xAD, 0xCC, 0xAD, 0xCC,
    0xAD, 0xCC, 0xCE, 0xCC, 0xCE, 0xCC, 0xCE, 0xCC, 0xEE, 0xCC, 0xEE, 0xD4, 0xEE, 0xD4, 0xEF, 0xD4,
    0xEF, 0xD4, 0xEF, 0xD4, 0x0F, 0xD5, 0x0F, 0xD5, 0x0F, 0xD5, 0x0F, 0xD5, 0x0F, 0xD5, 0x0F, 0xD5,
    0x30, 0xD5, 0x0F, 0xD5, 0x0F, 0xD5, 0x0F, 0xD5, 0x30, 0xDD, 0x30, 0xDD, 0x30, 0xDD, 0x30, 0xDD,
    0x30, 0xDD, 0x30, 0xDD, 0x30, 0xDD, 0xEF, 0xD4, 0xAE, 0xCC, 0xEF, 0xD4, 0x6E, 0xC4, 0xEC, 0xB3,
    0xAE, 0xC4, 0x8E, 0xC4, 0xEF, 0xD4, 0xB2, 0xED, 0x51, 0xDD, 0x92, 0xE5, 0xF3, 0xF5, 0xD3, 0xED,
    0xB2, 0xED, 0xB2, 0xE5, 0xB3, 0xE5, 0x72, 0xDD, 0x51, 0xDD, 0xD3, 0xED, 0xD3, 0xED, 0xD3, 0xED,
    0xB3, 0xED, 0xB3, 0xED, 0xB3, 0xED, 0xB3, 0xED, 0x72, 0xE5, 0x72, 0xDD, 0xB0, 0xC4, 0x10, 0xD5,
    0xD0, 0xCC, 0x31, 0xD5, 0x92, 0xE5, 0xF0, 0xD4, 0x31, 0xDD, 0x51, 0xE5, 0x8F, 0xC4, 0x10, 0xDD,
    0xF0, 0xD4, 0xD0, 0xCC, 0xF0, 0xD4, 0xCF, 0xCC, 0x8F, 0xC4, 0xCF, 0xCC, 0xCF, 0xD4, 0xCF, 0xD4,
    0xAF, 0xCC, 0x4E, 0xB4, 0xAE, 0xCC, 0x8E, 0xC4, 0x6E, 0xBC, 0x4D, 0xBC, 0x0D, 0xB4, 0xEC, 0xAB,
    0xCD, 0x9B, 0xAD, 0x93, 0xEE, 0x93, 0x0D, 0x9C, 0xEC, 0x9B, 0xCC, 0x93, 0xAB, 0x93, 0x8B, 0x93,
    0x6B, 0x8B, 0x8D, 0x83, 0xAD, 0x83, 0xA2, 0x59, 0xA2, 0x59, 0xC2, 0x61, 0xC2, 0x61, 0xE3, 0x61,
    0x25, 0x62, 0x03, 0x6A, 0x24, 0x72, 0x44, 0x72, 0x44, 0x7A, 0x64, 0x7A, 0x65, 0x7A, 0x85, 0x7A,
    0xA6, 0x82, 0xA6, 0x8A, 0xC6, 0x8A, 0xC6, 0x82, 0xE7, 0x8A, 0x28, 0x93, 0x48, 0x9B, 0x69, 0xA3,
    0x89, 0xA3, 0x89, 0xAB, 0xA9, 0xAB, 0xAA, 0xAB, 0xCA, 0xAB, 0xCA, 0xB3, 0xEA, 0xB3, 0xEB, 0xB3,
    0xEB, 0xB3, 0x0B, 0xB4, 0x0B, 0xB4, 0x89, 0xA3, 0xEB, 0xAB, 0x0C, 0xBC, 0x0B, 0xB4, 0x6C, 0xC4,
    0x6C, 0xC4, 0x8D, 0xC4, 0x8D, 0xCC, 0x8D, 0xCC, 0xAD, 0xCC, 0xAD, 0xCC, 0xAD, 0xCC, 0xAD, 0xCC,
    0xCE, 0xCC, 0xCE, 0xCC, 0xCE, 0xCC, 0xEE, 0xCC, 0xEE, 0xD4, 0xEE, 0xCC, 0xEF, 0xD4, 0x0F, 0xD5,
    0xEF, 0xD4, 0xEF, 0xD4, 0x0F, 0xD5, 0x0F, 0xD5, 0x0F, 0xD5, 0x0F, 0xD5, 0x30, 0xD5, 0x30, 0xD5,
    0x0F, 0xD5, 0x0F, 0xD5, 0x10, 0xD5, 0x30, 0xDD, 0x30, 0xDD, 0x30, 0xDD, 0x30, 0xDD, 0x30, 0xDD,
    0x30, 0xDD, 0x10, 0xDD, 0x50, 0xE5, 0xCE, 0xCC, 0xCE, 0xCC, 0xEF, 0xD4, 0x2D, 0xBC, 0x0C, 0xB4,
    0xAF, 0xCC, 0xAE, 0xCC, 0x51, 0xE5, 0x91, 0xE5, 0x10, 0xDD, 0xB2, 0xED, 0xD3, 0xED, 0xD3, 0xED,
    0xB3, 0xED, 0xB2, 0xED, 0xB2, 0xED, 0x31, 0xD5, 0x30, 0xD5, 0xD3, 0xED, 0xD3, 0xED, 0xB3, 0xED,
    0xB3, 0xED, 0xB3, 0xED, 0xB2, 0xED, 0x92, 0xE5, 0x92, 0xE5, 0x11, 0xD5, 0xAF, 0xC4, 0x10, 0xD5,
    0xF0, 0xCC, 0x71, 0xE5, 0x10, 0xD5, 0xF0, 0xD4, 0x71, 0xE5, 0xAF, 0xCC, 0xCF, 0xCC, 0x10, 0xDD,
    0xD0, 0xCC, 0xCF, 0xCC, 0xEF, 0xD4, 0x8F, 0xC4, 0xAF, 0xC4, 0xCF, 0xCC, 0xCF, 0xD4, 0xCF, 0xD4,
    0x4E, 0xB4, 0xAE, 0xCC, 0xAE, 0xCC, 0x8E, 0xC4, 0x4D, 0xBC, 0x2D, 0xB4, 0xEC, 0xAB, 0xED, 0xA3,
    0xAC, 0x93, 0xCD, 0x93, 0x2E, 0x9C, 0xCC, 0x9B, 0xCC, 0x93, 0xAC, 0x93, 0x8A, 0x93, 0x6B, 0x8B,
    0x8C, 0x83, 0xAD, 0x83, 0xA2, 0x59, 0xC2, 0x61, 0xC2, 0x61, 0xE3, 0x61, 0x03, 0x62, 0x25, 0x62,
    0x03, 0x72, 0x24, 0x72, 0x44, 0x72, 0x64, 0x7A, 0x64, 0x7A, 0x65, 0x7A, 0xA6, 0x82, 0xA6, 0x82,
    0xC6, 0x8A, 0xC6, 0x8A, 0xC6, 0x82, 0xE7, 0x8A, 0x28, 0x93, 0x48, 0x9B, 0x68, 0x9B, 0x89, 0xA3,
    0x89, 0xA3, 0xAA, 0xAB, 0xAA, 0xAB, 0xCA, 0xAB, 0xCA, 0xB3, 0xEA, 0xB3, 0xEB, 0xB3, 0x0B, 0xB4,
    0x0B, 0xB4, 0x0B, 0xB4, 0x0B, 0xBC, 0xAA, 0xA3, 0xEB, 0xAB, 0xEB, 0xB3, 0x4C, 0xBC, 0x8C, 0xC4,
    0x8D, 0xC4, 0x8D, 0xCC, 0xAD, 0xCC, 0xAD, 0xCC, 0xAD, 0xCC, 0xAD, 0xCC, 0xCE, 0xCC, 0xCE, 0xCC,
    0xCE, 0xCC, 0xCE, 0xCC, 0xEE, 0xD4, 0xEF, 0xD4, 0xEF, 0xD4, 0xEF, 0xD4, 0x0F, 0xD5, 0x0F, 0xD5,
    0x0F, 0xD5, 0x0F, 0xD5, 0x0F, 0xD5, 0x0F, 0xD5, 0x30, 0xD5, 0x30, 0xD5, 0x30, 0xD5, 0x30, 0xD5,
    0x30, 0xD5, 0x30, 0xD5, 0x30, 0xDD, 0x30, 0xDD, 0x30, 0xDD, 0x30, 0xDD, 0x30, 0xDD, 0x30, 0xDD,
    0x30, 0xDD, 0x30, 0xDD, 0x10, 0xDD, 0xAE, 0xCC, 0xEF, 0xD4, 0xAF, 0xCC, 0xEC, 0xAB, 0x4E, 0xBC,
    0xAF, 0xC4, 0xCF, 0xD4, 0x91, 0xE5, 0x51, 0xDD, 0x71, 0xE5, 0xD3, 0xF5, 0xB2, 0xED, 0xD3, 0xED,
    0xB2, 0xED, 0xB2, 0xED, 0xF3, 0xF5, 0x31, 0xDD, 0x31, 0xD5, 0x92, 0xE5, 0xB2, 0xE5, 0xB3, 0xED,
    0xB2, 0xED, 0xB2, 0xED, 0x92, 0xED, 0x92, 0xE5, 0x71, 0xDD, 0x8F, 0xC4, 0xF0, 0xCC, 0x10, 0xD5,
    0x30, 0xDD, 0x30, 0xDD, 0xF0, 0xD4, 0x51, 0xE5, 0x10, 0xDD, 0xAF, 0xCC, 0x31, 0xE5, 0xF0, 0xD4,
    0xAF, 0xCC, 0xF0, 0xD4, 0xCF, 0xCC, 0x8E, 0xC4, 0xCF, 0xCC, 0xEF, 0xD4, 0xCF, 0xD4, 0x6E, 0xBC,
    0xAE, 0xC4, 0xCE, 0xD4, 0x8E, 0xC4, 0x4D, 0xBC, 0x2D, 0xB4, 0x0C, 0xAC, 0xEC, 0xA3, 0xAC, 0x93,
    0xCD, 0x93, 0x2E, 0x9C, 0xEC, 0x9B, 0xCC, 0x93, 0xAC, 0x93, 0x8B, 0x93, 0x6A, 0x8B, 0x8C, 0x83,
    0xAD, 0x83, 0xA2, 0x59, 0xC2, 0x61, 0xC3, 0x61, 0xE3, 0x61, 0x03, 0x6A, 0x25, 0x6A, 0x03, 0x72,
    0x24, 0x72, 0x44, 0x72, 0x64, 0x7A, 0x65, 0x7A, 0x85, 0x7A, 0xA6, 0x82, 0xA6, 0x82, 0xC6, 0x8A,
    0xC6, 0x8A, 0xE7, 0x8A, 0xE7, 0x8A, 0x28, 0x8B, 0x48, 0x9B, 0x68, 0x9B, 0x89, 0xA3, 0x89, 0xA3,
    0xAA, 0xAB, 0xAA, 0xAB, 0xCA, 0xAB, 0xEA, 0xB3, 0xEA, 0xB3, 0xEB, 0xB3, 0x0B, 0xB4, 0x0B, 0xB4,
    0x0B, 0xBC, 0x2B, 0xBC, 0x0B, 0xB4, 0xCA, 0xAB, 0xEB, 0xAB, 0x0B, 0xB4, 0x6C, 0xC4, 0x8D, 0xCC,
    0x8D, 0xC4, 0x8D, 0xCC, 0xAD, 0xCC, 0xAE, 0xCC, 0xAE, 0xCC, 0xCE, 0xCC, 0xCE, 0xCC, 0xCE, 0xCC,
    0xEE, 0xCC, 0xEE, 0xD4, 0xEF, 0xD4, 0xEF, 0xD4, 0xEF, 0xD4, 0x0F, 0xD5, 0x0F, 0xD5, 0x0F, 0xD5,
    0x0F, 0xD5, 0x30, 0xD5, 0x30, 0xD5, 0x30, 0xD5, 0x30, 0xD5, 0x30, 0xD5, 0x30, 0xD5, 0x30, 0xD5,
    0x30, 0xD5, 0x30, 0xDD, 0x30, 0xDD, 0x30, 0xDD, 0x30, 0xDD, 0x30, 0xDD, 0x30, 0xDD, 0x30, 0xDD,
    0x30, 0xDD, 0x30, 0xDD, 0xEF, 0xD4, 0xCF, 0xCC, 0xEF, 0xD4, 0x6E, 0xC4, 0xEC, 0xAB, 0x6E, 0xC4,
    0x8E, 0xC4, 0x10, 0xDD, 0x71, 0xE5, 0x51, 0xDD, 0xB2, 0xED, 0xB2, 0xED, 0xB2, 0xED, 0xD3, 0xED,
    0xB2, 0xED, 0xB3, 0xED, 0xD3, 0xED, 0x72, 0xE5, 0x72, 0xE5, 0x92, 0xE5, 0x92, 0xE5, 0xB2, 0xED,
    0xB2, 0xED, 0x92, 0xED, 0x92, 0xE5, 0x92, 0xE5, 0xF0, 0xCC, 0x8F, 0xC4, 0x51, 0xDD, 0x10, 0xD5,
    0x10, 0xD5, 0x10, 0xD5, 0x51, 0xDD, 0x71, 0xE5, 0xD0, 0xCC, 0x30, 0xDD, 0x10, 0xD5, 0xCF, 0xCC,
    0xEF, 0xD4, 0xF0, 0xD4, 0xAF, 0xC4, 0xAF, 0xC4, 0xCF, 0xCC, 0xEF, 0xD4, 0x8F, 0xBC, 0x8E, 0xC4,
    0xCE, 0xD4, 0xAE, 0xCC, 0x6E, 0xC4, 0x2D, 0xB4, 0x2C, 0xB4, 0xEC, 0xA3, 0xCC, 0x93, 0xAC, 0x8B,
    0x0E, 0x9C, 0xCC, 0x9B, 0xCC, 0x9B, 0xAC, 0x93, 0xAB, 0x9B, 0x6A, 0x93, 0x8C, 0x83, 0xAC, 0x83,
    0xC2, 0x61, 0xC2, 0x61, 0xE3, 0x61, 0xE3, 0x69, 0x03, 0x6A, 0x04, 0x6A, 0x03, 0x6A, 0x24, 0x72,
    0x44, 0x72, 0x44, 0x7A, 0x65, 0x72, 0xA6, 0x82, 0x85, 0x82, 0xA6, 0x82, 0xC6, 0x8A, 0xC6, 0x8A,
    0xE7, 0x8A, 0xE7, 0x8A, 0x07, 0x8B, 0x48, 0x93, 0x68, 0x9B, 0x89, 0xA3, 0x89, 0xA3, 0xAA, 0xAB,
    0xAA, 0xAB, 0xCA, 0xAB, 0xEA, 0xB3, 0xEB, 0xB3, 0xEB, 0xB3, 0x0B, 0xB4, 0x2B, 0xBC, 0x2B, 0xBC,
    0x2B, 0xBC, 0x4C, 0xBC, 0x2B, 0xB4, 0xEB, 0xAB, 0xCB, 0xAB, 0x0C, 0xB4, 0x6D, 0xC4, 0x8D, 0xC4,
    0x8D, 0xCC, 0xAE, 0xCC, 0xCE, 0xCC, 0xCE, 0xCC, 0xCE, 0xCC, 0xCE, 0xCC, 0xCE, 0xCC, 0xCE, 0xCC,
    0xEF, 0xD4, 0xEF, 0xD4, 0xEF, 0xD4, 0xEF, 0xD4, 0x0F, 0xD5, 0x0F, 0xD5, 0x0F, 0xD5, 0x0F, 0xD5,
    0x30, 0xD5, 0x30, 0xD5, 0x30, 0xD5, 0x30, 0xD5, 0x30, 0xD5, 0x30, 0xD5, 0x30, 0xD5, 0x30, 0xDD,
    0x30, 0xDD, 0x30, 0xDD, 0x30, 0xDD, 0x30, 0xDD, 0x30, 0xDD, 0x30, 0xDD, 0x30, 0xDD, 0x30, 0xDD,
    0x30, 0xDD, 0x30, 0xDD, 0xEF, 0xD4, 0x10, 0xD5, 0xEF, 0xD4, 0x0D, 0xB4, 0x0D, 0xB4, 0x6E, 0xBC,
    0x8E, 0xC4, 0x50, 0xDD, 0x51, 0xDD, 0x51, 0xDD, 0xB2, 0xED, 0xB2, 0xED, 0xD3, 0xF5, 0xB2, 0xED,
    0xB2, 0xED, 0xB2, 0xED, 0xB3, 0xED, 0x72, 0xE5, 0x92, 0xE5, 0x92, 0xE5, 0x92, 0xE5, 0x72, 0xE5,
    0x72, 0xE5, 0x92, 0xE5, 0x92, 0xE5, 0x51, 0xDD, 0xAF, 0xC4, 0x10, 0xD5, 0x10, 0xD5, 0xF0, 0xD4,
    0x10, 0xD5, 0x30, 0xDD, 0x71, 0xE5, 0x10, 0xDD, 0xEF, 0xD4, 0x31, 0xDD, 0xF0, 0xD4, 0xCF, 0xCC,
    0x10, 0xDD, 0xCF, 0xCC, 0x8E, 0xC4, 0xAF, 0xC4, 0xEF, 0xD4, 0x8F, 0xC4, 0x6E, 0xBC, 0xEF, 0xDC,
    0xCE, 0xD4, 0x8E, 0xC4, 0x2D, 0xB4, 0x2C, 0xB4, 0xED, 0xAB, 0xCC, 0x9B, 0x8C, 0x8B, 0x0E, 0x9C,
    0xCC, 0x9B, 0xCC, 0x9B, 0xAC, 0x93, 0xAB, 0x9B, 0x6A, 0x93, 0x8B, 0x8B, 0xAC, 0x83, 0xC2, 0x61,
    0xE3, 0x61, 0xE3, 0x61, 0xE3, 0x69, 0x03, 0x6A, 0x03, 0x6A, 0x23, 0x72, 0x24, 0x72, 0x44, 0x72,
    0x45, 0x72, 0x65, 0x7A, 0x85, 0x82, 0xA5, 0x82, 0xA6, 0x82, 0xC6, 0x8A, 0xC6, 0x8A, 0xC6, 0x8A,
    0xE7, 0x8A, 0xE7, 0x8A, 0x29, 0x93, 0x48, 0x9B, 0x89, 0xA3, 0x89, 0xA3, 0xA9, 0xAB, 0xAA, 0xAB,
    0xCA, 0xAB, 0xEA, 0xB3, 0xEB, 0xB3, 0x0B, 0xB4, 0x0B, 0xB4, 0x2B, 0xBC, 0x2B, 0xBC, 0x2B, 0xBC,
    0x4C, 0xBC, 0x4C, 0xBC, 0x0B, 0xB4, 0x2C, 0xBC, 0xCB, 0xAB, 0x0B, 0xB4, 0x6D, 0xC4, 0x8D, 0xC4,
    0xCE, 0xCC, 0xCE, 0xCC, 0xCE, 0xCC, 0xCE, 0xCC, 0xEE, 0xD4, 0xCE, 0xCC, 0xCE, 0xCC, 0xEF, 0xD4,
    0xEF, 0xD4, 0xEF, 0xD4, 0x0F, 0xD5, 0x0F, 0xD5, 0x0F, 0xD5, 0x0F, 0xD5, 0x10, 0xD5, 0x30, 0xD5,
    0x10, 0xD5, 0x30, 0xD5, 0x30, 0xDD, 0x30, 0xD5, 0x30, 0xD5, 0x30, 0xD5, 0x30, 0xD5, 0x30, 0xDD,
    0x30, 0xDD, 0x30, 0xDD, 0x30, 0xDD, 0x30, 0xDD, 0x30, 0xDD, 0x30, 0xDD, 0x30, 0xDD, 0x30, 0xDD,
    0x30, 0xDD, 0x30, 0xDD, 0xEF, 0xD4, 0x30, 0xDD, 0xAF, 0xCC, 0x0D, 0xB4, 0x4D, 0xBC, 0x4D, 0xBC,
    0xAF, 0xCC, 0x71, 0xE5, 0x30, 0xDD, 0x51, 0xE5, 0xB2, 0xED, 0xB2, 0xED, 0xD2, 0xED, 0x92, 0xE5,
    0xB2, 0xED, 0xD3, 0xED, 0x92, 0xE5, 0x71, 0xE5, 0xB3, 0xED, 0xB3, 0xED, 0xB2, 0xED, 0x72, 0xE5,
    0x71, 0xE5, 0x71, 0xE5, 0x72, 0xE5, 0xF0, 0xD4, 0xCF, 0xCC, 0xF0, 0xD4, 0xEF, 0xCC, 0x10, 0xD5,
    0x30, 0xDD, 0x30, 0xE5, 0x51, 0xE5, 0xF0, 0xD4, 0x10, 0xDD, 0x10, 0xDD, 0xCF, 0xCC, 0x10, 0xDD,
    0xF0, 0xD4, 0x8E, 0xC4, 0x8E, 0xC4, 0xAF, 0xCC, 0xAF, 0xCC, 0x6E, 0xBC, 0xEF, 0xD4, 0xCE, 0xDC,
    0x8E, 0xCC, 0x4D, 0xBC, 0x2D, 0xB4, 0x0D, 0xAC, 0xCC, 0x9B, 0x8B, 0x8B, 0x0E, 0x9C, 0xCD, 0x9B,
    0xCC, 0x9B, 0xAC, 0x93, 0xAB, 0x93, 0x8A, 0x93, 0x8B, 0x8B, 0xAC, 0x83, 0xC3, 0x61, 0xE3, 0x61,
    0xE3, 0x69, 0x03, 0x6A, 0x04, 0x6A, 0x03, 0x6A, 0x24, 0x72, 0x44, 0x72, 0x44, 0x72, 0x65, 0x72,
    0x85, 0x82, 0x85, 0x82, 0xA6, 0x82, 0xC6, 0x8A, 0xC6, 0x8A, 0xE6, 0x8A, 0xE7, 0x8A, 0x07, 0x8B,
    0x07, 0x8B, 0x49, 0x93, 0x69, 0x9B, 0x89, 0xA3, 0xA9, 0xA3, 0xAA, 0xAB, 0xCA, 0xAB, 0xCA, 0xAB,
    0xEA, 0xB3, 0xEB, 0xB3, 0x0B, 0xB4, 0x0B, 0xB4, 0x2B, 0xBC, 0x2B, 0xBC, 0x2B, 0xBC, 0x2C, 0xBC,
    0x4C, 0xC4, 0x2C, 0xBC, 0x0B, 0xB4, 0x6C, 0xC4, 0x0B, 0xB4, 0x0C, 0xB4, 0x8D, 0xCC, 0xCE, 0xCC,
    0xCE, 0xCC, 0xCE, 0xCC, 0xCE, 0xCC, 0xEE, 0xD4, 0xEF, 0xD4, 0xEE, 0xCC, 0xEF, 0xD4, 0x0F, 0xD5,
    0x0F, 0xD5, 0x0F, 0xD5, 0x2F, 0xD5, 0x30, 0xD5, 0x30, 0xD5, 0x30, 0xD5, 0x30, 0xD5, 0x30, 0xD5,
    0x30, 0xD5, 0x50, 0xDD, 0x30, 0xD5, 0x30, 0xDD, 0x30, 0xD5, 0x30, 0xDD, 0x30, 0xDD, 0x30, 0xDD,
    0x30, 0xDD, 0x30, 0xDD, 0x30, 0xDD, 0x30, 0xDD, 0x30, 0xDD, 0x30, 0xDD, 0x30, 0xDD, 0x30, 0xDD,
    0x30, 0xDD, 0x30, 0xDD, 0xEF, 0xCC, 0x51, 0xDD, 0x8E, 0xC4, 0x2D, 0xB4, 0x6E, 0xC4, 0x6E, 0xBC,
    0x10, 0xD5, 0x51, 0xDD, 0x10, 0xD5, 0x91, 0xE5, 0xB2, 0xED, 0xB2, 0xED, 0xB2, 0xED, 0x92, 0xE5,
    0xD3, 0xF5, 0xB2, 0xED, 0x72, 0xE5, 0x92, 0xED, 0xB2, 0xED, 0xB2, 0xED, 0xB2, 0xED, 0x92, 0xED,
    0x71, 0xE5, 0x51, 0xE5, 0x51, 0xDD, 0xF0, 0xD4, 0xEF, 0xD4, 0x10, 0xD5, 0x10, 0xD5, 0x10, 0xD5,
    0x30, 0xDD, 0x50, 0xE5, 0x10, 0xDD, 0x10, 0xD5, 0x30, 0xDD, 0xEF, 0xD4, 0xF0, 0xD4, 0x10, 0xDD,
    0xAF, 0xC4, 0x8E, 0xC4, 0xAF, 0xC4, 0xAF, 0xCC, 0x6E, 0xC4, 0xCF, 0xD4, 0xEE, 0xDC, 0xAE, 0xD4,
    0x6D, 0xC4, 0x4D, 0xBC, 0x2D, 0xB4, 0xCC, 0x9B, 0x8C, 0x93, 0xED, 0x9B, 0xED, 0x9B, 0xCC, 0x9B,
    0xCC, 0x9B, 0xAB, 0x93, 0x8A, 0x93, 0x8B, 0x8B, 0xAC, 0x83, 0xE3, 0x61, 0xE3, 0x69, 0xE3, 0x69,
    0x03, 0x6A, 0x04, 0x6A, 0x04, 0x6A, 0x24, 0x72, 0x44, 0x72, 0x45, 0x72, 0x65, 0x7A, 0x85, 0x82,
    0x85, 0x82, 0xA6, 0x82, 0xC6, 0x8A, 0xC6, 0x8A, 0xE7, 0x8A, 0xE7, 0x8A, 0x07, 0x8B, 0x28, 0x93,
    0x28, 0x93, 0x8A, 0x93, 0x69, 0xA3, 0xA9, 0xAB, 0xCA, 0xAB, 0xCA, 0xAB, 0xEA, 0xAB, 0xEB, 0xB3,
    0x0B, 0xB4, 0x0B, 0xB4, 0x0B, 0xB4, 0x2B, 0xBC, 0x2B, 0xBC, 0x2C, 0xBC, 0x4C, 0xBC, 0x4C, 0xBC,
    0x4C, 0xC4, 0x2C, 0xBC, 0x4C, 0xBC, 0x8D, 0xCC, 0x2C, 0xB4, 0x0C, 0xB4, 0xAD, 0xCC, 0xCE, 0xD4,
    0xCE, 0xCC, 0xCE, 0xCC, 0xEF, 0xCC, 0xEF, 0xD4, 0xEF, 0xD4, 0xEF, 0xD4, 0x0F, 0xD5, 0x0F, 0xD5,
    0x0F, 0xD5, 0x0F, 0xD5, 0x30, 0xD5, 0x30, 0xD5, 0x30, 0xD5, 0x30, 0xD5, 0x30, 0xD5, 0x30, 0xD5,
    0x50, 0xD5, 0x30, 0xD5, 0x51, 0xDD, 0x30, 0xDD, 0x30, 0xDD, 0x50, 0xDD, 0x30, 0xDD, 0x30, 0xDD,
    0x30, 0xDD, 0x30, 0xDD, 0x30, 0xDD, 0x30, 0xDD, 0x30, 0xDD, 0x30, 0xDD, 0x30, 0xDD, 0x30, 0xDD,
    0x50, 0xE5, 0x0F, 0xD5, 0xEF, 0xCC, 0x30, 0xDD, 0x4D, 0xBC, 0x4D, 0xBC, 0x8E, 0xC4, 0x8E, 0xC4,
    0x51, 0xDD, 0x51, 0xE5, 0x10, 0xDD, 0xD3, 0xED, 0xB2, 0xED, 0xB2, 0xED, 0x92, 0xE5, 0xB2, 0xED,
    0xD3, 0xED, 0xB2, 0xED, 0x71, 0xE5, 0xB2, 0xED, 0xB2, 0xED, 0x92, 0xED, 0x92, 0xED, 0xB2, 0xED,
    0x92, 0xED, 0x51, 0xE5, 0x51, 0xDD, 0x10, 0xD5, 0xF0, 0xD4, 0x30, 0xDD, 0x10, 0xD5, 0x10, 0xD5,
    0x30, 0xDD, 0x30, 0xDD, 0x10, 0xD5, 0x30, 0xDD, 0x10, 0xDD, 0xEF, 0xD4, 0x30, 0xDD, 0xCF, 0xD4,
    0x8E, 0xC4, 0xCF, 0xCC, 0xAF, 0xC4, 0x6E, 0xC4, 0xCF, 0xCC, 0x0F, 0xDD, 0xCE, 0xD4, 0x8E, 0xC4,
    0x6D, 0xBC, 0x4D, 0xBC, 0xCC, 0x9B, 0x8B, 0x93, 0xCC, 0x93, 0xED, 0x9B, 0xAB, 0x93, 0xCC, 0x9B,
    0xAB, 0x93, 0x8B, 0x93, 0x8B, 0x8B, 0x8C, 0x83, 0xE3, 0x61, 0xE3, 0x69, 0x03, 0x6A, 0x04, 0x72,
    0x24, 0x6A, 0x04, 0x6A, 0x24, 0x72, 0x45, 0x72, 0x65, 0x72, 0x65, 0x7A, 0x85, 0x82, 0xA6, 0x82,
    0xC6, 0x82, 0xC6, 0x8A, 0xC6, 0x8A, 0xE7, 0x92, 0xE7, 0x8A, 0x07, 0x8B, 0x28, 0x93, 0x27, 0x93,
    0x28, 0x8B, 0x8A, 0x9B, 0xA9, 0xAB, 0xCA, 0xAB, 0xCA, 0xAB, 0xEA, 0xAB, 0xEB, 0xB3, 0x0B, 0xB4,
    0x0B, 0xB4, 0x0B, 0xB4, 0x2B, 0xBC, 0x2C, 0xBC, 0x2C, 0xBC, 0x4C, 0xBC, 0x4C, 0xC4, 0x4C, 0xC4,
    0x6C, 0xC4, 0x4C, 0xBC, 0x2C, 0xBC, 0x8D, 0xCC, 0x2C, 0xBC, 0x0C, 0xB4, 0xAE, 0xCC, 0xCE, 0xCC,
    0xCE, 0xCC, 0xEF, 0xD4, 0xEF, 0xD4, 0xEF, 0xD4, 0xEF, 0xD4, 0x0F, 0xD5, 0x0F, 0xD5, 0x0F, 0xD5,
    0x0F, 0xD5, 0x30, 0xD5, 0x30, 0xD5, 0x30, 0xD5, 0x30, 0xD5, 0x30, 0xD5, 0x30, 0xD5, 0x50, 0xDD,
    0x50, 0xDD, 0x50, 0xDD, 0x30, 0xDD, 0x51, 0xDD, 0x51, 0xDD, 0x30, 0xDD, 0x30, 0xDD, 0x30, 0xDD,
    0x30, 0xDD, 0x30, 0xDD, 0x30, 0xDD, 0x30, 0xDD, 0x30, 0xDD, 0x30, 0xDD, 0x30, 0xDD, 0x30, 0xDD,
    0x30, 0xE5, 0xEF, 0xD4, 0x10, 0xD5, 0x10, 0xD5, 0x0C, 0xB4, 0x4D, 0xC4, 0x4E, 0xBC, 0xCF, 0xCC,
    0x51, 0xE5, 0x30, 0xDD, 0x51, 0xDD, 0xD3, 0xF5, 0x92, 0xED, 0xB2, 0xED, 0x92, 0xE5, 0xB2, 0xED,
    0xB2, 0xED, 0x92, 0xE5, 0x71, 0xED, 0xB2, 0xED, 0x92, 0xED, 0x92, 0xED, 0x92, 0xED, 0x91, 0xE5,
    0x71, 0xE5, 0x51, 0xDD, 0x51, 0xDD, 0xF0, 0xCC, 0x10, 0xDD, 0x10, 0xD5, 0xF0, 0xD4, 0x10, 0xDD,
    0x50, 0xE5, 0x10, 0xDD, 0xEF, 0xD4, 0x30, 0xE5, 0xEF, 0xD4, 0x10, 0xD5, 0xEF, 0xDC, 0x8E, 0xC4,
    0xAF, 0xCC, 0x8E, 0xC4, 0x4D, 0xBC, 0xAE, 0xCC, 0x0F, 0xDD, 0xCE, 0xDC, 0xAE, 0xCC, 0x6E, 0xC4,
    0x6D, 0xC4, 0xED, 0xA3, 0x8B, 0x8B, 0xCC, 0x93, 0xEC, 0x9B, 0x8B, 0x93, 0xCC, 0x9B, 0xAB, 0x93,
    0x8B, 0x93, 0x8A, 0x93, 0x8B, 0x8B, 0xE3, 0x69, 0x03, 0x6A, 0x04, 0x6A, 0x24, 0x72, 0x24, 0x6A,
    0x04, 0x6A, 0x24, 0x72, 0x65, 0x72, 0x85, 0x7A, 0x85, 0x82, 0x86, 0x82, 0xA6, 0x82, 0xC6, 0x8A,
    0xC6, 0x8A, 0xE7, 0x8A, 0xE7, 0x92, 0x07, 0x93, 0x07, 0x93, 0x28, 0x93, 0x28, 0x93, 0x28, 0x93,
    0x8A, 0x93, 0xA9, 0xA3, 0xA9, 0xAB, 0xCA, 0xAB, 0xEA, 0xAB, 0xEB, 0xB3, 0x0B, 0xB4, 0x0B, 0xB4,
    0x0B, 0xB4, 0x2B, 0xBC, 0x2B, 0xBC, 0x2C, 0xBC, 0x4C, 0xBC, 0x4C, 0xBC, 0x4C, 0xC4, 0x4C, 0xC4,
    0x6C, 0xC4, 0x4C, 0xBC, 0x4C, 0xBC, 0x8D, 0xCC, 0x6D, 0xC4, 0x4D, 0xBC, 0x8E, 0xC4, 0xCF, 0xD4,
    0xEF, 0xD4, 0xEF, 0xD4, 0xEF, 0xD4, 0xEF, 0xD4, 0xEF, 0xD4, 0x0F, 0xD5, 0x0F, 0xD5, 0x0F, 0xD5,
    0x30, 0xD5, 0x30, 0xD5, 0x30, 0xD5, 0x30, 0xD5, 0x30, 0xD5, 0x30, 0xD5, 0x50, 0xDD, 0x50, 0xDD,
    0x51, 0xDD, 0x30, 0xD5, 0x51, 0xDD, 0x51, 0xDD, 0x30, 0xDD, 0x30, 0xDD, 0x30, 0xDD, 0x30, 0xDD,
    0x30, 0xDD, 0x30, 0xDD, 0x30, 0xDD, 0x30, 0xDD, 0x30, 0xDD, 0x30, 0xDD, 0x30, 0xDD, 0x30, 0xDD,
    0x50, 0xE5, 0xEF, 0xD4, 0x10, 0xDD, 0xCF, 0xCC, 0x0C, 0xB4, 0x8E, 0xC4, 0x2D, 0xB4, 0xCF, 0xD4,
    0x51, 0xE5, 0x30, 0xDD, 0x51, 0xDD, 0xB2, 0xED, 0xB2, 0xED, 0xB3, 0xED, 0x92, 0xE5, 0xB2, 0xED,
    0xB2, 0xED, 0x72, 0xE5, 0x92, 0xED, 0xB2, 0xF5, 0xB2, 0xED, 0x92, 0xED, 0x92, 0xED, 0x71, 0xE5,
    0x51, 0xDD, 0x71, 0xE5, 0x10, 0xD5, 0xF0, 0xD4, 0xF0, 0xD4, 0xCF, 0xCC, 0x10, 0xD5, 0x50, 0xDD,
    0x10, 0xDD, 0xEF, 0xD4, 0x50, 0xE5, 0x30, 0xDD, 0xEF, 0xD4, 0x0F, 0xDD, 0xAF, 0xCC, 0x8E, 0xC4,
    0xAF, 0xCC, 0x4D, 0xBC, 0x8E, 0xC4, 0xEE, 0xDC, 0xEE, 0xDC, 0xAE, 0xD4, 0x6D, 0xC4, 0x6D, 0xC4,
    0x0D, 0xAC, 0x8B, 0x8B, 0xAC, 0x93, 0xEC, 0xA3, 0xAB, 0x93, 0xAB, 0x9B, 0xAC, 0x9B, 0x6B, 0x93,
    0x8B, 0x93, 0x8B, 0x8B, 0x03, 0x6A, 0x04, 0x6A, 0x24, 0x72, 0x44, 0x72, 0x24, 0x6A, 0x24, 0x6A,
    0x65, 0x72, 0x85, 0x7A, 0xA6, 0x82, 0xA6, 0x82, 0xA6, 0x82, 0xC6, 0x8A, 0xC6, 0x8A, 0xE7, 0x8A,
    0xE7, 0x8A, 0x07, 0x93, 0x08, 0x93, 0x28, 0x93, 0x48, 0x93, 0x48, 0x9B, 0x68, 0x9B, 0x49, 0x93,
    0xAA, 0x9B, 0xAA, 0xAB, 0xCA, 0xAB, 0xEB, 0xAB, 0xEB, 0xB3, 0x0B, 0xB4, 0x0B, 0xB4, 0x2B, 0xB4,
    0x2C, 0xBC, 0x2C, 0xBC, 0x2C, 0xBC, 0x4C, 0xBC, 0x4C, 0xBC, 0x4C, 0xC4, 0x6C, 0xC4, 0x4C, 0xC4,
    0x8D, 0xC4, 0x4C, 0xBC, 0x4C, 0xBC, 0x8D, 0xCC, 0x8D, 0xC4, 0x4D, 0xBC, 0x4D, 0xBC, 0xCE, 0xCC,
    0xEF, 0xD4, 0xEF, 0xD4, 0x0F, 0xD5, 0x0F, 0xD5, 0x0F, 0xD5, 0x0F, 0xD5, 0x30, 0xD5, 0x30, 0xD5,
    0x30, 0xD5, 0x30, 0xD5, 0x30, 0xD5, 0x50, 0xDD, 0x50, 0xDD, 0x50, 0xDD, 0x30, 0xDD, 0x50, 0xDD,
    0x50, 0xDD, 0x50, 0xDD, 0x50, 0xDD, 0x50, 0xDD, 0x30, 0xDD, 0x30, 0xDD, 0x30, 0xDD, 0x30, 0xDD,
    0x30, 0xDD, 0x30, 0xDD, 0x30, 0xDD, 0x30, 0xDD, 0x30, 0xDD, 0x30, 0xDD, 0x30, 0xDD, 0x30, 0xDD,
    0x30, 0xDD, 0x0F, 0xD5, 0x10, 0xD5, 0x8E, 0xC4, 0x8E, 0xC4, 0x8E, 0xC4, 0x0D, 0xB4, 0x10, 0xDD,
    0x51, 0xDD, 0x30, 0xDD, 0x51, 0xE5, 0xB2, 0xED, 0xB2, 0xED, 0xB2, 0xED, 0xB2, 0xED, 0xD2, 0xF5,
    0xD2, 0xED, 0x92, 0xE5, 0xB2, 0xF5, 0xB2, 0xED, 0xB2, 0xED, 0x92, 0xED, 0x71, 0xE5, 0x71, 0xE5,
    0x51, 0xE5, 0x51, 0xE5, 0xCF, 0xCC, 0x30, 0xDD, 0xCF, 0xCC, 0x10, 0xD5, 0x51, 0xE5, 0x10, 0xDD,
    0x10, 0xD5, 0x50, 0xE5, 0x30, 0xE5, 0x0F, 0xD5, 0xEF, 0xD4, 0xEF, 0xD4, 0xAF, 0xC4, 0xAF, 0xCC,
    0x6E, 0xC4, 0x6D, 0xBC, 0xEE, 0xD4, 0xEE, 0xDC, 0xCE, 0xD4, 0x8D, 0xC4, 0x6D, 0xC4, 0x2D, 0xB4,
    0xAC, 0x93, 0xAC, 0x93, 0xEC, 0x9B, 0xAB, 0x9B, 0xAC, 0x9B, 0xCC, 0x9B, 0x8B, 0x93, 0x8B, 0x93,
    0xAB, 0x8B, 0x04, 0x6A, 0x24, 0x72, 0x44, 0x72, 0x45, 0x72, 0x45, 0x6A, 0x44, 0x72, 0x85, 0x7A,
    0xA6, 0x82, 0xA6, 0x82, 0xC6, 0x82, 0xC6, 0x8A, 0xE7, 0x8A, 0xE7, 0x8A, 0x07, 0x93, 0x07, 0x93,
    0x28, 0x93, 0x28, 0x9B, 0x28, 0x93, 0x48, 0x9B, 0x68, 0x9B, 0x69, 0x9B, 0x69, 0x9B, 0x8A, 0x9B,
    0xAA, 0xA3, 0xCA, 0xAB, 0xEA, 0xAB, 0xEB, 0xB3, 0x0B, 0xB4, 0x0B, 0xB4, 0x0B, 0xB4, 0x2C, 0xBC,
    0x2C, 0xBC, 0x2C, 0xBC, 0x4C, 0xBC, 0x4C, 0xBC, 0x4C, 0xBC, 0x6C, 0xC4, 0x6C, 0xC4, 0x6D, 0xC4,
    0x8D, 0xC4, 0x4C, 0xBC, 0x6D, 0xBC, 0xAE, 0xCC, 0xAE, 0xCC, 0x6D, 0xC4, 0x6D, 0xBC, 0x8E, 0xC4,
    0xCE, 0xCC, 0x0F, 0xD5, 0x0F, 0xD5, 0x0F, 0xD5, 0x0F, 0xD5, 0x30, 0xD5, 0x30, 0xD5, 0x30, 0xD5,
    0x30, 0xD5, 0x50, 0xD5, 0x50, 0xD5, 0x30, 0xD5, 0x50, 0xDD, 0x50, 0xDD, 0x51, 0xDD, 0x50, 0xDD,
    0x50, 0xDD, 0x50, 0xDD, 0x50, 0xDD, 0x30, 0xDD, 0x30, 0xDD, 0x30, 0xDD, 0x30, 0xDD, 0x2F, 0xDD,
    0x30, 0xDD, 0x30, 0xDD, 0x30, 0xDD, 0x30, 0xDD, 0x30, 0xDD, 0x30, 0xDD, 0x30, 0xDD, 0x50, 0xE5,
    0x30, 0xDD, 0xEF, 0xD4, 0xEF, 0xD4, 0x8F, 0xC4, 0xCF, 0xCC, 0x6E, 0xC4, 0x2D, 0xB4, 0x10, 0xDD,
    0x92, 0xE5, 0x31, 0xDD, 0x51, 0xE5, 0xD3, 0xF5, 0xD3, 0xF5, 0xB3, 0xED, 0xB2, 0xED, 0xD3, 0xF5,
    0xB2, 0xED, 0x71, 0xE5, 0xB2, 0xF5, 0xB2, 0xED, 0x92, 0xED, 0x92, 0xED, 0x92, 0xED, 0x51, 0xE5,
    0x71, 0xED, 0x10, 0xD5, 0xF0, 0xD4, 0x10, 0xDD, 0xCF, 0xCC, 0x51, 0xE5, 0x30, 0xDD, 0xEF, 0xD4,
    0x50, 0xE5, 0x50, 0xE5, 0x30, 0xE5, 0xCF, 0xCC, 0xEF, 0xD4, 0xAF, 0xCC, 0xAF, 0xCC, 0x8E, 0xC4,
    0x6E, 0xBC, 0xCE, 0xD4, 0x0F, 0xDD, 0xCE, 0xDC, 0x8E, 0xCC, 0x6D, 0xC4, 0x6D, 0xBC, 0xCC, 0x9B,
    0x8B, 0x93, 0xEC, 0x9B, 0xCB, 0x9B, 0x8B, 0x93, 0xAB, 0x9B, 0xAB, 0x93, 0x8B, 0x93, 0x8B, 0x93,
    0x24, 0x6A, 0x44, 0x72, 0x45, 0x72, 0x65, 0x7A, 0x45, 0x6A, 0x65, 0x72, 0xA6, 0x82, 0xA6, 0x82,
    0xC6, 0x82, 0xC7, 0x8A, 0xE7, 0x8A, 0xE7, 0x8A, 0x07, 0x93, 0x08, 0x93, 0x28, 0x93, 0x28, 0x9B,
    0x49, 0x9B, 0x49, 0x9B, 0x48, 0x9B, 0x69, 0x9B, 0x69, 0x9B, 0x89, 0xA3, 0x89, 0x9B, 0xAA, 0xA3,
    0xCA, 0xAB, 0xCA, 0xAB, 0x0B, 0xB4, 0x0B, 0xB4, 0x0B, 0xB4, 0x0B, 0xB4, 0x2C, 0xBC, 0x2C, 0xBC,
    0x2C, 0xBC, 0x4C, 0xBC, 0x4C, 0xBC, 0x4C, 0xC4, 0x6C, 0xC4, 0x6D, 0xC4, 0x6D, 0xC4, 0x6D, 0xC4,
    0x8D, 0xC4, 0x8D, 0xC4, 0x4D, 0xBC, 0x8D, 0xC4, 0xAE, 0xCC, 0xCE, 0xCC, 0x8D, 0xC4, 0x6D, 0xBC,
    0xAE, 0xC4, 0xEF, 0xCC, 0xEF, 0xD4, 0x0F, 0xD5, 0x30, 0xD5, 0x2F, 0xD5, 0x30, 0xD5, 0x30, 0xD5,
    0x30, 0xDD, 0x30, 0xD5, 0x30, 0xD5, 0x30, 0xDD, 0x50, 0xDD, 0x50, 0xDD, 0x30, 0xDD, 0x50, 0xDD,
    0x50, 0xDD, 0x30, 0xDD, 0x30, 0xDD, 0x30, 0xDD, 0x30, 0xDD, 0x0F, 0xDD, 0x0F, 0xDD, 0x30, 0xDD,
    0x30, 0xDD, 0x30, 0xDD, 0x30, 0xDD, 0x30, 0xDD, 0x10, 0xDD, 0x30, 0xDD, 0x30, 0xDD, 0x30, 0xDD,
    0x0F, 0xD5, 0xCF, 0xCC, 0xCF, 0xCC, 0x6E, 0xBC, 0xCF, 0xCC, 0x6E, 0xC4, 0x4E, 0xBC, 0x30, 0xDD,
    0x71, 0xE5, 0x30, 0xDD, 0x72, 0xE5, 0xB2, 0xED, 0xD3, 0xED, 0xD3, 0xED, 0xD3, 0xED, 0xD2, 0xF5,
    0x92, 0xED, 0x92, 0xED, 0xB2, 0xED, 0xB2, 0xED, 0x92, 0xED, 0x92, 0xED, 0x71, 0xE5, 0x71, 0xE5,
    0x71, 0xE5, 0xEF, 0xCC, 0x10, 0xD5, 0xCF, 0xCC, 0x10, 0xD5, 0x30, 0xDD, 0x0F, 0xDD, 0x30, 0xDD,
    0x50, 0xE5, 0x30, 0xE5, 0xEF, 0xD4, 0xCF, 0xD4, 0xCF, 0xD4, 0x8E, 0xC4, 0x8E, 0xCC, 0x6E, 0xC4,
    0xCE, 0xD4, 0xEE, 0xD4, 0xEE, 0xDC, 0xAE, 0xCC, 0x6D, 0xC4, 0x6D, 0xC4, 0xCC, 0x9B, 0x8B, 0x93,
    0xCC, 0x9B, 0xCC, 0xA3, 0xAB, 0x9B, 0xAB, 0x9B, 0x8B, 0x93, 0x8B, 0x93, 0xAB, 0x93, 0x44, 0x72,
    0x65, 0x72, 0x65, 0x72, 0x86, 0x7A, 0x45, 0x6A, 0x86, 0x7A, 0xC7, 0x82, 0xC7, 0x8A, 0xE7, 0x8A,
    0x07, 0x8B, 0x08, 0x8B, 0x28, 0x93, 0x28, 0x93, 0x28, 0x93, 0x49, 0x9B, 0x49, 0x9B, 0x69, 0x9B,
    0x69, 0x9B, 0x69, 0x9B, 0x89, 0xA3, 0x89, 0xA3, 0x89, 0xA3, 0x89, 0xA3, 0xAA, 0xA3, 0xCA, 0xA3,
    0xCA, 0xAB, 0xEB, 0xB3, 0x0B, 0xB4, 0x0B, 0xB4, 0x0B, 0xB4, 0x2C, 0xBC, 0x2C, 0xBC, 0x4C, 0xBC,
    0x4C, 0xBC, 0x4C, 0xBC, 0x6D, 0xC4, 0x6C, 0xC4, 0x6D, 0xC4, 0x6D, 0xC4, 0x6D, 0xC4, 0x8D, 0xC4,
    0x8D, 0xC4, 0x8D, 0xC4, 0x6D, 0xC4, 0x8D, 0xC4, 0xAE, 0xCC, 0xCF, 0xCC, 0xCF, 0xCC, 0xAE, 0xC4,
    0x8E, 0xC4, 0xAE, 0xC4, 0xEF, 0xD4, 0x0F, 0xD5, 0x30, 0xD5, 0x30, 0xD5, 0x30, 0xD5, 0x30, 0xD5,
    0x30, 0xD5, 0x50, 0xDD, 0x30, 0xDD, 0x50, 0xDD, 0x50, 0xDD, 0x50, 0xDD, 0x30, 0xDD, 0x50, 0xDD,
    0x30, 0xDD, 0x30, 0xDD, 0x30, 0xDD, 0x30, 0xDD, 0x10, 0xDD, 0x0F, 0xDD, 0x0F, 0xDD, 0x0F, 0xDD,
    0x30, 0xDD, 0x30, 0xDD, 0x30, 0xDD, 0x30, 0xDD, 0x30, 0xDD, 0x30, 0xDD, 0x30, 0xDD, 0x30, 0xDD,
    0xEF, 0xD4, 0xEF, 0xD4, 0xAF, 0xC4, 0x4E, 0xBC, 0xEF, 0xD4, 0xAE, 0xC4, 0x4D, 0xBC, 0x10, 0xD5,
    0x51, 0xDD, 0x51, 0xDD, 0x71, 0xE5, 0x92, 0xED, 0xB3, 0xED, 0xD2, 0xED, 0xB2, 0xED, 0xF3, 0xF5,
    0xB2, 0xED, 0xB2, 0xED, 0xB2, 0xED, 0x92, 0xED, 0xB2, 0xED, 0x92, 0xED, 0x71, 0xE5, 0x91, 0xED,
    0x30, 0xDD, 0xEF, 0xCC, 0x10, 0xDD, 0xCF, 0xCC, 0x10, 0xDD, 0x10, 0xDD, 0x30, 0xDD, 0x30, 0xDD,
    0x30, 0xE5, 0x0F, 0xDD, 0xEF, 0xDC, 0xCF, 0xD4, 0x8E, 0xCC, 0x8E, 0xCC, 0x8E, 0xC4, 0xAE, 0xCC,
    0xCE, 0xD4, 0xCE, 0xD4, 0xAE, 0xD4, 0x6D, 0xC4, 0x6D, 0xC4, 0x0C, 0xAC, 0x6B, 0x93, 0xCC, 0x9B,
    0xEC, 0xA3, 0xAB, 0x9B, 0xAB, 0x9B, 0xAB, 0x9B, 0x8B, 0x93, 0xAB, 0x93, 0x45, 0x72, 0x65, 0x72,
    0x86, 0x7A, 0xA6, 0x7A, 0x86, 0x72, 0xA6, 0x7A, 0xC7, 0x82, 0xE7, 0x8A, 0x08, 0x8B, 0x28, 0x93,
    0x28, 0x93, 0x49, 0x93, 0x69, 0x9B, 0x69, 0x9B, 0x69, 0x9B, 0x89, 0x9B, 0x8A, 0xA3, 0x8A, 0xA3,
    0x89, 0xA3, 0xAA, 0xA3, 0x8A, 0xA3, 0xAA, 0xA3, 0xAA, 0xA3, 0xAA, 0xA3, 0xCA, 0xAB, 0xEA, 0xAB,
    0xEB, 0xAB, 0x0B, 0xB4, 0x0B, 0xB4, 0x2C, 0xB4, 0x2C, 0xBC, 0x4C, 0xBC, 0x4C, 0xBC, 0x4C, 0xBC,
    0x6C, 0xBC, 0x6D, 0xC4, 0x6D, 0xC4, 0x6D, 0xC4, 0x6D, 0xC4, 0x6D, 0xC4, 0x8D, 0xC4, 0x8D, 0xC4,
    0xAE, 0xC4, 0xAE, 0xC4, 0x8E, 0xC4, 0xAE, 0xC4, 0xAE, 0xCC, 0xCF, 0xCC, 0xEF, 0xD4, 0xEF, 0xD4,
    0xCF, 0xCC, 0xAE, 0xC4, 0xCF, 0xCC, 0x10, 0xD5, 0x30, 0xD5, 0x30, 0xD5, 0x30, 0xD5, 0x50, 0xDD,
    0x30, 0xDD, 0x30, 0xDD, 0x50, 0xDD, 0x30, 0xDD, 0x50, 0xDD, 0x30, 0xDD, 0x50, 0xDD, 0x30, 0xDD,
    0x30, 0xDD, 0x30, 0xDD, 0x30, 0xDD, 0x30, 0xDD, 0x30, 0xDD, 0x30, 0xDD, 0x30, 0xDD, 0x30, 0xDD,
    0x30, 0xDD, 0x30, 0xDD, 0x30, 0xDD, 0x30, 0xDD, 0x30, 0xDD, 0x30, 0xDD, 0x30, 0xDD, 0x30, 0xDD,
    0x0F, 0xD5, 0xEF, 0xD4, 0x4E, 0xBC, 0x6E, 0xC4, 0x10, 0xD5, 0xAF, 0xC4, 0x2D, 0xB4, 0xEF, 0xD4,
    0x71, 0xE5, 0x72, 0xE5, 0x92, 0xE5, 0x92, 0xE5, 0xB2, 0xED, 0xB2, 0xED, 0xD2, 0xED, 0xB3, 0xED,
    0x92, 0xED, 0xB2, 0xED, 0x92, 0xED, 0xB2, 0xED, 0x92, 0xED, 0x51, 0xE5, 0x92, 0xED, 0x71, 0xED,
    0xEF, 0xD4, 0x10, 0xDD, 0xF0, 0xD4, 0xEF, 0xD4, 0x0F, 0xD5, 0x0F, 0xE5, 0x50, 0xE5, 0x30, 0xDD,
    0x0F, 0xDD, 0x0F, 0xDD, 0xEF, 0xDC, 0xAE, 0xCC, 0x8E, 0xC4, 0x8E, 0xCC, 0x8E, 0xCC, 0xCE, 0xD4,
    0xCE, 0xD4, 0xCE, 0xD4, 0x8D, 0xCC, 0x4D, 0xBC, 0x4D, 0xB4, 0x8B, 0x93, 0xAB, 0x9B, 0xEC, 0xA3,
    0xCB, 0xA3, 0x8B, 0x9B, 0xAB, 0x9B, 0x8B, 0x93, 0xAB, 0x93, 0x45, 0x6A, 0x86, 0x72, 0x86, 0x7A,
    0xA7, 0x7A, 0x66, 0x72, 0xC7, 0x7A, 0xE7, 0x8A, 0x08, 0x8B, 0x28, 0x8B, 0x29, 0x93, 0x49, 0x93,
    0x49, 0x93, 0x69, 0x9B, 0x8A, 0x9B, 0x8A, 0x9B, 0x8A, 0xA3, 0xAA, 0xA3, 0xAA, 0xA3, 0x8A, 0xA3,
    0xAA, 0xA3, 0xAA, 0xA3, 0xAA, 0xAB, 0xCA, 0xAB, 0xCA, 0xAB, 0xCA, 0xAB, 0xEB, 0xAB, 0x0B, 0xB4,
    0x0B, 0xB4, 0x0B, 0xB4, 0x2C, 0xB4, 0x2C, 0xBC, 0x4C, 0xBC, 0x4C, 0xBC, 0x4C, 0xBC, 0x6C, 0xBC,
    0x6D, 0xBC, 0x6D, 0xC4, 0x6D, 0xC4, 0x8D, 0xC4, 0x8D, 0xC4, 0x8D, 0xC4, 0x8D, 0xC4, 0xAE, 0xC4,
    0xAE, 0xC4, 0xAE, 0xCC, 0xCE, 0xCC, 0xAE, 0xCC, 0xAE, 0xCC, 0xCF, 0xCC, 0xEF, 0xD4, 0x0F, 0xD5,
    0xEF, 0xD4, 0xCF, 0xCC, 0xCF, 0xCC, 0xEF, 0xD4, 0x0F, 0xD5, 0x30, 0xDD, 0x50, 0xDD, 0x30, 0xD5,
    0x30, 0xDD, 0x50, 0xDD, 0x30, 0xDD, 0x30, 0xDD, 0x50, 0xDD, 0x50, 0xDD, 0x50, 0xDD, 0x30, 0xDD,
    0x30, 0xDD, 0x30, 0xDD, 0x30, 0xDD, 0x30, 0xDD, 0x30, 0xDD, 0x30, 0xDD, 0x30, 0xDD, 0x30, 0xDD,
    0x30, 0xDD, 0x0F, 0xDD, 0x0F, 0xDD, 0x10, 0xDD, 0x30, 0xDD, 0x10, 0xDD, 0x30, 0xDD, 0x10, 0xDD,
    0xF0, 0xD4, 0xAF, 0xCC, 0x6E, 0xC4, 0x10, 0xD5, 0xCF, 0xCC, 0xAF, 0xCC, 0x6E, 0xBC, 0xF0, 0xD4,
    0x51, 0xDD, 0x92, 0xE5, 0xB2, 0xED, 0xD3, 0xED, 0xB2, 0xED, 0x92, 0xED, 0xB2, 0xED, 0xB2, 0xED,
    0x92, 0xED, 0x92, 0xED, 0xB2, 0xED, 0xB2, 0xED, 0x71, 0xE5, 0x71, 0xE5, 0x92, 0xED, 0x30, 0xDD,
    0xEF, 0xD4, 0x10, 0xDD, 0xCF, 0xCC, 0xEF, 0xD4, 0x0F, 0xDD, 0x50, 0xE5, 0x50, 0xE5, 0x0F, 0xDD,
    0x0F, 0xDD, 0x0F, 0xDD, 0xCF, 0xD4, 0x8E, 0xC4, 0x8E, 0xC4, 0x8E, 0xCC, 0xAE, 0xCC, 0xCE, 0xDC,
    0xCE, 0xD4, 0x8D, 0xCC, 0x4D, 0xBC, 0x4D, 0xBC, 0xCB, 0x9B, 0xAB, 0x9B, 0xEC, 0xA3, 0xAB, 0xA3,
    0xAB, 0x9B, 0xAB, 0x9B, 0xAB, 0x93, 0x8B, 0x93, 0x45, 0x6A, 0x66, 0x6A, 0x66, 0x72, 0xA7, 0x7A,
    0x46, 0x6A, 0xA6, 0x7A, 0xE8, 0x82, 0x08, 0x8B, 0x08, 0x8B, 0x29, 0x8B, 0x49, 0x93, 0x69, 0x9B,
    0x69, 0x9B, 0x8A, 0x9B, 0xAA, 0xA3, 0xAA, 0xA3, 0xCA, 0xA3, 0xAA, 0xA3, 0xAA, 0xA3, 0xCA, 0xAB,
    0xCA, 0xAB, 0xCA, 0xAB, 0xCA, 0xAB, 0xCA, 0xAB, 0xCA, 0xAB, 0xEB, 0xAB, 0x0B, 0xB4, 0x0B, 0xB4,
    0x0B, 0xB4, 0x2C, 0xBC, 0x2C, 0xBC, 0x2C, 0xBC, 0x4C, 0xBC, 0x4C, 0xBC, 0x6C, 0xBC, 0x6D, 0xBC,
    0x6D, 0xC4, 0x8D, 0xC4, 0x6D, 0xC4, 0x8D, 0xC4, 0x8D, 0xC4, 0x8D, 0xC4, 0x8D, 0xC4, 0xAD, 0xC4,
    0xAE, 0xCC, 0xCE, 0xCC, 0xCE, 0xCC, 0xAE, 0xCC, 0xAE, 0xCC, 0xCE, 0xCC, 0xCF, 0xCC, 0xEF, 0xD4,
    0xEF, 0xD4, 0xEF, 0xD4, 0xCF, 0xCC, 0xCF, 0xCC, 0x0F, 0xD5, 0x0F, 0xD5, 0x30, 0xDD, 0x30, 0xD5,
    0x30, 0xDD, 0x30, 0xD5, 0x30, 0xDD, 0x30, 0xDD, 0x30, 0xDD, 0x30, 0xDD, 0x30, 0xDD, 0x10, 0xDD,
    0x30, 0xDD, 0x30, 0xDD, 0x30, 0xDD, 0x30, 0xDD, 0x10, 0xDD, 0x10, 0xDD, 0x10, 0xDD, 0x30, 0xDD,
    0x10, 0xDD, 0x0F, 0xD5, 0x10, 0xD5, 0x0F, 0xDD, 0x10, 0xDD, 0x10, 0xDD, 0x30, 0xDD, 0xF0, 0xD4,
    0xEF, 0xD4, 0x8E, 0xC4, 0xEF, 0xD4, 0x10, 0xDD, 0xAF, 0xC4, 0xEF, 0xD4, 0x8F, 0xC4, 0xAF, 0xC4,
    0x51, 0xDD, 0xB2, 0xED, 0xB2, 0xED, 0xB2, 0xED, 0xB2, 0xED, 0xB2, 0xED, 0x92, 0xED, 0x92, 0xE5,
    0x71, 0xE5, 0x92, 0xED, 0x92, 0xED, 0x71, 0xE5, 0x51, 0xE5, 0x92, 0xED, 0x51, 0xE5, 0xCF, 0xD4,
    0x10, 0xDD, 0xCF, 0xCC, 0xCF, 0xCC, 0xEF, 0xD4, 0x2F, 0xE5, 0x50, 0xED, 0x30, 0xE5, 0x0F, 0xDD,
    0x0F, 0xDD, 0xCF, 0xD4, 0x8E, 0xC4, 0x6D, 0xC4, 0x8D, 0xCC, 0x8D, 0xCC, 0xCE, 0xD4, 0xEE, 0xDC,
    0xAE, 0xD4, 0x4D, 0xBC, 0x4D, 0xC4, 0xEC, 0xAB, 0xAB, 0x93, 0xCB, 0x9B, 0xAB, 0x9B, 0xAB, 0x9B,
    0xAB, 0x9B, 0xAB, 0x9B, 0xAB, 0x93, 0x04, 0x62, 0x25, 0x62, 0x45, 0x62, 0x46, 0x6A, 0x25, 0x62,
    0xA7, 0x7A, 0xE8, 0x82, 0xE8, 0x82, 0x08, 0x8B, 0x49, 0x93, 0x6A, 0x93, 0x8A, 0x9B, 0xAA, 0xA3,
    0xAA, 0xA3, 0xAA, 0xA3, 0xAA, 0xA3, 0xCB, 0xAB, 0xAB, 0xA3, 0xAA, 0xA3, 0xCA, 0xAB, 0xCB, 0xAB,
    0xCA, 0xAB, 0xCB, 0xAB, 0xEB, 0xAB, 0xEB, 0xAB, 0xEB, 0xAB, 0x0B, 0xB4, 0x0C, 0xB4, 0x2C, 0xB4,
    0x2C, 0xBC, 0x4C, 0xBC, 0x4C, 0xBC, 0x4C, 0xBC, 0x4C, 0xBC, 0x6C, 0xBC, 0x6D, 0xBC, 0x6D, 0xC4,
    0x6D, 0xC4, 0x6D, 0xC4, 0x8D, 0xC4, 0x8D, 0xC4, 0x8D, 0xC4, 0xAD, 0xC4, 0xAD, 0xCC, 0xAE, 0xCC,
    0xAE, 0xCC, 0xAE, 0xCC, 0xCE, 0xCC, 0xCE, 0xCC, 0xCE, 0xCC, 0xAE, 0xCC, 0xCE, 0xCC, 0xEF, 0xCC,
    0x10, 0xD5, 0x10, 0xD5, 0x10, 0xD5, 0xCF, 0xCC, 0xCE, 0xCC, 0xEF, 0xCC, 0x0F, 0xD5, 0x30, 0xDD,
    0x30, 0xDD, 0x30, 0xDD, 0x30, 0xDD, 0x30, 0xDD, 0x30, 0xDD, 0x30, 0xDD, 0x30, 0xDD, 0x30, 0xDD,
    0x30, 0xDD, 0x30, 0xDD, 0x30, 0xDD, 0x30, 0xDD, 0x10, 0xDD, 0x0F, 0xD5, 0x0F, 0xD5, 0x0F, 0xD5,
    0x0F, 0xD5, 0x0F, 0xDD, 0x0F, 0xD5, 0x10, 0xDD, 0x10, 0xDD, 0x30, 0xDD, 0x10, 0xDD, 0x10, 0xD5,
    0xCF, 0xCC, 0x8E, 0xC4, 0x30, 0xDD, 0x10, 0xDD, 0xAF, 0xC4, 0x10, 0xD5, 0x6E, 0xBC, 0xAF, 0xC4,
    0x71, 0xE5, 0xB2, 0xED, 0xD2, 0xED, 0xB2, 0xED, 0xB2, 0xE5, 0xB2, 0xED, 0x92, 0xED, 0x72, 0xE5,
    0x92, 0xED, 0xB2, 0xED, 0x92, 0xE5, 0x71, 0xE5, 0x91, 0xE5, 0x71, 0xE5, 0x10, 0xDD, 0x30, 0xDD,
    0xF0, 0xD4, 0xAE, 0xCC, 0xEF, 0xD4, 0x2F, 0xE5, 0x50, 0xED, 0x50, 0xE5, 0x2F, 0xDD, 0x0F, 0xDD,
    0xEF, 0xDC, 0xAE, 0xCC, 0x6E, 0xC4, 0xAE, 0xCC, 0x8D, 0xCC, 0xCE, 0xD4, 0xEE, 0xDC, 0xCE, 0xDC,
    0x6D, 0xC4, 0x6D, 0xC4, 0x2D, 0xB4, 0xAB, 0x9B, 0xAB, 0x9B, 0xCB, 0xA3, 0x8B, 0x9B, 0xAB, 0x9B,
    0xAB, 0x9B, 0xAB, 0x9B, 0xA4, 0x49, 0xA4, 0x49, 0xA4, 0x49, 0x83, 0x49, 0x63, 0x41, 0x46, 0x62,
    0x86, 0x72, 0xC7, 0x7A, 0x29, 0x8B, 0x49, 0x93, 0x8A, 0x9B, 0xAA, 0x9B, 0xAA, 0x9B, 0xAA, 0xA3,
    0xCA, 0xA3, 0xCB, 0xA3, 0xCB, 0xAB, 0xAB, 0xA3, 0xCA, 0xA3, 0xEB, 0xAB, 0xCB, 0xAB, 0xEB, 0xAB,
    0xEB, 0xAB, 0xEB, 0xAB, 0x0B, 0xB4, 0xEB, 0xAB, 0x0C, 0xB4, 0x2C, 0xB4, 0x2C, 0xB4, 0x2C, 0xBC,
    0x4C, 0xBC, 0x4C, 0xBC, 0x4C, 0xBC, 0x4C, 0xBC, 0x6C, 0xBC, 0x6D, 0xBC, 0x6D, 0xC4, 0x8D, 0xC4,
    0x8D, 0xC4, 0x8D, 0xC4, 0x8D, 0xC4, 0xAE, 0xC4, 0xAE, 0xC4, 0xAD, 0xCC, 0xAE, 0xCC, 0xCE, 0xCC,
    0xCE, 0xCC, 0xCE, 0xCC, 0xCE, 0xCC, 0xEF, 0xCC, 0xEF, 0xCC, 0xCE, 0xCC, 0xEF, 0xCC, 0xEF, 0xCC,
    0x0F, 0xD5, 0x10, 0xD5, 0x10, 0xD5, 0x10, 0xD5, 0xCF, 0xCC, 0xCF, 0xCC, 0xCF, 0xCC, 0xCF, 0xCC,
    0xEF, 0xD4, 0x0F, 0xD5, 0x30, 0xDD, 0x30, 0xDD, 0x30, 0xDD, 0x30, 0xDD, 0x10, 0xD5, 0x10, 0xD5,
    0x30, 0xDD, 0x30, 0xDD, 0x10, 0xDD, 0x10, 0xD5, 0x10, 0xD5, 0x10, 0xD5, 0x0F, 0xD5, 0x0F, 0xD5,
    0x0F, 0xD5, 0x10, 0xDD, 0x10, 0xD5, 0x10, 0xDD, 0x30, 0xDD, 0x30, 0xDD, 0x10, 0xD5, 0xF0, 0xD4,
    0xAF, 0xCC, 0xF0, 0xCC, 0x71, 0xE5, 0x10, 0xD5, 0xCF, 0xCC, 0x10, 0xD5, 0x8F, 0xC4, 0x6E, 0xBC,
    0x71, 0xE5, 0xB2, 0xED, 0xB2, 0xED, 0xD3, 0xED, 0xB2, 0xED, 0x92, 0xE5, 0x71, 0xE5, 0x51, 0xE5,
    0x92, 0xE5, 0xB2, 0xED, 0x91, 0xE5, 0x91, 0xED, 0x92, 0xED, 0x30, 0xDD, 0x51, 0xDD, 0x30, 0xDD,
    0x8E, 0xC4, 0xCF, 0xD4, 0x0F, 0xDD, 0x4F, 0xED, 0x50, 0xED, 0x30, 0xE5, 0x2F, 0xDD, 0x2F, 0xDD,
    0xEF, 0xDC, 0x8E, 0xCC, 0xAE, 0xCC, 0xAE, 0xD4, 0xAE, 0xCC, 0xEE, 0xDC, 0xEE, 0xDC, 0x8E, 0xCC,
    0x6D, 0xC4, 0x4D, 0xBC, 0xCC, 0x9B, 0xAB, 0x9B, 0xCB, 0xA3, 0xAB, 0x9B, 0xAB, 0x9B, 0xAB, 0x9B,
    0xAB, 0x9B, 0x63, 0x41, 0x63, 0x41, 0x43, 0x39, 0x43, 0x39, 0x43, 0x39, 0x63, 0x41, 0xE5, 0x59,
    0x66, 0x6A, 0xA7, 0x72, 0xE8, 0x82, 0x29, 0x8B, 0x49, 0x93, 0x8A, 0x9B, 0xAA, 0x9B, 0xAB, 0xA3,
    0xCB, 0xA3, 0xCB, 0xAB, 0xAB, 0xA3, 0xCB, 0xA3, 0xCB, 0xAB, 0xCB, 0xAB, 0xCB, 0xAB, 0xEB, 0xAB,
    0xEB, 0xB3, 0xEB, 0xB3, 0x0B, 0xB4, 0x0B, 0xB4, 0x0C, 0xB4, 0x0C, 0xB4, 0x2C, 0xB4, 0x4C, 0xBC,
    0x4C, 0xBC, 0x4C, 0xBC, 0x4C, 0xBC, 0x4C, 0xBC, 0x6D, 0xBC, 0x6D, 0xC4, 0x8D, 0xC4, 0x8D, 0xC4,
    0x6D, 0xC4, 0x8D, 0xC4, 0x8D, 0xC4, 0xAE, 0xCC, 0xAE, 0xC4, 0xAD, 0xCC, 0xAE, 0xCC, 0xCE, 0xCC,
    0xCE, 0xCC, 0xCE, 0xCC, 0xCF, 0xCC, 0xEE, 0xCC, 0xEE, 0xCC, 0xEF, 0xD4, 0x0F, 0xD5, 0xEF, 0xCC,
    0xEF, 0xCC, 0xEF, 0xD4, 0x0F, 0xD5, 0x10, 0xD5, 0x0F, 0xD5, 0xEF, 0xCC, 0xCF, 0xCC, 0x8E, 0xC4,
    0x8E, 0xC4, 0x8E, 0xC4, 0xAE, 0xCC, 0xEF, 0xD4, 0x10, 0xDD, 0x30, 0xDD, 0x10, 0xD5, 0x10, 0xD5,
    0x10, 0xD5, 0x0F, 0xD5, 0x0F, 0xD5, 0x0F, 0xD5, 0x0F, 0xD5, 0xEF, 0xD4, 0xEF, 0xD4, 0xEF, 0xD4,
    0xEF, 0xD4, 0x10, 0xD5, 0xEF, 0xD4, 0x10, 0xD5, 0x10, 0xD5, 0x10, 0xD5, 0xF0, 0xCC, 0xCF, 0xCC,
    0xAF, 0xC4, 0x10, 0xD5, 0x71, 0xE5, 0x31, 0xD5, 0xD0, 0xCC, 0xF0, 0xD4, 0x6E, 0xBC, 0x6E, 0xBC,
    0x31, 0xDD, 0x92, 0xE5, 0xB2, 0xED, 0xD2, 0xED, 0xB2, 0xED, 0x71, 0xE5, 0x51, 0xDD, 0x51, 0xE5,
    0x71, 0xE5, 0x92, 0xED, 0x71, 0xE5, 0x91, 0xED, 0x30, 0xDD, 0x30, 0xD5, 0x51, 0xE5, 0xAF, 0xC4,
    0xAF, 0xCC, 0xEF, 0xD4, 0x2F, 0xE5, 0x30, 0xED, 0x30, 0xE5, 0x30, 0xE5, 0x2F, 0xE5, 0x0F, 0xDD,
    0xCE, 0xD4, 0x8E, 0xC4, 0xCE, 0xD4, 0xAE, 0xD4, 0xCE, 0xD4, 0xEF, 0xDC, 0xAE, 0xD4, 0x4D, 0xC4,
    0x8D, 0xCC, 0xEC, 0xA3, 0x8B, 0x9B, 0xCB, 0xA3, 0xCB, 0xA3, 0xAB, 0x9B, 0x8B, 0x9B, 0xAB, 0x9B,
    0x43, 0x39, 0x22, 0x31, 0x43, 0x39, 0x63, 0x41, 0x22, 0x39, 0x83, 0x41, 0xE5, 0x51, 0x05, 0x62,
    0x25, 0x6A, 0x87, 0x7A, 0xC7, 0x82, 0x08, 0x8B, 0x49, 0x93, 0x6A, 0x9B, 0x8A, 0x9B, 0xAA, 0xA3,
    0xAA, 0xA3, 0xAA, 0xA3, 0xAA, 0xA3, 0xCA, 0xAB, 0xCB, 0xAB, 0xCB, 0xAB, 0xEB, 0xAB, 0xEB, 0xAB,
    0xEB, 0xB3, 0xEB, 0xB3, 0x0B, 0xB4, 0x0B, 0xAC, 0x0C, 0xB4, 0x2C, 0xB4, 0x2C, 0xB4, 0x2C, 0xBC,
    0x4C, 0xBC, 0x4C, 0xBC, 0x4C, 0xBC, 0x6D, 0xBC, 0x6D, 0xC4, 0x8D, 0xC4, 0x8D, 0xC4, 0x8D, 0xC4,
    0x8D, 0xC4, 0x8D, 0xC4, 0x8D, 0xC4, 0xAE, 0xCC, 0xAD, 0xC4, 0xAE, 0xCC, 0xAE, 0xCC, 0xCE, 0xCC,
    0xCE, 0xCC, 0xCE, 0xCC, 0xCE, 0xCC, 0xEE, 0xCC, 0xCE, 0xCC, 0xEF, 0xCC, 0x0F, 0xD5, 0xEF, 0xD4,
    0xEF, 0xCC, 0xEF, 0xCC, 0xEF, 0xD4, 0xEF, 0xD4, 0xEF, 0xD4, 0xEF, 0xD4, 0xEF, 0xCC, 0xCF, 0xCC,
    0x8E, 0xC4, 0x4D, 0xBC, 0x4D, 0xBC, 0x6D, 0xBC, 0x8E, 0xC4, 0xAF, 0xCC, 0xEF, 0xD4, 0x0F, 0xD5,
    0x0F, 0xD5, 0x10, 0xD5, 0x10, 0xD5, 0x0F, 0xD5, 0x0F, 0xD5, 0xEF, 0xD4, 0xEF, 0xD4, 0xEF, 0xD4,
    0xEF, 0xD4, 0xEF, 0xD4, 0xF0, 0xD4, 0xEF, 0xD4, 0xF0, 0xD4, 0xF0, 0xCC, 0xCF, 0xCC, 0x8F, 0xC4,
    0x8F, 0xC4, 0x30, 0xD5, 0x92, 0xE5, 0x10, 0xD5, 0xAF, 0xC4, 0xF0, 0xCC, 0x8F, 0xC4, 0x6E, 0xBC,
    0x30, 0xDD, 0x91, 0xE5, 0x92, 0xE5, 0x92, 0xE5, 0x92, 0xED, 0x51, 0xE5, 0x10, 0xD5, 0x10, 0xD5,
    0x51, 0xDD, 0x91, 0xED, 0x71, 0xED, 0x71, 0xE5, 0x30, 0xDD, 0x30, 0xDD, 0x10, 0xDD, 0xAF, 0xC4,
    0xAE, 0xCC, 0x0F, 0xE5, 0x30, 0xED, 0x50, 0xED, 0x30, 0xE5, 0x4F, 0xE5, 0x0F, 0xDD, 0xEF, 0xDC,
    0x8E, 0xCC, 0xAE, 0xCC, 0xCE, 0xD4, 0xCE, 0xD4, 0xEE, 0xDC, 0xCE, 0xD4, 0x6D, 0xC4, 0x6D, 0xCC,
    0x0C, 0xB4, 0x6B, 0x93, 0xCB, 0xA3, 0xEC, 0xAB, 0xAB, 0x9B, 0x8B, 0x93, 0xAB, 0xA3, 0x02, 0x31,
    0x22, 0x31, 0x22, 0x31, 0x23, 0x39, 0x84, 0x49, 0xC4, 0x51, 0xA4, 0x51, 0xE5, 0x59, 0x26, 0x6A,
    0x46, 0x6A, 0xA7, 0x7A, 0xC7, 0x82, 0x08, 0x8B, 0x29, 0x93, 0x49, 0x9B, 0x69, 0x9B, 0x8A, 0x9B,
    0x8A, 0x9B, 0xAA, 0xA3, 0xCA, 0xA3, 0xCA, 0xAB, 0xCB, 0xAB, 0xCB, 0xAB, 0xEB, 0xAB, 0xEB, 0xB3,
    0xEB, 0xB3, 0x0B, 0xB4, 0x0C, 0xB4, 0x0C, 0xB4, 0x2C, 0xB4, 0x2C, 0xB4, 0x2C, 0xB4, 0x2C, 0xBC,
    0x4C, 0xBC, 0x6C, 0xBC, 0x6D, 0xBC, 0x6D, 0xBC, 0x6D, 0xC4, 0x8D, 0xC4, 0x8D, 0xC4, 0x8D, 0xC4,
    0x8D, 0xC4, 0x8D, 0xC4, 0xAE, 0xC4, 0xAD, 0xC4, 0x8D, 0xC4, 0xAD, 0xCC, 0xAE, 0xCC, 0xCE, 0xCC,
    0xCE, 0xCC, 0xCE, 0xCC, 0xCE, 0xCC, 0xEF, 0xCC, 0xEF, 0xCC, 0x0F, 0xD5, 0xEF, 0xCC, 0xEF, 0xD4,
    0xEF, 0xD4, 0xEF, 0xD4, 0xEF, 0xD4, 0xEF, 0xD4, 0xEF, 0xCC, 0xEF, 0xCC, 0xCF, 0xCC, 0xCF, 0xCC,
    0xCF, 0xCC, 0xCE, 0xCC, 0xAE, 0xCC, 0x6D, 0xBC, 0x2C, 0xB4, 0x2C, 0xB4, 0x2D, 0xB4, 0x2C, 0xBC,
    0x4D, 0xBC, 0x4D, 0xBC, 0x6D, 0xC4, 0x6D, 0xC4, 0x8E, 0xC4, 0xAE, 0xC4, 0xCF, 0xCC, 0xEF, 0xCC,
    0xEF, 0xCC, 0xEF, 0xD4, 0x10, 0xD5, 0x10, 0xD5, 0xF0, 0xCC, 0xCF, 0xCC, 0x8F, 0xC4, 0x8E, 0xBC,
    0x8F, 0xBC, 0xF0, 0xCC, 0x71, 0xDD, 0x31, 0xD5, 0x8F, 0xBC, 0x8E, 0xC4, 0x4E, 0xB4, 0x6E, 0xBC,
    0x30, 0xDD, 0x71, 0xE5, 0x51, 0xDD, 0x30, 0xDD, 0x30, 0xDD, 0x10, 0xDD, 0xF0, 0xD4, 0xF0, 0xD4,
    0x30, 0xD5, 0x71, 0xE5, 0x91, 0xED, 0x50, 0xDD, 0x30, 0xDD, 0x30, 0xE5, 0xCF, 0xCC, 0x8E, 0xC4,
    0x0F, 0xDD, 0x2F, 0xE5, 0x50, 0xED, 0x50, 0xE5, 0x4F, 0xE5, 0x2F, 0xE5, 0x0F, 0xDD, 0xCE, 0xD4,
    0x8E, 0xC4, 0xCE, 0xD4, 0xCE, 0xD4, 0xEE, 0xDC, 0xEE, 0xDC, 0xAE, 0xCC, 0x8D, 0xCC, 0x4D, 0xBC,
    0x8B, 0x9B, 0xAB, 0xA3, 0x0C, 0xAC, 0xAB, 0xA3, 0x8B, 0x9B, 0xAB, 0xA3, 0x42, 0x39, 0x22, 0x39,
    0x22, 0x31, 0x02, 0x31, 0x63, 0x41, 0xA4, 0x51, 0xC4, 0x59, 0xE5, 0x59, 0x05, 0x62, 0x25, 0x6A,
    0x66, 0x72, 0xA7, 0x82, 0xC7, 0x82, 0xE8, 0x8A, 0x29, 0x93, 0x49, 0x9B, 0x69, 0x9B, 0x69, 0x9B,
    0x8A, 0x9B, 0xAA, 0xA3, 0xAA, 0xA3, 0xAA, 0xA3, 0xCB, 0xAB, 0xEB, 0xAB, 0xEB, 0xB3, 0xEB, 0xAB,
    0xEB, 0xB3, 0x0B, 0xB4, 0x0B, 0xB4, 0x0B, 0xB4, 0x2C, 0xB4, 0x2C, 0xBC, 0x2C, 0xB4, 0x2C, 0xB4,
    0x4C, 0xBC, 0x4C, 0xBC, 0x6C, 0xBC, 0x6D, 0xC4, 0x6D, 0xC4, 0x6D, 0xC4, 0x6D, 0xC4, 0x8D, 0xC4,
    0x8D, 0xC4, 0x8D, 0xC4, 0x8D, 0xC4, 0xAD, 0xC4, 0x8E, 0xC4, 0xAE, 0xCC, 0xAE, 0xCC, 0xCE, 0xCC,
    0xCE, 0xCC, 0xCE, 0xCC, 0xCE, 0xCC, 0xEF, 0xCC, 0xEF, 0xD4, 0xEF, 0xD4, 0xEF, 0xCC, 0xEF, 0xD4,
    0xEF, 0xCC, 0xEF, 0xCC, 0xEF, 0xCC, 0xEF, 0xCC, 0xCE, 0xCC, 0xCE, 0xCC, 0xCE, 0xCC, 0xCE, 0xCC,
    0xAE, 0xCC, 0xAE, 0xCC, 0xCE, 0xCC, 0xAE, 0xCC, 0x8D, 0xC4, 0x8D, 0xC4, 0x8D, 0xBC, 0x2C, 0xB4,
    0xEB, 0xAB, 0xEB, 0xAB, 0xAA, 0xA3, 0x8A, 0x9B, 0x8A, 0x9B, 0xAA, 0x9B, 0xAA, 0xA3, 0xCB, 0xA3,
    0xEC, 0xAB, 0x2D, 0xB4, 0x4D, 0xB4, 0x8E, 0xC4, 0x8E, 0xBC, 0x6E, 0xB4, 0x2D, 0xAC, 0x4E, 0xB4,
    0x4E, 0xB4, 0xF0, 0xC4, 0x51, 0xDD, 0x10, 0xCD, 0x0D, 0xAC, 0x4E, 0xB4, 0x4E, 0xB4, 0x0D, 0xAC,
    0xCF, 0xCC, 0x30, 0xDD, 0x10, 0xD5, 0xEF, 0xCC, 0xCF, 0xCC, 0x8F, 0xC4, 0xD0, 0xCC, 0x10, 0xD5,
    0xF0, 0xCC, 0x30, 0xDD, 0x51, 0xE5, 0x30, 0xDD, 0x30, 0xDD, 0x10, 0xDD, 0xAF, 0xC4, 0xCF, 0xD4,
    0x2F, 0xE5, 0x30, 0xED, 0x50, 0xED, 0x50, 0xE5, 0x2F, 0xE5, 0x0F, 0xE5, 0x0F, 0xDD, 0xAE, 0xCC,
    0xAE, 0xCC, 0xCE, 0xD4, 0xCE, 0xD4, 0x0E, 0xDD, 0xCE, 0xD4, 0xAE, 0xCC, 0x8D, 0xC4, 0xAB, 0x9B,
    0x8B, 0x9B, 0x0C, 0xB4, 0xCB, 0xA3, 0x8B, 0x9B, 0xAB, 0xA3, 0x42, 0x39, 0x42, 0x41, 0x63, 0x49,
    0x63, 0x49, 0x63, 0x49, 0x83, 0x49, 0xA4, 0x51, 0xC4, 0x59, 0xE4, 0x59, 0x05, 0x62, 0x25, 0x6A,
    0x66, 0x72, 0xA7, 0x7A, 0xC7, 0x82, 0xE8, 0x8A, 0x08, 0x8B, 0x29, 0x93, 0x49, 0x93, 0x69, 0x9B,
    0x8A, 0x9B, 0x8A, 0xA3, 0x8A, 0xA3, 0xAA, 0xA3, 0xCA, 0xAB, 0xCB, 0xAB, 0xCB, 0xAB, 0xEB, 0xB3,
    0xEB, 0xB3, 0x0B, 0xB4, 0x0B, 0xB4, 0x0C, 0xB4, 0x0C, 0xB4, 0x2C, 0xB4, 0x2C, 0xB4, 0x2C, 0xB4,
    0x2C, 0xB4, 0x2C, 0xBC, 0x4C, 0xBC, 0x6D, 0xBC, 0x6D, 0xBC, 0x6D, 0xBC, 0x6D, 0xC4, 0x8D, 0xC4,
    0x8D, 0xC4, 0x8D, 0xC4, 0x8E, 0xC4, 0x8E, 0xC4, 0xAE, 0xC4, 0xAE, 0xCC, 0xAE, 0xCC, 0xAE, 0xCC,
    0xAE, 0xCC, 0xCE, 0xCC, 0xCE, 0xCC, 0xCE, 0xCC, 0xEE, 0xCC, 0xCF, 0xCC, 0xCE, 0xCC, 0xCE, 0xCC,
    0xCE, 0xCC, 0xCE, 0xCC, 0xAE, 0xCC, 0xAE, 0xCC, 0xAE, 0xCC, 0x8D, 0xCC, 0x8D, 0xC4, 0x6D, 0xC4,
    0x6D, 0xC4, 0x6D, 0xC4, 0x4C, 0xBC, 0x2C, 0xBC, 0x4C, 0xBC, 0x2C, 0xB4, 0xCB, 0xAB, 0xCB, 0xAB,
    0xCB, 0xAB, 0xAB, 0xA3, 0xCB, 0xA3, 0xAA, 0xA3, 0x8A, 0x9B, 0x8A, 0x9B, 0x8A, 0x9B, 0x6A, 0x9B,
    0x6A, 0x93, 0x49, 0x93, 0x49, 0x93, 0x6A, 0x9B, 0x8A, 0x93, 0x6B, 0x93, 0x4A, 0x93, 0x8B, 0x9B,
    0x8B, 0x93, 0xCC, 0xA3, 0x6E, 0xBC, 0xAF, 0xBC, 0xAC, 0x9B, 0xED, 0xA3, 0x0D, 0xAC, 0xEC, 0xA3,
    0x6E, 0xBC, 0xF0, 0xCC, 0xCF, 0xCC, 0x8E, 0xC4, 0xCF, 0xCC, 0xAF, 0xC4, 0xCF, 0xC4, 0xAF, 0xC4,
    0x8E, 0xBC, 0x30, 0xDD, 0x30, 0xDD, 0x10, 0xD5, 0x30, 0xDD, 0xEF, 0xD4, 0x8E, 0xC4, 0x0F, 0xE5,
    0x2F, 0xE5, 0x50, 0xED, 0x2F, 0xE5, 0x2F, 0xE5, 0x2F, 0xE5, 0x0F, 0xE5, 0xCE, 0xD4, 0x8E, 0xCC,
    0xCE, 0xDC, 0xCE, 0xD4, 0xEE, 0xDC, 0xCE, 0xD4, 0xAE, 0xCC, 0x8E, 0xCC, 0xCC, 0xA3, 0x8B, 0x9B,
    0x0C, 0xB4, 0xEC, 0xAB, 0x8B, 0x9B, 0xAB, 0xA3, 0x22, 0x39, 0x22, 0x39, 0x22, 0x39, 0x42, 0x41,
    0x83, 0x51, 0xC4, 0x59, 0xA4, 0x51, 0xA4, 0x51, 0xE4, 0x59, 0x05, 0x62, 0x05, 0x62, 0x25, 0x6A,
    0x66, 0x72, 0x86, 0x7A, 0xC7, 0x82, 0xE8, 0x8A, 0x08, 0x8B, 0x28, 0x93, 0x49, 0x93, 0x49, 0x9B,
    0x69, 0x9B, 0x8A, 0x9B, 0x8A, 0xA3, 0xAA, 0xA3, 0xCA, 0xAB, 0xCA, 0xAB, 0xCA, 0xAB, 0xEB, 0xB3,
    0xEB, 0xB3, 0xEB, 0xB3, 0x0B, 0xB4, 0x0B, 0xB4, 0x0B, 0xAC, 0x2C, 0xB4, 0x2C, 0xB4, 0x2C, 0xBC,
    0x2C, 0xB4, 0x2C, 0xB4, 0x4C, 0xBC, 0x4D, 0xBC, 0x4D, 0xBC, 0x6D, 0xBC, 0x6D, 0xC4, 0x6D, 0xC4,
    0x6D, 0xC4, 0x8D, 0xC4, 0x8D, 0xC4, 0x8E, 0xC4, 0xAE, 0xC4, 0xAE, 0xC4, 0xAE, 0xC4, 0xAE, 0xCC,
    0xAE, 0xCC, 0xAE, 0xCC, 0xAE, 0xCC, 0xCE, 0xCC, 0xCE, 0xCC, 0xAE, 0xCC, 0xAE, 0xCC, 0xAE, 0xCC,
    0xAE, 0xCC, 0xAE, 0xCC, 0x8D, 0xCC, 0x8D, 0xC4, 0x8D, 0xC4, 0x4D, 0xBC, 0x2C, 0xBC, 0x4C, 0xBC,
    0x2C, 0xB4, 0x0C, 0xB4, 0x2C, 0xB4, 0xCB, 0xAB, 0x8A, 0xA3, 0xAB, 0xA3, 0x8A, 0xA3, 0x69, 0x9B,
    0x29, 0x8B, 0x08, 0x8B, 0x29, 0x8B, 0x29, 0x8B, 0x29, 0x8B, 0x08, 0x8B, 0xE8, 0x82, 0xC8, 0x7A,
    0xC7, 0x7A, 0xA7, 0x7A, 0x87, 0x72, 0x66, 0x72, 0x87, 0x72, 0xC8, 0x7A, 0x2A, 0x83, 0x4A, 0x8B,
    0x2A, 0x83, 0x6B, 0x8B, 0xAC, 0x9B, 0xCC, 0xA3, 0x8B, 0x93, 0x0D, 0xAC, 0xED, 0xA3, 0xED, 0xA3,
    0x8E, 0xBC, 0xCF, 0xCC, 0xCF, 0xC4, 0xAF, 0xC4, 0xF0, 0xCC, 0x8E, 0xC4, 0x4E, 0xB4, 0x8E, 0xC4,
    0xAF, 0xBC, 0x30, 0xDD, 0xF0, 0xD4, 0x30, 0xDD, 0x10, 0xDD, 0xAE, 0xCC, 0xCE, 0xD4, 0x50, 0xED,
    0x50, 0xE5, 0x4F, 0xED, 0x2F, 0xE5, 0x4F, 0xE5, 0x2F, 0xE5, 0x0F, 0xDD, 0xAE, 0xCC, 0xCE, 0xD4,
    0xEE, 0xDC, 0xCE, 0xD4, 0xEE, 0xDC, 0xAE, 0xD4, 0xAE, 0xD4, 0x0C, 0xB4, 0x6B, 0x93, 0xEC, 0xAB,
    0xEC, 0xAB, 0xAB, 0x9B, 0x8B, 0x9B, 0x42, 0x41, 0x62, 0x41, 0x62, 0x49, 0x62, 0x41, 0x42, 0x41,
    0x83, 0x49, 0xA4, 0x59, 0xE4, 0x59, 0xE4, 0x61, 0xE4, 0x59, 0x04, 0x62, 0x25, 0x6A, 0x45, 0x6A,
    0x66, 0x72, 0x86, 0x7A, 0xA7, 0x82, 0xE7, 0x82, 0x08, 0x8B, 0x28, 0x93, 0x28, 0x93, 0x29, 0x9B,
    0x49, 0x9B, 0x89, 0xA3, 0x8A, 0xA3, 0xAA, 0xA3, 0xAA, 0xAB, 0xCA, 0xAB, 0xCA, 0xAB, 0xEB, 0xB3,
    0xEB, 0xB3, 0xEB, 0xB3, 0xEB, 0xB3, 0x0B, 0xB4, 0x0B, 0xB4, 0x0C, 0xB4, 0x2C, 0xB4, 0x2C, 0xBC,
    0x4C, 0xBC, 0x4C, 0xBC, 0x4C, 0xBC, 0x4C, 0xBC, 0x4D, 0xBC, 0x6D, 0xBC, 0x6D, 0xBC, 0x8D, 0xC4,
    0x8D, 0xC4, 0x8D, 0xC4, 0x8D, 0xC4, 0x8D, 0xC4, 0x8E, 0xC4, 0xAE, 0xC4, 0xAE, 0xC4, 0xAE, 0xC4,
    0xAE, 0xCC, 0xAE, 0xCC, 0xAE, 0xCC, 0xCE, 0xCC, 0xAE, 0xCC, 0xAE, 0xCC, 0xAE, 0xC4, 0x8D, 0xC4,
    0x8D, 0xC4, 0x6D, 0xC4, 0x6D, 0xC4, 0x4D, 0xBC, 0x2C, 0xB4, 0x2C, 0xB4, 0x0C, 0xB4, 0x2C, 0xB4,
    0xEB, 0xAB, 0xAB, 0xA3, 0xCB, 0xA3, 0x0C, 0xAC, 0x6A, 0x9B, 0x29, 0x93, 0x29, 0x93, 0x28, 0x8B,
    0x29, 0x93, 0x29, 0x93, 0xE8, 0x82, 0xC8, 0x82, 0xC7, 0x7A, 0xA7, 0x7A, 0x87, 0x72, 0x87, 0x72,
    0x67, 0x72, 0x67, 0x6A, 0x67, 0x72, 0x46, 0x6A, 0x67, 0x6A, 0xA8, 0x72, 0x09, 0x7B, 0x2A, 0x83,
    0x4A, 0x8B, 0x8B, 0x93, 0x6B, 0x8B, 0x6B, 0x93, 0x6B, 0x8B, 0xED, 0xA3, 0x0D, 0xAC, 0x0D, 0xA4,
    0xCF, 0xC4, 0xF0, 0xCC, 0xCF, 0xC4, 0xAF, 0xBC, 0xEF, 0xD4, 0x8F, 0xC4, 0x4E, 0xB4, 0x4E, 0xB4,
    0xAF, 0xC4, 0xEF, 0xCC, 0x30, 0xDD, 0x30, 0xDD, 0xEF, 0xD4, 0xAE, 0xCC, 0x2F, 0xE5, 0x50, 0xED,
    0x50, 0xED, 0x50, 0xE5, 0x50, 0xE5, 0x2F, 0xE5, 0x2F, 0xE5, 0xCE, 0xD4, 0xCE, 0xD4, 0xEE, 0xDC,
    0xCE, 0xD4, 0xEE, 0xDC, 0xCE, 0xD4, 0xCE, 0xD4, 0x4D, 0xBC, 0xAB, 0x9B, 0xEC, 0xAB, 0x0C, 0xAC,
    0xCB, 0xA3, 0xAB, 0x9B, 0x63, 0x49, 0x63, 0x41, 0x63, 0x41, 0x83, 0x51, 0xA3, 0x51, 0x83, 0x51,
    0x63, 0x49, 0x83, 0x51, 0xC4, 0x59, 0xA3, 0x59, 0xC4, 0x59, 0x04, 0x62, 0x05, 0x6A, 0x45, 0x72,
    0x45, 0x6A, 0x66, 0x7A, 0x86, 0x7A, 0xC7, 0x82, 0x08, 0x93, 0x28, 0x93, 0x28, 0x93, 0x08, 0x93,
    0x69, 0x9B, 0x69, 0xA3, 0x89, 0xA3, 0x8A, 0xA3, 0xAA, 0xAB, 0xCA, 0xAB, 0xCA, 0xAB, 0xEB, 0xAB,
    0xEB, 0xB3, 0xEB, 0xB3, 0xEB, 0xB3, 0x0B, 0xB4, 0x0C, 0xB4, 0x0C, 0xB4, 0x2C, 0xB4, 0x2C, 0xB4,
    0x2C, 0xBC, 0x4C, 0xBC, 0x4C, 0xBC, 0x4C, 0xBC, 0x4C, 0xBC, 0x4C, 0xBC, 0x6D, 0xBC, 0x6D, 0xBC,
    0x6D, 0xBC, 0x8D, 0xC4, 0x8D, 0xC4, 0x8E, 0xC4, 0xAE, 0xC4, 0xAE, 0xC4, 0xAE, 0xC4, 0xAE, 0xC4,
    0xAE, 0xC4, 0xAE, 0xCC, 0xAE, 0xCC, 0xAE, 0xCC, 0x8D, 0xC4, 0x8D, 0xC4, 0x8D, 0xC4, 0x8D, 0xC4,
    0x8D, 0xC4, 0x6D, 0xBC, 0x2C, 0xBC, 0x2C, 0xB4, 0x0C, 0xB4, 0x0C, 0xB4, 0xEB, 0xAB, 0xCB, 0xAB,
    0xCB, 0xAB, 0xCB, 0xA3, 0x29, 0x93, 0x49, 0x93, 0xAA, 0xA3, 0xAA, 0xA3, 0xAA, 0xA3, 0x49, 0x93,
    0x29, 0x93, 0x49, 0x93, 0x49, 0x93, 0x29, 0x8B, 0x09, 0x8B, 0x29, 0x8B, 0xE8, 0x82, 0xA7, 0x7A,
    0x87, 0x72, 0x67, 0x72, 0x46, 0x6A, 0x67, 0x6A, 0xA7, 0x72, 0xA8, 0x72, 0xE9, 0x7A, 0x2A, 0x83,
    0x4A, 0x8B, 0xCC, 0x9B, 0xCC, 0x9B, 0xCC, 0x9B, 0xAB, 0x93, 0xAB, 0x93, 0xCC, 0xA3, 0xED, 0xA3,
    0x8F, 0xBC, 0xF0, 0xCC, 0xD0, 0xCC, 0xAF, 0xC4, 0xF0, 0xCC, 0xAF, 0xC4, 0x4E, 0xBC, 0x4E, 0xB4,
    0x8E, 0xBC, 0xEF, 0xCC, 0x10, 0xDD, 0x10, 0xDD, 0xCF, 0xCC, 0xCF, 0xD4, 0x70, 0xED, 0x70, 0xED,
    0x70, 0xED, 0x50, 0xE5, 0x4F, 0xED, 0x2F, 0xE5, 0x0F, 0xDD, 0xCE, 0xD4, 0xEE, 0xDC, 0xEE, 0xDC,
    0xEE, 0xDC, 0xEE, 0xDC, 0xCE, 0xD4, 0x8D, 0xC4, 0xCB, 0xA3, 0xEC, 0xAB, 0x0C, 0xB4, 0xCB, 0xA3,
    0xAB, 0xA3, 0xC3, 0x59, 0xC3, 0x59, 0xC3, 0x51, 0xC4, 0x51, 0xC3, 0x59, 0xC3, 0x59, 0xA3, 0x59,
    0x83, 0x51, 0x83, 0x51, 0x83, 0x59, 0xA3, 0x59, 0xC4, 0x59, 0x04, 0x62, 0xE4, 0x61, 0x25, 0x6A,
    0x25, 0x72, 0x65, 0x72, 0x86, 0x7A, 0xE7, 0x8A, 0x07, 0x8B, 0xE7, 0x8A, 0x08, 0x93, 0x28, 0x93,
    0x49, 0x9B, 0x69, 0x9B, 0x69, 0xA3, 0x8A, 0xA3, 0xAA, 0xA3, 0xAA, 0xAB, 0xCA, 0xAB, 0xCA, 0xAB,
    0xEB, 0xAB, 0xEB, 0xB3, 0xEB, 0xB3, 0x0B, 0xB4, 0x0B, 0xB4, 0x0C, 0xB4, 0x2C, 0xB4, 0x0B, 0xB4,
    0x2C, 0xB4, 0x2C, 0xB4, 0x4C, 0xBC, 0x4C, 0xBC, 0x4D, 0xBC, 0x6D, 0xBC, 0x6D, 0xBC, 0x6D, 0xBC,
    0x6D, 0xBC, 0x8D, 0xC4, 0x8D, 0xC4, 0x8D, 0xC4, 0xAE, 0xC4, 0xAE, 0xC4, 0xAE, 0xC4, 0xAE, 0xC4,
    0xAE, 0xCC, 0xCE, 0xCC, 0xAE, 0xCC, 0xAE, 0xC4, 0xAE, 0xC4, 0x8D, 0xC4, 0x6D, 0xC4, 0x4D, 0xBC,
    0x4D, 0xBC, 0x2C, 0xB4, 0x0C, 0xB4, 0x0C, 0xB4, 0xEB, 0xAB, 0xCB, 0xAB, 0xAB, 0xA3, 0x6A, 0x9B,
    0x49, 0x9B, 0xAA, 0xA3, 0xCB, 0xAB, 0xAA, 0xAB, 0xAB, 0xA3, 0x49, 0x9B, 0x49, 0x9B, 0xCB, 0xA3,
    0xCB, 0xA3, 0x6A, 0x93, 0x29, 0x93, 0x29, 0x93, 0x08, 0x8B, 0xC8, 0x82, 0xA7, 0x7A, 0x66, 0x72,
    0x46, 0x6A, 0x66, 0x6A, 0x67, 0x6A, 0x46, 0x6A, 0x87, 0x72, 0xA8, 0x72, 0x09, 0x83, 0x2A, 0x83,
    0x09, 0x83, 0xEC, 0xA3, 0x8E, 0xBC, 0x6E, 0xB4, 0xCC, 0x9B, 0x8B, 0x93, 0x0D, 0xA4, 0xED, 0xA3,
    0x2D, 0xAC, 0xF0, 0xCC, 0x10, 0xD5, 0xCF, 0xC4, 0xCF, 0xCC, 0xAF, 0xCC, 0x4E, 0xB4, 0x4E, 0xB4,
    0x4E, 0xB4, 0xCF, 0xCC, 0x10, 0xDD, 0xEF, 0xDC, 0xAE, 0xCC, 0x30, 0xE5, 0x70, 0xED, 0x70, 0xED,
    0x30, 0xE5, 0x70, 0xED, 0x4F, 0xE5, 0x0F, 0xDD, 0xEF, 0xDC, 0xEE, 0xD4, 0x0E, 0xDD, 0xCE, 0xD4,
    0xEE, 0xD4, 0xEE, 0xD4, 0xAE, 0xCC, 0xEC, 0xAB, 0xEB, 0xAB, 0x0C, 0xB4, 0xCB, 0xA3, 0xAB, 0xA3,
    0x45, 0x6A, 0x45, 0x6A, 0x25, 0x6A, 0x25, 0x6A, 0x04, 0x6A, 0xE4, 0x61, 0xE4, 0x61, 0xC3, 0x61,
    0xC3, 0x59, 0xA3, 0x59, 0xA3, 0x59, 0xA3, 0x59, 0xC3, 0x59, 0xC4, 0x61, 0xE4, 0x61, 0x04, 0x6A,
    0x25, 0x6A, 0x65, 0x7A, 0x86, 0x7A, 0xC7, 0x8A, 0xC7, 0x8A, 0xE7, 0x8A, 0x07, 0x8B, 0x28, 0x93,
    0x48, 0x9B, 0x49, 0x9B, 0x69, 0xA3, 0x89, 0xA3, 0x89, 0xA3, 0xAA, 0xAB, 0xCA, 0xAB, 0xCA, 0xAB,
    0xEA, 0xAB, 0xEB, 0xB3, 0xEB, 0xB3, 0xEB, 0xB3, 0x0B, 0xB4, 0x0B, 0xB4, 0x2B, 0xB4, 0x2C, 0xB4,
    0x2C, 0xB4, 0x2C, 0xB4, 0x4C, 0xB4, 0x4C, 0xBC, 0x4C, 0xBC, 0x6C, 0xBC, 0x6D, 0xBC, 0x6D, 0xC4,
    0x8D, 0xC4, 0x8D, 0xC4, 0x8E, 0xC4, 0xAE, 0xC4, 0xAE, 0xC4, 0xAE, 0xC4, 0xAE, 0xC4, 0xAE, 0xCC,
    0xAE, 0xCC, 0xAE, 0xCC, 0xAE, 0xCC, 0x8E, 0xC4, 0x8D, 0xC4, 0x6D, 0xBC, 0x4D, 0xBC, 0x2C, 0xBC,
    0x4C, 0xBC, 0x0C, 0xB4, 0xEB, 0xAB, 0xCB, 0xAB, 0xEB, 0xAB, 0x8A, 0xA3, 0x6A, 0x9B, 0xEB, 0xAB,
    0xCB, 0xAB, 0xAB, 0xA3, 0x8A, 0xA3, 0x49, 0x9B, 0x8A, 0xA3, 0xCB, 0xAB, 0x6A, 0x9B, 0x49, 0x93,
    0x8A, 0x9B, 0x6A, 0x9B, 0x29, 0x93, 0xC8, 0x82, 0xA7, 0x7A, 0x87, 0x72, 0x46, 0x6A, 0x46, 0x6A,
    0x46, 0x6A, 0x66, 0x6A, 0x87, 0x72, 0xA7, 0x72, 0xA8, 0x72, 0xC8, 0x7A, 0x2A, 0x8B, 0x8B, 0x93,
    0x6B, 0x93, 0xEC, 0xA3, 0xCF, 0xC4, 0x10, 0xD5, 0xAF, 0xC4, 0x0D, 0xA4, 0x0D, 0xA4, 0x0D, 0xAC,
    0x0D, 0xAC, 0xEF, 0xCC, 0x30, 0xDD, 0xF0, 0xCC, 0xEF, 0xCC, 0xEF, 0xCC, 0xAF, 0xC4, 0x2D, 0xAC,
    0x4D, 0xBC, 0xEF, 0xD4, 0xEF, 0xD4, 0xEF, 0xD4, 0xAE, 0xCC, 0x50, 0xE5, 0x70, 0xED, 0x50, 0xE5,
    0x70, 0xE5, 0x70, 0xED, 0x2F, 0xE5, 0x0F, 0xDD, 0xEE, 0xD4, 0x0E, 0xDD, 0xEE, 0xDC, 0xEE, 0xD4,
    0xEE, 0xDC, 0xCE, 0xD4, 0x2C, 0xB4, 0xEB, 0xAB, 0x2C, 0xBC, 0xEB, 0xAB, 0xAB, 0xA3, 0xC7, 0x7A,
    0xA7, 0x7A, 0x87, 0x7A, 0x86, 0x7A, 0x86, 0x7A, 0x66, 0x72, 0x45, 0x72, 0x25, 0x6A, 0x04, 0x6A,
    0xE4, 0x69, 0xC3, 0x61, 0xC3, 0x61, 0xA3, 0x59, 0xC3, 0x59, 0xC4, 0x61, 0x04, 0x6A, 0x04, 0x6A,
    0x45, 0x72, 0x45, 0x72, 0x86, 0x7A, 0xC7, 0x8A, 0xC7, 0x8A, 0xC7, 0x8A, 0x07, 0x93, 0x28, 0x93,
    0x28, 0x9B, 0x48, 0x9B, 0x69, 0xA3, 0x89, 0xA3, 0x89, 0xA3, 0xAA, 0xAB, 0xAA, 0xAB, 0xCA, 0xAB,
    0xCA, 0xAB, 0xEB, 0xAB, 0xEB, 0xB3, 0xEB, 0xB3, 0x0B, 0xB4, 0x0B, 0xB4, 0x0B, 0xB4, 0x2B, 0xB4,
    0x2C, 0xB4, 0x2C, 0xB4, 0x4C, 0xBC, 0x4C, 0xBC, 0x6C, 0xBC, 0x6D, 0xBC, 0x6D, 0xC4, 0x8D, 0xC4,
    0x8D, 0xC4, 0xAE, 0xC4, 0xAE, 0xC4, 0xAE, 0xC4, 0xAE, 0xC4, 0xAE, 0xCC, 0xAE, 0xC4, 0xAE, 0xCC,
    0xAE, 0xCC, 0xAE, 0xCC, 0x8D, 0xC4, 0x8D, 0xC4, 0x6D, 0xC4, 0x4C, 0xBC, 0x2C, 0xB4, 0x4C, 0xBC,
    0x0C, 0xB4, 0xEB, 0xAB, 0xCB, 0xAB, 0xEB, 0xAB, 0xAA, 0xA3, 0xEB, 0xAB, 0xCB, 0xAB, 0xEB, 0xAB,
    0x8A, 0x9B, 0x49, 0x9B, 0x8A, 0x9B, 0x8A, 0xA3, 0x29, 0x93, 0x29, 0x93, 0xAB, 0xA3, 0x6A, 0x9B,
    0x08, 0x8B, 0xC8, 0x82, 0xA7, 0x7A, 0xA7, 0x7A, 0xA7, 0x72, 0xA7, 0x7A, 0xC7, 0x7A, 0xA7, 0x7A,
    0xC7, 0x7A, 0xA7, 0x7A, 0xA7, 0x72, 0xC8, 0x7A, 0xE9, 0x82, 0xE9, 0x82, 0x6A, 0x8B, 0x8B, 0x93,
    0x8B, 0x9B, 0x0C, 0xAC, 0x8E, 0xBC, 0x10, 0xCD, 0x31, 0xD5, 0xCF, 0xC4, 0x8F, 0xB4, 0x6E, 0xB4,
    0x0D, 0xAC, 0xAE, 0xC4, 0xEF, 0xCC, 0x30, 0xD5, 0x10, 0xD5, 0xF0, 0xCC, 0x8E, 0xBC, 0x8E, 0xBC,
    0xAF, 0xCC, 0xAE, 0xC4, 0xEF, 0xD4, 0xEF, 0xD4, 0xEF, 0xD4, 0x70, 0xED, 0x70, 0xED, 0x50, 0xE5,
    0x70, 0xED, 0x50, 0xED, 0x2F, 0xE5, 0x0F, 0xDD, 0xEE, 0xD4, 0x0E, 0xDD, 0xEE, 0xDC, 0xEE, 0xD4,
    0xCE, 0xD4, 0x6D, 0xC4, 0x0C, 0xAC, 0x4D, 0xBC, 0x0C, 0xB4, 0xAB, 0xA3, 0x49, 0x8B, 0x49, 0x93,
    0x29, 0x8B, 0x28, 0x8B, 0x08, 0x8B, 0xE8, 0x82, 0xC7, 0x82, 0x86, 0x7A, 0x65, 0x7A, 0x45, 0x72,
    0x24, 0x72, 0x04, 0x6A, 0xC3, 0x61, 0xA3, 0x59, 0xE3, 0x61, 0xE4, 0x61, 0x04, 0x6A, 0x04, 0x6A,
    0x25, 0x72, 0x45, 0x72, 0x66, 0x7A, 0x86, 0x82, 0x86, 0x82, 0xC7, 0x8A, 0xE7, 0x92, 0x07, 0x93,
    0x28, 0x9B, 0x48, 0x9B, 0x69, 0xA3, 0x69, 0xA3, 0x89, 0xA3, 0xA9, 0xA3, 0xAA, 0xAB, 0xCA, 0xAB,
    0xCB, 0xAB, 0xEA, 0xAB, 0xEB, 0xAB, 0xEB, 0xB3, 0x0B, 0xB4, 0x0B, 0xB4, 0x0B, 0xB4, 0x2C, 0xB4,
    0x4C, 0xBC, 0x2C, 0xBC, 0x4C, 0xBC, 0x6D, 0xBC, 0x6D, 0xBC, 0x6D, 0xC4, 0x8D, 0xC4, 0x8D, 0xC4,
    0xAE, 0xC4, 0xAE, 0xC4, 0xAE, 0xC4, 0xAE, 0xC4, 0xCE, 0xC4, 0xAE, 0xC4, 0xAE, 0xC4, 0xAE, 0xC4,
    0xAE, 0xC4, 0xAE, 0xC4, 0xAE, 0xC4, 0x8D, 0xC4, 0x4C, 0xBC, 0x4D, 0xBC, 0x4D, 0xBC, 0x0C, 0xB4,
    0xEB, 0xAB, 0x0B, 0xB4, 0xEB, 0xAB, 0xCB, 0xAB, 0xCB, 0xAB, 0xCB, 0xAB, 0x8A, 0xA3, 0x49, 0x9B,
    0x49, 0x9B, 0x6A, 0x9B, 0x49, 0x9B, 0x69, 0x9B, 0x8A, 0xA3, 0x69, 0x9B, 0xE8, 0x8A, 0xC8, 0x8A,
    0xE8, 0x82, 0xE8, 0x82, 0xC8, 0x82, 0xA7, 0x7A, 0xE8, 0x82, 0xC8, 0x7A, 0xA7, 0x7A, 0xA7, 0x7A,
    0xC7, 0x7A, 0xC8, 0x7A, 0xE8, 0x82, 0xE8, 0x82, 0x29, 0x8B, 0x09, 0x83, 0x4A, 0x8B, 0x6A, 0x93,
    0xCB, 0x9B, 0x0C, 0xAC, 0x4D, 0xB4, 0xAF, 0xC4, 0x51, 0xDD, 0xF0, 0xCC, 0x8F, 0xBC, 0xAF, 0xC4,
    0x6E, 0xBC, 0x6E, 0xC4, 0x30, 0xDD, 0x71, 0xDD, 0x10, 0xD5, 0xAF, 0xC4, 0x6E, 0xBC, 0xCF, 0xCC,
    0xAE, 0xC4, 0xAE, 0xC4, 0xEF, 0xD4, 0xEF, 0xD4, 0xCE, 0xCC, 0x70, 0xED, 0x50, 0xE5, 0x50, 0xE5,
    0x70, 0xED, 0x2F, 0xE5, 0x0F, 0xDD, 0xEF, 0xD4, 0xEE, 0xDC, 0xEE, 0xDC, 0xCE, 0xD4, 0xEE, 0xDC,
    0x6D, 0xCC, 0x0C, 0xB4, 0x2C, 0xB4, 0x2C, 0xBC, 0xCB, 0xA3, 0x8A, 0x93, 0x8A, 0x9B, 0xAB, 0x9B,
    0xCB, 0x9B, 0xAB, 0x9B, 0xAB, 0x9B, 0x8A, 0x93, 0x29, 0x8B, 0xE8, 0x8A, 0xA6, 0x82, 0x86, 0x7A,
    0x45, 0x7A, 0x04, 0x72, 0xE3, 0x69, 0xE3, 0x69, 0xE3, 0x69, 0xE4, 0x61, 0x04, 0x6A, 0x04, 0x72,
    0x45, 0x7A, 0x25, 0x72, 0x45, 0x7A, 0x85, 0x7A, 0x86, 0x82, 0xA6, 0x82, 0xC7, 0x8A, 0x07, 0x93,
    0x07, 0x93, 0x48, 0x9B, 0x48, 0x9B, 0x69, 0xA3, 0x89, 0xA3, 0x89, 0xA3, 0xAA, 0xAB, 0xAA, 0xAB,
    0xCA, 0xAB, 0xCA, 0xAB, 0xEB, 0xAB, 0xEB, 0xB3, 0x0B, 0xB4, 0x0B, 0xB4, 0x2C, 0xB4, 0x2C, 0xB4,
    0x2C, 0xB4, 0x4C, 0xBC, 0x6C, 0xBC, 0x6D, 0xBC, 0x6D, 0xBC, 0x8D, 0xC4, 0x8D, 0xC4, 0x8D, 0xC4,
    0xAE, 0xC4, 0xAE, 0xC4, 0xAE, 0xC4, 0xAE, 0xC4, 0xAE, 0xC4, 0xAE, 0xC4, 0xAE, 0xC4, 0xAE, 0xC4,
    0x8D, 0xC4, 0x8D, 0xC4, 0x6D, 0xBC, 0x2C, 0xBC, 0x4C, 0xBC, 0x2C, 0xB4, 0xEB, 0xAB, 0xEB, 0xAB,
    0xEB, 0xB3, 0xAA, 0xA3, 0xAA, 0xAB, 0xCA, 0xAB, 0xAB, 0xAB, 0x6A, 0xA3, 0x49, 0x9B, 0x69, 0x9B,
    0x8A, 0xA3, 0x8A, 0xA3, 0x8A, 0xA3, 0x29, 0x93, 0x29, 0x93, 0xE8, 0x8A, 0xE7, 0x8A, 0xE8, 0x82,
    0xC7, 0x82, 0xC8, 0x82, 0x08, 0x8B, 0x08, 0x8B, 0x08, 0x8B, 0x08, 0x8B, 0x29, 0x8B, 0x28, 0x8B,
    0x08, 0x8B, 0x29, 0x8B, 0x29, 0x8B, 0x08, 0x8B, 0x09, 0x8B, 0xE8, 0x82, 0x6A, 0x9B, 0x8A, 0x9B,
    0x8A, 0x9B, 0xCB, 0xA3, 0x4D, 0xB4, 0x6D, 0xBC, 0xCF, 0xC4, 0xF0, 0xCC, 0xCF, 0xC4, 0x6E, 0xBC,
    0x8E, 0xC4, 0x8E, 0xC4, 0x10, 0xD5, 0x51, 0xDD, 0x10, 0xD5, 0x6E, 0xBC, 0xAE, 0xC4, 0xEF, 0xCC,
    0x8E, 0xC4, 0xAE, 0xC4, 0xEF, 0xD4, 0xAE, 0xCC, 0xCF, 0xCC, 0x91, 0xF5, 0x30, 0xDD, 0x50, 0xE5,
    0x4F, 0xED, 0x0F, 0xE5, 0xEE, 0xDC, 0xCE, 0xD4, 0x0E, 0xDD, 0xCE, 0xD4, 0xEE, 0xDC, 0xCE, 0xD4,
    0x2C, 0xB4, 0x2C, 0xB4, 0x2C, 0xBC, 0xEB, 0xAB, 0xEC, 0xA3, 0x0C, 0xAC, 0x0C, 0xAC, 0x0C, 0xAC,
    0x0C, 0xAC, 0x2C, 0xAC, 0x0C, 0xAC, 0xCB, 0x9B, 0x6A, 0x9B, 0x49, 0x93, 0xE7, 0x8A, 0xA6, 0x82,
    0x65, 0x82, 0x45, 0x7A, 0x24, 0x72, 0x04, 0x72, 0x04, 0x6A, 0x04, 0x6A, 0x04, 0x6A, 0x24, 0x72,
    0x24, 0x72, 0x44, 0x72, 0x65, 0x7A, 0x65, 0x7A, 0x85, 0x82, 0xA6, 0x8A, 0xE7, 0x8A, 0xE7, 0x92,
    0x08, 0x93, 0x28, 0x9B, 0x48, 0x9B, 0x69, 0xA3, 0x89, 0xA3, 0x89, 0xA3, 0xAA, 0xAB, 0xAA, 0xAB,
    0xCA, 0xAB, 0xCA, 0xAB, 0xEB, 0xAB, 0xEB, 0xB3, 0x0B, 0xB4, 0x0B, 0xB4, 0x2B, 0xB4, 0x2C, 0xB4,
    0x4C, 0xBC, 0x6C, 0xBC, 0x6D, 0xBC, 0x6D, 0xBC, 0x8D, 0xC4, 0x8D, 0xC4, 0x8D, 0xC4, 0x8D, 0xC4,
    0x8D, 0xC4, 0x8D, 0xC4, 0x8D, 0xC4, 0xAE, 0xC4, 0xAE, 0xC4, 0xAE, 0xC4, 0x8D, 0xC4, 0x8D, 0xC4,
    0x8D, 0xC4, 0x6D, 0xBC, 0x2C, 0xBC, 0x4C, 0xBC, 0x2C, 0xB4, 0xEB, 0xAB, 0x0B, 0xB4, 0xCB, 0xAB,
    0xCB, 0xAB, 0xEB, 0xAB, 0xAA, 0xA3, 0xAA, 0xAB, 0xAA, 0xA3, 0xAA, 0xA3, 0xCA, 0xAB, 0xCB, 0xAB,
    0xCB, 0xAB, 0x6A, 0xA3, 0x49, 0x9B, 0x29, 0x93, 0x28, 0x93, 0x08, 0x93, 0x08, 0x8B, 0x29, 0x93,
    0x29, 0x8B, 0x29, 0x93, 0x69, 0x9B, 0x6A, 0x9B, 0x6A, 0x9B, 0x8A, 0x9B, 0xAA, 0xA3, 0xCA, 0xA3,
    0xEB, 0xAB, 0x0B, 0xB4, 0x0B, 0xB4, 0xEB, 0xAB, 0x8A, 0xA3, 0xCB, 0xA3, 0xEB, 0xAB, 0x0C, 0xB4,
    0x0C, 0xB4, 0xEC, 0xAB, 0x6D, 0xBC, 0x8E, 0xBC, 0xAF, 0xC4, 0xCF, 0xCC, 0xCF, 0xCC, 0x8F, 0xC4,
    0x6E, 0xBC, 0xCF, 0xCC, 0x10, 0xD5, 0x71, 0xDD, 0x10, 0xD5, 0x8E, 0xBC, 0xEF, 0xCC, 0xAE, 0xC4,
    0xAE, 0xC4, 0xCE, 0xCC, 0xCE, 0xD4, 0xCF, 0xD4, 0x2F, 0xDD, 0x90, 0xED, 0x30, 0xD5, 0x2F, 0xE5,
    0x2F, 0xE5, 0xEE, 0xDC, 0xCE, 0xD4, 0xEE, 0xDC, 0xEE, 0xDC, 0xCE, 0xD4, 0xEE, 0xE4, 0x6D, 0xC4,
    0x2C, 0xB4, 0x2C, 0xB4, 0x2C, 0xBC, 0x0C, 0xAC, 0x2C, 0xAC, 0x2D, 0xB4, 0x4D, 0xB4, 0x4D, 0xB4,
    0x4D, 0xB4, 0x4D, 0xB4, 0x4D, 0xB4, 0xEC, 0xA3, 0xCB, 0xA3, 0x8A, 0x9B, 0x28, 0x93, 0xE7, 0x8A,
    0xA6, 0x82, 0x65, 0x7A, 0x65, 0x7A, 0x45, 0x72, 0x24, 0x72, 0x04, 0x72, 0x04, 0x72, 0x24, 0x72,
    0x24, 0x72, 0x45, 0x7A, 0x65, 0x7A, 0x65, 0x7A, 0x85, 0x82, 0xA6, 0x8A, 0xC6, 0x8A, 0xE7, 0x92,
    0x07, 0x93, 0x28, 0x9B, 0x48, 0x9B, 0x68, 0xA3, 0x89, 0xA3, 0x89, 0xA3, 0xAA, 0xA3, 0xAA, 0xAB,
    0xCA, 0xAB, 0xEB, 0xAB, 0xEB, 0xB3, 0xEB, 0xB3, 0x0B, 0xB4, 0x2B, 0xB4, 0x2C, 0xB4, 0x4C, 0xBC,
    0x4C, 0xBC, 0x6D, 0xBC, 0x6D, 0xBC, 0x8D, 0xC4, 0x8D, 0xC4, 0x8D, 0xC4, 0x8D, 0xC4, 0x8D, 0xC4,
    0x8D, 0xC4, 0x8E, 0xC4, 0xAE, 0xC4, 0xAE, 0xC4, 0xAE, 0xC4, 0x8D, 0xC4, 0x8D, 0xC4, 0x8D, 0xC4,
    0x6D, 0xBC, 0x4C, 0xBC, 0x2C, 0xBC, 0x2C, 0xB4, 0x0C, 0xB4, 0x0B, 0xB4, 0xCB, 0xAB, 0x2C, 0xB4,
    0xEB, 0xAB, 0xEB, 0xAB, 0xEB, 0xAB, 0xEB, 0xB3, 0x0B, 0xB4, 0xEB, 0xB3, 0xEB, 0xB3, 0xCB, 0xAB,
    0xCB, 0xAB, 0x8A, 0xA3, 0xAA, 0xA3, 0x69, 0x9B, 0x49, 0x9B, 0x49, 0x9B, 0xAA, 0xA3, 0xAA, 0xA3,
    0x8A, 0xA3, 0xAA, 0xA3, 0xEB, 0xAB, 0xEB, 0xAB, 0x2C, 0xB4, 0x4C, 0xBC, 0x8D, 0xC4, 0x8D, 0xC4,
    0x8D, 0xC4, 0x8D, 0xC4, 0x4C, 0xBC, 0x0B, 0xB4, 0xEB, 0xB3, 0x4C, 0xBC, 0xEB, 0xAB, 0x4C, 0xBC,
    0x6D, 0xC4, 0x6D, 0xBC, 0x8E, 0xC4, 0x8E, 0xC4, 0xAE, 0xC4, 0xEF, 0xD4, 0xEF, 0xD4, 0xCF, 0xCC,
    0xCF, 0xC4, 0xAF, 0xC4, 0xF0, 0xCC, 0x71, 0xDD, 0xF0, 0xC4, 0xEF, 0xCC, 0x0F, 0xD5, 0xAF, 0xCC,
    0x8E, 0xC4, 0xAE, 0xC4, 0xEF, 0xD4, 0x0F, 0xD5, 0x2F, 0xDD, 0x70, 0xED, 0x0F, 0xDD, 0x2F, 0xE5,
    0x0E, 0xDD, 0xCE, 0xD4, 0xEE, 0xDC, 0xEE, 0xDC, 0xCE, 0xD4, 0x0E, 0xDD, 0xCE, 0xD4, 0x4D, 0xBC,
    0x2C, 0xBC, 0x4C, 0xBC, 0x2C, 0xAC, 0x2C, 0xB4, 0x4D, 0xB4, 0x6D, 0xB4, 0x6D, 0xBC, 0x8E, 0xBC,
    0x8E, 0xBC, 0x8E, 0xBC, 0x4D, 0xB4, 0x2C, 0xAC, 0xEB, 0xA3, 0xAA, 0x9B, 0x49, 0x9B, 0x08, 0x93,
    0xE7, 0x8A, 0xA6, 0x82, 0x86, 0x7A, 0x65, 0x7A, 0x45, 0x72, 0x25, 0x72, 0x24, 0x72, 0x45, 0x7A,
    0x45, 0x7A, 0x45, 0x7A, 0x45, 0x7A, 0x65, 0x7A, 0x85, 0x82, 0xA6, 0x8A, 0xC6, 0x8A, 0xE7, 0x92,
    0x07, 0x93, 0x28, 0x9B, 0x48, 0x9B, 0x69, 0xA3, 0x69, 0xA3, 0x89, 0xA3, 0xAA, 0xAB, 0xAA, 0xAB,
    0xCA, 0xAB, 0xEB, 0xAB, 0xEB, 0xB3, 0x0B, 0xB4, 0x0B, 0xB4, 0x2C, 0xB4, 0x4C, 0xBC, 0x4C, 0xBC,
    0x4C, 0xBC, 0x6D, 0xBC, 0x8D, 0xBC, 0x8D, 0xC4, 0x8D, 0xC4, 0x8D, 0xC4, 0x8D, 0xC4, 0x8D, 0xC4,
    0x8D, 0xC4, 0x8D, 0xC4, 0xAE, 0xC4, 0x8D, 0xC4, 0x8D, 0xC4, 0x8D, 0xC4, 0x8D, 0xC4, 0x6D, 0xBC,
    0x4C, 0xBC, 0x4C, 0xBC, 0x2C, 0xB4, 0x2C, 0xB4, 0x0B, 0xB4, 0x0B, 0xB4, 0x0B, 0xB4, 0x0B, 0xB4,
    0x0B, 0xB4, 0x0B, 0xB4, 0x0C, 0xB4, 0xEB, 0xB3, 0x0B, 0xB4, 0xEB, 0xB3, 0xEB, 0xB3, 0xCB, 0xAB,
    0xCA, 0xAB, 0xAA, 0xAB, 0xAA, 0xA3, 0x8A, 0xA3, 0xAA, 0xAB, 0xCB, 0xAB, 0xCB, 0xAB, 0x0B, 0xB4,
    0x2C, 0xB4, 0x4C, 0xBC, 0x4C, 0xBC, 0x6D, 0xBC, 0x8D, 0xC4, 0x6D, 0xC4, 0x8D, 0xC4, 0x8D, 0xC4,
    0x8D, 0xC4, 0x6D, 0xC4, 0x6D, 0xC4, 0x2C, 0xBC, 0x0C, 0xB4, 0x2C, 0xBC, 0xEB, 0xB3, 0xCE, 0xCC,
    0xEF, 0xD4, 0xCE, 0xCC, 0xCE, 0xCC, 0xEF, 0xD4, 0xAE, 0xCC, 0xAE, 0xC4, 0xEF, 0xD4, 0xCF, 0xCC,
    0xAF, 0xC4, 0xCF, 0xC4, 0x10, 0xD5, 0x31, 0xD5, 0xAF, 0xC4, 0x10, 0xD5, 0x0F, 0xD5, 0xCF, 0xCC,
    0x6E, 0xBC, 0x8E, 0xCC, 0x10, 0xDD, 0x30, 0xDD, 0x0F, 0xD5, 0x50, 0xE5, 0x0F, 0xD5, 0x0F, 0xDD,
    0xEE, 0xDC, 0xCE, 0xD4, 0xEE, 0xDC, 0xCE, 0xD4, 0xEE, 0xDC, 0x0E, 0xE5, 0x6D, 0xBC, 0x2C, 0xBC,
    0x4C, 0xBC, 0x2C, 0xAC, 0x4C, 0xB4, 0x6D, 0xB4, 0x8D, 0xBC, 0x8E, 0xBC, 0xAE, 0xBC, 0xAE, 0xBC,
    0xCF, 0xC4, 0xAE, 0xBC, 0x8E, 0xB4, 0x4D, 0xB4, 0x0C, 0xAC, 0xCB, 0xA3, 0x8A, 0x9B, 0x49, 0x93,
    0x08, 0x8B, 0xC7, 0x82, 0xA6, 0x82, 0x86, 0x7A, 0x65, 0x7A, 0x65, 0x7A, 0x45, 0x7A, 0x45, 0x7A,
    0x44, 0x7A, 0x44, 0x7A, 0x45, 0x7A, 0x65, 0x82, 0x85, 0x82, 0xA6, 0x8A, 0xC6, 0x8A, 0xE7, 0x92,
    0x07, 0x93, 0x27, 0x93, 0x48, 0x9B, 0x69, 0xA3, 0x89, 0xA3, 0x89, 0xA3, 0xAA, 0xAB, 0xCA, 0xAB,
    0xCA, 0xAB, 0xEB, 0xAB, 0xEB, 0xB3, 0x0B, 0xB4, 0x0B, 0xB4, 0x2C, 0xB4, 0x4C, 0xBC, 0x4C, 0xBC,
    0x6C, 0xBC, 0x6D, 0xBC, 0x6D, 0xBC, 0x6D, 0xBC, 0x8D, 0xBC, 0x8D, 0xC4, 0x8D, 0xC4, 0x8D, 0xC4,
    0x8D, 0xC4, 0x8D, 0xC4, 0x8D, 0xC4, 0x8D, 0xC4, 0x8D, 0xC4, 0x6D, 0xC4, 0x6C, 0xBC, 0x4C, 0xBC,
    0x4C, 0xBC, 0x2C, 0xB4, 0x2C, 0xB4, 0x0B, 0xB4, 0x2C, 0xB4, 0x0B, 0xB4, 0x0B, 0xB4, 0x0B, 0xB4,
    0x2C, 0xBC, 0x0C, 0xB4, 0x0B, 0xB4, 0x0B, 0xB4, 0x0B, 0xB4, 0xEB, 0xB3, 0xEB, 0xB3, 0xCB, 0xAB,
    0xEB, 0xAB, 0xCB, 0xAB, 0xEB, 0xAB, 0xEB, 0xB3, 0x0B, 0xB4, 0x2C, 0xBC, 0x4C, 0xBC, 0x4C, 0xBC,
    0x6D, 0xBC, 0x8D, 0xC4, 0x8D, 0xC4, 0x8D, 0xC4, 0x8E, 0xC4, 0xAE, 0xC4, 0xAE, 0xC4, 0xAE, 0xCC,
    0xCE, 0xCC, 0xCE, 0xCC, 0x8D, 0xCC, 0x2C, 0xBC, 0x4C, 0xBC, 0x2C, 0xBC, 0x4D, 0xBC, 0x30, 0xDD,
    0x2F, 0xDD, 0x30, 0xDD, 0x71, 0xE5, 0x91, 0xE5, 0x51, 0xDD, 0xEF, 0xD4, 0xEF, 0xD4, 0x10, 0xD5,
    0xCF, 0xC4, 0xCF, 0xC4, 0xEF, 0xD4, 0x8E, 0xC4, 0xAE, 0xBC, 0x0F, 0xD5, 0x0F, 0xDD, 0xAE, 0xC4,
    0x6D, 0xBC, 0xCE, 0xCC, 0x2F, 0xE5, 0x2F, 0xDD, 0x2F, 0xD5, 0x2F, 0xDD, 0xCE, 0xD4, 0xEE, 0xD4,
    0xCE, 0xD4, 0xCE, 0xD4, 0xCE, 0xDC, 0xCE, 0xD4, 0x0E, 0xE5, 0xAE, 0xCC, 0x4C, 0xB4, 0x4C, 0xBC,
    0x0C, 0xAC, 0x4C, 0xB4, 0x6D, 0xBC, 0x8E, 0xBC, 0xAE, 0xBC, 0xCE, 0xC4, 0xCF, 0xC4, 0xEF, 0xC4,
    0xF0, 0xC4, 0xCF, 0xBC, 0xCF, 0xBC, 0xAE, 0xBC, 0x4D, 0xB4, 0x0C, 0xAC, 0xCB, 0xA3, 0x8A, 0x9B,
    0x49, 0x93, 0x08, 0x8B, 0xE7, 0x8A, 0xA6, 0x82, 0x86, 0x82, 0x85, 0x7A, 0x65, 0x7A, 0x65, 0x7A,
    0x45, 0x7A, 0x45, 0x7A, 0x65, 0x7A, 0x85, 0x82, 0x85, 0x82, 0xA6, 0x8A, 0xC6, 0x8A, 0xE7, 0x92,
    0x07, 0x93, 0x28, 0x9B, 0x48, 0x9B, 0x69, 0xA3, 0x89, 0xA3, 0xAA, 0xA3, 0xCA, 0xAB, 0xCA, 0xAB,
    0xEB, 0xAB, 0xEB, 0xB3, 0x0B, 0xB4, 0x2B, 0xB4, 0x2C, 0xB4, 0x4C, 0xBC, 0x4C, 0xBC, 0x6C, 0xBC,
    0x6D, 0xBC, 0x6D, 0xBC, 0x6D, 0xBC, 0x8D, 0xBC, 0x8D, 0xC4, 0x8D, 0xC4, 0x8D, 0xC4, 0x8D, 0xC4,
    0x8D, 0xC4, 0x8D, 0xC4, 0x6D, 0xC4, 0x8D, 0xC4, 0x8D, 0xC4, 0x6D, 0xBC, 0x4C, 0xBC, 0x4C, 0xBC,
    0x4C, 0xBC, 0x2C, 0xBC, 0x2C, 0xB4, 0x2C, 0xBC, 0x2C, 0xBC, 0x2C, 0xBC, 0x2C, 0xBC, 0x2C, 0xBC,
    0x2C, 0xBC, 0x2C, 0xBC, 0x2C, 0xBC, 0x2C, 0xBC, 0x0B, 0xB4, 0x0B, 0xB4, 0x0B, 0xB4, 0x0B, 0xB4,
    0x0B, 0xB4, 0x2C, 0xBC, 0x4C, 0xBC, 0x4C, 0xBC, 0x4C, 0xBC, 0x6D, 0xBC, 0x8D, 0xC4, 0xAE, 0xC4,
    0xAE, 0xC4, 0xAE, 0xC4, 0xCE, 0xCC, 0xCE, 0xCC, 0xCE, 0xCC, 0xEE, 0xCC, 0xEE, 0xCC, 0xCE, 0xCC,
    0xAE, 0xCC, 0xAE, 0xCC, 0xAE, 0xCC, 0x6D, 0xBC, 0x6E, 0xC4, 0x8E, 0xC4, 0x8E, 0xC4, 0x50, 0xE5,
    0x30, 0xDD, 0x50, 0xDD, 0x71, 0xE5, 0xB2, 0xED, 0xD2, 0xF5, 0x91, 0xE5, 0x30, 0xDD, 0x51, 0xDD,
    0x30, 0xD5, 0xEF, 0xCC, 0xCF, 0xCC, 0xAE, 0xC4, 0xCF, 0xCC, 0xAF, 0xC4, 0xAE, 0xC4, 0x8E, 0xC4,
    0xAE, 0xCC, 0xCE, 0xD4, 0x0F, 0xDD, 0x4F, 0xE5, 0x0F, 0xDD, 0xEE, 0xD4, 0xAE, 0xCC, 0xCE, 0xD4,
    0xAD, 0xD4, 0xCE, 0xDC, 0xCE, 0xD4, 0xEE, 0xDC, 0xEE, 0xDC, 0x4D, 0xBC, 0x6D, 0xC4, 0x0C, 0xAC,
    0x2C, 0xB4, 0x4D, 0xB4, 0x8E, 0xBC, 0xAE, 0xC4, 0xCF, 0xC4, 0xEF, 0xC4, 0x10, 0xCD, 0x30, 0xCD,
    0x10, 0xC5, 0x10, 0xC5, 0xF0, 0xC4, 0xCF, 0xBC, 0x8E, 0xB4, 0x4D, 0xB4, 0x0C, 0xAC, 0xCB, 0xA3,
    0x6A, 0x9B, 0x28, 0x93, 0x08, 0x8B, 0xC7, 0x8A, 0xA6, 0x82, 0x86, 0x82, 0x86, 0x7A, 0x65, 0x7A,
    0x65, 0x7A, 0x65, 0x7A, 0x65, 0x82, 0x85, 0x82, 0xA6, 0x82, 0xA6, 0x8A, 0xC6, 0x8A, 0xE7, 0x92,
    0x07, 0x93, 0x48, 0x9B, 0x69, 0x9B, 0x69, 0xA3, 0x89, 0xA3, 0xAA, 0xA3, 0xCA, 0xAB, 0xEB, 0xAB,
    0xEB, 0xB3, 0x0B, 0xB4, 0x2C, 0xB4, 0x2C, 0xB4, 0x4C, 0xBC, 0x4C, 0xBC, 0x6C, 0xBC, 0x6D, 0xBC,
    0x6D, 0xBC, 0x6D, 0xBC, 0x8D, 0xBC, 0x8D, 0xC4, 0x8D, 0xC4, 0x8E, 0xC4, 0x8D, 0xC4, 0x8E, 0xC4,
    0x8D, 0xC4, 0x8D, 0xC4, 0x8D, 0xC4, 0x8D, 0xC4, 0x6D, 0xBC, 0x4C, 0xBC, 0x4C, 0xBC, 0x4C, 0xBC,
    0x4C, 0xBC, 0x4C, 0xBC, 0x2C, 0xBC, 0x4C, 0xBC, 0x2C, 0xBC, 0x4C, 0xBC, 0x4C, 0xBC, 0x4C, 0xBC,
    0x2C, 0xBC, 0x2C, 0xBC, 0x2C, 0xBC, 0x0B, 0xB4, 0x0B, 0xB4, 0x0B, 0xB4, 0x4C, 0xBC, 0x4C, 0xBC,
    0x4C, 0xBC, 0x4D, 0xBC, 0x8D, 0xC4, 0x8D, 0xC4, 0x8D, 0xC4, 0xAE, 0xC4, 0xAE, 0xC4, 0xAE, 0xC4,
    0xCE, 0xCC, 0xEF, 0xCC, 0xEF, 0xCC, 0xEE, 0xCC, 0xEE, 0xCC, 0xEF, 0xCC, 0xEF, 0xCC, 0x0F, 0xD5,
    0x2F, 0xD5, 0x2F, 0xDD, 0xCE, 0xCC, 0x6D, 0xC4, 0xEF, 0xCC, 0xAE, 0xC4, 0xEF, 0xD4, 0x91, 0xED,
    0x71, 0xE5, 0x71, 0xE5, 0x71, 0xE5, 0x92, 0xED, 0xD2, 0xED, 0xB2, 0xE5, 0x51, 0xDD, 0x71, 0xDD,
    0x71, 0xE5, 0x71, 0xE5, 0xEF, 0xCC, 0xEF, 0xCC, 0x30, 0xDD, 0xAE, 0xCC, 0x8E, 0xC4, 0x8E, 0xC4,
    0xAE, 0xCC, 0xEE, 0xD4, 0x2F, 0xDD, 0x50, 0xE5, 0x0F, 0xDD, 0xCE, 0xD4, 0xAD, 0xCC, 0xAD, 0xD4,
    0x8D, 0xD4, 0xCE, 0xD4, 0x0F, 0xDD, 0xEE, 0xDC, 0x8D, 0xCC, 0x6D, 0xC4, 0xCB, 0xA3, 0x0C, 0xAC,
    0x4C, 0xB4, 0x6D, 0xBC, 0xAE, 0xC4, 0xCE, 0xC4, 0xEF, 0xC4, 0x10, 0xCD, 0x30, 0xCD, 0x31, 0xCD,
    0x31, 0xC5, 0x31, 0xC5, 0x10, 0xC5, 0xD0, 0xBC, 0xAF, 0xBC, 0x6E, 0xB4, 0x2C, 0xAC, 0xCB, 0xA3,
    0x8A, 0x9B, 0x49, 0x93, 0x08, 0x8B, 0xE7, 0x8A, 0xC7, 0x82, 0xA6, 0x82, 0x86, 0x82, 0x65, 0x82,
    0x65, 0x7A, 0x65, 0x7A, 0x85, 0x82, 0x86, 0x82, 0xA6, 0x8A, 0xC6, 0x8A, 0xE7, 0x8A, 0xE7, 0x92,
    0x07, 0x93, 0x48, 0x9B, 0x49, 0x9B, 0x89, 0xA3, 0xAA, 0xA3, 0xCA, 0xAB, 0xEB, 0xAB, 0x0B, 0xB4,
    0x0B, 0xB4, 0x2C, 0xB4, 0x4C, 0xB4, 0x4C, 0xBC, 0x4C, 0xBC, 0x6D, 0xBC, 0x6D, 0xBC, 0x6D, 0xBC,
    0x8D, 0xBC, 0x8D, 0xC4, 0x8D, 0xC4, 0x8D, 0xC4, 0x8D, 0xC4, 0x8E, 0xC4, 0x8D, 0xC4, 0x8D, 0xC4,
    0x8D, 0xC4, 0x8D, 0xC4, 0x6D, 0xC4, 0x6D, 0xBC, 0x4C, 0xBC, 0x6D, 0xBC, 0x4C, 0xBC, 0x4C, 0xBC,
    0x4C, 0xBC, 0x4C, 0xBC, 0x4C, 0xBC, 0x4C, 0xBC, 0x4C, 0xBC, 0x4C, 0xBC, 0x4C, 0xBC, 0x2C, 0xBC,
    0x2C, 0xBC, 0x2C, 0xB4, 0x0B, 0xB4, 0x0B, 0xB4, 0x2C, 0xBC, 0x4C, 0xBC, 0x4C, 0xBC, 0x4C, 0xBC,
    0x6D, 0xC4, 0x8D, 0xC4, 0x8D, 0xC4, 0xAE, 0xC4, 0xAE, 0xCC, 0xCE, 0xCC, 0xEE, 0xCC, 0xEE, 0xCC,
    0xEF, 0xCC, 0xCE, 0xCC, 0xEE, 0xCC, 0xEF, 0xCC, 0x0F, 0xD5, 0x0F, 0xD5, 0x0F, 0xD5, 0x0F, 0xD5,
    0x2F, 0xD5, 0x2F, 0xDD, 0xEE, 0xD4, 0xAE, 0xCC, 0x0F, 0xD5, 0x4D, 0xBC, 0x70, 0xE5, 0xF2, 0xF5,
    0xD2, 0xF5, 0xD2, 0xED, 0xB2, 0xED, 0xB2, 0xED, 0xB2, 0xED, 0x91, 0xED, 0x71, 0xE5, 0x50, 0xDD,
    0x50, 0xDD, 0x51, 0xE5, 0x0F, 0xD5, 0x2F, 0xDD, 0xCE, 0xCC, 0xAE, 0xC4, 0xCE, 0xCC, 0xAE, 0xCC,
    0xCE, 0xCC, 0xEF, 0xDC, 0x2F, 0xE5, 0x2F, 0xE5, 0xCE, 0xD4, 0xAD, 0xCC, 0x8D, 0xCC, 0x8D, 0xCC,
    0xAD, 0xD4, 0xEE, 0xDC, 0xEE, 0xDC, 0xAD, 0xD4, 0x6D, 0xBC, 0x28, 0x93, 0x49, 0x9B, 0xAA, 0xA3,
    0xEA, 0xAB, 0x2C, 0xB4, 0x6D, 0xBC, 0xAE, 0xC4, 0x0F, 0xC5, 0x30, 0xCD, 0x31, 0xCD, 0x51, 0xCD,
    0x72, 0xCD, 0x31, 0xC5, 0x11, 0xC5, 0x10, 0xC5, 0xAF, 0xBC, 0x6E, 0xB4, 0x2D, 0xAC, 0xEB, 0xA3,
    0x8A, 0x9B, 0x49, 0x93, 0x08, 0x93, 0xE7, 0x8A, 0xC7, 0x82, 0xA6, 0x82, 0x86, 0x82, 0x85, 0x82,
    0x65, 0x7A, 0x85, 0x82, 0x85, 0x82, 0xA6, 0x82, 0xA6, 0x8A, 0xC6, 0x8A, 0xE7, 0x8A, 0xE7, 0x92,
    0x28, 0x93, 0x48, 0x9B, 0x69, 0xA3, 0x89, 0xA3, 0xCA, 0xAB, 0xEB, 0xAB, 0x0B, 0xB4, 0x0B, 0xB4,
    0x2C, 0xB4, 0x2C, 0xB4, 0x4C, 0xBC, 0x4C, 0xBC, 0x6D, 0xBC, 0x6D, 0xBC, 0x8D, 0xBC, 0x8D, 0xBC,
    0x8D, 0xC4, 0x8D, 0xC4, 0x8D, 0xC4, 0x8D, 0xC4, 0xAE, 0xC4, 0xAE, 0xC4, 0xAE, 0xC4, 0x8D, 0xC4,
    0x8D, 0xC4, 0x6D, 0xBC, 0x6D, 0xBC, 0x6D, 0xBC, 0x6D, 0xBC, 0x6D, 0xBC, 0x4C, 0xBC, 0x6C, 0xBC,
    0x6C, 0xBC, 0x4C, 0xBC, 0x4C, 0xBC, 0x4D, 0xBC, 0x4C, 0xBC, 0x4C, 0xBC, 0x4C, 0xBC, 0x2C, 0xBC,
    0x2C, 0xBC, 0x0B, 0xB4, 0x2C, 0xB4, 0x2C, 0xBC, 0x2C, 0xBC, 0x4C, 0xBC, 0x6D, 0xBC, 0x6D, 0xC4,
    0x8D, 0xC4, 0xAD, 0xC4, 0xAE, 0xC4, 0xCE, 0xCC, 0xCE, 0xCC, 0xEF, 0xCC, 0xEF, 0xCC, 0xEF, 0xCC,
    0x0F, 0xD5, 0x0F, 0xD5, 0x30, 0xD5, 0x0F, 0xD5, 0x0F, 0xD5, 0x30, 0xD5, 0x50, 0xDD, 0x50, 0xDD,
    0x70, 0xE5, 0x50, 0xE5, 0x2F, 0xDD, 0x0F, 0xD5, 0x10, 0xD5, 0x8E, 0xC4, 0x30, 0xDD, 0x71, 0xE5,
    0x91, 0xE5, 0x91, 0xE5, 0x71, 0xE5, 0x71, 0xE5, 0x71, 0xE5, 0x71, 0xE5, 0x71, 0xE5, 0x10, 0xD5,
    0x10, 0xD5, 0x0F, 0xD5, 0x2F, 0xDD, 0x4F, 0xE5, 0xCE, 0xD4, 0x8E, 0xCC, 0x6D, 0xC4, 0x6D, 0xC4,
    0xAE, 0xCC, 0xCE, 0xD4, 0xEE, 0xDC, 0xEE, 0xDC, 0xAE, 0xD4, 0xAD, 0xCC, 0xAD, 0xCC, 0x8D, 0xCC,
    0xAD, 0xD4, 0xEE, 0xDC, 0xEE, 0xDC, 0x8D, 0xC4, 0x45, 0x82, 0x65, 0x82, 0xA6, 0x8A, 0xC7, 0x92,
    0xE7, 0x9A, 0x07, 0x9B, 0x48, 0xA3, 0x89, 0xAB, 0x0B, 0xB4, 0xAE, 0xBC, 0x10, 0xC5, 0x51, 0xC5,
    0x72, 0xCD, 0x52, 0xCD, 0x31, 0xC5, 0xF0, 0xC4, 0xCF, 0xBC, 0x8E, 0xB4, 0x2D, 0xAC, 0xCB, 0xA3,
    0x8A, 0x9B, 0x49, 0x93, 0x08, 0x8B, 0xE7, 0x8A, 0xC7, 0x82, 0xA6, 0x82, 0x86, 0x82, 0x86, 0x82,
    0x85, 0x82, 0x85, 0x82, 0x85, 0x82, 0xA6, 0x82, 0xC6, 0x8A, 0xC6, 0x8A, 0xE7, 0x92, 0x08, 0x93,
    0x48, 0x9B, 0x69, 0x9B, 0x89, 0xA3, 0xAA, 0xAB, 0xEB, 0xAB, 0x0B, 0xB4, 0x2B, 0xB4, 0x2C, 0xB4,
    0x4C, 0xB4, 0x4C, 0xBC, 0x6D, 0xBC, 0x6D, 0xBC, 0x8D, 0xBC, 0x8D, 0xC4, 0x8D, 0xC4, 0x8D, 0xC4,
    0xAD, 0xC4, 0x8D, 0xC4, 0xAE, 0xC4, 0xAE, 0xC4, 0xAE, 0xC4, 0x8E, 0xC4, 0x8D, 0xC4, 0x8D, 0xC4,
    0x8D, 0xC4, 0x6D, 0xBC, 0x6D, 0xBC, 0x6D, 0xBC, 0x6D, 0xBC, 0x6C, 0xBC, 0x6D, 0xBC, 0x6C, 0xBC,
    0x6D, 0xBC, 0x4D, 0xBC, 0x6C, 0xBC, 0x6C, 0xBC, 0x4C, 0xBC, 0x4C, 0xBC, 0x2C, 0xBC, 0x2C, 0xBC,
    0x2C, 0xBC, 0x2C, 0xBC, 0x2C, 0xBC, 0x4C, 0xBC, 0x4C, 0xBC, 0x6C, 0xBC, 0x8D, 0xC4, 0x8D, 0xC4,
    0xAD, 0xC4, 0xCE, 0xCC, 0xEE, 0xCC, 0xEF, 0xCC, 0xEF, 0xCC, 0x0F, 0xD5, 0x0F, 0xD5, 0x0F, 0xD5,
    0x0F, 0xD5, 0x30, 0xD5, 0x30, 0xD5, 0x50, 0xDD, 0x50, 0xDD, 0x50, 0xDD, 0x50, 0xDD, 0x50, 0xDD,
    0x50, 0xDD, 0x50, 0xDD, 0x30, 0xD5, 0xEF, 0xCC, 0xAE, 0xCC, 0xEF, 0xCC, 0x91, 0xED, 0xB2, 0xED,
    0xF2, 0xF5, 0xF3, 0xF5, 0xF3, 0xF5, 0xF2, 0xF5, 0xD2, 0xF5, 0xD2, 0xF5, 0xF2, 0xF5, 0xD2, 0xF5,
    0x91, 0xED, 0x50, 0xDD, 0x90, 0xED, 0x70, 0xED, 0x70, 0xE5, 0xEF, 0xD4, 0x8E, 0xCC, 0xEE, 0xDC,
    0xCE, 0xD4, 0xCE, 0xCC, 0xCE, 0xD4, 0xAD, 0xD4, 0xAD, 0xCC, 0xAD, 0xCC, 0x8D, 0xCC, 0xAD, 0xCC,
    0xCE, 0xD4, 0xCE, 0xD4, 0xCE, 0xD4, 0x28, 0x8B, 0x28, 0x93, 0x29, 0x93, 0x69, 0x93, 0x69, 0x93,
    0x6A, 0x9B, 0x69, 0x9B, 0x69, 0x9B, 0x49, 0x9B, 0x07, 0x9B, 0x68, 0xA3, 0x4D, 0xB4, 0x31, 0xC5,
    0x52, 0xCD, 0x52, 0xC5, 0x31, 0xC5, 0x11, 0xC5, 0xAF, 0xBC, 0x6E, 0xB4, 0x2D, 0xAC, 0xCB, 0xA3,
    0x6A, 0x9B, 0x28, 0x93, 0x08, 0x8B, 0xC7, 0x8A, 0xA6, 0x82, 0xA6, 0x82, 0x86, 0x82, 0x85, 0x82,
    0x85, 0x82, 0x85, 0x82, 0x86, 0x82, 0xA6, 0x82, 0xC6, 0x8A, 0xE7, 0x8A, 0x07, 0x93, 0x28, 0x93,
    0x69, 0x9B, 0x89, 0xA3, 0xAA, 0xA3, 0xCA, 0xAB, 0x0B, 0xB4, 0x2C, 0xB4, 0x2C, 0xB4, 0x4C, 0xBC,
    0x6D, 0xBC, 0x6D, 0xBC, 0x8D, 0xBC, 0x8D, 0xBC, 0x8D, 0xC4, 0x8D, 0xC4, 0xAE, 0xC4, 0xAE, 0xC4,
    0xAE, 0xC4, 0xAE, 0xC4, 0xAE, 0xC4, 0xAE, 0xC4, 0x8E, 0xC4, 0x8E, 0xC4, 0x8D, 0xC4, 0x8D, 0xC4,
    0x8D, 0xC4, 0x6D, 0xBC, 0x6D, 0xBC, 0x6D, 0xBC, 0x6D, 0xBC, 0x6D, 0xBC, 0x6D, 0xBC, 0x6D, 0xBC,
    0x6C, 0xBC, 0x6C, 0xBC, 0x4C, 0xBC, 0x4C, 0xBC, 0x2C, 0xBC, 0x2C, 0xB4, 0x2C, 0xBC, 0x2C, 0xBC,
    0x2C, 0xBC, 0x2C, 0xBC, 0x4C, 0xBC, 0x6C, 0xBC, 0x6D, 0xC4, 0x8D, 0xC4, 0xAD, 0xC4, 0xAE, 0xC4,
    0xCE, 0xCC, 0xEF, 0xCC, 0xEF, 0xCC, 0x0F, 0xD5, 0x0F, 0xD5, 0x30, 0xD5, 0x30, 0xD5, 0x30, 0xD5,
    0x50, 0xDD, 0x51, 0xDD, 0x71, 0xDD, 0x70, 0xDD, 0x71, 0xDD, 0x71, 0xDD, 0x71, 0xDD, 0x70, 0xE5,
    0x71, 0xE5, 0x71, 0xE5, 0x30, 0xD5, 0x30, 0xD5, 0x10, 0xD5, 0x10, 0xD5, 0xB1, 0xED, 0xB1, 0xED,
    0xD2, 0xF5, 0xF3, 0xF5, 0xF3, 0xF5, 0xF3, 0xF5, 0xF2, 0xF5, 0xD2, 0xF5, 0xD2, 0xF5, 0xD2, 0xF5,
    0x71, 0xE5, 0x91, 0xE5, 0x91, 0xED, 0x90, 0xED, 0x90, 0xED, 0x50, 0xE5, 0x0F, 0xDD, 0x2F, 0xE5,
    0x0E, 0xDD, 0xEE, 0xDC, 0xCE, 0xD4, 0xCE, 0xD4, 0x8D, 0xCC, 0xAD, 0xCC, 0xCE, 0xD4, 0xCE, 0xD4,
    0xAD, 0xCC, 0xAD, 0xD4, 0xC4, 0x59, 0xA3, 0x59, 0xA3, 0x59, 0xA3, 0x59, 0xC3, 0x61, 0xC3, 0x61,
    0x04, 0x6A, 0x66, 0x7A, 0xC7, 0x8A, 0x08, 0x93, 0x08, 0x93, 0xE7, 0x92, 0x48, 0x9B, 0xAE, 0xBC,
    0x31, 0xC5, 0x52, 0xC5, 0x32, 0xC5, 0xF0, 0xBC, 0x8E, 0xB4, 0x4D, 0xAC, 0xEC, 0xA3, 0x8A, 0x9B,
    0x49, 0x93, 0x08, 0x8B, 0xE7, 0x8A, 0xA7, 0x82, 0xA6, 0x82, 0x86, 0x82, 0x85, 0x82, 0x65, 0x82,
    0x65, 0x82, 0x85, 0x82, 0x85, 0x82, 0xA6, 0x82, 0xC6, 0x8A, 0xE7, 0x8A, 0x28, 0x93, 0x49, 0x9B,
    0x69, 0xA3, 0xAA, 0xA3, 0xCA, 0xAB, 0xEB, 0xAB, 0x2C, 0xB4, 0x2C, 0xB4, 0x4C, 0xBC, 0x6D, 0xBC,
    0x6D, 0xBC, 0x8D, 0xBC, 0x8D, 0xC4, 0x8D, 0xC4, 0xAE, 0xC4, 0xAE, 0xC4, 0xAE, 0xC4, 0xAE, 0xC4,
    0xAE, 0xC4, 0xAE, 0xC4, 0xCE, 0xC4, 0xAE, 0xC4, 0xAE, 0xC4, 0x8D, 0xC4, 0x8D, 0xC4, 0x6D, 0xBC,
    0x6D, 0xBC, 0x6D, 0xBC, 0x4D, 0xBC, 0x4C, 0xBC, 0x4C, 0xBC, 0x4C, 0xBC, 0x4C, 0xBC, 0x4C, 0xBC,
    0x4C, 0xBC, 0x2C, 0xBC, 0x2C, 0xBC, 0x2C, 0xB4, 0x2C, 0xB4, 0x2C, 0xB4, 0x2C, 0xBC, 0x2C, 0xBC,
    0x2C, 0xBC, 0x4C, 0xBC, 0x4C, 0xBC, 0x6D, 0xC4, 0x8D, 0xC4, 0x8D, 0xC4, 0xAE, 0xC4, 0xCE, 0xCC,
    0xEF, 0xCC, 0xEF, 0xCC, 0x0F, 0xD5, 0x30, 0xD5, 0x30, 0xD5, 0x50, 0xD5, 0x50, 0xD5, 0x50, 0xDD,
    0x71, 0xDD, 0x71, 0xDD, 0x71, 0xDD, 0x91, 0xDD, 0x91, 0xE5, 0x91, 0xE5, 0x91, 0xE5, 0x91, 0xE5,
    0x91, 0xE5, 0x91, 0xE5, 0x50, 0xDD, 0x50, 0xDD, 0xEF, 0xD4, 0x30, 0xD5, 0xB1, 0xED, 0xD2, 0xED,
    0xB2, 0xED, 0xD2, 0xED, 0xD2, 0xF5, 0xF3, 0xF5, 0xF2, 0xF5, 0xD2, 0xF5, 0xD2, 0xF5, 0xB1, 0xED,
    0x50, 0xDD, 0xD1, 0xF5, 0xB1, 0xF5, 0xB1, 0xF5, 0x90, 0xED, 0x4F, 0xE5, 0x0F, 0xDD, 0x0E, 0xDD,
    0xEE, 0xDC, 0xCE, 0xD4, 0xCD, 0xD4, 0xAD, 0xCC, 0x8D, 0xCC, 0x8D, 0xCC, 0xAD, 0xCC, 0xCD, 0xD4,
    0xAD, 0xCC, 0x23, 0x31, 0x43, 0x31, 0x03, 0x29, 0x02, 0x29, 0xA1, 0x18, 0x61, 0x10, 0x20, 0x08,
    0x20, 0x10, 0x60, 0x20, 0xE1, 0x38, 0xC4, 0x59, 0x66, 0x7A, 0x85, 0x8A, 0xC6, 0x92, 0x2C, 0xB4,
    0x31, 0xC5, 0x52, 0xC5, 0x32, 0xC5, 0xD0, 0xBC, 0x6E, 0xB4, 0x2C, 0xAC, 0xCB, 0xA3, 0x69, 0x9B,
    0x28, 0x93, 0xE7, 0x8A, 0xC7, 0x82, 0xA6, 0x82, 0x86, 0x82, 0x85, 0x82, 0x65, 0x7A, 0x65, 0x7A,
    0x65, 0x82, 0x85, 0x82, 0x86, 0x82, 0xA6, 0x8A, 0xE7, 0x8A, 0x08, 0x93, 0x48, 0x9B, 0x69, 0x9B,
    0xAA, 0xA3, 0xCA, 0xAB, 0xEB, 0xAB, 0x2C, 0xB4, 0x4C, 0xBC, 0x6D, 0xBC, 0x6D, 0xBC, 0x8D, 0xBC,
    0x8D, 0xC4, 0xAE, 0xC4, 0xAE, 0xC4, 0xAE, 0xC4, 0xCE, 0xC4, 0xCE, 0xC4, 0xCE, 0xC4, 0xCE, 0xC4,
    0xCE, 0xC4, 0xCE, 0xC4, 0xAE, 0xC4, 0xAD, 0xC4, 0x8D, 0xC4, 0x8D, 0xC4, 0x6D, 0xBC, 0x6D, 0xBC,
    0x4C, 0xBC, 0x4C, 0xBC, 0x4C, 0xBC, 0x4C, 0xBC, 0x4C, 0xBC, 0x4C, 0xBC, 0x2C, 0xBC, 0x2C, 0xB4,
    0x2B, 0xB4, 0x0B, 0xB4, 0x0B, 0xB4, 0x0B, 0xB4, 0x0B, 0xB4, 0x0B, 0xB4, 0x0C, 0xB4, 0x2C, 0xBC,
    0x2C, 0xBC, 0x4C, 0xBC, 0x4C, 0xBC, 0x6D, 0xC4, 0x8D, 0xC4, 0xAD, 0xC4, 0xCE, 0xCC, 0xCE, 0xCC,
    0xEF, 0xCC, 0x0F, 0xCD, 0x0F, 0xD5, 0x2F, 0xD5, 0x30, 0xD5, 0x50, 0xD5, 0x50, 0xD5, 0x51, 0xDD,
    0x51, 0xDD, 0x71, 0xDD, 0x91, 0xDD, 0x91, 0xDD, 0x91, 0xE5, 0x91, 0xE5, 0x91, 0xE5, 0x91, 0xE5,
    0x91, 0xE5, 0x92, 0xE5, 0x71, 0xDD, 0x50, 0xDD, 0xF0, 0xCC, 0x71, 0xE5, 0xB1, 0xF5, 0xB2, 0xED,
    0xD2, 0xED, 0xD2, 0xED, 0xF2, 0xF5, 0xF2, 0xF5, 0xD2, 0xF5, 0xD2, 0xF5, 0xF2, 0xF5, 0x70, 0xE5,
    0x91, 0xE5, 0xF1, 0xFD, 0xD1, 0xF5, 0xB1, 0xF5, 0x90, 0xED, 0x4F, 0xE5, 0x0F, 0xDD, 0x0E, 0xDD,
    0xCD, 0xD4, 0xAD, 0xD4, 0xAD, 0xD4, 0x8D, 0xCC, 0x8D, 0xCC, 0xCD, 0xD4, 0xAD, 0xCC, 0xAD, 0xD4,
    0xA5, 0x31, 0xA6, 0x31, 0x44, 0x29, 0xA2, 0x10, 0x81, 0x10, 0x20, 0x08, 0x00, 0x00, 0x00, 0x00,
    0x00, 0x00, 0x00, 0x00, 0x41, 0x08, 0x40, 0x10, 0xC1, 0x38, 0x83, 0x69, 0x24, 0x8A, 0xEB, 0xAB,
    0x31, 0xC5, 0x52, 0xC5, 0x31, 0xC5, 0xCF, 0xBC, 0x6E, 0xB4, 0xEC, 0xA3, 0x8A, 0x9B, 0x49, 0x93,
    0x08, 0x8B, 0xC7, 0x8A, 0xA6, 0x82, 0x86, 0x82, 0x85, 0x7A, 0x65, 0x7A, 0x65, 0x7A, 0x65, 0x7A,
    0x65, 0x7A, 0x65, 0x82, 0x86, 0x82, 0xC7, 0x8A, 0x08, 0x93, 0x28, 0x9B, 0x69, 0x9B, 0x8A, 0xA3,
    0xCB, 0xAB, 0x0B, 0xB4, 0x2C, 0xB4, 0x4D, 0xBC, 0x6D, 0xBC, 0x8D, 0xC4, 0x8D, 0xC4, 0xAE, 0xC4,
    0xAE, 0xC4, 0xCE, 0xC4, 0xCF, 0xC4, 0xEF, 0xCC, 0xEF, 0xCC, 0xEF, 0xCC, 0xCF, 0xCC, 0xCE, 0xC4,
    0xCE, 0xC4, 0xAE, 0xC4, 0xAE, 0xC4, 0x8D, 0xC4, 0x8D, 0xBC, 0x6D, 0xBC, 0x4C, 0xBC, 0x4C, 0xBC,
    0x2C, 0xBC, 0x2C, 0xBC, 0x2C, 0xB4, 0x2C, 0xB4, 0x2C, 0xB4, 0x0B, 0xB4, 0x0B, 0xB4, 0x0B, 0xB4,
    0x0B, 0xB4, 0xEB, 0xB3, 0xEB, 0xB3, 0xEB, 0xB3, 0xEB, 0xB3, 0xEB, 0xB3, 0x0B, 0xB4, 0x0B, 0xB4,
    0x0B, 0xB4, 0x2C, 0xBC, 0x4C, 0xBC, 0x6D, 0xBC, 0x8D, 0xC4, 0x8D, 0xC4, 0xAD, 0xC4, 0xAE, 0xCC,
    0xCE, 0xCC, 0xCE, 0xCC, 0xEE, 0xCC, 0x0F, 0xD5, 0x30, 0xD5, 0x30, 0xD5, 0x50, 0xD5, 0x71, 0xDD,
    0x71, 0xDD, 0x71, 0xDD, 0x92, 0xDD, 0x72, 0xDD, 0x92, 0xE5, 0xB2, 0xE5, 0x92, 0xE5, 0x92, 0xE5,
    0x92, 0xE5, 0xB2, 0xE5, 0x71, 0xDD, 0x51, 0xDD, 0x10, 0xD5, 0x91, 0xED, 0xD2, 0xF5, 0xD2, 0xF5,
    0xD2, 0xED, 0xD2, 0xED, 0xB2, 0xED, 0xB2, 0xED, 0xB2, 0xED, 0xB1, 0xED, 0x90, 0xED, 0x30, 0xDD,
    0x90, 0xED, 0xB1, 0xED, 0xB1, 0xED, 0x90, 0xED, 0x90, 0xED, 0x4F, 0xE5, 0x0E, 0xDD, 0xEE, 0xDC,
    0xCD, 0xD4, 0xAD, 0xCC, 0xAD, 0xCC, 0xAD, 0xCC, 0xCD, 0xD4, 0xEE, 0xDC, 0xCE, 0xD4, 0x07, 0x42,
    0xA6, 0x31, 0xA2, 0x10, 0x61, 0x08, 0x20, 0x08, 0x00, 0x00, 0x00, 0x00, 0x00, 0x00, 0x00, 0x00,
    0x20, 0x00, 0xA2, 0x10, 0x61, 0x00, 0x21, 0x00, 0x00, 0x08, 0xE1, 0x38, 0x03, 0x82, 0xEB, 0xAB,
    0x11, 0xBD, 0x52, 0xC5, 0x32, 0xC5, 0xAF, 0xB4, 0x2C, 0xAC, 0xCB, 0xA3, 0x6A, 0x9B, 0x28, 0x93,
    0xE7, 0x8A, 0xC7, 0x82, 0x86, 0x82, 0x65, 0x7A, 0x65, 0x7A, 0x45, 0x7A, 0x45, 0x7A, 0x65, 0x7A,
    0x65, 0x7A, 0x86, 0x82, 0xC6, 0x8A, 0xE7, 0x8A, 0x28, 0x93, 0x69, 0x9B, 0x8A, 0xA3, 0xCB, 0xAB,
    0x0C, 0xB4, 0x2C, 0xB4, 0x6D, 0xBC, 0x8D, 0xBC, 0x8E, 0xC4, 0xAE, 0xC4, 0xCE, 0xC4, 0xCE, 0xC4,
    0xEF, 0xCC, 0xEF, 0xCC, 0xEF, 0xCC, 0xEF, 0xCC, 0xEF, 0xCC, 0xEF, 0xCC, 0xEF, 0xCC, 0xCE, 0xCC,
    0xCE, 0xC4, 0xAE, 0xC4, 0x8E, 0xC4, 0x6D, 0xBC, 0x6D, 0xBC, 0x4C, 0xBC, 0x2C, 0xBC, 0x2C, 0xB4,
    0x0B, 0xB4, 0x0B, 0xB4, 0x0B, 0xB4, 0x0B, 0xB4, 0x0B, 0xB4, 0xEB, 0xB3, 0xEB, 0xB3, 0xEB, 0xB3,
    0xCB, 0xB3, 0xEB, 0xB3, 0xEB, 0xB3, 0xCB, 0xB3, 0xEB, 0xB3, 0xEB, 0xB3, 0xEB, 0xB3, 0xEB, 0xB3,
    0xEB, 0xB3, 0xEB, 0xB3, 0xCA, 0xB3, 0x89, 0xAB, 0x68, 0xAB, 0x68, 0xAB, 0x48, 0xAB, 0x48, 0xAB,
    0x48, 0xAB, 0x89, 0xB3, 0xA9, 0xB3, 0xCA, 0xBB, 0x0B, 0xBC, 0x4C, 0xC4, 0x8D, 0xCC, 0xEF, 0xCC,
    0x30, 0xD5, 0x50, 0xD5, 0x51, 0xD5, 0x71, 0xDD, 0x92, 0xDD, 0x92, 0xE5, 0x91, 0xE5, 0x92, 0xE5,
    0x92, 0xE5, 0xB2, 0xE5, 0x71, 0xDD, 0x51, 0xDD, 0x51, 0xDD, 0x91, 0xED, 0xD2, 0xF5, 0xD2, 0xF5,
    0xD2, 0xF5, 0xD2, 0xED, 0xB1, 0xED, 0xD2, 0xED, 0xB1, 0xED, 0x91, 0xED, 0x30, 0xDD, 0x70, 0xE5,
    0x90, 0xED, 0x70, 0xE5, 0x70, 0xE5, 0x50, 0xE5, 0x2F, 0xDD, 0x0F, 0xDD, 0x0E, 0xDD, 0xEE, 0xDC,
    0xCE, 0xD4, 0xCD, 0xD4, 0xAD, 0xD4, 0xAD, 0xD4, 0xCD, 0xD4, 0xEE, 0xDC, 0x69, 0x4A, 0x65, 0x29,
    0x41, 0x08, 0x40, 0x08, 0x20, 0x08, 0x20, 0x08, 0x20, 0x08, 0x20, 0x08, 0x40, 0x08, 0x61, 0x08,
    0x00, 0x00, 0xA8, 0x21, 0x2B, 0x32, 0x00, 0x00, 0x00, 0x00, 0x20, 0x18, 0xA2, 0x71, 0x0B, 0xAC,
    0x31, 0xC5, 0x52, 0xC5, 0x11, 0xBD, 0x6E, 0xB4, 0xEC, 0xA3, 0x8A, 0x9B, 0x49, 0x93, 0x08, 0x93,
    0xC7, 0x8A, 0x86, 0x82, 0x65, 0x7A, 0x45, 0x7A, 0x45, 0x7A, 0x44, 0x7A, 0x45, 0x7A, 0x45, 0x7A,
    0x65, 0x82, 0xA6, 0x82, 0xE7, 0x8A, 0x28, 0x93, 0x69, 0x9B, 0xAA, 0xA3, 0xCA, 0xAB, 0x0B, 0xB4,
    0x2C, 0xB4, 0x6D, 0xBC, 0x8D, 0xC4, 0xAE, 0xC4, 0xAE, 0xC4, 0xCE, 0xC4, 0xEF, 0xCC, 0xEF, 0xCC,
    0x0F, 0xCD, 0x0F, 0xCD, 0x0F, 0xCD, 0xEF, 0xCC, 0xEF, 0xCC, 0xEF, 0xCC, 0xEF, 0xCC, 0xCE, 0xC4,
    0xAE, 0xC4, 0x8D, 0xC4, 0x6D, 0xBC, 0x4C, 0xBC, 0x2C, 0xBC, 0x0C, 0xB4, 0xEB, 0xB3, 0xEB, 0xB3,
    0xEB, 0xB3, 0xEB, 0xB3, 0xEB, 0xB3, 0xEB, 0xB3, 0xEB, 0xB3, 0xCB, 0xAB, 0xAA, 0xAB, 0xAA, 0xAB,
    0xAA, 0xAB, 0xCA, 0xAB, 0xAA, 0xAB, 0xCB, 0xAB, 0xCB, 0xAB, 0x89, 0xA3, 0x07, 0x9B, 0xA6, 0x92,
    0x45, 0x8A, 0x45, 0x82, 0x86, 0x8A, 0xE8, 0x92, 0x29, 0x93, 0x29, 0x93, 0x6A, 0x9B, 0x8B, 0x9B,
    0x8A, 0x9B, 0x6A, 0x9B, 0x49, 0x9B, 0x49, 0xA3, 0x28, 0xA3, 0x07, 0xA3, 0x27, 0xAB, 0x88, 0xB3,
    0xEA, 0xBB, 0x8D, 0xCC, 0x0F, 0xD5, 0x30, 0xD5, 0x50, 0xDD, 0x50, 0xDD, 0x71, 0xDD, 0x92, 0xE5,
    0x92, 0xE5, 0x91, 0xE5, 0x71, 0xE5, 0x71, 0xE5, 0x30, 0xD5, 0x71, 0xE5, 0xD1, 0xF5, 0xD2, 0xF5,
    0xD1, 0xF5, 0xB1, 0xF5, 0xB1, 0xED, 0xB1, 0xED, 0xB1, 0xED, 0x91, 0xED, 0x2F, 0xDD, 0x90, 0xED,
    0x90, 0xED, 0x90, 0xED, 0x90, 0xED, 0x4F, 0xE5, 0x2F, 0xDD, 0x2F, 0xE5, 0x2E, 0xE5, 0x0E, 0xDD,
    0xCE, 0xDC, 0xAD, 0xD4, 0xAD, 0xD4, 0xCD, 0xD4, 0xEE, 0xD4, 0xAA, 0x52, 0x24, 0x21, 0x20, 0x00,
    0x40, 0x08, 0x60, 0x10, 0x60, 0x18, 0x40, 0x10, 0x40, 0x10, 0x61, 0x10, 0x00, 0x00, 0x20, 0x00,
    0x62, 0x08, 0x62, 0x08, 0x0B, 0x2A, 0x2F, 0x4B, 0x82, 0x08, 0x00, 0x10, 0x03, 0x7A, 0x8E, 0xBC,
    0x52, 0xC5, 0x72, 0xC5, 0xF0, 0xBC, 0x4D, 0xB4, 0xCB, 0xA3, 0x8A, 0x9B, 0x28, 0x93, 0xE7, 0x8A,
    0xA6, 0x82, 0x65, 0x7A, 0x45, 0x7A, 0x45, 0x7A, 0x44, 0x7A, 0x45, 0x7A, 0x45, 0x7A, 0x65, 0x7A,
    0x86, 0x82, 0xC7, 0x8A, 0x08, 0x93, 0x69, 0x9B, 0x89, 0xA3, 0xCA, 0xAB, 0x0B, 0xB4, 0x4C, 0xBC,
    0x8D, 0xBC, 0xAE, 0xC4, 0xCE, 0xC4, 0xEF, 0xCC, 0xEF, 0xCC, 0x0F, 0xCD, 0x0F, 0xCD, 0x30, 0xCD,
    0x30, 0xCD, 0x30, 0xD5, 0x10, 0xCD, 0x10, 0xCD, 0xEF, 0xCC, 0xEF, 0xCC, 0xCF, 0xC4, 0xCE, 0xC4,
    0x8D, 0xC4, 0x6D, 0xC4, 0x4C, 0xBC, 0x2C, 0xB4, 0xEB, 0xB3, 0xCB, 0xB3, 0xCA, 0xAB, 0xCA, 0xAB,
    0xCA, 0xAB, 0xCB, 0xAB, 0xCB, 0xAB, 0xCA, 0xAB, 0xAA, 0xAB, 0xAA, 0xAB, 0xAA, 0xAB, 0xAA, 0xAB,
    0xAA, 0xAB, 0xCA, 0xAB, 0x69, 0xA3, 0x86, 0x8A, 0xC3, 0x71, 0xA3, 0x69, 0xE4, 0x69, 0x45, 0x72,
    0x66, 0x7A, 0x87, 0x7A, 0xA7, 0x7A, 0xA7, 0x7A, 0xA7, 0x7A, 0xC8, 0x82, 0x29, 0x8B, 0x4A, 0x93,
    0x6A, 0x93, 0xCC, 0x9B, 0x0D, 0xA4, 0x2D, 0xA4, 0x4E, 0xA4, 0x0D, 0xA4, 0x8A, 0xA3, 0x28, 0xA3,
    0x07, 0xAB, 0x48, 0xB3, 0x0A, 0xC4, 0x8D, 0xCC, 0xEF, 0xD4, 0x30, 0xDD, 0x50, 0xDD, 0x71, 0xDD,
    0x91, 0xE5, 0x92, 0xE5, 0x91, 0xE5, 0x51, 0xDD, 0x50, 0xDD, 0x91, 0xE5, 0xB1, 0xF5, 0xD1, 0xF5,
    0xD1, 0xF5, 0xB1, 0xF5, 0xB1, 0xF5, 0xB1, 0xED, 0x91, 0xED, 0x50, 0xE5, 0x70, 0xE5, 0x90, 0xED,
    0x90, 0xED, 0x70, 0xED, 0x70, 0xED, 0x70, 0xE5, 0x4F, 0xE5, 0x2F, 0xDD, 0x0F, 0xDD, 0x0E, 0xDD,
    0xCE, 0xDC, 0xCD, 0xD4, 0xCD, 0xD4, 0xCD, 0xD4, 0xEB, 0x5A, 0x24, 0x21, 0x20, 0x00, 0x40, 0x08,
    0x80, 0x18, 0x60, 0x10, 0x40, 0x10, 0x20, 0x08, 0x20, 0x00, 0x20, 0x00, 0x62, 0x08, 0x00, 0x00,
    0x42, 0x00, 0x47, 0x19, 0x30, 0x43, 0x87, 0x21, 0x00, 0x00, 0x20, 0x10, 0xC5, 0x92, 0x10, 0xC5,
    0x73, 0xC5, 0x52, 0xC5, 0xAF, 0xBC, 0x2D, 0xAC, 0xCB, 0xA3, 0x49, 0x93, 0x08, 0x8B, 0xC7, 0x82,
    0x65, 0x7A, 0x45, 0x7A, 0x45, 0x7A, 0x45, 0x7A, 0x45, 0x7A, 0x45, 0x7A, 0x65, 0x7A, 0x86, 0x82,
    0xC6, 0x8A, 0x07, 0x93, 0x69, 0x9B, 0x8A, 0xA3, 0xCA, 0xAB, 0x2C, 0xB4, 0x4C, 0xBC, 0x8D, 0xC4,
    0xCE, 0xC4, 0xEF, 0xCC, 0x0F, 0xCD, 0x0F, 0xCD, 0x30, 0xD5, 0x50, 0xD5, 0x50, 0xD5, 0x50, 0xD5,
    0x50, 0xD5, 0x30, 0xD5, 0x30, 0xD5, 0x10, 0xCD, 0x0F, 0xCD, 0xEF, 0xCC, 0xCE, 0xC4, 0xAE, 0xC4,
    0x8D, 0xC4, 0x4C, 0xBC, 0x0B, 0xB4, 0xEB, 0xB3, 0xCA, 0xAB, 0xAA, 0xAB, 0x8A, 0xAB, 0x8A, 0xAB,
    0xAA, 0xAB, 0xAA, 0xAB, 0xAA, 0xAB, 0x8A, 0xAB, 0x89, 0xAB, 0x8A, 0xAB, 0xCA, 0xAB, 0xCA, 0xAB,
    0xA6, 0x8A, 0x42, 0x51, 0x02, 0x41, 0x43, 0x41, 0x23, 0x41, 0xE2, 0x30, 0xC1, 0x28, 0xA1, 0x28,
    0x60, 0x18, 0x60, 0x18, 0x81, 0x20, 0xA1, 0x20, 0x81, 0x20, 0xA1, 0x28, 0x43, 0x41, 0xC4, 0x59,
    0xE5, 0x61, 0x86, 0x72, 0x6A, 0x93, 0xAB, 0x9B, 0x2D, 0xA4, 0x6F, 0xAC, 0x90, 0xAC, 0x2E, 0xA4,
    0x8B, 0xA3, 0x27, 0xA3, 0x26, 0xB3, 0xA9, 0xBB, 0x6D, 0xCC, 0xEF, 0xD4, 0x10, 0xD5, 0x50, 0xDD,
    0x71, 0xE5, 0x71, 0xE5, 0x91, 0xE5, 0x50, 0xDD, 0x91, 0xE5, 0xB1, 0xED, 0xB1, 0xF5, 0xD1, 0xF5,
    0xB1, 0xF5, 0xB1, 0xF5, 0xB1, 0xF5, 0xB1, 0xF5, 0xB1, 0xF5, 0x70, 0xE5, 0x90, 0xED, 0x90, 0xED,
    0x90, 0xED, 0x70, 0xED, 0x70, 0xED, 0x70, 0xED, 0x70, 0xE5, 0x2F, 0xDD, 0x2F, 0xDD, 0x0E, 0xDD,
    0xEE, 0xDC, 0xCD, 0xD4, 0xCD, 0xD4, 0x0C, 0x5B, 0x24, 0x21, 0x20, 0x00, 0x40, 0x08, 0x40, 0x10,
    0x60, 0x18, 0x60, 0x18, 0x40, 0x10, 0x00, 0x00, 0x00, 0x00, 0x20, 0x00, 0x00, 0x00, 0x00, 0x00,
    0x00, 0x00, 0x41, 0x00, 0x0A, 0x32, 0x82, 0x10, 0x00, 0x00, 0xA0, 0x28, 0xEA, 0xB3, 0x52, 0xC5,
    0x73, 0xCD, 0x31, 0xC5, 0x8E, 0xB4, 0xEC, 0xA3, 0x8A, 0x9B, 0x29, 0x93, 0xE7, 0x8A, 0x86, 0x82,
    0x65, 0x7A, 0x45, 0x7A, 0x45, 0x7A, 0x45, 0x7A, 0x45, 0x7A, 0x65, 0x7A, 0x86, 0x82, 0xA6, 0x8A,
    0x07, 0x93, 0x48, 0x9B, 0x8A, 0xA3, 0xEB, 0xAB, 0x2C, 0xB4, 0x6D, 0xBC, 0xAE, 0xC4, 0xCE, 0xCC,
    0xEF, 0xCC, 0x0F, 0xCD, 0x30, 0xD5, 0x50, 0xD5, 0x51, 0xD5, 0x71, 0xD5, 0x71, 0xD5, 0x71, 0xD5,
    0x51, 0xD5, 0x50, 0xD5, 0x30, 0xCD, 0x30, 0xCD, 0xEF, 0xCC, 0xEF, 0xCC, 0xAE, 0xC4, 0x8D, 0xC4,
    0x4D, 0xBC, 0x0C, 0xB4, 0xCB, 0xB3, 0xAA, 0xAB, 0x89, 0xAB, 0x89, 0xA3, 0x8A, 0xAB, 0x8A, 0xAB,
    0x89, 0xAB, 0x69, 0xAB, 0x69, 0xAB, 0x8A, 0xAB, 0xCB, 0xB3, 0x89, 0xAB, 0x04, 0x72, 0xE1, 0x38,
    0xC2, 0x28, 0x23, 0x29, 0xC2, 0x20, 0x40, 0x08, 0x00, 0x00, 0x00, 0x00, 0x00, 0x00, 0x00, 0x00,
    0x00, 0x00, 0x00, 0x00, 0x00, 0x00, 0x21, 0x00, 0x21, 0x00, 0x41, 0x08, 0x40, 0x10, 0x20, 0x10,
    0xA1, 0x20, 0x63, 0x41, 0xA4, 0x51, 0x05, 0x62, 0x08, 0x83, 0x8A, 0x93, 0x2D, 0xA4, 0x6F, 0xAC,
    0x6F, 0xAC, 0xEC, 0xA3, 0x07, 0xA3, 0x07, 0xB3, 0xCA, 0xBB, 0x6D, 0xCC, 0xCE, 0xD4, 0x0F, 0xD5,
    0x30, 0xDD, 0x51, 0xE5, 0x30, 0xDD, 0x30, 0xDD, 0x91, 0xE5, 0x91, 0xED, 0x91, 0xED, 0xB1, 0xF5,
    0xB1, 0xF5, 0xB1, 0xF5, 0xB1, 0xF5, 0xB1, 0xF5, 0x70, 0xED, 0x70, 0xE5, 0x90, 0xED, 0x90, 0xED,
    0x90, 0xED, 0x70, 0xED, 0x70, 0xED, 0x70, 0xED, 0x70, 0xE5, 0x4F, 0xE5, 0x0F, 0xDD, 0xEE, 0xD4,
    0xEE, 0xD4, 0xCE, 0xD4, 0x4C, 0x63, 0x85, 0x29, 0x41, 0x08, 0x81, 0x18, 0x80, 0x18, 0x60, 0x18,
    0x60, 0x18, 0x40, 0x10, 0x00, 0x00, 0x00, 0x00, 0x00, 0x00, 0x00, 0x00, 0x00, 0x00, 0x00, 0x00,
    0x62, 0x08, 0x04, 0x19, 0x61, 0x08, 0x00, 0x00, 0x00, 0x00, 0xC3, 0x61, 0xCE, 0xC4, 0x72, 0xCD,
    0x52, 0xCD, 0xD0, 0xBC, 0x2D, 0xAC, 0xCB, 0xA3, 0x49, 0x93, 0xE8, 0x8A, 0x86, 0x82, 0x65, 0x7A,
    0x45, 0x7A, 0x45, 0x7A, 0x45, 0x7A, 0x45, 0x7A, 0x65, 0x7A, 0x86, 0x82, 0xC6, 0x8A, 0x07, 0x93,
    0x49, 0x9B, 0x8A, 0xA3, 0xEB, 0xB3, 0x2C, 0xBC, 0x6D, 0xBC, 0xAE, 0xC4, 0xEF, 0xCC, 0x0F, 0xD5,
    0x30, 0xD5, 0x50, 0xD5, 0x71, 0xDD, 0x71, 0xDD, 0x71, 0xDD, 0x71, 0xDD, 0x71, 0xDD, 0x71, 0xDD,
    0x51, 0xD5, 0x50, 0xD5, 0x30, 0xCD, 0xEF, 0xCC, 0xEF, 0xCC, 0xCE, 0xC4, 0x8D, 0xC4, 0x4D, 0xBC,
    0x2C, 0xBC, 0xEB, 0xB3, 0xAA, 0xAB, 0x89, 0xA3, 0x69, 0xA3, 0x8A, 0xAB, 0x8A, 0xAB, 0x69, 0xA3,
    0x69, 0xAB, 0x8A, 0xAB, 0x0B, 0xB4, 0x69, 0xA3, 0x83, 0x59, 0xE2, 0x30, 0x24, 0x31, 0xA5, 0x39,
    0x85, 0x39, 0x61, 0x10, 0x00, 0x00, 0x00, 0x00, 0x00, 0x00, 0x00, 0x00, 0x00, 0x00, 0x00, 0x00,
    0x21, 0x00, 0x00, 0x00, 0x67, 0x21, 0xD3, 0x5B, 0x91, 0x5B, 0x6C, 0x42, 0xE9, 0x31, 0x04, 0x21,
    0x40, 0x10, 0x00, 0x08, 0x61, 0x18, 0x84, 0x49, 0xC4, 0x59, 0x46, 0x72, 0x09, 0x93, 0x0C, 0xAC,
    0x8F, 0xB4, 0x6F, 0xAC, 0xEC, 0xAB, 0x27, 0xAB, 0x27, 0xB3, 0xCA, 0xC3, 0x6D, 0xCC, 0xCE, 0xCC,
    0xEF, 0xD4, 0x30, 0xDD, 0x30, 0xDD, 0x50, 0xDD, 0x50, 0xE5, 0x91, 0xED, 0xB1, 0xED, 0xB1, 0xF5,
    0xB1, 0xF5, 0xB1, 0xF5, 0xB1, 0xF5, 0x91, 0xF5, 0x70, 0xE5, 0x90, 0xED, 0x90, 0xED, 0x90, 0xED,
    0x70, 0xED, 0x70, 0xED, 0x70, 0xED, 0x70, 0xED, 0x4F, 0xE5, 0x2F, 0xE5, 0x0F, 0xDD, 0xEE, 0xD4,
    0xCE, 0xD4, 0xAE, 0x73, 0x28, 0x42, 0x61, 0x08, 0x61, 0x10, 0x60, 0x18, 0x60, 0x20, 0x60, 0x18,
    0x40, 0x18, 0x40, 0x10, 0x20, 0x08, 0x20, 0x00, 0x20, 0x08, 0x40, 0x08, 0x40, 0x08, 0x40, 0x08,
    0x20, 0x08, 0x00, 0x00, 0x00, 0x00, 0x00, 0x08, 0x20, 0x18, 0x68, 0xAB, 0x51, 0xCD, 0x72, 0xCD,
    0x11, 0xC5, 0x8E, 0xB4, 0xEC, 0xA3, 0x6A, 0x9B, 0x08, 0x8B, 0xA6, 0x82, 0x65, 0x7A, 0x65, 0x7A,
    0x65, 0x7A, 0x65, 0x7A, 0x65, 0x7A, 0x65, 0x82, 0x86, 0x82, 0xC7, 0x8A, 0x07, 0x93, 0x49, 0x9B,
    0xAA, 0xA3, 0x0B, 0xB4, 0x4C, 0xBC, 0x8D, 0xC4, 0xCE, 0xCC, 0x0F, 0xCD, 0x30, 0xD5, 0x50, 0xD5,
    0x71, 0xDD, 0x91, 0xDD, 0x92, 0xDD, 0xB2, 0xDD, 0xB2, 0xDD, 0xB2, 0xDD, 0x91, 0xDD, 0x71, 0xDD,
    0x71, 0xD5, 0x50, 0xD5, 0x30, 0xD5, 0x0F, 0xCD, 0xCF, 0xCC, 0xAE, 0xC4, 0x6D, 0xBC, 0x2C, 0xBC,
    0xEB, 0xB3, 0xAA, 0xAB, 0x89, 0xA3, 0x89, 0xA3, 0x69, 0xA3, 0x69, 0xAB, 0x89, 0xAB, 0xAA, 0xAB,
    0x2C, 0xBC, 0xAA, 0xAB, 0x63, 0x59, 0x43, 0x41, 0xA5, 0x41, 0x28, 0x52, 0x89, 0x5A, 0x85, 0x31,
    0x00, 0x00, 0x00, 0x00, 0x00, 0x08, 0x20, 0x08, 0x20, 0x10, 0x40, 0x10, 0x41, 0x08, 0xA3, 0x10,
    0x62, 0x08, 0x62, 0x08, 0x2B, 0x32, 0x76, 0x6C, 0x75, 0x74, 0x59, 0x95, 0x55, 0x7C, 0xB0, 0x63,
    0x29, 0x3A, 0x61, 0x10, 0xA2, 0x18, 0xE3, 0x28, 0x43, 0x39, 0x43, 0x49, 0x25, 0x72, 0x28, 0x9B,
    0xEC, 0xAB, 0x6E, 0xB4, 0x6E, 0xB4, 0xEC, 0xAB, 0x48, 0xB3, 0x68, 0xBB, 0xEA, 0xC3, 0x4C, 0xCC,
    0xAE, 0xD4, 0x0F, 0xDD, 0x2F, 0xDD, 0x30, 0xDD, 0x50, 0xDD, 0x91, 0xED, 0x91, 0xED, 0xB1, 0xF5,
    0xB1, 0xF5, 0xB1, 0xF5, 0xB1, 0xF5, 0x91, 0xED, 0x70, 0xED, 0x90, 0xF5, 0x90, 0xED, 0x90, 0xED,
    0x90, 0xED, 0x70, 0xED, 0x70, 0xED, 0x70, 0xED, 0x4F, 0xE5, 0x2F, 0xE5, 0x0F, 0xDD, 0xEE, 0xDC,
    0xCE, 0x7B, 0x2C, 0x63, 0xC3, 0x18, 0x40, 0x08, 0x60, 0x18, 0x80, 0x20, 0x60, 0x20, 0x60, 0x18,
    0x60, 0x18, 0x40, 0x18, 0x40, 0x18, 0x60, 0x18, 0x60, 0x18, 0xA1, 0x18, 0xA1, 0x18, 0x41, 0x08,
    0x00, 0x00, 0x00, 0x00, 0x60, 0x18, 0x00, 0x08, 0xC3, 0x69, 0xEE, 0xCC, 0x31, 0xC5, 0x31, 0xC5,
    0xAF, 0xBC, 0x0C, 0xAC, 0x8A, 0x9B, 0x28, 0x93, 0xC7, 0x8A, 0x86, 0x82, 0x66, 0x7A, 0x65, 0x7A,
    0x65, 0x7A, 0x65, 0x82, 0x86, 0x82, 0xA6, 0x82, 0xE7, 0x8A, 0x28, 0x93, 0x69, 0x9B, 0xCA, 0xAB,
    0x0B, 0xB4, 0x6D, 0xBC, 0xAE, 0xC4, 0xCE, 0xCC, 0x0F, 0xD5, 0x50, 0xD5, 0x71, 0xDD, 0x91, 0xDD,
    0xB2, 0xDD, 0xB2, 0xE5, 0xD2, 0xE5, 0xB2, 0xE5, 0xD2, 0xE5, 0xB2, 0xDD, 0xB2, 0xDD, 0x91, 0xDD,
    0x71, 0xD5, 0x50, 0xD5, 0x30, 0xD5, 0xEF, 0xCC, 0xCE, 0xC4, 0x8D, 0xC4, 0x4C, 0xBC, 0x0B, 0xB4,
    0xAA, 0xAB, 0x89, 0xAB, 0x69, 0xA3, 0x69, 0xAB, 0x8A, 0xAB, 0xAA, 0xB3, 0x2C, 0xBC, 0x0B, 0xB4,
    0x83, 0x61, 0x84, 0x51, 0xE6, 0x59, 0x48, 0x52, 0x0B, 0x6B, 0x2C, 0x6B, 0x24, 0x29, 0x00, 0x00,
    0x20, 0x08, 0x20, 0x10, 0x20, 0x10, 0x20, 0x10, 0x40, 0x10, 0x00, 0x00, 0x82, 0x08, 0xC3, 0x10,
    0x00, 0x00, 0x00, 0x00, 0xA8, 0x29, 0x96, 0x74, 0xBA, 0x9D, 0x38, 0x8D, 0xF2, 0x6B, 0x8B, 0x4A,
    0xE4, 0x20, 0x2D, 0x63, 0x65, 0x31, 0xA2, 0x18, 0xC2, 0x20, 0x23, 0x31, 0x63, 0x51, 0x24, 0x7A,
    0x08, 0x9B, 0xCB, 0xA3, 0x4D, 0xB4, 0x4D, 0xB4, 0xEB, 0xB3, 0x89, 0xB3, 0xA9, 0xBB, 0xEB, 0xC3,
    0x8D, 0xCC, 0xEF, 0xD4, 0x0F, 0xD5, 0x0F, 0xDD, 0x50, 0xE5, 0x91, 0xED, 0x91, 0xED, 0xB1, 0xF5,
    0xB1, 0xF5, 0x91, 0xF5, 0xB1, 0xF5, 0x90, 0xED, 0x90, 0xED, 0x91, 0xF5, 0x91, 0xF5, 0x91, 0xED,
    0x90, 0xED, 0x90, 0xED, 0x70, 0xED, 0x70, 0xED, 0x4F, 0xE5, 0x2F, 0xE5, 0x0E, 0xDD, 0xAE, 0x73,
    0xCF, 0x73, 0x69, 0x42, 0x41, 0x08, 0x40, 0x10, 0x80, 0x18, 0x80, 0x20, 0x80, 0x20, 0x60, 0x20,
    0x60, 0x20, 0x80, 0x20, 0x80, 0x20, 0xC1, 0x28, 0x02, 0x29, 0x81, 0x10, 0x20, 0x08, 0x20, 0x00,
    0x03, 0x21, 0x03, 0x29, 0x20, 0x10, 0xA0, 0x38, 0x2B, 0xBC, 0x31, 0xC5, 0x10, 0xC5, 0xCF, 0xBC,
    0x2D, 0xAC, 0xAA, 0xA3, 0x29, 0x93, 0xC7, 0x8A, 0x86, 0x82, 0x86, 0x82, 0x65, 0x82, 0x65, 0x82,
    0x86, 0x82, 0xA6, 0x82, 0xC7, 0x8A, 0xE7, 0x92, 0x28, 0x9B, 0x69, 0xA3, 0xCA, 0xAB, 0x2C, 0xB4,
    0x6D, 0xBC, 0xAE, 0xC4, 0xEF, 0xCC, 0x30, 0xD5, 0x51, 0xDD, 0x91, 0xDD, 0xB2, 0xE5, 0xD2, 0xE5,
    0xD3, 0xE5, 0xD3, 0xE5, 0xD3, 0xE5, 0xF3, 0xE5, 0xD3, 0xE5, 0xB2, 0xDD, 0xB2, 0xDD, 0x92, 0xDD,
    0x71, 0xD5, 0x30, 0xD5, 0x0F, 0xCD, 0xCF, 0xCC, 0xAE, 0xC4, 0x4D, 0xBC, 0x0B, 0xB4, 0xCA, 0xAB,
    0x89, 0xAB, 0x69, 0xAB, 0x89, 0xAB, 0xAA, 0xB3, 0x4C, 0xBC, 0x4C, 0xBC, 0x05, 0x7A, 0x84, 0x59,
    0x26, 0x62, 0x68, 0x62, 0xCA, 0x6A, 0x8D, 0x7B, 0x6D, 0x73, 0x24, 0x29, 0x00, 0x00, 0x20, 0x10,
    0x20, 0x10, 0x40, 0x10, 0x40, 0x18, 0x20, 0x10, 0x00, 0x00, 0x00, 0x00, 0x20, 0x00, 0x00, 0x00,
    0x41, 0x00, 0x41, 0x08, 0x8C, 0x42, 0xF2, 0x73, 0xAB, 0x52, 0xE2, 0x20, 0x20, 0x10, 0x04, 0x21,
    0xD4, 0x94, 0x51, 0x84, 0xA6, 0x39, 0x03, 0x21, 0xA2, 0x18, 0xC2, 0x20, 0xE2, 0x30, 0x62, 0x61,
    0x04, 0x7A, 0xE7, 0x9A, 0xCA, 0xAB, 0x2D, 0xB4, 0x6D, 0xBC, 0x0B, 0xBC, 0xCA, 0xB3, 0xEB, 0xBB,
    0x4C, 0xC4, 0xAD, 0xCC, 0xCE, 0xD4, 0x2F, 0xDD, 0x50, 0xE5, 0x50, 0xE5, 0x70, 0xED, 0x91, 0xF5,
    0xB1, 0xF5, 0x91, 0xF5, 0x91, 0xED, 0x90, 0xED, 0xB1, 0xF5, 0x91, 0xF5, 0xB1, 0xF5, 0x91, 0xF5,
    0x90, 0xED, 0x90, 0xED, 0x70, 0xED, 0x70, 0xED, 0x4F, 0xE5, 0x2F, 0xE5, 0xCC, 0x93, 0xAD, 0x83,
    0xAE, 0x73, 0xE8, 0x39, 0x41, 0x00, 0x00, 0x00, 0x20, 0x10, 0x40, 0x18, 0x60, 0x18, 0x60, 0x18,
    0x60, 0x18, 0x60, 0x18, 0x81, 0x18, 0x81, 0x10, 0x21, 0x00, 0x00, 0x00, 0xE4, 0x18, 0xE8, 0x39,
    0x03, 0x29, 0x20, 0x10, 0x20, 0x18, 0xA9, 0xAB, 0x51, 0xCD, 0xF0, 0xC4, 0xAF, 0xBC, 0x4D, 0xB4,
    0xAA, 0xA3, 0x28, 0x93, 0xC7, 0x8A, 0xA6, 0x82, 0x86, 0x82, 0x86, 0x82, 0x86, 0x82, 0x86, 0x82,
    0xA6, 0x8A, 0xC7, 0x8A, 0x08, 0x93, 0x48, 0x9B, 0x89, 0xA3, 0xCB, 0xAB, 0x2C, 0xBC, 0x6D, 0xC4,
    0xAE, 0xCC, 0xEF, 0xD4, 0x30, 0xD5, 0x71, 0xDD, 0x92, 0xE5, 0xB2, 0xE5, 0xD3, 0xE5, 0xD3, 0xE5,
    0xF3, 0xE5, 0xF3, 0xE5, 0xF3, 0xE5, 0xF3, 0xE5, 0xD3, 0xE5, 0xB2, 0xDD, 0x92, 0xDD, 0x71, 0xDD,
    0x51, 0xD5, 0x10, 0xD5, 0xEF, 0xCC, 0xAE, 0xC4, 0x6D, 0xBC, 0x0B, 0xB4, 0xCA, 0xB3, 0x89, 0xAB,
    0x69, 0xAB, 0xAA, 0xB3, 0x2C, 0xBC, 0xAD, 0xC4, 0x86, 0x8A, 0x63, 0x69, 0xE6, 0x69, 0x68, 0x6A,
    0xEA, 0x72, 0x0B, 0x73, 0xAD, 0x7B, 0xAE, 0x7B, 0x65, 0x31, 0x00, 0x00, 0x20, 0x10, 0x40, 0x10,
    0x40, 0x18, 0x40, 0x18, 0x40, 0x18, 0x00, 0x00, 0x00, 0x00, 0x00, 0x00, 0x00, 0x00, 0x20, 0x08,
    0x40, 0x10, 0x40, 0x18, 0x60, 0x18, 0x80, 0x20, 0xE1, 0x28, 0xA1, 0x18, 0x66, 0x29, 0xD4, 0x94,
    0x96, 0xAD, 0xB2, 0x94, 0xEB, 0x62, 0x45, 0x29, 0x61, 0x10, 0xC2, 0x18, 0xC2, 0x28, 0x01, 0x49,
    0x62, 0x69, 0x44, 0x8A, 0x27, 0xA3, 0xCA, 0xAB, 0x2C, 0xB4, 0x6D, 0xBC, 0x4C, 0xC4, 0x4C, 0xC4,
    0x4C, 0xC4, 0x8D, 0xCC, 0xCE, 0xD4, 0x0F, 0xDD, 0x30, 0xE5, 0x50, 0xE5, 0x70, 0xE5, 0x90, 0xED,
    0xB1, 0xF5, 0xB1, 0xF5, 0x90, 0xED, 0x90, 0xED, 0xB1, 0xF5, 0xB1, 0xF5, 0xB1, 0xF5, 0x91, 0xF5,
    0x90, 0xED, 0x90, 0xED, 0x70, 0xED, 0x50, 0xED, 0x2F, 0xE5, 0xAB, 0xA3, 0xCB, 0xA3, 0xEC, 0xA3,
    0x0D, 0xA4, 0x2B, 0x7B, 0xE7, 0x49, 0x44, 0x31, 0x03, 0x29, 0x03, 0x29, 0xE2, 0x28, 0x03, 0x29,
    0x64, 0x39, 0xA5, 0x41, 0xA5, 0x41, 0xE6, 0x51, 0x07, 0x52, 0x68, 0x62, 0x06, 0x5A, 0x02, 0x41,
    0x40, 0x20, 0xA0, 0x40, 0x2B, 0xBC, 0x10, 0xCD, 0xEF, 0xC4, 0xAE, 0xBC, 0x4D, 0xB4, 0xAA, 0xA3,
    0x28, 0x93, 0xE7, 0x8A, 0xA6, 0x82, 0xA6, 0x82, 0x86, 0x82, 0x86, 0x82, 0xA6, 0x82, 0xC7, 0x8A,
    0xE7, 0x92, 0x28, 0x93, 0x49, 0x9B, 0xAA, 0xAB, 0xEB, 0xB3, 0x4C, 0xBC, 0x8D, 0xC4, 0xCE, 0xCC,
    0x0F, 0xD5, 0x50, 0xDD, 0x91, 0xDD, 0xB2, 0xE5, 0xD3, 0xE5, 0xF3, 0xE5, 0xF3, 0xE5, 0xF3, 0xE5,
    0x14, 0xEE, 0x14, 0xEE, 0x14, 0xE6, 0xF3, 0xE5, 0xD3, 0xE5, 0xB2, 0xDD, 0x92, 0xDD, 0x51, 0xD5,
    0x30, 0xD5, 0xEF, 0xCC, 0xAE, 0xC4, 0x6D, 0xBC, 0x2C, 0xB4, 0xCA, 0xB3, 0x89, 0xAB, 0xAA, 0xB3,
    0x0B, 0xBC, 0x0F, 0xD5, 0x49, 0xA3, 0x63, 0x71, 0xA5, 0x71, 0x06, 0x6A, 0xA9, 0x72, 0x2B, 0x7B,
    0x6C, 0x7B, 0xCE, 0x83, 0x0F, 0x8C, 0x27, 0x4A, 0x20, 0x08, 0x60, 0x10, 0x60, 0x18, 0x40, 0x18,
    0x60, 0x18, 0x60, 0x18, 0x20, 0x08, 0x00, 0x00, 0x20, 0x00, 0x40, 0x10, 0x40, 0x10, 0x80, 0x20,
    0xA0, 0x28, 0xC1, 0x28, 0xC1, 0x28, 0xC1, 0x28, 0x81, 0x18, 0x4A, 0x42, 0x76, 0xAD, 0xB7, 0xB5,
    0x75, 0xAD, 0xF3, 0x9C, 0xCF, 0x7B, 0xC6, 0x39, 0xA2, 0x18, 0x61, 0x10, 0xC2, 0x28, 0xE2, 0x38,
    0x01, 0x51, 0x82, 0x79, 0x85, 0x92, 0x28, 0xA3, 0xA9, 0xAB, 0x0B, 0xB4, 0x4C, 0xBC, 0x4C, 0xBC,
    0x6C, 0xC4, 0x8D, 0xCC, 0xAD, 0xD4, 0x0F, 0xDD, 0x4F, 0xED, 0x70, 0xED, 0x70, 0xE5, 0x70, 0xE5,
    0x91, 0xED, 0xB1, 0xF5, 0x91, 0xED, 0xB1, 0xF5, 0xB1, 0xF5, 0xB1, 0xF5, 0xB1, 0xF5, 0x90, 0xF5,
    0x90, 0xED, 0x90, 0xED, 0x70, 0xED, 0x4F, 0xE5, 0xAA, 0xA3, 0xAA, 0xA3, 0xAA, 0xA3, 0xCA, 0xAB,
    0x0B, 0xB4, 0xEB, 0xB3, 0xEB, 0xB3, 0x0C, 0xAC, 0xCB, 0xA3, 0xCB, 0xA3, 0x2C, 0xB4, 0x2D, 0xB4,
    0x4D, 0xBC, 0x6E, 0xBC, 0xAF, 0xC4, 0x8E, 0xBC, 0x0C, 0xB4, 0x69, 0xA3, 0x86, 0x8A, 0xE3, 0x79,
    0xE7, 0x92, 0xEF, 0xC4, 0x10, 0xC5, 0xCF, 0xC4, 0x8E, 0xBC, 0x2C, 0xB4, 0xAA, 0xA3, 0x28, 0x93,
    0xE7, 0x8A, 0xA6, 0x82, 0xA6, 0x82, 0xA6, 0x82, 0xA6, 0x82, 0xC6, 0x8A, 0xE7, 0x8A, 0x08, 0x93,
    0x28, 0x9B, 0x69, 0xA3, 0xCA, 0xAB, 0x0B, 0xB4, 0x4C, 0xBC, 0xAD, 0xC4, 0xEE, 0xCC, 0x2F, 0xD5,
    0x70, 0xDD, 0x91, 0xE5, 0xD2, 0xE5, 0xF3, 0xE5, 0xF3, 0xED, 0x14, 0xEE, 0x14, 0xEE, 0x13, 0xEE,
    0x14, 0xEE, 0x14, 0xEE, 0xF3, 0xE5, 0xF3, 0xE5, 0xD3, 0xE5, 0x92, 0xDD, 0x71, 0xDD, 0x30, 0xD5,
    0x0F, 0xCD, 0xCE, 0xC4, 0x6D, 0xBC, 0x0B, 0xBC, 0xCA, 0xB3, 0xA9, 0xB3, 0xCA, 0xB3, 0xAD, 0xC4,
    0xEF, 0xCC, 0xA4, 0x79, 0xCA, 0x8A, 0x89, 0x8A, 0x26, 0x72, 0xA8, 0x7A, 0x2B, 0x83, 0x8D, 0x83,
    0xCE, 0x83, 0x2F, 0x8C, 0x4C, 0x73, 0x81, 0x10, 0x40, 0x10, 0x60, 0x18, 0x40, 0x18, 0x60, 0x18,
    0x60, 0x20, 0x40, 0x18, 0x40, 0x18, 0x40, 0x18, 0x60, 0x18, 0x60, 0x18, 0x80, 0x20, 0xA0, 0x28,
    0xA0, 0x28, 0xA0, 0x28, 0xC1, 0x20, 0xE3, 0x20, 0xF0, 0x73, 0xF8, 0xB5, 0xD7, 0xB5, 0xB7, 0xB5,
    0x75, 0xAD, 0x34, 0xA5, 0xB2, 0x94, 0xEB, 0x6A, 0xA2, 0x20, 0x61, 0x10, 0x81, 0x18, 0x81, 0x20,
    0x01, 0x51, 0x21, 0x69, 0xE3, 0x81, 0x85, 0x9A, 0x07, 0xA3, 0x68, 0xAB, 0xCA, 0xB3, 0x2B, 0xBC,
    0x6C, 0xC4, 0x8D, 0xCC, 0xAD, 0xD4, 0x0F, 0xDD, 0x4F, 0xED, 0x70, 0xED, 0x70, 0xED, 0x70, 0xE5,
    0x91, 0xED, 0x91, 0xED, 0x91, 0xED, 0xD1, 0xF5, 0xB1, 0xF5, 0xB1, 0xF5, 0xB1, 0xF5, 0x91, 0xF5,
    0x90, 0xED, 0x70, 0xED, 0x70, 0xED, 0x2C, 0xB4, 0x2C, 0xB4, 0x0C, 0xB4, 0xEB, 0xAB, 0x2C, 0xB4,
    0x2B, 0xB4, 0x2C, 0xBC, 0x4C, 0xBC, 0x6D, 0xBC, 0x8D, 0xC4, 0xAE, 0xC4, 0xEF, 0xC4, 0xF0, 0xCC,
    0x11, 0xCD, 0x11, 0xC5, 0xF0, 0xC4, 0x8F, 0xBC, 0xEC, 0xAB, 0x49, 0x9B, 0x28, 0x9B, 0x4D, 0xB4,
    0xEF, 0xC4, 0xEF, 0xC4, 0xAF, 0xC4, 0x6D, 0xBC, 0x0C, 0xB4, 0xAA, 0xA3, 0x28, 0x93, 0xE7, 0x8A,
    0xC6, 0x8A, 0xA6, 0x82, 0xA6, 0x82, 0xA6, 0x8A, 0xC7, 0x8A, 0xE7, 0x92, 0x28, 0x93, 0x69, 0x9B,
    0xAA, 0xAB, 0xCA, 0xAB, 0x0B, 0xBC, 0x6C, 0xC4, 0xAE, 0xCC, 0xEE, 0xD4, 0x2F, 0xD5, 0x71, 0xDD,
    0x91, 0xE5, 0xD2, 0xE5, 0xF3, 0xED, 0x13, 0xEE, 0x14, 0xEE, 0x14, 0xEE, 0x14, 0xEE, 0x14, 0xEE,
    0x14, 0xEE, 0x14, 0xEE, 0xF3, 0xE5, 0xD3, 0xE5, 0x92, 0xDD, 0x71, 0xDD, 0x50, 0xD5, 0x0F, 0xCD,
    0xCE, 0xCC, 0x6D, 0xC4, 0x2C, 0xBC, 0xCA, 0xB3, 0xA9, 0xB3, 0xCA, 0xB3, 0xEF, 0xCC, 0xAE, 0xC4,
    0xC4, 0x81, 0xA8, 0x92, 0xA9, 0x8A, 0xE6, 0x71, 0x47, 0x72, 0xEA, 0x7A, 0x8D, 0x83, 0xEE, 0x8B,
    0x0F, 0x8C, 0x30, 0x8C, 0xE7, 0x41, 0x00, 0x08, 0x60, 0x18, 0x60, 0x20, 0x60, 0x20, 0x60, 0x20,
    0x60, 0x20, 0x60, 0x20, 0x60, 0x20, 0x60, 0x20, 0x80, 0x28, 0xA0, 0x28, 0xA0, 0x28, 0xA0, 0x20,
    0xA1, 0x20, 0x81, 0x18, 0x6A, 0x42, 0x56, 0xA5, 0x18, 0xBE, 0x18, 0xBE, 0xF8, 0xB5, 0xD7, 0xB5,
    0x75, 0xB5, 0x70, 0xA4, 0xAB, 0xA3, 0xA7, 0x8A, 0x84, 0x51, 0x43, 0x41, 0x81, 0x20, 0xA1, 0x28,
    0x63, 0x61, 0x62, 0x71, 0xA2, 0x81, 0x03, 0x8A, 0x64, 0x9A, 0xC6, 0xA2, 0x68, 0xAB, 0xCA, 0xB3,
    0x2B, 0xBC, 0x4C, 0xC4, 0x8D, 0xCC, 0xEE, 0xDC, 0x2F, 0xE5, 0x50, 0xED, 0x70, 0xED, 0x90, 0xED,
    0x90, 0xED, 0x70, 0xE5, 0x91, 0xE5, 0x91, 0xED, 0x91, 0xED, 0xB1, 0xED, 0x90, 0xED, 0x90, 0xED,
    0x70, 0xED, 0x50, 0xE5, 0x2C, 0xB4, 0x2D, 0xB4, 0x4D, 0xBC, 0x6D, 0xBC, 0x6D, 0xBC, 0x8E, 0xBC,
    0x8E, 0xC4, 0xAE, 0xC4, 0xCF, 0xC4, 0xCF, 0xC4, 0xCF, 0xC4, 0xF0, 0xC4, 0xF0, 0xC4, 0xF0, 0xC4,
    0xD0, 0xC4, 0xAF, 0xBC, 0x4D, 0xB4, 0xCB, 0xAB, 0x8A, 0xA3, 0xCB, 0xAB, 0x8D, 0xBC, 0xCF, 0xC4,
    0xCF, 0xC4, 0xAE, 0xC4, 0x4D, 0xBC, 0xEB, 0xAB, 0xAA, 0xA3, 0x28, 0x93, 0xE7, 0x8A, 0xC6, 0x8A,
    0xA6, 0x8A, 0xA6, 0x8A, 0xC7, 0x8A, 0xE7, 0x8A, 0x07, 0x93, 0x48, 0x9B, 0x89, 0xA3, 0xAA, 0xAB,
    0xEB, 0xB3, 0x2C, 0xBC, 0x6D, 0xC4, 0xAE, 0xCC, 0xEF, 0xD4, 0x30, 0xDD, 0x71, 0xDD, 0xB1, 0xE5,
    0xD2, 0xE5, 0xF3, 0xED, 0x13, 0xEE, 0x14, 0xEE, 0x34, 0xEE, 0x34, 0xEE, 0x14, 0xEE, 0x14, 0xEE,
    0x14, 0xEE, 0xF3, 0xED, 0xD3, 0xE5, 0xB2, 0xE5, 0x71, 0xDD, 0x50, 0xD5, 0x10, 0xD5, 0xCE, 0xCC,
    0x8D, 0xC4, 0x2C, 0xBC, 0xCA, 0xB3, 0xAA, 0xB3, 0xEA, 0xBB, 0xAE, 0xCC, 0x71, 0xD5, 0x2C, 0xBC,
    0x29, 0xAB, 0x29, 0xAB, 0x09, 0xA3, 0x08, 0x9B, 0x09, 0x93, 0x4A, 0x93, 0x8C, 0x93, 0xCE, 0x8B,
    0x30, 0x94, 0xCF, 0x7B, 0x04, 0x21, 0x00, 0x00, 0x40, 0x10, 0x60, 0x20, 0x80, 0x20, 0x80, 0x20,
    0x80, 0x28, 0x80, 0x28, 0xA0, 0x28, 0xC0, 0x30, 0xC0, 0x28, 0x80, 0x20, 0x60, 0x18, 0x81, 0x18,
    0x29, 0x3A, 0xF6, 0x8C, 0x1A, 0xB6, 0x19, 0xBE, 0xD7, 0xBD, 0x94, 0xBD, 0x11, 0xBD, 0x8E, 0xBC,
    0xCB, 0xAB, 0x8B, 0x9B, 0x29, 0x93, 0xC8, 0x8A, 0x26, 0x72, 0xA7, 0x8A, 0x05, 0x72, 0x25, 0x7A,
    0x86, 0x8A, 0x86, 0x92, 0xA6, 0x9A, 0xA6, 0x9A, 0xC6, 0xA2, 0x27, 0xAB, 0x68, 0xB3, 0xCA, 0xBB,
    0x0B, 0xBC, 0x2C, 0xC4, 0x8D, 0xD4, 0xEE, 0xDC, 0x2F, 0xE5, 0x70, 0xED, 0x90, 0xF5, 0x91, 0xF5,
    0xB1, 0xF5, 0xB1, 0xED, 0xB1, 0xF5, 0xB1, 0xED, 0x91, 0xED, 0x90, 0xED, 0x70, 0xED, 0x70, 0xED,
    0x70, 0xED, 0xCA, 0xAB, 0xEB, 0xB3, 0xEB, 0xB3, 0x0C, 0xB4, 0x2C, 0xBC, 0x4C, 0xBC, 0x4D, 0xBC,
    0x6D, 0xBC, 0x6D, 0xBC, 0x6D, 0xBC, 0x6E, 0xBC, 0x8E, 0xBC, 0x8E, 0xC4, 0x8E, 0xBC, 0x6E, 0xBC,
    0x4D, 0xBC, 0x0C, 0xB4, 0xCB, 0xAB, 0x0C, 0xB4, 0x6D, 0xBC, 0xAE, 0xC4, 0xEF, 0xC4, 0xCF, 0xC4,
    0xAE, 0xC4, 0x2C, 0xB4, 0xEB, 0xAB, 0xAA, 0xA3, 0x28, 0x93, 0xE7, 0x8A, 0xC7, 0x8A, 0xC6, 0x8A,
    0xC6, 0x8A, 0xC7, 0x8A, 0x07, 0x93, 0x28, 0x9B, 0x49, 0x9B, 0x89, 0xA3, 0xCA, 0xAB, 0x2B, 0xBC,
    0x4C, 0xC4, 0x8D, 0xC4, 0xCE, 0xCC, 0x0F, 0xD5, 0x50, 0xDD, 0x71, 0xE5, 0xB2, 0xE5, 0xD2, 0xED,
    0xF3, 0xED, 0x14, 0xEE, 0x34, 0xEE, 0x34, 0xEE, 0x34, 0xEE, 0x34, 0xEE, 0x34, 0xEE, 0x14, 0xEE,
    0x14, 0xEE, 0xF3, 0xE5, 0xD2, 0xE5, 0x92, 0xDD, 0x51, 0xDD, 0x30, 0xD5, 0xEF, 0xCC, 0xAE, 0xC4,
    0x4C, 0xBC, 0xEB, 0xBB, 0xCA, 0xB3, 0x0B, 0xBC, 0x6D, 0xC4, 0x71, 0xD5, 0x92, 0xDD, 0xCF, 0xCC,
    0x6D, 0xC4, 0x2C, 0xC4, 0x0B, 0xBC, 0xEB, 0xBB, 0xCA, 0xBB, 0x8A, 0xB3, 0x49, 0xA3, 0x6A, 0xA3,
    0xED, 0xA3, 0x8C, 0x83, 0xA6, 0x39, 0x61, 0x10, 0x20, 0x08, 0x00, 0x08, 0x20, 0x10, 0x20, 0x10,
    0x20, 0x10, 0x40, 0x10, 0x40, 0x08, 0x82, 0x10, 0x45, 0x21, 0x29, 0x3A, 0xB0, 0x6B, 0x77, 0xA5,
    0xD7, 0xBD, 0x54, 0xBD, 0xF1, 0xC4, 0xCF, 0xC4, 0x6D, 0xBC, 0x0C, 0xB4, 0xCB, 0xAB, 0x4A, 0x9B,
    0x09, 0x93, 0x49, 0x9B, 0x6A, 0xA3, 0x49, 0xA3, 0x6A, 0xAB, 0xEB, 0xBB, 0xCB, 0xB3, 0xAA, 0xB3,
    0xCB, 0xB3, 0xCA, 0xB3, 0xA9, 0xB3, 0x68, 0xB3, 0x69, 0xB3, 0xA9, 0xBB, 0xCA, 0xBB, 0xEB, 0xBB,
    0x4C, 0xC4, 0x8C, 0xCC, 0xAD, 0xD4, 0xEE, 0xDC, 0x2F, 0xE5, 0x70, 0xED, 0xB1, 0xF5, 0xB1, 0xF5,
    0xB1, 0xF5, 0xB1, 0xED, 0xD1, 0xF5, 0xB1, 0xF5, 0xB1, 0xF5, 0xB1, 0xF5, 0x91, 0xED, 0x90, 0xED,
    0x8A, 0xA3, 0xAA, 0xAB, 0xCB, 0xAB, 0xEB, 0xB3, 0xEB, 0xB3, 0x0C, 0xB4, 0x0C, 0xBC, 0x2C, 0xBC,
    0x2C, 0xBC, 0x2C, 0xBC, 0x4D, 0xBC, 0x4D, 0xBC, 0x4D, 0xBC, 0x4D, 0xBC, 0x2C, 0xB4, 0x2C, 0xB4,
    0x0C, 0xB4, 0x2C, 0xB4, 0x6D, 0xBC, 0xAE, 0xC4, 0xCF, 0xC4, 0xEF, 0xC4, 0xCF, 0xC4, 0x8D, 0xBC,
    0x0C, 0xB4, 0xCA, 0xAB, 0x8A, 0xA3, 0x28, 0x93, 0xE7, 0x92, 0xC7, 0x8A, 0xC7, 0x8A, 0xC7, 0x8A,
    0xE7, 0x92, 0x08, 0x93, 0x48, 0x9B, 0x69, 0xA3, 0xCA, 0xAB, 0xEB, 0xB3, 0x2C, 0xBC, 0x6C, 0xC4,
    0xAD, 0xCC, 0xEE, 0xD4, 0x0F, 0xD5, 0x50, 0xDD, 0x91, 0xE5, 0xB2, 0xE5, 0xD2, 0xED, 0xF3, 0xED,
    0x34, 0xEE, 0x34, 0xF6, 0x34, 0xF6, 0x34, 0xF6, 0x34, 0xF6, 0x34, 0xEE, 0x34, 0xEE, 0x14, 0xEE,
    0xF3, 0xED, 0xF3, 0xE5, 0xB2, 0xE5, 0x91, 0xDD, 0x50, 0xD5, 0x0F, 0xD5, 0xAE, 0xCC, 0x6D, 0xC4,
    0x0B, 0xBC, 0xEA, 0xBB, 0x0B, 0xBC, 0x4C, 0xC4, 0xCE, 0xCC, 0x51, 0xD5, 0x51, 0xD5, 0xCF, 0xCC,
    0x6D, 0xC4, 0x2C, 0xC4, 0x0B, 0xBC, 0xEB, 0xBB, 0xCA, 0xBB, 0x8A, 0xB3, 0xAA, 0xB3, 0x89, 0xAB,
    0x89, 0xAB, 0xAA, 0xAB, 0x4A, 0x93, 0x29, 0x83, 0x68, 0x62, 0xE6, 0x49, 0xC6, 0x41, 0xC6, 0x41,
    0xE7, 0x49, 0x69, 0x52, 0x6D, 0x7B, 0x30, 0x94, 0xB0, 0xAC, 0xF1, 0xC4, 0xCF, 0xC4, 0x4C, 0xBC,
    0x0B, 0xB4, 0x4D, 0xB4, 0x2D, 0xB4, 0x0C, 0xAC, 0xEB, 0xB3, 0x4D, 0xC4, 0x8D, 0xCC, 0xAE, 0xCC,
    0x8E, 0xCC, 0x8D, 0xCC, 0x8D, 0xCC, 0x8D, 0xCC, 0x6D, 0xCC, 0x8D, 0xCC, 0x6D, 0xCC, 0x8D, 0xCC,
    0x8D, 0xC4, 0x6D, 0xC4, 0x6D, 0xC4, 0x4C, 0xC4, 0x2B, 0xC4, 0x2B, 0xC4, 0x4C, 0xCC, 0x6C, 0xCC,
    0x8D, 0xCC, 0xCE, 0xD4, 0x0E, 0xDD, 0x2F, 0xE5, 0x70, 0xED, 0x70, 0xED, 0xB1, 0xF5, 0xD2, 0xFD,
    0xB1, 0xED, 0xD1, 0xF5, 0xD1, 0xF5, 0xB1, 0xF5, 0xB1, 0xF5, 0x91, 0xF5, 0x90, 0xED, 0x89, 0xA3,
    0xAA, 0xAB, 0xAA, 0xAB, 0xCB, 0xAB, 0xEB, 0xB3, 0xEB, 0xB3, 0x0C, 0xB4, 0x0C, 0xB4, 0x2C, 0xB4,
    0x2C, 0xB4, 0x2C, 0xB4, 0x2C, 0xB4, 0x2C, 0xB4, 0x2C, 0xB4, 0x2C, 0xB4, 0x2C, 0xB4, 0x4C, 0xBC,
    0x6D, 0xBC, 0xAE, 0xC4, 0xCF, 0xC4, 0xEF, 0xC4, 0xCF, 0xC4, 0xAE, 0xC4, 0x4C, 0xBC, 0xEB, 0xAB,
    0x8A, 0xAB, 0x89, 0xA3, 0x48, 0x93, 0xE7, 0x92, 0xC7, 0x8A, 0xC7, 0x8A, 0xE7, 0x92, 0x07, 0x93,
    0x28, 0x9B, 0x69, 0xA3, 0x89, 0xAB, 0xCA, 0xB3, 0x0B, 0xBC, 0x4C, 0xBC, 0x8D, 0xC4, 0xAE, 0xCC,
    0xEE, 0xD4, 0x0F, 0xDD, 0x50, 0xE5, 0x91, 0xE5, 0xB2, 0xED, 0xD2, 0xED, 0xF3, 0xED, 0x14, 0xF6,
    0x34, 0xF6, 0x34, 0xF6, 0x34, 0xF6, 0x34, 0xF6, 0x34, 0xF6, 0x34, 0xEE, 0x14, 0xEE, 0x14, 0xEE,
    0xF3, 0xE5, 0xB2, 0xE5, 0x91, 0xDD, 0x71, 0xDD, 0x30, 0xD5, 0xEF, 0xCC, 0x8D, 0xC4, 0x4C, 0xC4,
    0x0B, 0xBC, 0x0B, 0xBC, 0x2C, 0xC4, 0x8D, 0xC4, 0xCF, 0xCC, 0xF0, 0xCC, 0xF0, 0xCC, 0x8E, 0xC4,
    0x2C, 0xC4, 0x0C, 0xBC, 0xEB, 0xBB, 0xCB, 0xBB, 0xCA, 0xB3, 0xCB, 0xB3, 0xAA, 0xB3, 0x8A, 0xAB,
    0x69, 0xA3, 0xAA, 0xB3, 0xCA, 0xB3, 0x8A, 0xAB, 0xCB, 0xB3, 0x0C, 0xB4, 0xEC, 0xB3, 0x0C, 0xB4,
    0x2C, 0xB4, 0x2C, 0xBC, 0xEB, 0xB3, 0xCB, 0xB3, 0xEB, 0xB3, 0x0C, 0xB4, 0xEC, 0xB3, 0x6D, 0xBC,
    0x8E, 0xC4, 0x8E, 0xCC, 0xCE, 0xD4, 0xEF, 0xDC, 0xEF, 0xD4, 0xEF, 0xD4, 0x0F, 0xD5, 0x10, 0xD5,
    0x0F, 0xDD, 0x0F, 0xDD, 0x0F, 0xDD, 0x30, 0xDD, 0x10, 0xDD, 0x10, 0xDD, 0x30, 0xDD, 0x30, 0xDD,
    0x2F, 0xDD, 0x2F, 0xDD, 0x0F, 0xDD, 0xEF, 0xDC, 0xEE, 0xDC, 0xEE, 0xDC, 0xEE, 0xDC, 0xEE, 0xDC,
    0xEE, 0xD4, 0x2F, 0xE5, 0x4F, 0xE5, 0x50, 0xE5, 0x70, 0xED, 0x70, 0xED, 0xB1, 0xED, 0xF2, 0xF5,
    0xB1, 0xED, 0xB1, 0xF5, 0xB1, 0xF5, 0xB1, 0xF5, 0xB1, 0xF5, 0x90, 0xF5, 0x69, 0xA3, 0x69, 0xA3,
    0x8A, 0xAB, 0xAA, 0xAB, 0xCB, 0xAB, 0xCB, 0xAB, 0xEB, 0xB3, 0xEB, 0xB3, 0x0C, 0xB4, 0x0C, 0xB4,
    0x0C, 0xB4, 0x2C, 0xB4, 0x2C, 0xB4, 0x4D, 0xB4, 0x4D, 0xBC, 0x6D, 0xBC, 0x8E, 0xBC, 0xAE, 0xC4,
    0xCF, 0xC4, 0xEF, 0xC4, 0xCF, 0xC4, 0xAE, 0xC4, 0x6D, 0xBC, 0x0B, 0xB4, 0xCA, 0xAB, 0x89, 0xA3,
    0x69, 0x9B, 0x28, 0x93, 0xE7, 0x92, 0xE7, 0x8A, 0xE7, 0x92, 0x07, 0x93, 0x28, 0x9B, 0x48, 0x9B,
    0x89, 0xA3, 0xCA, 0xAB, 0xEB, 0xB3, 0x2B, 0xBC, 0x6C, 0xC4, 0x8D, 0xCC, 0xAE, 0xD4, 0xEF, 0xD4,
    0x2F, 0xDD, 0x50, 0xE5, 0x91, 0xE5, 0xB2, 0xED, 0xF2, 0xED, 0xF3, 0xED, 0x14, 0xF6, 0x34, 0xF6,
    0x34, 0xF6, 0x34, 0xF6, 0x34, 0xF6, 0x34, 0xF6, 0x34, 0xF6, 0x34, 0xEE, 0x14, 0xEE, 0xF3, 0xED,
    0xD2, 0xE5, 0x92, 0xE5, 0x71, 0xDD, 0x50, 0xDD, 0x0F, 0xD5, 0xCE, 0xCC, 0x6D, 0xC4, 0x2C, 0xC4,
    0x2B, 0xC4, 0x2B, 0xC4, 0x6D, 0xC4, 0xAE, 0xC4, 0xCF, 0xCC, 0xCF, 0xCC, 0x8E, 0xC4, 0x4D, 0xC4,
    0x0C, 0xBC, 0xCB, 0xBB, 0xCA, 0xB3, 0xAA, 0xB3, 0xCA, 0xB3, 0xEB, 0xBB, 0xEB, 0xBB, 0xEB, 0xBB,
    0x0C, 0xBC, 0xEB, 0xB3, 0xCB, 0xB3, 0xCA, 0xAB, 0xAB, 0xAB, 0xEB, 0xB3, 0xEB, 0xB3, 0xCB, 0xB3,
    0x2C, 0xBC, 0x0C, 0xBC, 0x2C, 0xBC, 0x4D, 0xC4, 0x8D, 0xCC, 0xCE, 0xD4, 0xCE, 0xDC, 0xEF, 0xDC,
    0x10, 0xDD, 0x30, 0xDD, 0x51, 0xDD, 0x92, 0xE5, 0xB3, 0xE5, 0xB3, 0xE5, 0xB3, 0xE5, 0xB2, 0xE5,
    0xB2, 0xE5, 0x92, 0xE5, 0x92, 0xE5, 0x92, 0xE5, 0x91, 0xE5, 0x92, 0xE5, 0x91, 0xED, 0x91, 0xED,
    0x91, 0xED, 0x91, 0xED, 0x70, 0xE5, 0x50, 0xE5, 0x50, 0xE5, 0x50, 0xE5, 0x50, 0xE5, 0x50, 0xE5,
    0x50, 0xE5, 0x70, 0xED, 0x90, 0xED, 0x90, 0xED, 0x91, 0xED, 0xB1, 0xED, 0xB1, 0xF5, 0xB1, 0xED,
    0xB1, 0xED, 0xD1, 0xF5, 0xB1, 0xF5, 0xB1, 0xF5, 0x90, 0xF5, 0x69, 0xA3, 0x69, 0xA3, 0x8A, 0xA3,
    0xAA, 0xAB, 0xAA, 0xAB, 0xCB, 0xAB, 0xEB, 0xAB, 0xEB, 0xAB, 0x0C, 0xB4, 0x0C, 0xB4, 0x2C, 0xB4,
    0x4D, 0xB4, 0x4D, 0xBC, 0x6D, 0xBC, 0x6E, 0xBC, 0xAE, 0xC4, 0xCE, 0xC4, 0xCE, 0xC4, 0xEF, 0xCC,
    0xCF, 0xC4, 0xAE, 0xC4, 0x6D, 0xC4, 0x2C, 0xBC, 0xCA, 0xB3, 0x89, 0xA3, 0x69, 0xA3, 0x48, 0x9B,
    0x28, 0x93, 0xE7, 0x92, 0xE7, 0x92, 0x28, 0x93, 0x28, 0x9B, 0x28, 0x9B, 0x69, 0xA3, 0xAA, 0xAB,
    0xCA, 0xB3, 0x0B, 0xBC, 0x4C, 0xC4, 0x6C, 0xC4, 0xAE, 0xCC, 0xEE, 0xD4, 0x0F, 0xDD, 0x30, 0xDD,
    0x70, 0xE5, 0x91, 0xE5, 0xB2, 0xED, 0xD2, 0xED, 0xF3, 0xED, 0x14, 0xF6, 0x34, 0xF6, 0x34, 0xF6,
    0x34, 0xF6, 0x34, 0xF6, 0x34, 0xF6, 0x34, 0xF6, 0x34, 0xF6, 0x14, 0xEE, 0xF3, 0xED, 0xD3, 0xE5,
    0xD2, 0xE5, 0x92, 0xDD, 0x71, 0xDD, 0x30, 0xD5, 0xEF, 0xD4, 0xAD, 0xCC, 0x6C, 0xC4, 0x4C, 0xC4,
    0x2C, 0xC4, 0x4C, 0xC4, 0x8D, 0xC4, 0xAE, 0xCC, 0xAE, 0xC4, 0x8E, 0xC4, 0x2D, 0xBC, 0xEB, 0xBB,
    0xAA, 0xB3, 0x8A, 0xB3, 0x69, 0xB3, 0x8A, 0xB3, 0x8A, 0xB3, 0xCA, 0xBB, 0xEB, 0xBB, 0x2C, 0xBC,
    0x4D, 0xC4, 0x6D, 0xC4, 0xAE, 0xC4, 0xCF, 0xCC, 0xF0, 0xCC, 0xF0, 0xCC, 0x10, 0xCD, 0x51, 0xD5,
    0x51, 0xD5, 0x51, 0xD5, 0x72, 0xDD, 0x72, 0xDD, 0x93, 0xDD, 0xB3, 0xDD, 0xD4, 0xDD, 0x15, 0xE6,
    0x36, 0xE6, 0x36, 0xE6, 0x56, 0xE6, 0x36, 0xE6, 0x35, 0xE6, 0x14, 0xEE, 0xF4, 0xED, 0xF3, 0xED,
    0xD3, 0xED, 0xD2, 0xED, 0xD2, 0xED, 0xB2, 0xED, 0xB2, 0xED, 0xB2, 0xED, 0xB2, 0xED, 0xB1, 0xED,
    0xB1, 0xED, 0xB1, 0xED, 0x91, 0xED, 0x91, 0xED, 0x91, 0xED, 0x91, 0xED, 0x91, 0xED, 0x91, 0xED,
    0x90, 0xED, 0x91, 0xF5, 0x91, 0xED, 0xB1, 0xED, 0xB1, 0xED, 0xB1, 0xED, 0xD1, 0xF5, 0xD1, 0xF5,
    0xB1, 0xED, 0xB1, 0xF5, 0xB1, 0xF5, 0x91, 0xF5, 0xAA, 0xA3, 0xAA, 0xA3, 0xAA, 0xAB, 0xCB, 0xAB,
    0xCB, 0xAB, 0xEB, 0xAB, 0xEC, 0xAB, 0x0C, 0xB4, 0x2C, 0xB4, 0x4D, 0xB4, 0x4D, 0xBC, 0x6D, 0xBC,
    0x8E, 0xBC, 0x8E, 0xBC, 0xAE, 0xC4, 0xCE, 0xC4, 0xCF, 0xC4, 0xEF, 0xCC, 0xCE, 0xCC, 0xAE, 0xC4,
    0x6D, 0xC4, 0x2C, 0xBC, 0xEB, 0xB3, 0xAA, 0xAB, 0x69, 0xA3, 0x48, 0x9B, 0x28, 0x9B, 0x28, 0x93,
    0xE7, 0x92, 0xE7, 0x92, 0x07, 0x93, 0x28, 0x9B, 0x48, 0xA3, 0x89, 0xAB, 0xCA, 0xB3, 0xEB, 0xB3,
    0x2C, 0xBC, 0x6C, 0xC4, 0x8D, 0xCC, 0xCE, 0xD4, 0xEE, 0xD4, 0x0F, 0xDD, 0x30, 0xE5, 0x70, 0xE5,
    0x91, 0xED, 0xB2, 0xED, 0xD2, 0xED, 0xF3, 0xED, 0x13, 0xF6, 0x14, 0xF6, 0x34, 0xF6, 0x34, 0xF6,
    0x34, 0xF6, 0x34, 0xF6, 0x34, 0xF6, 0x34, 0xF6, 0x34, 0xEE, 0x14, 0xEE, 0xF3, 0xED, 0xD3, 0xE5,
    0xB2, 0xE5, 0x71, 0xDD, 0x50, 0xDD, 0x10, 0xD5, 0xCE, 0xCC, 0x8D, 0xCC, 0x6C, 0xC4, 0x4C, 0xC4,
    0x4C, 0xC4, 0x6D, 0xC4, 0xAE, 0xCC, 0xAE, 0xCC, 0x8E, 0xC4, 0x4D, 0xBC, 0x0C, 0xBC, 0xAB, 0xB3,
    0x8A, 0xB3, 0x69, 0xAB, 0x49, 0xB3, 0x69, 0xB3, 0x69, 0xB3, 0x8A, 0xB3, 0xAA, 0xBB, 0xCB, 0xBB,
    0xEB, 0xBB, 0x2C, 0xC4, 0x6D, 0xC4, 0xAE, 0xC4, 0xCF, 0xCC, 0x10, 0xCD, 0x31, 0xD5, 0x51, 0xD5,
    0x72, 0xD5, 0xB3, 0xDD, 0xB4, 0xDD, 0xD4, 0xDD, 0xD4, 0xDD, 0xF5, 0xDD, 0xF5, 0xE5, 0xF4, 0xE5,
    0xF4, 0xE5, 0xF4, 0xE5, 0xD3, 0xE5, 0xD3, 0xE5, 0xD3, 0xED, 0xD2, 0xED, 0xB2, 0xED, 0xB2, 0xED,
    0xB2, 0xED, 0xB2, 0xED, 0xB2, 0xED, 0xB2, 0xED, 0xD2, 0xED, 0xD2, 0xED, 0xD2, 0xED, 0xB1, 0xED,
    0xB1, 0xED, 0xB1, 0xF5, 0xB1, 0xF5, 0xB1, 0xF5, 0xB1, 0xF5, 0xB1, 0xF5, 0xB1, 0xF5, 0xB1, 0xED,
    0xB1, 0xF5, 0xB1, 0xF5, 0xB1, 0xF5, 0xB1, 0xED, 0xD1, 0xED, 0xB1, 0xED, 0xB1, 0xF5, 0xB1, 0xED,
    0x91, 0xE5, 0x91, 0xED, 0xB1, 0xF5, 0xEB, 0xAB, 0xEB, 0xAB, 0xEB, 0xAB, 0x0C, 0xAC, 0x0C, 0xB4,
    0x0C, 0xB4, 0x2C, 0xB4, 0x4D, 0xB4, 0x4D, 0xBC, 0x6D, 0xBC, 0x6E, 0xBC, 0x8E, 0xBC, 0x8E, 0xC4,
    0xAE, 0xC4, 0xCE, 0xC4, 0xCE, 0xCC, 0xCE, 0xCC, 0xCE, 0xC4, 0xAE, 0xC4, 0x6D, 0xC4, 0x2C, 0xBC,
    0xEB, 0xB3, 0xAA, 0xAB, 0x89, 0xA3, 0x48, 0x9B, 0x28, 0x9B, 0x08, 0x9B, 0x08, 0x93, 0xE7, 0x92,
    0x07, 0x93, 0x28, 0x9B, 0x48, 0x9B, 0x69, 0xA3, 0xA9, 0xAB, 0xCA, 0xB3, 0x0B, 0xBC, 0x2C, 0xC4,
    0x6C, 0xCC, 0x8D, 0xCC, 0xCE, 0xD4, 0xEF, 0xDC, 0x0F, 0xDD, 0x50, 0xE5, 0x70, 0xE5, 0x91, 0xED,
    0xB1, 0xED, 0xD2, 0xED, 0xF2, 0xF5, 0x13, 0xF6, 0x14, 0xF6, 0x34, 0xF6, 0x34, 0xF6, 0x34, 0xF6,
    0x34, 0xF6, 0x34, 0xF6, 0x34, 0xF6, 0x34, 0xF6, 0x14, 0xEE, 0xF3, 0xED, 0xD3, 0xED, 0xB2, 0xE5,
    0x92, 0xE5, 0x71, 0xDD, 0x30, 0xDD, 0x0F, 0xD5, 0xCE, 0xCC, 0x8D, 0xCC, 0x6C, 0xCC, 0x4C, 0xC4,
    0x6D, 0xC4, 0x8E, 0xCC, 0xAE, 0xCC, 0xAF, 0xC4, 0x8E, 0xC4, 0x4D, 0xBC, 0xEB, 0xB3, 0x8A, 0xB3,
    0x69, 0xAB, 0x69, 0xAB, 0x69, 0xB3, 0x69, 0xB3, 0x69, 0xB3, 0x6A, 0xB3, 0x8A, 0xB3, 0x8A, 0xBB,
    0xCA, 0xBB, 0xEB, 0xBB, 0x0C, 0xC4, 0x4C, 0xC4, 0x8D, 0xCC, 0x8E, 0xCC, 0xAE, 0xCC, 0xCF, 0xD4,
    0xEF, 0xD4, 0x10, 0xDD, 0x30, 0xDD, 0x50, 0xDD, 0x51, 0xDD, 0x71, 0xE5, 0x71, 0xE5, 0x71, 0xE5,
    0x92, 0xE5, 0x92, 0xE5, 0x92, 0xE5, 0xB2, 0xE5, 0xB2, 0xE5, 0xB2, 0xE5, 0xB2, 0xED, 0xB2, 0xED,
    0xB2, 0xED, 0xB2, 0xED, 0xB2, 0xED, 0xB2, 0xED, 0xB2, 0xED, 0xB2, 0xED, 0xB2, 0xF5, 0xD2, 0xF5,
    0xB1, 0xF5, 0xB1, 0xF5, 0xB1, 0xF5, 0xB1, 0xF5, 0xB1, 0xF5, 0xD1, 0xF5, 0xB1, 0xF5, 0xB1, 0xED,
    0xD1, 0xF5, 0xD1, 0xF5, 0xB1, 0xF5, 0xD1, 0xF5, 0xD1, 0xF5, 0xB1, 0xED, 0xB1, 0xED, 0xB1, 0xED,
    0x70, 0xE5, 0x50, 0xE5, 0x0C, 0xB4, 0x2C, 0xB4, 0x2C, 0xB4, 0x2C, 0xB4, 0x4D, 0xB4, 0x4D, 0xBC,
    0x6D, 0xBC, 0x6D, 0xBC, 0x6D, 0xBC, 0x8E, 0xC4, 0xAE, 0xC4, 0xAE, 0xC4, 0xAE, 0xC4, 0xAE, 0xC4,
    0xCE, 0xCC, 0xCE, 0xCC, 0xAE, 0xCC, 0x8D, 0xC4, 0x6D, 0xC4, 0x2C, 0xBC, 0x0B, 0xB4, 0xCA, 0xAB,
    0x89, 0xA3, 0x69, 0xA3, 0x28, 0x9B, 0x08, 0x9B, 0x07, 0x93, 0x07, 0x93, 0x07, 0x93, 0x08, 0x9B,
    0x28, 0x9B, 0x48, 0xA3, 0x89, 0xAB, 0xAA, 0xAB, 0xEB, 0xB3, 0x2C, 0xBC, 0x4C, 0xC4, 0x8D, 0xCC,
    0xAD, 0xD4, 0xCE, 0xD4, 0x0F, 0xDD, 0x2F, 0xE5, 0x50, 0xE5, 0x70, 0xE5, 0x91, 0xED, 0xB2, 0xED,
    0xD2, 0xED, 0xD2, 0xF5, 0xF3, 0xF5, 0x13, 0xF6, 0x34, 0xF6, 0x34, 0xF6, 0x34, 0xF6, 0x34, 0xF6,
    0x34, 0xF6, 0x34, 0xF6, 0x34, 0xF6, 0x14, 0xF6, 0x13, 0xEE, 0xF3, 0xED, 0xD3, 0xE5, 0xB2, 0xE5,
    0x91, 0xDD, 0x50, 0xDD, 0x30, 0xDD, 0xEF, 0xD4, 0xCE, 0xCC, 0x8D, 0xCC, 0x6D, 0xCC, 0x6D, 0xCC,
    0x8D, 0xCC, 0xAE, 0xCC, 0xCF, 0xCC, 0xCF, 0xCC, 0x8E, 0xC4, 0x4D, 0xBC, 0xEB, 0xB3, 0xAA, 0xB3,
    0x69, 0xAB, 0x69, 0xB3, 0x69, 0xB3, 0x6A, 0xB3, 0x8A, 0xB3, 0x8A, 0xB3, 0x8A, 0xB3, 0xAA, 0xBB,
    0xCB, 0xBB, 0xEB, 0xBB, 0x0C, 0xC4, 0x2C, 0xC4, 0x4D, 0xCC, 0x6D, 0xCC, 0x8D, 0xCC, 0xAE, 0xD4,
    0xCF, 0xD4, 0xEF, 0xD4, 0xEF, 0xD4, 0x10, 0xDD, 0x30, 0xDD, 0x50, 0xDD, 0x51, 0xDD, 0x71, 0xE5,
    0x71, 0xE5, 0x71, 0xE5, 0x71, 0xE5, 0x91, 0xE5, 0x91, 0xE5, 0x91, 0xE5, 0x91, 0xED, 0x91, 0xED,
    0xB1, 0xED, 0xB2, 0xED, 0xB2, 0xED, 0xB2, 0xED, 0xB2, 0xED, 0xD2, 0xF5, 0xD2, 0xF5, 0xD2, 0xF5,
    0xD2, 0xF5, 0xD1, 0xF5, 0xD1, 0xF5, 0xD1, 0xF5, 0xD2, 0xF5, 0xD2, 0xF5, 0xB1, 0xF5, 0xB1, 0xED,
    0xD1, 0xF5, 0xD1, 0xF5, 0xD1, 0xF5, 0xB1, 0xF5, 0xB1, 0xF5, 0xD1, 0xF5, 0xB1, 0xF5, 0xB1, 0xED,
    0x91, 0xED, 0x4D, 0xBC, 0x4D, 0xBC, 0x6D, 0xBC, 0x6D, 0xBC, 0x6D, 0xBC, 0x6D, 0xBC, 0x8D, 0xBC,
    0x8E, 0xC4, 0x8E, 0xC4, 0xAE, 0xC4, 0xAE, 0xC4, 0xAE, 0xC4, 0xAE, 0xCC, 0xAE, 0xCC, 0xAE, 0xCC,
    0xAE, 0xC4, 0x8D, 0xC4, 0x6D, 0xC4, 0x4C, 0xBC, 0x0B, 0xB4, 0xCA, 0xAB, 0x8A, 0xAB, 0x69, 0xA3,
    0x48, 0x9B, 0x08, 0x9B, 0x07, 0x93, 0xE7, 0x92, 0xE7, 0x92, 0x08, 0x93, 0x28, 0x9B, 0x48, 0x9B,
    0x69, 0xA3, 0x89, 0xAB, 0xCA, 0xB3, 0x0B, 0xBC, 0x2C, 0xC4, 0x6C, 0xC4, 0x8D, 0xCC, 0xCD, 0xD4,
    0xEE, 0xDC, 0x0F, 0xDD, 0x2F, 0xE5, 0x50, 0xE5, 0x70, 0xE5, 0x91, 0xED, 0xB1, 0xED, 0xD2, 0xED,
    0xD2, 0xF5, 0xF3, 0xF5, 0x13, 0xF6, 0x14, 0xF6, 0x34, 0xF6, 0x34, 0xF6, 0x34, 0xF6, 0x34, 0xF6,
    0x34, 0xF6, 0x34, 0xF6, 0x34, 0xF6, 0x13, 0xEE, 0xF3, 0xED, 0xD2, 0xED, 0xD2, 0xE5, 0x91, 0xE5,
    0x71, 0xDD, 0x50, 0xDD, 0x2F, 0xDD, 0xEF, 0xD4, 0xCE, 0xD4, 0xAD, 0xCC, 0x8D, 0xCC, 0x8D, 0xCC,
    0xAE, 0xCC, 0xCF, 0xCC, 0xEF, 0xCC, 0xCF, 0xCC, 0xAF, 0xC4, 0x4D, 0xBC, 0xEC, 0xB3, 0xAB, 0xB3,
    0x8A, 0xB3, 0x6A, 0xB3, 0x6A, 0xB3, 0x8A, 0xB3, 0x8A, 0xB3, 0x8A, 0xB3, 0xAA, 0xB3, 0xCB, 0xBB,
    0xEB, 0xBB, 0x0C, 0xC4, 0x2C, 0xC4, 0x4C, 0xC4, 0x6D, 0xCC, 0x6D, 0xCC, 0x8E, 0xCC, 0x8E, 0xCC,
    0xAE, 0xCC, 0xAE, 0xD4, 0xCF, 0xD4, 0xEF, 0xD4, 0x0F, 0xDD, 0x10, 0xDD, 0x30, 0xDD, 0x50, 0xDD,
    0x50, 0xDD, 0x51, 0xE5, 0x71, 0xE5, 0x71, 0xE5, 0x71, 0xE5, 0x91, 0xE5, 0x91, 0xED, 0x91, 0xED,
    0xB1, 0xED, 0xB2, 0xED, 0xB2, 0xED, 0xB2, 0xED, 0xD2, 0xF5, 0xD2, 0xF5, 0xD2, 0xF5, 0xD2, 0xF5,
    0xD2, 0xF5, 0xD1, 0xF5, 0xD2, 0xF5, 0xD1, 0xF5, 0xD2, 0xF5, 0xD2, 0xFD, 0xD1, 0xED, 0xD1, 0xF5,
    0xD1, 0xF5, 0xB1, 0xF5, 0xB1, 0xF5, 0xB1, 0xF5, 0xB1, 0xF5, 0xB1, 0xF5, 0x91, 0xF5, 0xB1, 0xF5,
    0x6D, 0xBC, 0x6D, 0xBC, 0x6D, 0xC4, 0x8D, 0xC4, 0x8D, 0xC4, 0x8D, 0xC4, 0x8D, 0xC4, 0x8E, 0xC4,
    0x8E, 0xC4, 0x8E, 0xC4, 0xAE, 0xCC, 0xAE, 0xCC, 0x8D, 0xCC, 0x8D, 0xC4, 0x8D, 0xC4, 0x8D, 0xC4,
    0x6D, 0xC4, 0x4C, 0xBC, 0x0B, 0xB4, 0xCB, 0xAB, 0xAA, 0xAB, 0x69, 0xA3, 0x48, 0x9B, 0x28, 0x9B,
    0x28, 0x93, 0x08, 0x93, 0xE7, 0x92, 0xE7, 0x92, 0x07, 0x93, 0x28, 0x9B, 0x48, 0xA3, 0x89, 0xAB,
    0xAA, 0xAB, 0xEB, 0xB3, 0x0B, 0xBC, 0x4C, 0xC4, 0x6C, 0xCC, 0x8D, 0xCC, 0xCE, 0xD4, 0xEE, 0xDC,
    0x0F, 0xDD, 0x2F, 0xE5, 0x50, 0xE5, 0x70, 0xE5, 0x91, 0xED, 0xB1, 0xED, 0xD2, 0xED, 0xD2, 0xF5,
    0xF3, 0xF5, 0x13, 0xF6, 0x14, 0xF6, 0x34, 0xF6, 0x34, 0xF6, 0x34, 0xF6, 0x34, 0xF6, 0x34, 0xF6,
    0x34, 0xF6, 0x14, 0xF6, 0x13, 0xEE, 0xF3, 0xED, 0xF3, 0xED, 0xD3, 0xE5, 0xB2, 0xE5, 0x91, 0xE5,
    0x71, 0xDD, 0x50, 0xDD, 0x0F, 0xDD, 0xEE, 0xD4, 0xCE, 0xD4, 0xAE, 0xCC, 0xAD, 0xCC, 0xAE, 0xCC,
    0xCE, 0xCC, 0xCF, 0xCC, 0xEF, 0xCC, 0xEF, 0xCC, 0xCF, 0xC4, 0x6E, 0xBC, 0x2D, 0xBC, 0xEC, 0xB3,
    0xAB, 0xB3, 0x8A, 0xB3, 0xAA, 0xB3, 0xAA, 0xB3, 0x8A, 0xB3, 0xAA, 0xB3, 0xAB, 0xB3, 0xCB, 0xBB,
    0xEB, 0xBB, 0x0B, 0xBC, 0x2C, 0xC4, 0x4C, 0xC4, 0x4D, 0xCC, 0x6D, 0xCC, 0x6D, 0xCC, 0x6D, 0xCC,
    0x8D, 0xCC, 0x8E, 0xCC, 0xCE, 0xD4, 0xCE, 0xD4, 0xEF, 0xD4, 0xEF, 0xD4, 0x0F, 0xDD, 0x30, 0xDD,
    0x30, 0xDD, 0x50, 0xE5, 0x50, 0xE5, 0x71, 0xE5, 0x71, 0xE5, 0x91, 0xE5, 0x91, 0xED, 0x91, 0xED,
    0xB1, 0xED, 0xB1, 0xED, 0xB2, 0xED, 0xB2, 0xF5, 0xD2, 0xF5, 0xD2, 0xF5, 0xD2, 0xF5, 0xD2, 0xF5,
    0xD2, 0xF5, 0xD2, 0xF5, 0xD1, 0xF5, 0xD2, 0xF5, 0xD2, 0xF5, 0xD1, 0xF5, 0xB1, 0xED, 0xD1, 0xF5,
    0xB1, 0xF5, 0xB1, 0xF5, 0xB1, 0xF5, 0xB1, 0xF5, 0xB1, 0xF5, 0xB1, 0xF5, 0x90, 0xF5, 0x8D, 0xC4,
    0x8D, 0xC4, 0x8D, 0xC4, 0x8E, 0xC4, 0x8E, 0xC4, 0x8D, 0xC4, 0x8D, 0xC4, 0x8D, 0xC4, 0x8D, 0xC4,
    0x8D, 0xCC, 0x8D, 0xCC, 0x8D, 0xC4, 0x8D, 0xC4, 0x6D, 0xC4, 0x6D, 0xC4, 0x4C, 0xC4, 0x2C, 0xBC,
    0x0B, 0xB4, 0xEB, 0xB3, 0xAA, 0xAB, 0x89, 0xA3, 0x69, 0x9B, 0x28, 0x9B, 0x07, 0x93, 0x08, 0x93,
    0x07, 0x93, 0xE7, 0x92, 0xE7, 0x92, 0x08, 0x93, 0x28, 0x9B, 0x68, 0xA3, 0x89, 0xAB, 0xCA, 0xB3,
    0xEB, 0xBB, 0x2B, 0xC4, 0x4C, 0xC4, 0x6D, 0xCC, 0xAD, 0xD4, 0xCE, 0xD4, 0xEE, 0xDC, 0x0F, 0xDD,
    0x2F, 0xE5, 0x50, 0xE5, 0x70, 0xED, 0x91, 0xED, 0xB2, 0xED, 0xD2, 0xED, 0xD2, 0xF5, 0xF3, 0xF5,
    0x13, 0xF6, 0x14, 0xF6, 0x34, 0xF6, 0x34, 0xF6, 0x34, 0xF6, 0x34, 0xF6, 0x34, 0xF6, 0x34, 0xF6,
    0x14, 0xF6, 0x13, 0xF6, 0x13, 0xEE, 0xF3, 0xED, 0xF3, 0xED, 0xB2, 0xE5, 0x91, 0xE5, 0x91, 0xE5,
    0x50, 0xDD, 0x30, 0xDD, 0x0F, 0xDD, 0xEE, 0xD4, 0xCE, 0xD4, 0xAE, 0xD4, 0xAE, 0xD4, 0xAE, 0xD4,
    0xCE, 0xCC, 0xEF, 0xD4, 0xEF, 0xD4, 0xEF, 0xCC, 0xCF, 0xCC, 0xAE, 0xC4, 0x6D, 0xC4, 0x2D, 0xBC,
    0x0C, 0xBC, 0xEB, 0xB3, 0xEB, 0xB3, 0xCB, 0xB3, 0xCB, 0xB3, 0xEB, 0xB3, 0xCB, 0xBB, 0xCB, 0xBB,
    0xEB, 0xBB, 0x0C, 0xC4, 0x0C, 0xC4, 0x2C, 0xC4, 0x4C, 0xC4, 0x4D, 0xC4, 0x4D, 0xC4, 0x6D, 0xC4,
    0x8D, 0xCC, 0x8E, 0xCC, 0xAE, 0xCC, 0xAE, 0xD4, 0xCE, 0xD4, 0xCF, 0xD4, 0xEF, 0xDC, 0x0F, 0xDD,
    0x30, 0xDD, 0x30, 0xE5, 0x50, 0xE5, 0x70, 0xE5, 0x71, 0xE5, 0x91, 0xED, 0x91, 0xED, 0xB1, 0xED,
    0xB1, 0xED, 0xB2, 0xED, 0xB2, 0xF5, 0xD2, 0xF5, 0xD2, 0xF5, 0xD2, 0xF5, 0xD2, 0xF5, 0xD2, 0xF5,
    0xD2, 0xF5, 0xD1, 0xF5, 0xD1, 0xF5, 0xD1, 0xF5, 0xB1, 0xF5, 0xB1, 0xF5, 0xB1, 0xF5, 0xB1, 0xF5,
    0xB1, 0xF5, 0xB1, 0xF5, 0xB1, 0xF5, 0xB1, 0xF5, 0xB1, 0xF5, 0x90, 0xF5, 0xAE, 0xCC, 0x8D, 0xCC,
    0x8E, 0xCC, 0x8E, 0xCC, 0xAD, 0xCC, 0x8D, 0xCC, 0x8D, 0xCC, 0x8D, 0xCC, 0x8D, 0xCC, 0x8D, 0xCC,
    0x8D, 0xC4, 0x6D, 0xC4, 0x6D, 0xC4, 0x6C, 0xC4, 0x4C, 0xC4, 0x2C, 0xBC, 0x0B, 0xBC, 0xEB, 0xB3,
    0xCA, 0xAB, 0x89, 0xA3, 0x69, 0xA3, 0x48, 0x9B, 0x08, 0x93, 0x07, 0x93, 0xE7, 0x92, 0xE7, 0x92,
    0x07, 0x93, 0xE7, 0x92, 0x08, 0x93, 0x48, 0x9B, 0x69, 0xA3, 0xAA, 0xAB, 0xCA, 0xB3, 0x0B, 0xBC,
    0x2B, 0xC4, 0x4C, 0xCC, 0x8D, 0xCC, 0xAD, 0xD4, 0xCE, 0xDC, 0xEE, 0xDC, 0x0F, 0xE5, 0x2F, 0xE5,
    0x50, 0xE5, 0x70, 0xED, 0x90, 0xED, 0xB1, 0xED, 0xD2, 0xF5, 0xF2, 0xF5, 0xF3, 0xF5, 0x13, 0xF6,
    0x14, 0xF6, 0x34, 0xF6, 0x34, 0xFE, 0x34, 0xF6, 0x34, 0xF6, 0x34, 0xF6, 0x34, 0xF6, 0x34, 0xF6,
    0x13, 0xF6, 0x13, 0xF6, 0xF3, 0xED, 0xD2, 0xED, 0xD2, 0xED, 0xB2, 0xE5, 0x91, 0xE5, 0x70, 0xE5,
    0x50, 0xDD, 0x2F, 0xDD, 0x0F, 0xDD, 0xEE, 0xD4, 0xCE, 0xD4, 0xCE, 0xD4, 0xCE, 0xD4, 0xCE, 0xD4,
    0xCE, 0xD4, 0xEF, 0xD4, 0xEF, 0xD4, 0xEF, 0xCC, 0xEF, 0xCC, 0xEF, 0xCC, 0xCE, 0xCC, 0xAE, 0xC4,
    0x8D, 0xC4, 0x6D, 0xC4, 0x4D, 0xBC, 0x2C, 0xBC, 0x2C, 0xBC, 0x2C, 0xBC, 0x2C, 0xBC, 0x2C, 0xBC,
    0x2C, 0xC4, 0x4D, 0xC4, 0x4D, 0xC4, 0x6D, 0xC4, 0x4D, 0xC4, 0x4D, 0xC4, 0x6D, 0xC4, 0x6D, 0xCC,
    0x8D, 0xCC, 0xAE, 0xCC, 0xAE, 0xD4, 0xCE, 0xD4, 0xEF, 0xD4, 0x0F, 0xDD, 0x0F, 0xDD, 0x30, 0xDD,
    0x30, 0xDD, 0x50, 0xE5, 0x50, 0xE5, 0x71, 0xE5, 0x91, 0xED, 0x91, 0xED, 0xB1, 0xED, 0xB1, 0xED,
    0xB2, 0xED, 0xB2, 0xF5, 0xD2, 0xF5, 0xD2, 0xF5, 0xD2, 0xF5, 0xD2, 0xF5, 0xD2, 0xF5, 0xD2, 0xF5,
    0xD1, 0xF5, 0xD1, 0xF5, 0xB1, 0xF5, 0xB1, 0xF5, 0xB1, 0xF5, 0xB1, 0xED, 0xB1, 0xF5, 0xB1, 0xF5,
    0xB1, 0xF5, 0xB1, 0xF5, 0xB1, 0xF5, 0x91, 0xF5, 0x90, 0xF5, 0xAE, 0xCC, 0xAE, 0xCC, 0xAE, 0xCC,
    0x8D, 0xCC, 0xAD, 0xCC, 0x8D, 0xCC, 0x8D, 0xCC, 0x8D, 0xCC, 0x8D, 0xCC, 0x8D, 0xC4, 0x8D, 0xC4,
    0x6D, 0xC4, 0x6C, 0xC4, 0x4C, 0xC4, 0x2C, 0xBC, 0x2C, 0xBC, 0x0B, 0xB4, 0xCA, 0xAB, 0xAA, 0xAB,
    0x89, 0xA3, 0x69, 0x9B, 0x28, 0x9B, 0x07, 0x93, 0xE7, 0x92, 0xE7, 0x92, 0xE7, 0x92, 0x07, 0x93,
    0x07, 0x93, 0x08, 0x9B, 0x48, 0xA3, 0x69, 0xAB, 0xAA, 0xAB, 0xEA, 0xB3, 0x0B, 0xBC, 0x2C, 0xC4,
    0x6C, 0xCC, 0x8D, 0xD4, 0xAD, 0xD4, 0xEE, 0xDC, 0x0E, 0xDD, 0x2F, 0xE5, 0x4F, 0xE5, 0x50, 0xED,
    0x70, 0xED, 0x91, 0xED, 0xD2, 0xED, 0xD2, 0xF5, 0xF2, 0xF5, 0x13, 0xF6, 0x13, 0xF6, 0x14, 0xF6,
    0x34, 0xFE, 0x34, 0xFE, 0x34, 0xFE, 0x34, 0xFE, 0x34, 0xFE, 0x34, 0xF6, 0x34, 0xF6, 0x13, 0xF6,
    0x13, 0xF6, 0xF3, 0xF5, 0xF3, 0xED, 0xD2, 0xED, 0xB2, 0xED, 0x91, 0xE5, 0x71, 0xE5, 0x50, 0xE5,
    0x2F, 0xDD, 0x2F, 0xDD, 0x0F, 0xDD, 0xEE, 0xD4, 0xCE, 0xD4, 0xCE, 0xD4, 0xCE, 0xD4, 0xCE, 0xD4,
    0xEF, 0xD4, 0xEF, 0xD4, 0xEF, 0xD4, 0xEF, 0xD4, 0xEF, 0xD4, 0xEF, 0xD4, 0xCF, 0xD4, 0xCE, 0xCC,
    0xCE, 0xCC, 0xAE, 0xCC, 0xAE, 0xCC, 0xAE, 0xCC, 0x8E, 0xC4, 0x8E, 0xCC, 0x8E, 0xC4, 0x8E, 0xCC,
    0x8E, 0xC4, 0x8E, 0xC4, 0xAE, 0xCC, 0xAE, 0xCC, 0xAE, 0xCC, 0xAE, 0xCC, 0xAE, 0xCC, 0xAE, 0xCC,
    0xAE, 0xCC, 0xCE, 0xD4, 0xEF, 0xD4, 0xEF, 0xD4, 0x0F, 0xDD, 0x2F, 0xDD, 0x30, 0xDD, 0x30, 0xDD,
    0x50, 0xE5, 0x50, 0xE5, 0x71, 0xE5, 0x71, 0xE5, 0x91, 0xED, 0xB1, 0xED, 0xB2, 0xED, 0xB2, 0xED,
    0xB2, 0xF5, 0xD2, 0xF5, 0xD2, 0xF5, 0xD2, 0xF5, 0xD2, 0xF5, 0xD2, 0xF5, 0xD2, 0xF5, 0xD1, 0xF5,
    0xB2, 0xF5, 0xB1, 0xF5, 0xB1, 0xF5, 0xB1, 0xF5, 0xB1, 0xF5, 0xB1, 0xF5, 0xB1, 0xF5, 0xB1, 0xF5,
    0xB1, 0xF5, 0x91, 0xF5, 0x90, 0xF5, 0x90, 0xF5, 0xAE, 0xCC, 0xAD, 0xCC, 0xAE, 0xCC, 0xAD, 0xCC,
    0x8D, 0xCC, 0x8D, 0xCC, 0x8D, 0xCC, 0x8D, 0xCC, 0x8D, 0xCC, 0x6D, 0xC4, 0x6D, 0xC4, 0x6C, 0xC4,
    0x4C, 0xC4, 0x4C, 0xBC, 0x2C, 0xBC, 0x0B, 0xB4, 0xEB, 0xB3, 0xCB, 0xAB, 0xAA, 0xA3, 0x69, 0x9B,
    0x28, 0x9B, 0x08, 0x93, 0xE7, 0x92, 0xC7, 0x8A, 0xC7, 0x92, 0xE7, 0x92, 0x07, 0x93, 0x07, 0x93,
    0x28, 0x9B, 0x48, 0xA3, 0x89, 0xAB, 0xAA, 0xB3, 0xEA, 0xBB, 0x0B, 0xC4, 0x4C, 0xC4, 0x6C, 0xCC,
    0x8D, 0xD4, 0xCD, 0xD4, 0xEE, 0xDC, 0x0E, 0xE5, 0x2F, 0xE5, 0x4F, 0xE5, 0x50, 0xED, 0x70, 0xED,
    0xB1, 0xED, 0xB1, 0xED, 0xD2, 0xF5, 0xD2, 0xF5, 0xF3, 0xF5, 0x13, 0xF6, 0x13, 0xF6, 0x34, 0xFE,
    0x34, 0xFE, 0x34, 0xFE, 0x34, 0xFE, 0x34, 0xFE, 0x34, 0xF6, 0x14, 0xF6, 0x13, 0xF6, 0x13, 0xF6,
    0xF3, 0xF5, 0xD2, 0xED, 0xD2, 0xED, 0xB2, 0xED, 0x91, 0xE5, 0x71, 0xE5, 0x50, 0xE5, 0x30, 0xE5,
    0x2F, 0xDD, 0x0F, 0xDD, 0x0F, 0xDD, 0xEF, 0xDC, 0xEE, 0xD4, 0xEE, 0xD4, 0xCE, 0xD4, 0xCE, 0xD4,
    0xCE, 0xD4, 0xEE, 0xD4, 0xEF, 0xD4, 0xEF, 0xD4, 0xEF, 0xD4, 0xEF, 0xD4, 0xEF, 0xD4, 0xEE, 0xD4,
    0xCE, 0xD4, 0xCF, 0xD4, 0xEF, 0xD4, 0xEF, 0xD4, 0xEF, 0xD4, 0xEF, 0xD4, 0xEF, 0xD4, 0xEF, 0xD4,
    0xEF, 0xD4, 0xEF, 0xD4, 0xEF, 0xD4, 0xEF, 0xD4, 0xEF, 0xD4, 0xEF, 0xD4, 0xEF, 0xD4, 0xEF, 0xD4,
    0xEF, 0xD4, 0x0F, 0xD5, 0x0F, 0xDD, 0x0F, 0xDD, 0x30, 0xDD, 0x30, 0xDD, 0x30, 0xE5, 0x50, 0xE5,
    0x50, 0xE5, 0x71, 0xE5, 0x71, 0xED, 0x91, 0xED, 0x91, 0xED, 0xB1, 0xED, 0xB2, 0xED, 0xB2, 0xF5,
    0xD2, 0xF5, 0xD2, 0xF5, 0xD2, 0xF5, 0xD2, 0xF5, 0xD2, 0xF5, 0xD2, 0xF5, 0xB2, 0xF5, 0xB1, 0xF5,
    0xB1, 0xF5, 0xB1, 0xF5, 0xB1, 0xF5, 0xB1, 0xF5, 0x91, 0xED, 0xB1, 0xF5, 0xB1, 0xF5, 0xB1, 0xF5,
    0x91, 0xF5, 0x90, 0xF5, 0x90, 0xF5, 0xAE, 0xCC, 0xAD, 0xCC, 0xAD, 0xCC, 0xAD, 0xCC, 0xAD, 0xCC,
    0x8D, 0xCC, 0x8D, 0xCC, 0x8D, 0xCC, 0x6D, 0xCC, 0x6D, 0xC4, 0x6C, 0xC4, 0x6C, 0xC4, 0x4C, 0xC4,
    0x4C, 0xBC, 0x2C, 0xBC, 0x0B, 0xB4, 0xEB, 0xAB, 0xCA, 0xAB, 0x89, 0xA3, 0x49, 0x9B, 0x28, 0x93,
    0xE7, 0x92, 0xC6, 0x8A, 0xA6, 0x8A, 0xC6, 0x8A, 0xC7, 0x92, 0x07, 0x93, 0x07, 0x93, 0x28, 0x9B,
    0x48, 0xA3, 0x89, 0xAB, 0xAA, 0xB3, 0xEA, 0xBB, 0x2B, 0xC4, 0x4C, 0xCC, 0x6C, 0xCC, 0xAD, 0xD4,
    0xCE, 0xDC, 0xEE, 0xDC, 0x0F, 0xE5, 0x2F, 0xE5, 0x4F, 0xE5, 0x70, 0xED, 0x70, 0xED, 0x91, 0xED,
    0xB1, 0xF5, 0xD2, 0xF5, 0xF2, 0xF5, 0x13, 0xF6, 0x13, 0xFE, 0x33, 0xFE, 0x34, 0xFE, 0x34, 0xFE,
    0x34, 0xFE, 0x34, 0xFE, 0x34, 0xFE, 0x34, 0xF6, 0x13, 0xF6, 0x13, 0xF6, 0x13, 0xF6, 0xF3, 0xF5,
    0xD2, 0xF5, 0xD2, 0xED, 0xB2, 0xED, 0xB1, 0xED, 0x91, 0xE5, 0x70, 0xE5, 0x50, 0xE5, 0x30, 0xE5,
    0x2F, 0xDD, 0x0F, 0xDD, 0x0F, 0xDD, 0xEF, 0xDC, 0xEF, 0xDC, 0xEE, 0xDC, 0xEE, 0xD4, 0xEE, 0xD4,
    0xEE, 0xD4, 0xEE, 0xD4, 0xEF, 0xD4, 0xEF, 0xD4, 0xEF, 0xD4, 0xEF, 0xD4, 0xEF, 0xD4, 0xEF, 0xD4,
    0xEF, 0xD4, 0xEF, 0xD4, 0xEF, 0xD4, 0x0F, 0xD5, 0x0F, 0xDD, 0x10, 0xDD, 0x10, 0xDD, 0x10, 0xDD,
    0x30, 0xDD, 0x30, 0xDD, 0x30, 0xDD, 0x30, 0xDD, 0x30, 0xDD, 0x30, 0xDD, 0x30, 0xDD, 0x10, 0xDD,
    0x10, 0xDD, 0x30, 0xDD, 0x30, 0xDD, 0x30, 0xE5, 0x50, 0xE5, 0x50, 0xE5, 0x50, 0xE5, 0x70, 0xE5,
    0x71, 0xED, 0x71, 0xED, 0x91, 0xED, 0x91, 0xED, 0xB1, 0xED, 0xB2, 0xED, 0xB2, 0xF5, 0xD2, 0xF5,
    0xD2, 0xF5, 0xD2, 0xF5, 0xD2, 0xF5, 0xD2, 0xF5, 0xD2, 0xF5, 0xB2, 0xF5, 0xB1, 0xF5, 0xB1, 0xF5,
    0xB1, 0xF5, 0xB1, 0xF5, 0xB1, 0xF5, 0xB1, 0xF5, 0x91, 0xED, 0xB1, 0xF5, 0x91, 0xF5, 0x90, 0xF5,
    0x90, 0xF5, 0x90, 0xF5, 0xAE, 0xCC, 0xAD, 0xCC, 0xAD, 0xCC, 0xAD, 0xCC, 0xAD, 0xCC, 0x8D, 0xCC,
    0x8D, 0xCC, 0x8D, 0xCC, 0x8D, 0xC4, 0x6D, 0xC4, 0x6C, 0xC4, 0x6C, 0xC4, 0x6C, 0xC4, 0x4C, 0xBC,
    0x2C, 0xBC, 0x0B, 0xB4, 0xEB, 0xAB, 0xAA, 0xA3, 0x8A, 0x9B, 0x49, 0x9B, 0x08, 0x93, 0xC7, 0x8A,
    0xA6, 0x8A, 0xA6, 0x8A, 0xA6, 0x8A, 0xC6, 0x8A, 0xE7, 0x92, 0x07, 0x93, 0x28, 0x9B, 0x69, 0xA3,
    0x89, 0xAB, 0xCA, 0xB3, 0xEB, 0xBB, 0x2B, 0xC4, 0x4C, 0xCC, 0x8D, 0xD4, 0xAD, 0xD4, 0xCE, 0xDC,
    0x0E, 0xE5, 0x0F, 0xE5, 0x2F, 0xE5, 0x4F, 0xED, 0x70, 0xED, 0x70, 0xED, 0x91, 0xED, 0xB1, 0xF5,
    0xF2, 0xF5, 0xF3, 0xF5, 0x13, 0xFE, 0x13, 0xFE, 0x34, 0xFE, 0x34, 0xFE, 0x34, 0xFE, 0x34, 0xFE,
    0x34, 0xFE, 0x34, 0xFE, 0x34, 0xFE, 0x14, 0xF6, 0x13, 0xF6, 0xF3, 0xF5, 0xF3, 0xF5, 0xF3, 0xF5,
    0xD2, 0xED, 0xB2, 0xED, 0xB2, 0xED, 0x91, 0xE5, 0x71, 0xE5, 0x70, 0xE5, 0x50, 0xE5, 0x2F, 0xE5,
    0x2F, 0xDD, 0x0F, 0xDD, 0x0F, 0xDD, 0x0F, 0xDD, 0xEF, 0xDC, 0xEF, 0xDC, 0xEE, 0xDC, 0xEF, 0xDC,
    0xEE, 0xDC, 0xEF, 0xDC, 0xEF, 0xDC, 0xEF, 0xDC, 0x0F, 0xDD, 0x0F, 0xDD, 0x0F, 0xDD, 0x0F, 0xDD,
    0x0F, 0xDD, 0x0F, 0xDD, 0x0F, 0xDD, 0x0F, 0xDD, 0x30, 0xDD, 0x30, 0xDD, 0x30, 0xDD, 0x30, 0xDD,
    0x50, 0xDD, 0x50, 0xE5, 0x50, 0xDD, 0x50, 0xE5, 0x50, 0xDD, 0x50, 0xDD, 0x50, 0xE5, 0x50, 0xE5,
    0x50, 0xE5, 0x50, 0xE5, 0x50, 0xE5, 0x50, 0xE5, 0x70, 0xE5, 0x71, 0xE5, 0x71, 0xED, 0x71, 0xED,
    0x91, 0xED, 0x91, 0xED, 0xB2, 0xED, 0xB2, 0xED, 0xB2, 0xF5, 0xD2, 0xF5, 0xD2, 0xF5, 0xD2, 0xF5,
    0xD2, 0xF5, 0xD2, 0xF5, 0xD2, 0xF5, 0xD2, 0xF5, 0xD2, 0xF5, 0xB2, 0xF5, 0xB2, 0xF5, 0xB1, 0xF5,
    0xB1, 0xF5, 0xB1, 0xF5, 0xB1, 0xF5, 0x91, 0xED, 0xB1, 0xF5, 0x91, 0xF5, 0x91, 0xF5, 0x90, 0xF5,
    0x90, 0xF5, 0xAE, 0xCC, 0xAE, 0xCC, 0xAE, 0xCC, 0xAD, 0xCC, 0xAD, 0xCC, 0x8D, 0xCC, 0x8D, 0xCC,
    0x8D, 0xCC, 0x8D, 0xC4, 0x8D, 0xC4, 0x6D, 0xC4, 0x6D, 0xC4, 0x4C, 0xBC, 0x4C, 0xBC, 0x2C, 0xBC,
    0x0B, 0xB4, 0xEB, 0xAB, 0xAA, 0xA3, 0x69, 0x9B, 0x28, 0x93, 0xE7, 0x92, 0xC6, 0x8A, 0x85, 0x82,
    0x85, 0x82, 0x85, 0x82, 0xA6, 0x8A, 0xE7, 0x92, 0x07, 0x93, 0x48, 0xA3, 0x69, 0xAB, 0xAA, 0xB3,
    0xCA, 0xB3, 0x0B, 0xBC, 0x4C, 0xC4, 0x8D, 0xCC, 0x8D, 0xD4, 0xCD, 0xDC, 0xEE, 0xDC, 0x0F, 0xE5,
    0x2F, 0xE5, 0x4F, 0xED, 0x50, 0xED, 0x70, 0xED, 0x90, 0xED, 0xB1, 0xF5, 0xD2, 0xF5, 0xF2, 0xF5,
    0xF3, 0xF5, 0x13, 0xFE, 0x33, 0xFE, 0x34, 0xFE, 0x34, 0xFE, 0x34, 0xFE, 0x34, 0xFE, 0x34, 0xFE,
    0x34, 0xFE, 0x34, 0xFE, 0x14, 0xF6, 0x13, 0xF6, 0xF3, 0xF5, 0xF3, 0xF5, 0xF2, 0xF5, 0xD2, 0xED,
    0xB2, 0xED, 0xB1, 0xED, 0x91, 0xED, 0x71, 0xE5, 0x70, 0xE5, 0x50, 0xE5, 0x50, 0xE5, 0x2F, 0xE5,
    0x2F, 0xDD, 0x0F, 0xDD, 0x0F, 0xDD, 0x0F, 0xDD, 0xEF, 0xDC, 0xEF, 0xDC, 0xEF, 0xDC, 0xEF, 0xDC,
    0xEF, 0xDC, 0xEE, 0xDC, 0xEF, 0xDC, 0x0F, 0xDD, 0x0F, 0xDD, 0x0F, 0xDD, 0x0F, 0xDD, 0x0F, 0xDD,
    0x0F, 0xDD, 0x0F, 0xDD, 0x0F, 0xDD, 0x30, 0xDD, 0x30, 0xDD, 0x30, 0xE5, 0x50, 0xE5, 0x50, 0xE5,
    0x50, 0xE5, 0x50, 0xE5, 0x50, 0xE5, 0x50, 0xE5, 0x50, 0xE5, 0x50, 0xE5, 0x50, 0xE5, 0x50, 0xE5,
    0x50, 0xE5, 0x50, 0xE5, 0x71, 0xE5, 0x71, 0xE5, 0x71, 0xE5, 0x71, 0xED, 0x91, 0xED, 0x91, 0xED,
    0x91, 0xED, 0xB2, 0xED, 0xB2, 0xED, 0xB2, 0xF5, 0xD2, 0xF5, 0xD2, 0xF5, 0xD2, 0xF5, 0xD2, 0xF5,
    0xD2, 0xF5, 0xD2, 0xF5, 0xD2, 0xF5, 0xD2, 0xF5, 0xD2, 0xF5, 0xB1, 0xF5, 0xB1, 0xF5, 0xB1, 0xF5,
    0xB1, 0xF5, 0xB1, 0xF5, 0xB1, 0xF5, 0xB1, 0xF5, 0x91, 0xF5, 0x90, 0xF5, 0x90, 0xF5, 0x90, 0xED,
    0xAE, 0xCC, 0xAE, 0xCC, 0xAE, 0xCC, 0xAE, 0xCC, 0xAD, 0xCC, 0xAD, 0xCC, 0x8D, 0xCC, 0x8D, 0xCC,
    0x8D, 0xC4, 0x8D, 0xC4, 0x6D, 0xC4, 0x6D, 0xC4, 0x4C, 0xBC, 0x4C, 0xBC, 0x2C, 0xB4, 0x0B, 0xB4,
    0xCB, 0xA3, 0x8A, 0xA3, 0x49, 0x9B, 0x08, 0x93, 0xC7, 0x8A, 0x86, 0x82, 0x65, 0x82, 0x44, 0x82,
    0x65, 0x82, 0x86, 0x8A, 0xE7, 0x92, 0x08, 0x9B, 0x48, 0xA3, 0x89, 0xAB, 0xCA, 0xB3, 0xEB, 0xBB,
    0x2B, 0xC4, 0x6C, 0xCC, 0xAD, 0xCC, 0xAD, 0xD4, 0xCE, 0xDC, 0x0E, 0xDD, 0x0F, 0xE5, 0x2F, 0xE5,
    0x4F, 0xED, 0x70, 0xED, 0x70, 0xED, 0xB1, 0xED, 0xD2, 0xF5, 0xD2, 0xF5, 0xF2, 0xF5, 0xF3, 0xF5,
    0x13, 0xFE, 0x34, 0xFE, 0x34, 0xFE, 0x54, 0xFE, 0x54, 0xFE, 0x54, 0xFE, 0x34, 0xFE, 0x34, 0xFE,
    0x34, 0xFE, 0x34, 0xF6, 0x13, 0xF6, 0xF3, 0xF5, 0xF3, 0xF5, 0xD2, 0xF5, 0xD2, 0xED, 0xB2, 0xED,
    0xB1, 0xED, 0x91, 0xED, 0x91, 0xED, 0x71, 0xE5, 0x50, 0xE5, 0x50, 0xE5, 0x30, 0xE5, 0x30, 0xE5,
    0x2F, 0xDD, 0x0F, 0xDD, 0x0F, 0xDD, 0x0F, 0xDD, 0x0F, 0xDD, 0xEF, 0xDC, 0xEF, 0xDC, 0xEF, 0xDC,
    0xEF, 0xDC, 0xEF, 0xDC, 0xEF, 0xDC, 0xEF, 0xDC, 0x0F, 0xDD, 0x0F, 0xDD, 0x0F, 0xDD, 0x0F, 0xDD,
    0x0F, 0xDD, 0x0F, 0xDD, 0x30, 0xDD, 0x30, 0xE5, 0x30, 0xE5, 0x50, 0xE5, 0x50, 0xE5, 0x50, 0xE5,
    0x50, 0xE5, 0x51, 0xE5, 0x50, 0xE5, 0x70, 0xE5, 0x71, 0xE5, 0x71, 0xE5, 0x71, 0xE5, 0x71, 0xE5,
    0x71, 0xE5, 0x71, 0xE5, 0x71, 0xE5, 0x71, 0xED, 0x91, 0xED, 0x91, 0xED, 0x91, 0xED, 0xB2, 0xED,
    0xB2, 0xED, 0xB2, 0xF5, 0xD2, 0xF5, 0xD2, 0xF5, 0xD2, 0xF5, 0xD2, 0xF5, 0xD2, 0xF5, 0xD2, 0xF5,
    0xD2, 0xF5, 0xD2, 0xF5, 0xD2, 0xF5, 0xD2, 0xF5, 0xB2, 0xF5, 0xB1, 0xF5, 0xB1, 0xF5, 0xB1, 0xF5,
    0xB1, 0xF5, 0xB1, 0xF5, 0xB1, 0xF5, 0x91, 0xF5, 0x90, 0xF5, 0x90, 0xED, 0x90, 0xED, 0xAE, 0xCC,
    0xAE, 0xCC, 0xAE, 0xCC, 0xAE, 0xCC, 0xAE, 0xCC, 0xAD, 0xCC, 0x8D, 0xCC, 0x8D, 0xCC, 0x8D, 0xC4,
    0x6D, 0xC4, 0x6D, 0xC4, 0x6D, 0xC4, 0x6C, 0xBC, 0x4C, 0xBC, 0x2C, 0xB4, 0xEB, 0xAB, 0xAA, 0xA3,
    0x6A, 0x9B, 0x28, 0x93, 0xE7, 0x8A, 0xA6, 0x82, 0x65, 0x82, 0x24, 0x7A, 0x24, 0x7A, 0x44, 0x7A,
    0x85, 0x82, 0xE7, 0x92, 0x28, 0x9B, 0x69, 0xA3, 0xAA, 0xB3, 0xEB, 0xB3, 0x0B, 0xBC, 0x4C, 0xC4,
    0x6C, 0xCC, 0xAD, 0xD4, 0xCE, 0xD4, 0xEE, 0xDC, 0x0E, 0xE5, 0x2F, 0xE5, 0x4F, 0xE5, 0x70, 0xED,
    0x90, 0xED, 0x91, 0xED, 0xB1, 0xED, 0xD2, 0xF5, 0xD2, 0xF5, 0xF3, 0xF5, 0x13, 0xF6, 0x33, 0xFE,
    0x34, 0xFE, 0x54, 0xFE, 0x54, 0xFE, 0x54, 0xFE, 0x54, 0xFE, 0x54, 0xFE, 0x54, 0xFE, 0x54, 0xFE,
    0x34, 0xFE, 0x14, 0xF6, 0x13, 0xF6, 0xF3, 0xF5, 0xD2, 0xF5, 0xD2, 0xED, 0xB2, 0xED, 0xB1, 0xED,
    0x91, 0xED, 0x91, 0xE5, 0x71, 0xE5, 0x71, 0xE5, 0x50, 0xE5, 0x50, 0xE5, 0x30, 0xE5, 0x30, 0xE5,
    0x2F, 0xDD, 0x0F, 0xDD, 0x0F, 0xDD, 0x0F, 0xDD, 0x0F, 0xDD, 0xEF, 0xDC, 0xEF, 0xDC, 0xEF, 0xDC,
    0xEF, 0xDC, 0xEF, 0xDC, 0x0F, 0xDD, 0x0F, 0xDD, 0x0F, 0xDD, 0x0F, 0xDD, 0x0F, 0xDD, 0x0F, 0xDD,
    0x0F, 0xDD, 0x2F, 0xE5, 0x30, 0xE5, 0x30, 0xE5, 0x50, 0xE5, 0x50, 0xE5, 0x50, 0xE5, 0x50, 0xE5,
    0x50, 0xE5, 0x71, 0xE5, 0x71, 0xE5, 0x71, 0xE5, 0x71, 0xE5, 0x71, 0xE5, 0x71, 0xE5, 0x71, 0xE5,
    0x71, 0xE5, 0x71, 0xED, 0x71, 0xED, 0x91, 0xED, 0x92, 0xED, 0xB2, 0xED, 0xB2, 0xED, 0xD2, 0xF5,
    0xD2, 0xF5, 0xD2, 0xF5, 0xD2, 0xF5, 0xD2, 0xF5, 0xD2, 0xF5, 0xD2, 0xF5, 0xD2, 0xF5, 0xD2, 0xF5,
    0xD2, 0xF5, 0xD2, 0xF5, 0xB2, 0xF5, 0xB2, 0xF5, 0xB1, 0xF5, 0xB1, 0xF5, 0xB1, 0xF5, 0xB1, 0xF5,
    0xB1, 0xF5, 0xB1, 0xF5, 0x91, 0xF5, 0x90, 0xF5, 0x90, 0xED, 0x70, 0xED, 0xAE, 0xCC, 0xAE, 0xCC,
    0xAE, 0xCC, 0xAE, 0xCC, 0xAE, 0xCC, 0xAE, 0xCC, 0xAD, 0xCC, 0x8D, 0xCC, 0x8D, 0xC4, 0x8D, 0xC4,
    0x8D, 0xC4, 0x6D, 0xC4, 0x6D, 0xBC, 0x4C, 0xB4, 0x0C, 0xB4, 0xCB, 0xAB, 0x8A, 0x9B, 0x49, 0x93,
    0x08, 0x8B, 0xA7, 0x82, 0x86, 0x82, 0x45, 0x7A, 0x24, 0x7A, 0x24, 0x7A, 0x24, 0x7A, 0x85, 0x82,
    0xE7, 0x92, 0x28, 0x9B, 0x89, 0xAB, 0xCA, 0xB3, 0x0B, 0xBC, 0x2C, 0xC4, 0x6C, 0xCC, 0x8D, 0xCC,
    0xAD, 0xD4, 0xCE, 0xDC, 0xEE, 0xDC, 0x0F, 0xE5, 0x2F, 0xE5, 0x50, 0xED, 0x70, 0xED, 0x91, 0xED,
    0xB1, 0xED, 0xB2, 0xF5, 0xD2, 0xF5, 0xF2, 0xF5, 0xF3, 0xF5, 0x13, 0xFE, 0x34, 0xFE, 0x34, 0xFE,
    0x54, 0xFE, 0x54, 0xFE, 0x55, 0xFE, 0x55, 0xFE, 0x55, 0xFE, 0x54, 0xFE, 0x55, 0xFE, 0x54, 0xFE,
    0x34, 0xF6, 0x14, 0xF6, 0x13, 0xF6, 0xF3, 0xF5, 0xD2, 0xED, 0xB2, 0xED, 0xB1, 0xED, 0x91, 0xED,
    0x91, 0xE5, 0x71, 0xE5, 0x71, 0xE5, 0x70, 0xE5, 0x50, 0xE5, 0x50, 0xE5, 0x50, 0xE5, 0x2F, 0xE5,
    0x2F, 0xDD, 0x2F, 0xDD, 0x0F, 0xDD, 0x0F, 0xDD, 0x0F, 0xDD, 0x0F, 0xDD, 0x0F, 0xDD, 0x0F, 0xDD,
    0x0F, 0xDD, 0x0F, 0xDD, 0x0F, 0xDD, 0x0F, 0xDD, 0x0F, 0xDD, 0x0F, 0xDD, 0x0F, 0xDD, 0x0F, 0xDD,
    0x30, 0xE5, 0x30, 0xE5, 0x30, 0xE5, 0x50, 0xE5, 0x50, 0xE5, 0x50, 0xE5, 0x50, 0xE5, 0x51, 0xE5,
    0x71, 0xE5, 0x51, 0xE5, 0x71, 0xE5, 0x71, 0xE5, 0x71, 0xE5, 0x71, 0xE5, 0x71, 0xED, 0x71, 0xED,
    0x91, 0xED, 0x92, 0xED, 0x92, 0xED, 0xB2, 0xED, 0xB2, 0xED, 0xD2, 0xED, 0xD2, 0xF5, 0xD3, 0xF5,
    0xD3, 0xF5, 0xF3, 0xF5, 0xD3, 0xF5, 0xF3, 0xF5, 0xD3, 0xF5, 0xD2, 0xF5, 0xD2, 0xF5, 0xD2, 0xF5,
    0xD2, 0xF5, 0xD2, 0xF5, 0xB2, 0xF5, 0xB2, 0xF5, 0xB1, 0xF5, 0xB1, 0xF5, 0xB1, 0xF5, 0xB1, 0xF5,
    0xB1, 0xF5, 0x91, 0xF5, 0x90, 0xED, 0x90, 0xED, 0x70, 0xED, 0xCE, 0xCC, 0xCE, 0xCC, 0xAE, 0xCC,
    0xAE, 0xCC, 0xAE, 0xCC, 0xAE, 0xCC, 0xAD, 0xCC, 0x8D, 0xCC, 0x8D, 0xC4, 0x8D, 0xC4, 0x6D, 0xC4,
    0x6D, 0xBC, 0x4D, 0xBC, 0x2C, 0xB4, 0xEB, 0xAB, 0xAA, 0xA3, 0x49, 0x93, 0xE8, 0x8A, 0xC7, 0x82,
    0xC7, 0x82, 0x86, 0x82, 0x45, 0x7A, 0x24, 0x7A, 0x03, 0x7A, 0x24, 0x7A, 0x85, 0x82, 0x07, 0x93,
    0x48, 0x9B, 0xAA, 0xAB, 0xEB, 0xB3, 0x2B, 0xBC, 0x4C, 0xC4, 0x8D, 0xCC, 0xAD, 0xD4, 0xCE, 0xD4,
    0xEE, 0xDC, 0x0F, 0xDD, 0x2F, 0xE5, 0x4F, 0xE5, 0x70, 0xED, 0x91, 0xED, 0xB1, 0xED, 0xD2, 0xF5,
    0xD2, 0xF5, 0xD2, 0xF5, 0xF3, 0xF5, 0x13, 0xF6, 0x33, 0xFE, 0x34, 0xFE, 0x34, 0xFE, 0x54, 0xFE,
    0x54, 0xFE, 0x54, 0xFE, 0x55, 0xFE, 0x55, 0xFE, 0x55, 0xFE, 0x55, 0xFE, 0x55, 0xFE, 0x34, 0xF6,
    0x34, 0xF6, 0x34, 0xF6, 0x14, 0xF6, 0xD2, 0xED, 0xB2, 0xED, 0x91, 0xED, 0x91, 0xE5, 0x71, 0xE5,
    0x71, 0xE5, 0x71, 0xE5, 0x71, 0xE5, 0x70, 0xE5, 0x50, 0xE5, 0x50, 0xE5, 0x30, 0xE5, 0x2F, 0xE5,
    0x2F, 0xDD, 0x2F, 0xDD, 0x0F, 0xDD, 0x0F, 0xDD, 0x0F, 0xDD, 0x0F, 0xDD, 0x0F, 0xDD, 0x0F, 0xDD,
    0x0F, 0xDD, 0x0F, 0xDD, 0x0F, 0xDD, 0x0F, 0xDD, 0x0F, 0xDD, 0x0F, 0xDD, 0x30, 0xE5, 0x30, 0xE5,
    0x30, 0xE5, 0x30, 0xE5, 0x50, 0xE5, 0x50, 0xE5, 0x50, 0xE5, 0x51, 0xE5, 0x71, 0xE5, 0x71, 0xE5,
    0x51, 0xE5, 0x71, 0xE5, 0x71, 0xE5, 0x71, 0xE5, 0x71, 0xE5, 0x71, 0xED, 0x92, 0xED, 0x92, 0xED,
    0x92, 0xED, 0xB2, 0xED, 0xB2, 0xED, 0xB2, 0xED, 0xB2, 0xF5, 0xD3, 0xF5, 0xF3, 0xF5, 0xF3, 0xF5,
    0xF3, 0xF5, 0xF3, 0xF5, 0xF3, 0xF5, 0xD3, 0xF5, 0xD3, 0xF5, 0xD2, 0xF5, 0xD2, 0xF5, 0xD2, 0xF5,
    0xD2, 0xF5, 0xD2, 0xF5, 0xB2, 0xF5, 0xB1, 0xF5, 0xB1, 0xF5, 0xB1, 0xF5, 0xB1, 0xF5, 0x91, 0xF5,
    0x91, 0xED, 0x90, 0xED, 0x70, 0xED, 0x70, 0xED, 0xCE, 0xCC, 0xCE, 0xCC, 0xCE, 0xCC, 0xCE, 0xCC,
    0xAE, 0xCC, 0xAE, 0xCC, 0xAE, 0xCC, 0xAD, 0xC4, 0x8D, 0xC4, 0x8D, 0xC4, 0x6D, 0xBC, 0x4D, 0xBC,
    0x2C, 0xB4, 0xEB, 0xAB, 0xAA, 0xA3, 0x49, 0x93, 0xE8, 0x8A, 0xC7, 0x82, 0xC7, 0x82, 0xC7, 0x82,
    0xC7, 0x82, 0x86, 0x82, 0x45, 0x7A, 0x04, 0x7A, 0x24, 0x7A, 0xA6, 0x8A, 0x28, 0x9B, 0x69, 0x9B,
    0xCA, 0xAB, 0x0B, 0xBC, 0x2C, 0xC4, 0x6C, 0xC4, 0x8D, 0xCC, 0xAD, 0xD4, 0xCE, 0xD4, 0xEE, 0xDC,
    0x0F, 0xDD, 0x2F, 0xE5, 0x50, 0xE5, 0x91, 0xED, 0xB1, 0xED, 0xB2, 0xF5, 0xD2, 0xF5, 0xD2, 0xF5,
    0xF3, 0xF5, 0x13, 0xF6, 0x13, 0xFE, 0x34, 0xFE, 0x34, 0xFE, 0x54, 0xFE, 0x54, 0xFE, 0x54, 0xFE,
    0x54, 0xFE, 0x54, 0xFE, 0x54, 0xFE, 0x54, 0xFE, 0x54, 0xFE, 0x34, 0xFE, 0x34, 0xF6, 0x34, 0xF6,
    0x14, 0xF6, 0x14, 0xEE, 0xF3, 0xED, 0xB2, 0xED, 0x71, 0xE5, 0x71, 0xE5, 0x70, 0xE5, 0x71, 0xE5,
    0x71, 0xE5, 0x71, 0xE5, 0x71, 0xE5, 0x50, 0xE5, 0x50, 0xE5, 0x30, 0xE5, 0x30, 0xE5, 0x30, 0xE5,
    0x2F, 0xDD, 0x0F, 0xDD, 0x0F, 0xDD, 0x0F, 0xDD, 0x0F, 0xDD, 0x0F, 0xDD, 0x0F, 0xDD, 0x0F, 0xDD,
    0x0F, 0xDD, 0x0F, 0xDD, 0x0F, 0xDD, 0x0F, 0xDD, 0x2F, 0xDD, 0x30, 0xE5, 0x30, 0xE5, 0x30, 0xE5,
    0x30, 0xE5, 0x50, 0xE5, 0x50, 0xE5, 0x50, 0xE5, 0x51, 0xE5, 0x71, 0xE5, 0x71, 0xE5, 0x71, 0xE5,
    0x71, 0xE5, 0x71, 0xE5, 0x71, 0xE5, 0x71, 0xE5, 0x71, 0xED, 0x92, 0xED, 0x92, 0xED, 0x92, 0xED,
    0xB2, 0xED, 0xB2, 0xED, 0xB2, 0xED, 0xD3, 0xF5, 0xD3, 0xF5, 0xF3, 0xF5, 0xF3, 0xF5, 0xF3, 0xF5,
    0xF3, 0xF5, 0xF3, 0xF5, 0xF3, 0xF5, 0xF3, 0xF5, 0xD3, 0xF5, 0xD2, 0xF5, 0xD2, 0xF5, 0xD2, 0xF5,
    0xD2, 0xF5, 0xB2, 0xF5, 0xB1, 0xF5, 0xB1, 0xF5, 0xB1, 0xF5, 0x91, 0xF5, 0x91, 0xF5, 0x91, 0xED,
    0x90, 0xED, 0x70, 0xED, 0x70, 0xED, 0xCE, 0xCC, 0xCE, 0xCC, 0xCE, 0xCC, 0xCE, 0xCC, 0xCE, 0xCC,
    0xAE, 0xCC, 0xAE, 0xC4, 0xAE, 0xC4, 0x8E, 0xC4, 0x8D, 0xBC, 0x6D, 0xBC, 0x2C, 0xB4, 0xEB, 0xAB,
    0xAA, 0xA3, 0x49, 0x93, 0xE8, 0x8A, 0xE8, 0x8A, 0xE8, 0x8A, 0x28, 0x93, 0x28, 0x93, 0x08, 0x93,
    0xE7, 0x8A, 0xA6, 0x8A, 0x65, 0x82, 0x44, 0x82, 0xC6, 0x8A, 0x48, 0x9B, 0x69, 0xA3, 0xEB, 0xB3,
    0x0B, 0xBC, 0x4C, 0xC4, 0x6D, 0xC4, 0x8D, 0xCC, 0xAD, 0xD4, 0xCE, 0xD4, 0xEE, 0xDC, 0x2F, 0xDD,
    0x50, 0xE5, 0x70, 0xE5, 0xB1, 0xED, 0xD2, 0xED, 0xF3, 0xF5, 0xF3, 0xF5, 0xF3, 0xF5, 0x13, 0xF6,
    0x14, 0xF6, 0x34, 0xFE, 0x54, 0xFE, 0x55, 0xFE, 0x55, 0xFE, 0x55, 0xFE, 0x54, 0xFE, 0x54, 0xFE,
    0x34, 0xFE, 0x33, 0xFE, 0x33, 0xFE, 0x34, 0xFE, 0x34, 0xF6, 0x13, 0xF6, 0x13, 0xF6, 0x13, 0xF6,
    0xF3, 0xED, 0xD3, 0xED, 0xB2, 0xE5, 0x71, 0xE5, 0x50, 0xE5, 0x30, 0xDD, 0x50, 0xDD, 0x50, 0xE5,
    0x50, 0xE5, 0x50, 0xE5, 0x50, 0xE5, 0x50, 0xE5, 0x30, 0xE5, 0x30, 0xE5, 0x30, 0xE5, 0x30, 0xDD,
    0x2F, 0xDD, 0x2F, 0xDD, 0x2F, 0xDD, 0x2F, 0xDD, 0x0F, 0xDD, 0x0F, 0xDD, 0x0F, 0xDD, 0x0F, 0xDD,
    0x0F, 0xDD, 0x0F, 0xDD, 0x2F, 0xE5, 0x2F, 0xE5, 0x30, 0xE5, 0x30, 0xE5, 0x30, 0xE5, 0x50, 0xE5,
    0x50, 0xE5, 0x50, 0xE5, 0x50, 0xE5, 0x51, 0xE5, 0x71, 0xE5, 0x71, 0xE5, 0x71, 0xE5, 0x71, 0xE5,
    0x71, 0xE5, 0x71, 0xE5, 0x71, 0xE5, 0x91, 0xED, 0x92, 0xED, 0x92, 0xED, 0xB2, 0xED, 0xB2, 0xED,
    0xB2, 0xED, 0xD3, 0xED, 0xD3, 0xF5, 0xD3, 0xF5, 0xF3, 0xF5, 0xF3, 0xF5, 0xF3, 0xF5, 0xF3, 0xF5,
    0xF3, 0xF5, 0xF3, 0xF5, 0xF3, 0xF5, 0xD3, 0xF5, 0xD2, 0xF5, 0xD2, 0xF5, 0xD2, 0xF5, 0xB2, 0xF5,
    0xB2, 0xF5, 0xB2, 0xF5, 0xB1, 0xF5, 0xB1, 0xF5, 0xB1, 0xF5, 0x91, 0xED, 0x91, 0xED, 0x90, 0xED,
    0x70, 0xED, 0x70, 0xED, 0xCE, 0xCC, 0xCE, 0xCC, 0xCE, 0xCC, 0xCE, 0xCC, 0xCE, 0xCC, 0xAE, 0xCC,
    0xAE, 0xC4, 0xAE, 0xC4, 0x8D, 0xC4, 0x6D, 0xBC, 0x2C, 0xB4, 0xEB, 0xAB, 0xAA, 0xA3, 0x29, 0x93,
    0xC7, 0x82, 0xA7, 0x82, 0xE8, 0x8A, 0x28, 0x93, 0x49, 0x9B, 0x69, 0x9B, 0x49, 0x9B, 0x28, 0x9B,
    0xE7, 0x92, 0x86, 0x8A, 0x85, 0x8A, 0xE7, 0x92, 0x49, 0x9B, 0xAA, 0xA3, 0xEB, 0xB3, 0x2C, 0xBC,
    0x4C, 0xC4, 0x8D, 0xCC, 0xAD, 0xCC, 0xAE, 0xD4, 0xEE, 0xD4, 0xEF, 0xDC, 0x30, 0xDD, 0x71, 0xE5,
    0x91, 0xE5, 0xB2, 0xED, 0xD3, 0xED, 0xF3, 0xF5, 0x13, 0xF6, 0x14, 0xF6, 0x34, 0xF6, 0x34, 0xF6,
    0x55, 0xFE, 0x55, 0xFE, 0x55, 0xFE, 0x55, 0xFE, 0x55, 0xFE, 0x34, 0xFE, 0x34, 0xFE, 0x13, 0xFE,
    0x13, 0xFE, 0x13, 0xFE, 0x13, 0xFE, 0x13, 0xF6, 0xF3, 0xF5, 0xF3, 0xF5, 0xF3, 0xF5, 0xD2, 0xED,
    0xB2, 0xED, 0x91, 0xE5, 0x51, 0xE5, 0x30, 0xDD, 0xEF, 0xDC, 0x0F, 0xDD, 0x0F, 0xDD, 0x30, 0xDD,
    0x50, 0xDD, 0x50, 0xE5, 0x50, 0xDD, 0x30, 0xDD, 0x30, 0xDD, 0x30, 0xDD, 0x30, 0xDD, 0x2F, 0xDD,
    0x30, 0xDD, 0x30, 0xDD, 0x30, 0xE5, 0x2F, 0xDD, 0x2F, 0xDD, 0x30, 0xE5, 0x2F, 0xE5, 0x2F, 0xDD,
    0x2F, 0xE5, 0x30, 0xE5, 0x30, 0xE5, 0x30, 0xE5, 0x30, 0xE5, 0x50, 0xE5, 0x50, 0xE5, 0x50, 0xE5,
    0x51, 0xE5, 0x71, 0xE5, 0x71, 0xE5, 0x71, 0xE5, 0x71, 0xE5, 0x71, 0xE5, 0x71, 0xE5, 0x71, 0xE5,
    0x71, 0xE5, 0x91, 0xED, 0x92, 0xED, 0x92, 0xED, 0x92, 0xED, 0x92, 0xED, 0xB2, 0xED, 0xD3, 0xED,
    0xD3, 0xED, 0xD3, 0xF5, 0xD3, 0xF5, 0xF3, 0xF5, 0xF3, 0xF5, 0xF3, 0xF5, 0xF3, 0xF5, 0xF3, 0xF5,
    0xF3, 0xF5, 0xF3, 0xF5, 0xF3, 0xF5, 0xD3, 0xF5, 0xD2, 0xF5, 0xD2, 0xF5, 0xD2, 0xF5, 0xB2, 0xF5,
    0xB2, 0xF5, 0xB1, 0xF5, 0xB1, 0xF5, 0x91, 0xF5, 0x91, 0xED, 0x91, 0xED, 0x70, 0xED, 0x70, 0xED,
    0x70, 0xED, 0xCE, 0xCC, 0xCE, 0xCC, 0xCE, 0xCC, 0xCE, 0xCC, 0xCE, 0xCC, 0xAE, 0xC4, 0xAE, 0xC4,
    0x8D, 0xC4, 0x6D, 0xBC, 0x4D, 0xB4, 0xEC, 0xAB, 0xAA, 0xA3, 0x28, 0x93, 0x86, 0x7A, 0x65, 0x7A,
    0xA6, 0x82, 0x08, 0x8B, 0x29, 0x93, 0x69, 0x9B, 0x8A, 0xA3, 0x8A, 0xA3, 0x69, 0xA3, 0x28, 0x9B,
    0xC6, 0x8A, 0xA6, 0x8A, 0x07, 0x93, 0x69, 0xA3, 0xAA, 0xAB, 0x0B, 0xB4, 0x2C, 0xBC, 0x6D, 0xC4,
    0x8D, 0xCC, 0xAD, 0xCC, 0xCE, 0xD4, 0xEE, 0xD4, 0x0F, 0xDD, 0x30, 0xDD, 0x50, 0xE5, 0x91, 0xE5,
    0xB2, 0xED, 0xF3, 0xED, 0xF3, 0xF5, 0x14, 0xF6, 0x14, 0xF6, 0x35, 0xF6, 0x55, 0xF6, 0x55, 0xF6,
    0x55, 0xFE, 0x55, 0xFE, 0x55, 0xFE, 0x34, 0xFE, 0x33, 0xFE, 0x13, 0xFE, 0x13, 0xFE, 0xF2, 0xFD,
    0xF2, 0xFD, 0xF2, 0xFD, 0xF2, 0xF5, 0xF2, 0xF5, 0xF2, 0xF5, 0xD2, 0xF5, 0xB2, 0xED, 0x91, 0xED,
    0x50, 0xE5, 0x30, 0xDD, 0xEF, 0xDC, 0xCE, 0xD4, 0xAD, 0xD4, 0xCE, 0xD4, 0xEF, 0xDC, 0x0F, 0xDD,
    0x30, 0xDD, 0x30, 0xDD, 0x30, 0xDD, 0x30, 0xDD, 0x30, 0xDD, 0x30, 0xDD, 0x30, 0xDD, 0x30, 0xDD,
    0x30, 0xDD, 0x30, 0xDD, 0x30, 0xDD, 0x30, 0xE5, 0x30, 0xE5, 0x30, 0xE5, 0x30, 0xE5, 0x30, 0xE5,
    0x30, 0xE5, 0x30, 0xE5, 0x30, 0xE5, 0x50, 0xE5, 0x50, 0xE5, 0x50, 0xE5, 0x51, 0xE5, 0x51, 0xE5,
    0x51, 0xE5, 0x71, 0xE5, 0x71, 0xE5, 0x71, 0xE5, 0x71, 0xE5, 0x71, 0xE5, 0x71, 0xE5, 0x71, 0xED,
    0x71, 0xED, 0x92, 0xED, 0x92, 0xED, 0x92, 0xED, 0xB2, 0xED, 0xB3, 0xED, 0xD3, 0xED, 0xD3, 0xED,
    0xD3, 0xF5, 0xD3, 0xF5, 0xF3, 0xF5, 0xF3, 0xF5, 0xF3, 0xF5, 0xF3, 0xF5, 0xF3, 0xF5, 0xF3, 0xF5,
    0xF3, 0xF5, 0xF3, 0xF5, 0xD3, 0xF5, 0xD2, 0xF5, 0xD2, 0xF5, 0xD2, 0xF5, 0xB2, 0xF5, 0xB1, 0xF5,
    0xB1, 0xF5, 0xB1, 0xF5, 0x91, 0xF5, 0x91, 0xED, 0x90, 0xED, 0x70, 0xED, 0x70, 0xED, 0x4F, 0xE5,
    0xCE, 0xCC, 0xCE, 0xCC, 0xCE, 0xCC, 0xAE, 0xCC, 0xAE, 0xCC, 0xAE, 0xC4, 0x8D, 0xC4, 0x6D, 0xBC,
    0x4D, 0xBC, 0x0C, 0xAC, 0xAA, 0xA3, 0x29, 0x93, 0x86, 0x7A, 0x45, 0x72, 0x66, 0x7A, 0xA6, 0x82,
    0xE7, 0x8A, 0x49, 0x9B, 0x8A, 0xA3, 0xAA, 0xA3, 0xAA, 0xA3, 0x8A, 0xA3, 0x49, 0x9B, 0xE7, 0x92,
    0xC6, 0x92, 0x28, 0x9B, 0x8A, 0xA3, 0xCB, 0xAB, 0x2C, 0xBC, 0x4D, 0xBC, 0x6D, 0xC4, 0x8D, 0xC4,
    0xAE, 0xCC, 0xCE, 0xD4, 0xEE, 0xD4, 0x0F, 0xDD, 0x30, 0xDD, 0x50, 0xE5, 0x91, 0xE5, 0xB2, 0xED,
    0xD3, 0xED, 0xF3, 0xED, 0x14, 0xF6, 0x14, 0xF6, 0x35, 0xF6, 0x55, 0xF6, 0x75, 0xF6, 0x55, 0xFE,
    0x55, 0xFE, 0x34, 0xFE, 0x34, 0xFE, 0x13, 0xFE, 0xF2, 0xFD, 0xF2, 0xFD, 0xD2, 0xFD, 0xD2, 0xFD,
    0xD2, 0xFD, 0xD2, 0xFD, 0xD2, 0xF5, 0xD2, 0xF5, 0xD2, 0xF5, 0xD1, 0xF5, 0xB1, 0xED, 0x70, 0xED,
    0x30, 0xE5, 0xEE, 0xDC, 0xAD, 0xD4, 0x8C, 0xD4, 0x6C, 0xD4, 0xAD, 0xD4, 0xCE, 0xD4, 0xEF, 0xDC,
    0x0F, 0xDD, 0x0F, 0xDD, 0x30, 0xDD, 0x30, 0xDD, 0x30, 0xDD, 0x30, 0xDD, 0x30, 0xDD, 0x30, 0xDD,
    0x30, 0xDD, 0x30, 0xDD, 0x30, 0xE5, 0x30, 0xE5, 0x30, 0xE5, 0x30, 0xE5, 0x30, 0xE5, 0x30, 0xE5,
    0x30, 0xE5, 0x50, 0xE5, 0x50, 0xE5, 0x50, 0xE5, 0x50, 0xE5, 0x51, 0xE5, 0x71, 0xE5, 0x71, 0xE5,
    0x71, 0xE5, 0x71, 0xE5, 0x71, 0xE5, 0x71, 0xE5, 0x71, 0xE5, 0x91, 0xE5, 0x71, 0xED, 0x92, 0xED,
    0x92, 0xED, 0xB2, 0xED, 0xB2, 0xED, 0xB2, 0xED, 0xB3, 0xED, 0xD3, 0xED, 0xD3, 0xF5, 0xD3, 0xF5,
    0xD3, 0xF5, 0xF3, 0xF5, 0xF3, 0xF5, 0xF3, 0xF5, 0xF3, 0xF5, 0xF3, 0xF5, 0xF3, 0xF5, 0xF3, 0xF5,
    0xD3, 0xF5, 0xD3, 0xF5, 0xD2, 0xF5, 0xD2, 0xF5, 0xD2, 0xF5, 0xB2, 0xF5, 0xB2, 0xF5, 0xB1, 0xF5,
    0x91, 0xF5, 0x91, 0xF5, 0x91, 0xED, 0x70, 0xED, 0x70, 0xED, 0x50, 0xED, 0x4F, 0xE5, 0xCE, 0xCC,
    0xCE, 0xCC, 0xAE, 0xCC, 0xAE, 0xCC, 0xAE, 0xC4, 0x8D, 0xC4, 0x6D, 0xBC, 0x4C, 0xBC, 0x2C, 0xB4,
    0xCB, 0xA3, 0x49, 0x93, 0xA6, 0x82, 0x45, 0x7A, 0x45, 0x72, 0x65, 0x7A, 0xC7, 0x82, 0x08, 0x93,
    0x49, 0x9B, 0x8A, 0xA3, 0xAA, 0xA3, 0xCB, 0xAB, 0xCB, 0xAB, 0xAA, 0xA3, 0x28, 0x9B, 0xE7, 0x92,
    0x48, 0x9B, 0x8A, 0xA3, 0xEB, 0xAB, 0x2C, 0xBC, 0x4D, 0xBC, 0x6D, 0xC4, 0x8D, 0xC4, 0xAE, 0xCC,
    0xCE, 0xD4, 0xCE, 0xD4, 0x0F, 0xDD, 0x2F, 0xDD, 0x50, 0xE5, 0x71, 0xE5, 0x91, 0xE5, 0xB2, 0xED,
    0xD3, 0xED, 0xF3, 0xF5, 0x14, 0xF6, 0x35, 0xF6, 0x55, 0xF6, 0x55, 0xF6, 0x55, 0xF6, 0x55, 0xF6,
    0x34, 0xF6, 0x13, 0xFE, 0xF3, 0xFD, 0xF2, 0xFD, 0xD2, 0xFD, 0xD2, 0xFD, 0xD2, 0xFD, 0xD2, 0xFD,
    0xD1, 0xFD, 0xD1, 0xFD, 0xD1, 0xFD, 0xF2, 0xF5, 0xD1, 0xF5, 0xD1, 0xF5, 0xD1, 0xF5, 0xB1, 0xED,
    0x50, 0xE5, 0xEE, 0xDC, 0x8D, 0xD4, 0x4C, 0xCC, 0x4C, 0xCC, 0x8D, 0xD4, 0xAE, 0xD4, 0xEF, 0xD4,
    0xEF, 0xDC, 0x0F, 0xDD, 0x0F, 0xDD, 0x2F, 0xDD, 0x2F, 0xDD, 0x30, 0xDD, 0x30, 0xDD, 0x30, 0xDD,
    0x30, 0xDD, 0x30, 0xE5, 0x30, 0xE5, 0x30, 0xE5, 0x30, 0xE5, 0x30, 0xE5, 0x50, 0xE5, 0x50, 0xE5,
    0x50, 0xE5, 0x51, 0xE5, 0x51, 0xE5, 0x71, 0xE5, 0x71, 0xE5, 0x71, 0xE5, 0x71, 0xE5, 0x71, 0xE5,
    0x71, 0xE5, 0x71, 0xED, 0x91, 0xE5, 0x92, 0xED, 0x92, 0xED, 0x92, 0xED, 0x92, 0xED, 0x92, 0xED,
    0xB2, 0xED, 0xB2, 0xED, 0xB3, 0xED, 0xD3, 0xED, 0xD3, 0xF5, 0xD3, 0xF5, 0xD3, 0xF5, 0xF3, 0xF5,
    0xF3, 0xF5, 0xF3, 0xF5, 0xF3, 0xF5, 0xF3, 0xF5, 0xF3, 0xF5, 0xF3, 0xF5, 0xF3, 0xF5, 0xD3, 0xF5,
    0xD3, 0xF5, 0xD2, 0xF5, 0xD2, 0xF5, 0xB2, 0xF5, 0xB2, 0xF5, 0xB1, 0xF5, 0xB1, 0xF5, 0x91, 0xF5,
    0x91, 0xED, 0x90, 0xED, 0x70, 0xED, 0x70, 0xED, 0x50, 0xE5, 0x4F, 0xE5, 0xCE, 0xCC, 0xCE, 0xCC,
    0xAE, 0xC4, 0xAE, 0xC4, 0x8D, 0xC4, 0x6D, 0xBC, 0x4D, 0xBC, 0x2C, 0xB4, 0xCB, 0xAB, 0x49, 0x9B,
    0xC7, 0x8A, 0x45, 0x7A, 0x24, 0x72, 0x24, 0x72, 0x65, 0x7A, 0xC7, 0x8A, 0x28, 0x93, 0x69, 0x9B,
    0xAA, 0xA3, 0xCB, 0xAB, 0xEB, 0xAB, 0x0C, 0xAC, 0xEB, 0xAB, 0x69, 0xA3, 0x28, 0x9B, 0x69, 0xA3,
    0xAA, 0xA3, 0xEB, 0xAB, 0x2C, 0xBC, 0x4C, 0xBC, 0x6D, 0xC4, 0x8D, 0xC4, 0xAE, 0xCC, 0xCE, 0xCC,
    0xCE, 0xD4, 0xEF, 0xD4, 0x0F, 0xDD, 0x30, 0xDD, 0x50, 0xE5, 0x71, 0xE5, 0x91, 0xED, 0xB2, 0xED,
    0xD3, 0xED, 0xF3, 0xED, 0x14, 0xF6, 0x35, 0xF6, 0x55, 0xF6, 0x55, 0xF6, 0x35, 0xF6, 0x14, 0xF6,
    0xF3, 0xF5, 0xF2, 0xF5, 0xD2, 0xF5, 0xD2, 0xF5, 0xD2, 0xFD, 0xD2, 0xF5, 0xD2, 0xFD, 0xD1, 0xFD,
    0xD1, 0xFD, 0xF1, 0xFD, 0xF2, 0xFD, 0xF2, 0xFD, 0xF2, 0xFD, 0xF2, 0xFD, 0xF2, 0xF5, 0xD1, 0xF5,
    0x70, 0xED, 0xEE, 0xDC, 0x6C, 0xCC, 0x2B, 0xCC, 0x2B, 0xCC, 0x6C, 0xCC, 0xAD, 0xD4, 0xCE, 0xD4,
    0xEF, 0xD4, 0x0F, 0xDD, 0x0F, 0xDD, 0x0F, 0xDD, 0x30, 0xDD, 0x30, 0xDD, 0x30, 0xDD, 0x30, 0xDD,
    0x30, 0xDD, 0x30, 0xE5, 0x30, 0xE5, 0x30, 0xE5, 0x50, 0xE5, 0x51, 0xE5, 0x50, 0xE5, 0x51, 0xE5,
    0x71, 0xE5, 0x71, 0xE5, 0x71, 0xE5, 0x71, 0xE5, 0x71, 0xE5, 0x71, 0xE5, 0x71, 0xE5, 0x92, 0xED,
    0x92, 0xED, 0x92, 0xED, 0x92, 0xED, 0x92, 0xED, 0x92, 0xED, 0xB2, 0xED, 0xB2, 0xED, 0xB3, 0xED,
    0xB3, 0xED, 0xD3, 0xED, 0xD3, 0xF5, 0xD3, 0xF5, 0xD3, 0xF5, 0xD3, 0xF5, 0xF3, 0xF5, 0xF3, 0xF5,
    0xF3, 0xF5, 0xF3, 0xF5, 0xF3, 0xF5, 0xF3, 0xF5, 0xF3, 0xF5, 0xF3, 0xF5, 0xD3, 0xF5, 0xD3, 0xF5,
    0xD2, 0xF5, 0xD2, 0xF5, 0xB2, 0xF5, 0xB2, 0xF5, 0xB1, 0xF5, 0x91, 0xF5, 0x91, 0xF5, 0x91, 0xED,
    0x70, 0xED, 0x70, 0xED, 0x50, 0xED, 0x50, 0xE5, 0x4F, 0xE5, 0xCE, 0xCC, 0xAE, 0xC4, 0x8E, 0xC4,
    0x8D, 0xC4, 0x6D, 0xBC, 0x4C, 0xBC, 0x0C, 0xB4, 0xCB, 0xAB, 0x69, 0x9B, 0xE7, 0x8A, 0x65, 0x7A,
    0x04, 0x72, 0xE3, 0x69, 0x24, 0x72, 0x86, 0x82, 0xC7, 0x8A, 0x28, 0x93, 0x69, 0x9B, 0xAA, 0xA3,
    0xCB, 0xAB, 0x0B, 0xAC, 0x0C, 0xB4, 0x0C, 0xAC, 0x8A, 0xA3, 0x48, 0x9B, 0x69, 0xA3, 0xAA, 0xAB,
    0xEB, 0xAB, 0x2C, 0xB4, 0x4C, 0xBC, 0x6D, 0xC4, 0x8D, 0xC4, 0x8E, 0xCC, 0xAE, 0xCC, 0xCE, 0xD4,
    0xEE, 0xD4, 0xEF, 0xDC, 0x0F, 0xDD, 0x30, 0xE5, 0x50, 0xE5, 0x71, 0xE5, 0x91, 0xED, 0xB2, 0xED,
    0xD2, 0xED, 0xF3, 0xED, 0x14, 0xF6, 0x14, 0xF6, 0x14, 0xF6, 0xF3, 0xF5, 0xF3, 0xF5, 0xF3, 0xF5,
    0xF2, 0xF5, 0xF2, 0xF5, 0xF2, 0xF5, 0xF2, 0xF5, 0xF2, 0xFD, 0xF2, 0xFD, 0xF2, 0xFD, 0xF2, 0xFD,
    0xF2, 0xFD, 0xF2, 0xFD, 0xF2, 0xFD, 0x12, 0xFE, 0x12, 0xFE, 0x12, 0xFE, 0xF2, 0xF5, 0xD2, 0xF5,
    0x70, 0xE5, 0xEE, 0xDC, 0x6C, 0xCC, 0x0B, 0xCC, 0x2B, 0xCC, 0x4C, 0xCC, 0x8D, 0xCC, 0xAE, 0xD4,
    0xCE, 0xD4, 0xEF, 0xDC, 0x0F, 0xDD, 0x0F, 0xDD, 0x30, 0xDD, 0x10, 0xDD, 0x2F, 0xDD, 0x30, 0xDD,
    0x30, 0xDD, 0x30, 0xE5, 0x50, 0xE5, 0x50, 0xE5, 0x50, 0xE5, 0x51, 0xE5, 0x51, 0xE5, 0x71, 0xE5,
    0x71, 0xE5, 0x71, 0xE5, 0x71, 0xE5, 0x71, 0xE5, 0x71, 0xE5, 0x72, 0xE5, 0x92, 0xE5, 0x92, 0xED,
    0x92, 0xED, 0x92, 0xED, 0x92, 0xED, 0xB2, 0xED, 0xB2, 0xED, 0xB3, 0xED, 0xD3, 0xED, 0xD3, 0xED,
    0xD3, 0xED, 0xD3, 0xF5, 0xD3, 0xF5, 0xD3, 0xF5, 0xF4, 0xF5, 0xF4, 0xF5, 0xF4, 0xF5, 0xF4, 0xF5,
    0xF4, 0xF5, 0xF4, 0xF5, 0xF3, 0xF5, 0xD3, 0xF5, 0xD3, 0xF5, 0xD3, 0xF5, 0xD2, 0xF5, 0xD2, 0xF5,
    0xD2, 0xF5, 0xB2, 0xF5, 0xB2, 0xF5, 0xB1, 0xF5, 0x91, 0xF5, 0x91, 0xED, 0x70, 0xED, 0x70, 0xED,
    0x70, 0xED, 0x50, 0xE5, 0x4F, 0xE5, 0x4F, 0xE5, 0xAE, 0xC4, 0x8D, 0xC4, 0x8D, 0xC4, 0x6D, 0xBC,
    0x4C, 0xBC, 0x0C, 0xB4, 0xCB, 0xAB, 0x8A, 0xA3, 0x08, 0x93, 0x86, 0x82, 0x04, 0x72, 0xC3, 0x69,
    0xE3, 0x69, 0x24, 0x72, 0x86, 0x82, 0xC7, 0x8A, 0x28, 0x93, 0x69, 0x9B, 0xAA, 0xA3, 0xEB, 0xAB,
    0x0C, 0xAC, 0x2C, 0xB4, 0x2C, 0xB4, 0xCB, 0xAB, 0x69, 0xA3, 0x89, 0xA3, 0xAA, 0xAB, 0xCB, 0xAB,
    0x0C, 0xB4, 0x2C, 0xBC, 0x4D, 0xBC, 0x6D, 0xC4, 0x8D, 0xC4, 0xAE, 0xCC, 0xAE, 0xCC, 0xCE, 0xD4,
    0xEF, 0xD4, 0x0F, 0xDD, 0x2F, 0xDD, 0x30, 0xE5, 0x50, 0xE5, 0x71, 0xE5, 0x91, 0xED, 0x92, 0xED,
    0xB2, 0xED, 0xD3, 0xED, 0xF3, 0xED, 0xF3, 0xED, 0xF3, 0xF5, 0xF3, 0xF5, 0xF3, 0xF5, 0x13, 0xF6,
    0x14, 0xF6, 0x13, 0xF6, 0x13, 0xF6, 0x13, 0xFE, 0x13, 0xFE, 0x13, 0xFE, 0xF3, 0xFD, 0x13, 0xFE,
    0x13, 0xFE, 0x13, 0xFE, 0x13, 0xFE, 0x13, 0xFE, 0x13, 0xFE, 0x12, 0xFE, 0xF2, 0xFD, 0xD2, 0xF5,
    0x70, 0xE5, 0xCE, 0xD4, 0x2B, 0xCC, 0x0A, 0xC4, 0x0B, 0xC4, 0x2C, 0xC4, 0x6D, 0xCC, 0xAE, 0xD4,
    0xCE, 0xD4, 0xEF, 0xD4, 0x0F, 0xDD, 0x0F, 0xDD, 0x0F, 0xDD, 0x0F, 0xDD, 0x30, 0xDD, 0x30, 0xDD,
    0x30, 0xDD, 0x30, 0xE5, 0x50, 0xE5, 0x51, 0xE5, 0x51, 0xE5, 0x51, 0xE5, 0x71, 0xE5, 0x71, 0xE5,
    0x71, 0xE5, 0x71, 0xE5, 0x71, 0xE5, 0x92, 0xE5, 0x92, 0xE5, 0x92, 0xED, 0x92, 0xED, 0x92, 0xED,
    0x92, 0xED, 0xB2, 0xED, 0xB2, 0xED, 0xB3, 0xED, 0xB3, 0xED, 0xD3, 0xED, 0xD3, 0xED, 0xD3, 0xED,
    0xD3, 0xF5, 0xD3, 0xF5, 0xF4, 0xF5, 0xF4, 0xF5, 0xF4, 0xF5, 0xF4, 0xF5, 0xF4, 0xF5, 0xF4, 0xF5,
    0xF4, 0xF5, 0xF3, 0xF5, 0xF3, 0xF5, 0xD3, 0xF5, 0xD3, 0xF5, 0xD2, 0xF5, 0xD2, 0xF5, 0xD2, 0xF5,
    0xB2, 0xF5, 0xB2, 0xF5, 0xB1, 0xF5, 0x91, 0xF5, 0x91, 0xED, 0x70, 0xED, 0x70, 0xED, 0x50, 0xED,
    0x4F, 0xE5, 0x4F, 0xE5, 0x4F, 0xE5, 0x8D, 0xC4, 0x6D, 0xC4, 0x4D, 0xBC, 0x2C, 0xBC, 0x0B, 0xB4,
    0xCB, 0xAB, 0x8A, 0xA3, 0x28, 0x9B, 0xC7, 0x8A, 0x24, 0x7A, 0xC3, 0x69, 0xA2, 0x61, 0xE3, 0x69,
    0x04, 0x72, 0x65, 0x7A, 0xC7, 0x8A, 0x28, 0x93, 0x69, 0x9B, 0xAA, 0xA3, 0xEB, 0xAB, 0x0C, 0xB4,
    0x2C, 0xB4, 0x2C, 0xB4, 0x0B, 0xAC, 0x89, 0xA3, 0x8A, 0xA3, 0xAA, 0xAB, 0xCB, 0xAB, 0x0B, 0xB4,
    0x0C, 0xB4, 0x2C, 0xBC, 0x4D, 0xBC, 0x6D, 0xC4, 0x8D, 0xC4, 0x8D, 0xCC, 0xAE, 0xCC, 0xCE, 0xD4,
    0xEE, 0xD4, 0x0F, 0xDD, 0x2F, 0xDD, 0x30, 0xDD, 0x50, 0xE5, 0x50, 0xE5, 0x71, 0xE5, 0x91, 0xED,
    0xB2, 0xED, 0xB2, 0xED, 0xD3, 0xED, 0xD3, 0xED, 0xF3, 0xED, 0x14, 0xF6, 0x14, 0xF6, 0x34, 0xF6,
    0x35, 0xF6, 0x34, 0xF6, 0x34, 0xF6, 0x34, 0xFE, 0x34, 0xFE, 0x34, 0xFE, 0x34, 0xFE, 0x33, 0xFE,
    0x33, 0xFE, 0x33, 0xFE, 0x33, 0xFE, 0x13, 0xFE, 0x13, 0xFE, 0x13, 0xFE, 0xF2, 0xF5, 0xD2, 0xF5,
    0x30, 0xDD, 0x8D, 0xCC, 0x0B, 0xC4, 0xCA, 0xC3, 0xEA, 0xC3, 0x2B, 0xC4, 0x4C, 0xCC, 0x8D, 0xCC,
    0xAE, 0xD4, 0xCF, 0xD4, 0xEF, 0xDC, 0x0F, 0xDD, 0x10, 0xDD, 0x30, 0xDD, 0x30, 0xDD, 0x30, 0xDD,
    0x30, 0xDD, 0x51, 0xE5, 0x51, 0xE5, 0x51, 0xE5, 0x51, 0xE5, 0x71, 0xE5, 0x71, 0xE5, 0x71, 0xE5,
    0x72, 0xE5, 0x92, 0xED, 0x92, 0xE5, 0x92, 0xED, 0x92, 0xED, 0x92, 0xED, 0x92, 0xED, 0xB2, 0xED,
    0xB3, 0xED, 0xB3, 0xED, 0xB3, 0xED, 0xB3, 0xED, 0xD3, 0xED, 0xD3, 0xED, 0xD3, 0xF5, 0xD4, 0xF5,
    0xF4, 0xF5, 0xF4, 0xF5, 0xF4, 0xF5, 0xF4, 0xF5, 0xF4, 0xF5, 0xF4, 0xF5, 0xF4, 0xF5, 0xF4, 0xF5,
    0xF3, 0xF5, 0xF3, 0xF5, 0xF3, 0xF5, 0xD3, 0xF5, 0xD2, 0xF5, 0xD2, 0xF5, 0xB2, 0xF5, 0xB2, 0xF5,
    0xB2, 0xF5, 0xB1, 0xF5, 0x91, 0xF5, 0x91, 0xED, 0x70, 0xED, 0x70, 0xED, 0x50, 0xE5, 0x4F, 0xE5,
    0x4F, 0xE5, 0x4F, 0xE5, 0x8D, 0xC4, 0x6D, 0xBC, 0x2C, 0xBC, 0x0B, 0xB4, 0xCA, 0xAB, 0x89, 0xA3,
    0x28, 0x9B, 0xE7, 0x8A, 0x65, 0x82, 0xE3, 0x69, 0x61, 0x61, 0xA2, 0x61, 0xC3, 0x69, 0x04, 0x72,
    0x65, 0x7A, 0xC7, 0x8A, 0x28, 0x93, 0x49, 0x9B, 0xAA, 0xA3, 0xEB, 0xAB, 0x0C, 0xB4, 0x2C, 0xB4,
    0x2D, 0xB4, 0x0C, 0xAC, 0xAA, 0xAB, 0x8A, 0xA3, 0xAA, 0xA3, 0xCA, 0xAB, 0xCB, 0xAB, 0xEB, 0xB3,
    0x0C, 0xB4, 0x2C, 0xBC, 0x4C, 0xBC, 0x4C, 0xC4, 0x6D, 0xC4, 0x8D, 0xCC, 0xAE, 0xCC, 0xCE, 0xD4,
    0xEE, 0xD4, 0x0F, 0xDD, 0x0F, 0xDD, 0x30, 0xDD, 0x50, 0xE5, 0x50, 0xE5, 0x71, 0xE5, 0x91, 0xE5,
    0x92, 0xED, 0xB2, 0xED, 0xB2, 0xED, 0xD3, 0xED, 0xF3, 0xED, 0x14, 0xF6, 0x35, 0xF6, 0x55, 0xF6,
    0x55, 0xF6, 0x55, 0xF6, 0x55, 0xF6, 0x55, 0xFE, 0x54, 0xFE, 0x34, 0xFE, 0x54, 0xFE, 0x34, 0xFE,
    0x34, 0xFE, 0x33, 0xFE, 0x33, 0xFE, 0x33, 0xFE, 0x13, 0xFE, 0x13, 0xFE, 0xF2, 0xF5, 0x71, 0xE5,
    0xCE, 0xD4, 0x2C, 0xC4, 0xCA, 0xBB, 0xAA, 0xBB, 0xCA, 0xBB, 0x0B, 0xC4, 0x4C, 0xC4, 0x6D, 0xCC,
    0xAE, 0xD4, 0xCF, 0xD4, 0xEF, 0xD4, 0xEF, 0xDC, 0x10, 0xDD, 0x30, 0xDD, 0x30, 0xDD, 0x30, 0xDD,
    0x51, 0xDD, 0x51, 0xE5, 0x51, 0xE5, 0x51, 0xE5, 0x71, 0xE5, 0x71, 0xE5, 0x72, 0xE5, 0x72, 0xE5,
    0x92, 0xE5, 0x92, 0xE5, 0x92, 0xED, 0x92, 0xED, 0x92, 0xED, 0xB2, 0xED, 0xB3, 0xED, 0xB3, 0xED,
    0xB3, 0xED, 0xB3, 0xED, 0xD3, 0xED, 0xD3, 0xED, 0xD3, 0xED, 0xD3, 0xF5, 0xF4, 0xF5, 0xF4, 0xF5,
    0xF4, 0xF5, 0xF4, 0xF5, 0xF4, 0xF5, 0xF4, 0xF5, 0xF4, 0xF5, 0xF4, 0xF5, 0xF4, 0xF5, 0xF4, 0xF5,
    0xF3, 0xF5, 0xD3, 0xF5, 0xD3, 0xF5, 0xD3, 0xF5, 0xD2, 0xF5, 0xB2, 0xF5, 0xB2, 0xF5, 0xB2, 0xF5,
    0xB1, 0xF5, 0x91, 0xF5, 0x91, 0xED, 0x70, 0xED, 0x70, 0xED, 0x50, 0xE5, 0x4F, 0xE5, 0x2F, 0xE5,
    0x4F, 0xE5, 0x6D, 0xBC, 0x2C, 0xBC, 0x0B, 0xB4, 0xCA, 0xAB, 0x69, 0xA3, 0x28, 0x9B, 0xE7, 0x92,
    0x85, 0x82, 0x04, 0x72, 0x82, 0x61, 0x21, 0x59, 0x62, 0x61, 0xA2, 0x61, 0xE3, 0x69, 0x44, 0x7A,
    0xA6, 0x82, 0xE7, 0x8A, 0x28, 0x9B, 0x8A, 0xA3, 0xCA, 0xA3, 0xEB, 0xAB, 0x0C, 0xB4, 0x0C, 0xB4,
    0x0C, 0xAC, 0xAA, 0xAB, 0x8A, 0xAB, 0x8A, 0xA3, 0xAA, 0xAB, 0xCA, 0xAB, 0xEB, 0xB3, 0xEB, 0xB3,
    0x0B, 0xB4, 0x0C, 0xBC, 0x2C, 0xBC, 0x4C, 0xC4, 0x6D, 0xC4, 0x8D, 0xCC, 0xAE, 0xCC, 0xCE, 0xD4,
    0xEE, 0xD4, 0xEF, 0xDC, 0x0F, 0xDD, 0x2F, 0xDD, 0x30, 0xDD, 0x50, 0xE5, 0x50, 0xE5, 0x71, 0xE5,
    0x71, 0xE5, 0x91, 0xED, 0x92, 0xED, 0xB2, 0xED, 0xF3, 0xF5, 0x14, 0xF6, 0x55, 0xF6, 0x55, 0xF6,
    0x55, 0xF6, 0x75, 0xF6, 0x55, 0xFE, 0x55, 0xFE, 0x55, 0xFE, 0x55, 0xFE, 0x54, 0xFE, 0x54, 0xFE,
    0x34, 0xFE, 0x33, 0xFE, 0x33, 0xFE, 0x13, 0xFE, 0x13, 0xFE, 0xF2, 0xF5, 0xB1, 0xED, 0x0F, 0xDD,
    0x6D, 0xCC, 0xCA, 0xBB, 0xA9, 0xBB, 0xA9, 0xBB, 0xCA, 0xBB, 0xEB, 0xBB, 0x2C, 0xC4, 0x6D, 0xCC,
    0x8E, 0xCC, 0xAE, 0xD4, 0xEF, 0xD4, 0xEF, 0xDC, 0x10, 0xDD, 0x10, 0xDD, 0x30, 0xDD, 0x51, 0xDD,
    0x51, 0xDD, 0x51, 0xDD, 0x51, 0xE5, 0x71, 0xE5, 0x71, 0xE5, 0x71, 0xE5, 0x72, 0xE5, 0x92, 0xE5,
    0x92, 0xE5, 0x92, 0xED, 0x92, 0xED, 0xB2, 0xED, 0xB2, 0xED, 0xB3, 0xED, 0xB3, 0xED, 0xB3, 0xED,
    0xB3, 0xED, 0xD3, 0xED, 0xD3, 0xED, 0xD3, 0xED, 0xD4, 0xED, 0xD4, 0xF5, 0xF4, 0xF5, 0xF4, 0xF5,
    0xF4, 0xF5, 0xF4, 0xF5, 0xF4, 0xF5, 0xF4, 0xF5, 0xF4, 0xF5, 0xF4, 0xF5, 0xF4, 0xF5, 0xF3, 0xF5,
    0xD3, 0xF5, 0xD3, 0xF5, 0xD2, 0xF5, 0xD2, 0xF5, 0xB2, 0xF5, 0xB2, 0xF5, 0xB1, 0xF5, 0x91, 0xF5,
    0x91, 0xED, 0x91, 0xED, 0x70, 0xED, 0x50, 0xED, 0x50, 0xE5, 0x2F, 0xE5, 0x2F, 0xE5, 0x4F, 0xE5,
    0x4C, 0xBC, 0x0B, 0xB4, 0xCB, 0xAB, 0x89, 0xA3, 0x28, 0x9B, 0xE7, 0x92, 0x86, 0x8A, 0x24, 0x7A,
    0xC3, 0x71, 0x61, 0x61, 0x00, 0x51, 0x41, 0x59, 0xA2, 0x61, 0xC3, 0x69, 0x24, 0x7A, 0x85, 0x82,
    0xC6, 0x8A, 0x08, 0x93, 0x69, 0x9B, 0x8A, 0xA3, 0xCA, 0xAB, 0xEB, 0xAB, 0x0B, 0xAC, 0x0C, 0xAC,
    0xCB, 0xAB, 0xAA, 0xA3, 0x8A, 0xA3, 0xAA, 0xA3, 0xAA, 0xAB, 0xCB, 0xAB, 0xEB, 0xB3, 0xEB, 0xB3,
    0x0B, 0xB4, 0x0C, 0xBC, 0x2C, 0xBC, 0x4C, 0xC4, 0x6D, 0xC4, 0x8D, 0xCC, 0xAE, 0xCC, 0xCE, 0xD4,
    0xCE, 0xD4, 0xEF, 0xD4, 0x0F, 0xDD, 0x0F, 0xDD, 0x2F, 0xDD, 0x30, 0xDD, 0x50, 0xE5, 0x50, 0xE5,
    0x71, 0xE5, 0x71, 0xE5, 0x91, 0xED, 0xB2, 0xED, 0xF3, 0xED, 0x14, 0xF6, 0x35, 0xF6, 0x55, 0xF6,
    0x55, 0xF6, 0x75, 0xF6, 0x75, 0xF6, 0x75, 0xFE, 0x55, 0xFE, 0x55, 0xFE, 0x54, 0xFE, 0x54, 0xFE,
    0x34, 0xFE, 0x33, 0xFE, 0x33, 0xFE, 0x13, 0xFE, 0xF2, 0xF5, 0xB1, 0xED, 0x30, 0xDD, 0x8D, 0xCC,
    0xEB, 0xBB, 0xA9, 0xB3, 0x89, 0xB3, 0x89, 0xB3, 0xAA, 0xBB, 0xEB, 0xBB, 0x2C, 0xC4, 0x6D, 0xCC,
    0x8D, 0xCC, 0xAE, 0xD4, 0xCF, 0xD4, 0xEF, 0xD4, 0x10, 0xDD, 0x30, 0xDD, 0x30, 0xDD, 0x31, 0xDD,
    0x51, 0xDD, 0x51, 0xE5, 0x51, 0xE5, 0x71, 0xE5, 0x72, 0xE5, 0x72, 0xE5, 0x92, 0xE5, 0x92, 0xE5,
    0x92, 0xED, 0x92, 0xED, 0xB2, 0xED, 0xB3, 0xED, 0xB3, 0xED, 0xB3, 0xED, 0xB3, 0xED, 0xD3, 0xED,
    0xD3, 0xED, 0xD3, 0xED, 0xD3, 0xED, 0xD4, 0xF5, 0xF4, 0xF5, 0xF4, 0xF5, 0xF4, 0xF5, 0xF4, 0xF5,
    0xF4, 0xF5, 0xF4, 0xF5, 0xF4, 0xF5, 0xF4, 0xF5, 0xF4, 0xF5, 0xF3, 0xF5, 0xD3, 0xF5, 0xD3, 0xF5,
    0xD3, 0xF5, 0xD2, 0xF5, 0xD2, 0xF5, 0xB2, 0xF5, 0xB2, 0xF5, 0xB1, 0xF5, 0x91, 0xF5, 0x91, 0xED,
    0x91, 0xED, 0x70, 0xED, 0x50, 0xE5, 0x4F, 0xE5, 0x2F, 0xE5, 0x2F, 0xE5, 0x4F, 0xE5, 0x2C, 0xBC,
    0xEB, 0xB3, 0xAA, 0xAB, 0x69, 0xA3, 0x07, 0x93, 0xA6, 0x8A, 0x65, 0x82, 0x04, 0x7A, 0xA2, 0x69,
    0x61, 0x61, 0x00, 0x51, 0x00, 0x51, 0xA2, 0x69, 0xC2, 0x69, 0xE3, 0x71, 0x45, 0x7A, 0xA6, 0x8A,
    0xE7, 0x92, 0x28, 0x9B, 0x69, 0x9B, 0x8A, 0xA3, 0xCA, 0xA3, 0xCB, 0xAB, 0xEB, 0xAB, 0xCB, 0xAB,
    0xAA, 0xA3, 0x8A, 0xA3, 0x8A, 0xA3, 0xAA, 0xA3, 0xAA, 0xAB, 0xCB, 0xAB, 0xEB, 0xAB, 0xEB, 0xB3,
    0xEB, 0xB3, 0x0C, 0xBC, 0x2C, 0xBC, 0x4C, 0xBC, 0x6D, 0xC4, 0x8D, 0xC4, 0x8D, 0xCC, 0xAE, 0xCC,
    0xCE, 0xD4, 0xCE, 0xD4, 0xEF, 0xD4, 0xEF, 0xDC, 0x0F, 0xDD, 0x0F, 0xDD, 0x2F, 0xDD, 0x30, 0xE5,
    0x50, 0xE5, 0x70, 0xE5, 0x91, 0xED, 0xB2, 0xED, 0xD3, 0xED, 0xF3, 0xF5, 0x34, 0xF6, 0x35, 0xF6,
    0x55, 0xF6, 0x55, 0xF6, 0x55, 0xFE, 0x55, 0xFE, 0x55, 0xFE, 0x54, 0xFE, 0x54, 0xFE, 0x34, 0xFE,
    0x33, 0xFE, 0x33, 0xFE, 0x13, 0xFE, 0xF2, 0xF5, 0x91, 0xED, 0x2F, 0xDD, 0x8D, 0xCC, 0x0B, 0xBC,
    0xAA, 0xB3, 0x69, 0xB3, 0x69, 0xB3, 0x69, 0xB3, 0xAA, 0xB3, 0xEB, 0xBB, 0x2C, 0xC4, 0x6D, 0xCC,
    0x8D, 0xCC, 0xAE, 0xCC, 0xCF, 0xD4, 0xEF, 0xD4, 0x10, 0xDD, 0x30, 0xDD, 0x30, 0xDD, 0x31, 0xDD,
    0x51, 0xE5, 0x51, 0xE5, 0x51, 0xE5, 0x71, 0xE5, 0x72, 0xE5, 0x92, 0xE5, 0x92, 0xE5, 0x92, 0xE5,
    0xB2, 0xED, 0xB3, 0xED, 0xB3, 0xED, 0xB3, 0xED, 0xB3, 0xED, 0xD3, 0xED, 0xD3, 0xED, 0xD3, 0xED,
    0xD4, 0xED, 0xD4, 0xED, 0xD4, 0xF5, 0xF4, 0xF5, 0xF4, 0xF5, 0xF4, 0xF5, 0xF4, 0xF5, 0xF4, 0xF5,
    0xF4, 0xF5, 0xF4, 0xF5, 0xF4, 0xF5, 0xF4, 0xF5, 0xF3, 0xF5, 0xD3, 0xF5, 0xD3, 0xF5, 0xD3, 0xF5,
    0xD2, 0xF5, 0xB2, 0xF5, 0xB2, 0xF5, 0xB2, 0xF5, 0xB1, 0xF5, 0x91, 0xF5, 0x91, 0xED, 0x70, 0xED,
    0x70, 0xED, 0x50, 0xE5, 0x2F, 0xE5, 0x2F, 0xE5, 0x2F, 0xE5, 0x4F, 0xE5, 0x2C, 0xB4, 0xEB, 0xAB,
    0x8A, 0xA3, 0x48, 0x9B, 0xE7, 0x92, 0x86, 0x8A, 0x44, 0x7A, 0xE3, 0x71, 0xA2, 0x69, 0x41, 0x59,
    0x00, 0x51, 0xC0, 0x48, 0x82, 0x59, 0xA2, 0x69, 0xC2, 0x69, 0x24, 0x7A, 0x85, 0x82, 0xC6, 0x8A,
    0x07, 0x93, 0x48, 0x9B, 0x69, 0x9B, 0x89, 0xA3, 0xAA, 0xA3, 0xAA, 0xA3, 0xAA, 0xA3, 0x8A, 0xA3,
    0x69, 0x9B, 0x69, 0x9B, 0x8A, 0xA3, 0xAA, 0xA3, 0xCB, 0xAB, 0xCB, 0xAB, 0xCB, 0xAB, 0xEB, 0xB3,
    0xEB, 0xB3, 0x0C, 0xB4, 0x0C, 0xBC, 0x4C, 0xBC, 0x4C, 0xC4, 0x6D, 0xC4, 0x8D, 0xCC, 0xAE, 0xCC,
    0xAE, 0xCC, 0xCE, 0xD4, 0xCE, 0xD4, 0xCE, 0xD4, 0xEE, 0xD4, 0xEF, 0xDC, 0x0F, 0xDD, 0x30, 0xDD,
    0x50, 0xE5, 0x70, 0xE5, 0x91, 0xED, 0xB1, 0xED, 0xB2, 0xED, 0xD3, 0xED, 0xF3, 0xF5, 0x14, 0xF6,
    0x34, 0xF6, 0x34, 0xF6, 0x54, 0xF6, 0x54, 0xFE, 0x34, 0xFE, 0x34, 0xFE, 0x34, 0xFE, 0x33, 0xFE,
    0x13, 0xFE, 0x13, 0xFE, 0xD2, 0xF5, 0x91, 0xED, 0x0F, 0xD5, 0x6D, 0xCC, 0xEB, 0xBB, 0xAA, 0xB3,
    0x69, 0xAB, 0x48, 0xAB, 0x48, 0xAB, 0x69, 0xB3, 0xAA, 0xB3, 0xEB, 0xBB, 0x2C, 0xC4, 0x4D, 0xC4,
    0x8E, 0xCC, 0xAE, 0xCC, 0xCF, 0xD4, 0xF0, 0xD4, 0x10, 0xD5, 0x10, 0xDD, 0x30, 0xDD, 0x31, 0xDD,
    0x51, 0xDD, 0x51, 0xDD, 0x51, 0xE5, 0x71, 0xE5, 0x72, 0xE5, 0x92, 0xE5, 0x92, 0xE5, 0xB3, 0xED,
    0xB3, 0xED, 0xB3, 0xED, 0xB3, 0xED, 0xB3, 0xED, 0xD3, 0xED, 0xB3, 0xED, 0xD4, 0xED, 0xD4, 0xED,
    0xD3, 0xED, 0xD4, 0xED, 0xD4, 0xF5, 0xF4, 0xF5, 0xF4, 0xF5, 0xF4, 0xF5, 0xF4, 0xF5, 0xF4, 0xF5,
    0xF4, 0xF5, 0xF4, 0xF5, 0xF4, 0xF5, 0xF3, 0xF5, 0xD3, 0xF5, 0xD3, 0xF5, 0xD3, 0xF5, 0xD2, 0xF5,
    0xB2, 0xF5, 0xB2, 0xF5, 0xB2, 0xF5, 0x91, 0xF5, 0x91, 0xED, 0x91, 0xED, 0x70, 0xED, 0x50, 0xED,
    0x4F, 0xE5, 0x2F, 0xE5, 0x2F, 0xE5, 0x2F, 0xE5, 0x4F, 0xE5, 0x0C, 0xB4, 0xCB, 0xAB, 0x8A, 0xA3,
    0x48, 0x9B, 0xE7, 0x92, 0x86, 0x82, 0x44, 0x7A, 0xE3, 0x71, 0xA2, 0x69, 0x61, 0x59, 0x20, 0x51,
    0xE0, 0x48, 0xE0, 0x48, 0xA2, 0x61, 0xC2, 0x69, 0x03, 0x72, 0x44, 0x7A, 0xA6, 0x82, 0xC7, 0x8A,
    0x07, 0x93, 0x28, 0x93, 0x69, 0x9B, 0x69, 0x9B, 0x69, 0x9B, 0x69, 0x9B, 0x89, 0x9B, 0x89, 0xA3,
    0x69, 0x9B, 0x69, 0x9B, 0x69, 0x9B, 0x8A, 0xA3, 0x8A, 0xA3, 0xAA, 0xAB, 0xCB, 0xAB, 0xCB, 0xAB,
    0xCB, 0xAB, 0xEB, 0xB3, 0x0C, 0xBC, 0x2C, 0xBC, 0x2C, 0xBC, 0x4D, 0xC4, 0x6D, 0xC4, 0x6D, 0xC4,
    0x8D, 0xCC, 0x8D, 0xCC, 0x8D, 0xCC, 0xAD, 0xCC, 0xAE, 0xD4, 0xCE, 0xD4, 0xEE, 0xDC, 0x0F, 0xDD,
    0x2F, 0xE5, 0x50, 0xE5, 0x70, 0xE5, 0x91, 0xED, 0x91, 0xED, 0xB2, 0xED, 0xD2, 0xED, 0xD2, 0xF5,
    0xF3, 0xF5, 0x13, 0xF6, 0x13, 0xF6, 0x33, 0xF6, 0x33, 0xFE, 0x33, 0xFE, 0x13, 0xFE, 0x13, 0xF6,
    0xF2, 0xF5, 0xB1, 0xF5, 0x50, 0xE5, 0xCE, 0xD4, 0x6D, 0xC4, 0xEB, 0xB3, 0x89, 0xAB, 0x49, 0xAB,
    0x28, 0xA3, 0x28, 0xAB, 0x28, 0xAB, 0x69, 0xB3, 0xAA, 0xB3, 0xEB, 0xBB, 0x2C, 0xC4, 0x6D, 0xC4,
    0x8E, 0xCC, 0xAE, 0xCC, 0xCF, 0xD4, 0xEF, 0xD4, 0x10, 0xD5, 0x10, 0xDD, 0x30, 0xDD, 0x31, 0xDD,
    0x51, 0xDD, 0x51, 0xE5, 0x71, 0xE5, 0x72, 0xE5, 0x92, 0xE5, 0x92, 0xE5, 0x92, 0xED, 0x93, 0xED,
    0xB3, 0xED, 0xB3, 0xED, 0xB3, 0xED, 0xB3, 0xED, 0xD3, 0xED, 0xD3, 0xED, 0xD4, 0xED, 0xD4, 0xED,
    0xD4, 0xED, 0xD4, 0xF5, 0xD4, 0xF5, 0xD4, 0xF5, 0xF4, 0xF5, 0xF4, 0xF5, 0xF3, 0xF5, 0xD3, 0xF5,
    0xF3, 0xF5, 0xD3, 0xF5, 0xD3, 0xF5, 0xD3, 0xF5, 0xD3, 0xF5, 0xD2, 0xF5, 0xB2, 0xF5, 0xB2, 0xF5,
    0xB2, 0xF5, 0x91, 0xF5, 0x91, 0xF5, 0x91, 0xED, 0x91, 0xED, 0x70, 0xED, 0x50, 0xE5, 0x4F, 0xE5,
    0x2F, 0xE5, 0x2F, 0xE5, 0x2F, 0xE5, 0x50, 0xE5, 0x0C, 0xB4, 0xCB, 0xAB, 0x8A, 0xA3, 0x48, 0x9B,
    0xE7, 0x92, 0xA6, 0x82, 0x45, 0x7A, 0x04, 0x72, 0xC2, 0x69, 0x61, 0x61, 0x20, 0x59, 0x00, 0x51,
    0xC0, 0x48, 0x21, 0x51, 0xC3, 0x69, 0x03, 0x72, 0x24, 0x7A, 0x65, 0x82, 0xA6, 0x82, 0xC7, 0x8A,
    0xE7, 0x8A, 0x65, 0x7A, 0x83, 0x61, 0x22, 0x59, 0x22, 0x59, 0x83, 0x61, 0x04, 0x72, 0x86, 0x82,
    0x28, 0x93, 0x69, 0x9B, 0x49, 0x9B, 0x69, 0x9B, 0x8A, 0xA3, 0x8A, 0xA3, 0xAA, 0xA3, 0xAA, 0xAB,
    0xCA, 0xAB, 0xCB, 0xB3, 0xEB, 0xB3, 0xEB, 0xB3, 0x0B, 0xBC, 0x2C, 0xBC, 0x2C, 0xBC, 0x2C, 0xBC,
    0x4C, 0xC4, 0x4C, 0xC4, 0x4C, 0xC4, 0x4C, 0xC4, 0x6C, 0xCC, 0x8D, 0xCC, 0xAD, 0xD4, 0xCE, 0xD4,
    0x0F, 0xDD, 0x2F, 0xDD, 0x50, 0xE5, 0x70, 0xE5, 0x71, 0xED, 0x91, 0xED, 0xB1, 0xED, 0xB2, 0xED,
    0xD2, 0xF5, 0xF2, 0xF5, 0xF2, 0xF5, 0xF3, 0xF5, 0x13, 0xF6, 0xF2, 0xF5, 0xF2, 0xF5, 0xD1, 0xF5,
    0x91, 0xED, 0x2F, 0xDD, 0xAE, 0xD4, 0x4C, 0xC4, 0xCB, 0xB3, 0x69, 0xAB, 0x48, 0xA3, 0x28, 0xA3,
    0x07, 0xA3, 0x08, 0xA3, 0x28, 0xAB, 0x69, 0xB3, 0xAA, 0xB3, 0xEB, 0xBB, 0x2C, 0xC4, 0x6D, 0xC4,
    0x8E, 0xCC, 0xAF, 0xCC, 0xCF, 0xD4, 0xF0, 0xD4, 0x10, 0xD5, 0x10, 0xDD, 0x31, 0xDD, 0x51, 0xDD,
    0x51, 0xE5, 0x72, 0xE5, 0x72, 0xE5, 0x72, 0xE5, 0x92, 0xE5, 0x92, 0xED, 0xB3, 0xED, 0xB3, 0xED,
    0xB3, 0xED, 0xB3, 0xED, 0xD3, 0xED, 0xD3, 0xED, 0xD3, 0xED, 0xD4, 0xED, 0xD4, 0xED, 0xD4, 0xED,
    0xD4, 0xF5, 0xD4, 0xF5, 0xD4, 0xF5, 0xD4, 0xF5, 0xD3, 0xF5, 0xD3, 0xF5, 0xD3, 0xF5, 0xD3, 0xF5,
    0xD3, 0xF5, 0xD3, 0xF5, 0xD3, 0xF5, 0xD3, 0xF5, 0xD2, 0xF5, 0xB2, 0xF5, 0xB2, 0xF5, 0xB2, 0xF5,
    0x91, 0xF5, 0x91, 0xED, 0x91, 0xED, 0x70, 0xED, 0x70, 0xED, 0x50, 0xE5, 0x2F, 0xE5, 0x2F, 0xE5,
    0x2F, 0xE5, 0x4F, 0xE5, 0x50, 0xE5, 0x0C, 0xB4, 0xCB, 0xAB, 0x8A, 0xA3, 0x49, 0x9B, 0x08, 0x93,
    0xA6, 0x8A, 0x65, 0x7A, 0x24, 0x72, 0xE3, 0x69, 0x82, 0x61, 0x61, 0x59, 0x20, 0x51, 0x00, 0x51,
    0xE0, 0x48, 0x21, 0x51, 0xC3, 0x69, 0x24, 0x72, 0x65, 0x7A, 0xA6, 0x82, 0xA7, 0x82, 0x24, 0x72,
    0x61, 0x59, 0x00, 0x51, 0xC0, 0x50, 0x80, 0x48, 0x60, 0x40, 0x60, 0x40, 0x80, 0x40, 0x01, 0x51,
    0x04, 0x72, 0xE7, 0x92, 0x28, 0x9B, 0x28, 0x9B, 0x49, 0x9B, 0x69, 0x9B, 0x69, 0xA3, 0x69, 0xA3,
    0x89, 0xA3, 0xAA, 0xAB, 0xAA, 0xAB, 0xAA, 0xAB, 0xCA, 0xB3, 0xCB, 0xB3, 0xEB, 0xB3, 0x0B, 0xB4,
    0x0B, 0xBC, 0x0B, 0xBC, 0x0B, 0xBC, 0x2B, 0xC4, 0x4C, 0xC4, 0x6C, 0xCC, 0x6C, 0xCC, 0x8D, 0xD4,
    0xCD, 0xD4, 0xEE, 0xDC, 0x0F, 0xDD, 0x30, 0xE5, 0x50, 0xE5, 0x70, 0xE5, 0x91, 0xED, 0x91, 0xED,
    0xB1, 0xED, 0xB1, 0xED, 0xD1, 0xED, 0xD2, 0xF5, 0xD2, 0xF5, 0xB1, 0xED, 0x91, 0xED, 0x50, 0xE5,
    0xEF, 0xD4, 0x8D, 0xCC, 0x2C, 0xBC, 0xCA, 0xB3, 0x69, 0xAB, 0x28, 0xA3, 0x07, 0x9B, 0xE7, 0x9A,
    0xE7, 0xA2, 0x07, 0xA3, 0x28, 0xAB, 0x69, 0xAB, 0xAA, 0xB3, 0xEB, 0xBB, 0x2C, 0xC4, 0x6D, 0xC4,
    0x8E, 0xCC, 0xCF, 0xCC, 0xEF, 0xD4, 0xF0, 0xD4, 0x10, 0xDD, 0x30, 0xDD, 0x31, 0xDD, 0x51, 0xDD,
    0x51, 0xE5, 0x72, 0xE5, 0x72, 0xE5, 0x92, 0xE5, 0x92, 0xE5, 0x93, 0xED, 0xB3, 0xED, 0xB3, 0xED,
    0xB3, 0xED, 0xB3, 0xED, 0xD3, 0xED, 0xD4, 0xED, 0xD4, 0xED, 0xD4, 0xED, 0xD4, 0xED, 0xD4, 0xED,
    0xD4, 0xF5, 0xD3, 0xF5, 0xD3, 0xF5, 0xD3, 0xF5, 0xD3, 0xF5, 0xD3, 0xF5, 0xD3, 0xF5, 0xD3, 0xF5,
    0xD3, 0xF5, 0xD3, 0xF5, 0xB2, 0xF5, 0xB2, 0xF5, 0xB2, 0xF5, 0xB2, 0xF5, 0xB1, 0xF5, 0x91, 0xF5,
    0x91, 0xED, 0x71, 0xED, 0x70, 0xED, 0x70, 0xED, 0x50, 0xE5, 0x2F, 0xE5, 0x2F, 0xE5, 0x2F, 0xE5,
    0x4F, 0xE5, 0x50, 0xE5, 0x0B, 0xB4, 0xCB, 0xAB, 0x8A, 0xA3, 0x49, 0x9B, 0x08, 0x93, 0xC7, 0x8A,
    0x86, 0x82, 0x45, 0x7A, 0x03, 0x72, 0xC2, 0x69, 0x81, 0x61, 0x41, 0x59, 0x20, 0x59, 0x20, 0x51,
    0x00, 0x51, 0x00, 0x51, 0x21, 0x51, 0x82, 0x59, 0xA3, 0x61, 0x82, 0x59, 0x41, 0x59, 0x41, 0x59,
    0x21, 0x59, 0x20, 0x59, 0x00, 0x59, 0xE0, 0x50, 0xE0, 0x50, 0xC0, 0x50, 0x80, 0x48, 0x80, 0x48,
    0xE1, 0x50, 0xE4, 0x71, 0xA6, 0x8A, 0x08, 0x93, 0x28, 0x93, 0x28, 0x9B, 0x28, 0x9B, 0x48, 0x9B,
    0x49, 0xA3, 0x69, 0xA3, 0x69, 0xA3, 0x8A, 0xA3, 0x8A, 0xAB, 0x8A, 0xA3, 0x08, 0x9B, 0x86, 0x8A,
    0x24, 0x7A, 0xC4, 0x79, 0xC4, 0x79, 0x04, 0x82, 0x66, 0x8A, 0x07, 0xA3, 0xA9, 0xB3, 0x2B, 0xCC,
    0x6C, 0xCC, 0x8D, 0xD4, 0xCE, 0xD4, 0x0F, 0xDD, 0x2F, 0xDD, 0x2F, 0xE5, 0x50, 0xE5, 0x70, 0xE5,
    0x70, 0xE5, 0x91, 0xED, 0x91, 0xED, 0x91, 0xED, 0x91, 0xE5, 0x50, 0xE5, 0xEF, 0xDC, 0x8D, 0xCC,
    0x4C, 0xC4, 0x2C, 0xBC, 0xCA, 0xB3, 0x69, 0xAB, 0x28, 0xA3, 0xE7, 0x9A, 0xA6, 0x9A, 0xA6, 0x9A,
    0xE7, 0x9A, 0xE7, 0xA2, 0x28, 0xAB, 0x69, 0xAB, 0xCB, 0xB3, 0xEB, 0xBB, 0x2C, 0xC4, 0x6D, 0xC4,
    0x8E, 0xCC, 0xAF, 0xCC, 0xCF, 0xD4, 0xF0, 0xD4, 0x10, 0xDD, 0x30, 0xDD, 0x31, 0xDD, 0x51, 0xDD,
    0x51, 0xE5, 0x72, 0xE5, 0x72, 0xE5, 0x92, 0xE5, 0x92, 0xE5, 0x92, 0xE5, 0xB3, 0xED, 0xB3, 0xED,
    0xB3, 0xED, 0xB3, 0xED, 0xD3, 0xED, 0xD4, 0xED, 0xD4, 0xED, 0xD3, 0xED, 0xD4, 0xED, 0xD3, 0xED,
    0xD3, 0xED, 0xD3, 0xED, 0xD3, 0xF5, 0xD3, 0xF5, 0xD3, 0xF5, 0xD3, 0xF5, 0xD3, 0xF5, 0xD3, 0xF5,
    0xB2, 0xF5, 0xB2, 0xF5, 0xB2, 0xF5, 0xB2, 0xF5, 0x92, 0xF5, 0x91, 0xF5, 0x91, 0xED, 0x91, 0xED,
    0x71, 0xED, 0x70, 0xED, 0x50, 0xE5, 0x50, 0xE5, 0x2F, 0xE5, 0x2F, 0xE5, 0x2F, 0xE5, 0x50, 0xE5,
    0x70, 0xE5, 0x0B, 0xB4, 0xCB, 0xAB, 0x8A, 0xA3, 0x69, 0x9B, 0x28, 0x93, 0xE7, 0x8A, 0xA6, 0x82,
    0x65, 0x7A, 0x24, 0x72, 0x03, 0x6A, 0xC2, 0x69, 0x82, 0x61, 0x61, 0x59, 0x61, 0x59, 0x61, 0x59,
    0x41, 0x59, 0x20, 0x51, 0x00, 0x51, 0x00, 0x51, 0x00, 0x51, 0x00, 0x51, 0x00, 0x51, 0x20, 0x59,
    0x20, 0x59, 0x20, 0x59, 0x20, 0x59, 0x00, 0x59, 0x00, 0x59, 0xE0, 0x58, 0xE0, 0x58, 0xC0, 0x50,
    0xC0, 0x50, 0x21, 0x59, 0xE4, 0x71, 0x86, 0x82, 0xC7, 0x8A, 0xE7, 0x92, 0x07, 0x93, 0x08, 0x9B,
    0x28, 0x9B, 0x49, 0x9B, 0x49, 0x9B, 0x08, 0x93, 0x65, 0x82, 0xC3, 0x71, 0x41, 0x61, 0x00, 0x61,
    0xC0, 0x58, 0xA0, 0x58, 0x80, 0x50, 0x60, 0x50, 0x80, 0x58, 0xE1, 0x60, 0xC3, 0x81, 0x07, 0xAB,
    0xEA, 0xC3, 0x2B, 0xCC, 0x6C, 0xCC, 0xAD, 0xD4, 0xCE, 0xDC, 0xEE, 0xDC, 0x0F, 0xDD, 0x2F, 0xDD,
    0x2F, 0xE5, 0x2F, 0xDD, 0x2F, 0xDD, 0x0F, 0xDD, 0xAE, 0xD4, 0x6C, 0xCC, 0x2C, 0xC4, 0x2C, 0xBC,
    0x2C, 0xBC, 0xEB, 0xB3, 0xAA, 0xAB, 0x48, 0xA3, 0xE7, 0x9A, 0xA6, 0x92, 0x85, 0x92, 0xA6, 0x9A,
    0xC7, 0x9A, 0x07, 0xA3, 0x28, 0xAB, 0x8A, 0xB3, 0xCB, 0xB3, 0xEB, 0xBB, 0x2D, 0xC4, 0x6D, 0xC4,
    0x8E, 0xCC, 0xAE, 0xCC, 0xCF, 0xD4, 0xF0, 0xD4, 0x10, 0xDD, 0x10, 0xDD, 0x31, 0xDD, 0x51, 0xDD,
    0x51, 0xE5, 0x72, 0xE5, 0x72, 0xE5, 0x92, 0xE5, 0x93, 0xE5, 0x93, 0xE5, 0xB3, 0xED, 0xB3, 0xED,
    0xB3, 0xED, 0xD3, 0xED, 0xD4, 0xED, 0xD3, 0xED, 0xD3, 0xED, 0xB3, 0xED, 0xD3, 0xED, 0xB3, 0xED,
    0xD3, 0xED, 0xD3, 0xF5, 0xD3, 0xF5, 0xD3, 0xF5, 0xD3, 0xF5, 0xB3, 0xF5, 0xB2, 0xF5, 0xB2, 0xF5,
    0xB2, 0xF5, 0xB2, 0xF5, 0xB2, 0xF5, 0x91, 0xF5, 0x91, 0xF5, 0x91, 0xED, 0x91, 0xED, 0x71, 0xED,
    0x70, 0xED, 0x50, 0xE5, 0x2F, 0xE5, 0x2F, 0xE5, 0x2F, 0xE5, 0x4F, 0xE5, 0x70, 0xE5, 0x50, 0xE5,
    0x0B, 0xB4, 0xCB, 0xAB, 0x8A, 0xA3, 0x69, 0x9B, 0x28, 0x93, 0xE7, 0x8A, 0xC7, 0x82, 0x86, 0x82,
    0x65, 0x7A, 0x24, 0x72, 0x03, 0x6A, 0xC3, 0x69, 0xC2, 0x61, 0xA2, 0x61, 0xA2, 0x61, 0xA2, 0x61,
    0xA2, 0x61, 0x82, 0x61, 0x82, 0x61, 0x81, 0x61, 0x61, 0x59, 0x61, 0x59, 0x61, 0x59, 0x41, 0x61,
    0x41, 0x61, 0x61, 0x61, 0x61, 0x61, 0x41, 0x61, 0x41, 0x61, 0x41, 0x61, 0x41, 0x61, 0x41, 0x61,
    0x41, 0x61, 0x40, 0x61, 0x81, 0x69, 0x03, 0x7A, 0x65, 0x82, 0xA6, 0x8A, 0xC7, 0x92, 0xE7, 0x92,
    0xE7, 0x92, 0xC7, 0x8A, 0x86, 0x82, 0x45, 0x82, 0x24, 0x7A, 0x04, 0x7A, 0xC3, 0x71, 0xA2, 0x71,
    0x61, 0x71, 0x41, 0x69, 0x21, 0x69, 0x00, 0x69, 0xC0, 0x60, 0x80, 0x60, 0xA0, 0x60, 0xA2, 0x81,
    0xE7, 0xAA, 0xC9, 0xBB, 0x2B, 0xC4, 0x4C, 0xCC, 0x8C, 0xCC, 0xAD, 0xD4, 0xCD, 0xD4, 0xCE, 0xD4,
    0xCE, 0xD4, 0xAD, 0xCC, 0x6C, 0xC4, 0x2B, 0xC4, 0x0C, 0xBC, 0x2C, 0xBC, 0x2C, 0xBC, 0x2C, 0xBC,
    0x2C, 0xBC, 0xEB, 0xB3, 0x8A, 0xAB, 0x28, 0x9B, 0xC6, 0x92, 0x65, 0x92, 0x44, 0x8A, 0x85, 0x92,
    0xC6, 0x9A, 0x07, 0xA3, 0x48, 0xAB, 0x8A, 0xB3, 0xCB, 0xB3, 0x0C, 0xBC, 0x4D, 0xC4, 0x6D, 0xC4,
    0x8E, 0xCC, 0xAF, 0xCC, 0xCF, 0xD4, 0xF0, 0xD4, 0x10, 0xDD, 0x31, 0xDD, 0x31, 0xDD, 0x51, 0xDD,
    0x52, 0xE5, 0x72, 0xE5, 0x92, 0xE5, 0x92, 0xE5, 0x93, 0xED, 0xB3, 0xED, 0xB3, 0xED, 0xB3, 0xED,
    0xB3, 0xED, 0xD4, 0xED, 0xB3, 0xED, 0xB3, 0xED, 0xB3, 0xED, 0xB3, 0xED, 0xD3, 0xED, 0xB3, 0xED,
    0xB3, 0xF5, 0xB3, 0xF5, 0xD3, 0xF5, 0xB3, 0xF5, 0xB2, 0xF5, 0xB2, 0xF5, 0xB2, 0xF5, 0xB2, 0xF5,
    0xB2, 0xF5, 0x92, 0xF5, 0x91, 0xF5, 0x91, 0xED, 0x91, 0xED, 0x91, 0xED, 0x70, 0xED, 0x50, 0xED,
    0x4F, 0xE5, 0x2F, 0xE5, 0x2F, 0xE5, 0x2F, 0xE5, 0x50, 0xE5, 0x70, 0xE5, 0x50, 0xE5, 0x0B, 0xAC,
    0xCA, 0xA3, 0x8A, 0xA3, 0x49, 0x9B, 0x28, 0x93, 0x08, 0x8B, 0xE7, 0x8A, 0xA6, 0x82, 0x86, 0x7A,
    0x45, 0x7A, 0x24, 0x72, 0x04, 0x72, 0x03, 0x6A, 0xE3, 0x69, 0xE3, 0x69, 0xE3, 0x69, 0xE3, 0x69,
    0xE3, 0x69, 0xC3, 0x69, 0xC3, 0x69, 0xC3, 0x69, 0xC2, 0x69, 0xA2, 0x69, 0xA2, 0x69, 0xA2, 0x69,
    0xA2, 0x69, 0xA2, 0x69, 0xA2, 0x69, 0xC2, 0x69, 0xC2, 0x69, 0xC2, 0x71, 0xC3, 0x71, 0xE3, 0x71,
    0xE3, 0x79, 0x03, 0x7A, 0x03, 0x7A, 0x24, 0x7A, 0x65, 0x82, 0x86, 0x8A, 0xA6, 0x8A, 0xA6, 0x8A,
    0xC7, 0x8A, 0xC7, 0x92, 0xA6, 0x8A, 0x86, 0x8A, 0x65, 0x82, 0x45, 0x82, 0x04, 0x7A, 0xE3, 0x79,
    0xC3, 0x79, 0xA2, 0x79, 0x82, 0x79, 0x61, 0x71, 0x41, 0x71, 0x21, 0x71, 0xE0, 0x70, 0x00, 0x71,
    0x03, 0x92, 0x27, 0xAB, 0xA9, 0xBB, 0xEA, 0xC3, 0x2B, 0xC4, 0x2C, 0xC4, 0x4C, 0xC4, 0x2C, 0xC4,
    0x2C, 0xBC, 0x4C, 0xC4, 0x6D, 0xC4, 0x6D, 0xC4, 0x6D, 0xC4, 0x4D, 0xC4, 0x4D, 0xBC, 0x4D, 0xBC,
    0x0C, 0xB4, 0xEB, 0xB3, 0x8A, 0xA3, 0x08, 0x9B, 0x85, 0x92, 0x24, 0x8A, 0x24, 0x8A, 0x65, 0x92,
    0xC6, 0x9A, 0x08, 0xA3, 0x49, 0xAB, 0x8A, 0xB3, 0xCB, 0xB3, 0x2C, 0xBC, 0x4D, 0xC4, 0x6E, 0xCC,
    0x8E, 0xCC, 0xAF, 0xCC, 0xCF, 0xD4, 0xF0, 0xD4, 0x10, 0xDD, 0x31, 0xDD, 0x31, 0xDD, 0x51, 0xDD,
    0x52, 0xE5, 0x72, 0xE5, 0x72, 0xE5, 0x92, 0xE5, 0x93, 0xED, 0xB3, 0xED, 0x93, 0xED, 0xB3, 0xED,
    0xB3, 0xED, 0xB3, 0xED, 0xB3, 0xED, 0xB3, 0xED, 0xB3, 0xED, 0xB3, 0xED, 0xB3, 0xED, 0xB3, 0xED,
    0xB3, 0xED, 0xB2, 0xF5, 0xB2, 0xF5, 0xB2, 0xF5, 0xB2, 0xF5, 0xB2, 0xF5, 0x92, 0xF5, 0x92, 0xF5,
    0x91, 0xF5, 0x91, 0xED, 0x91, 0xED, 0x91, 0xED, 0x70, 0xED, 0x70, 0xED, 0x50, 0xE5, 0x4F, 0xE5,
    0x2F, 0xE5, 0x2F, 0xE5, 0x2F, 0xE5, 0x50, 0xE5, 0x70, 0xE5, 0x4F, 0xE5, 0xEB, 0xAB, 0xAA, 0xA3,
    0x89, 0x9B, 0x49, 0x9B, 0x28, 0x93, 0x08, 0x8B, 0xE7, 0x8A, 0xC7, 0x82, 0xA6, 0x82, 0x86, 0x7A,
    0x65, 0x7A, 0x45, 0x72, 0x24, 0x72, 0x04, 0x72, 0x04, 0x72, 0x04, 0x72, 0x04, 0x72, 0x04, 0x72,
    0x04, 0x72, 0x04, 0x72, 0x04, 0x72, 0x04, 0x72, 0x04, 0x72, 0x04, 0x72, 0x03, 0x72, 0x03, 0x72,
    0x04, 0x72, 0x04, 0x72, 0x24, 0x7A, 0x24, 0x7A, 0x44, 0x7A, 0x45, 0x82, 0x65, 0x82, 0x86, 0x8A,
    0xA6, 0x8A, 0xC7, 0x92, 0xE7, 0x92, 0xE7, 0x92, 0x07, 0x93, 0x08, 0x9B, 0x08, 0x9B, 0x28, 0x9B,
    0x08, 0x9B, 0x08, 0x9B, 0x08, 0x93, 0xE7, 0x92, 0xC7, 0x92, 0xA6, 0x8A, 0x85, 0x8A, 0x65, 0x8A,
    0x45, 0x8A, 0x44, 0x8A, 0x24, 0x82, 0x03, 0x82, 0xE3, 0x81, 0xE3, 0x81, 0xE3, 0x81, 0xC2, 0x81,
    0x03, 0x8A, 0xA6, 0x9A, 0x28, 0xA3, 0x69, 0xAB, 0xAA, 0xB3, 0x0C, 0xBC, 0x6D, 0xC4, 0xAE, 0xCC,
    0xEF, 0xD4, 0xEF, 0xD4, 0xCE, 0xCC, 0xAE, 0xCC, 0x8D, 0xC4, 0x8D, 0xC4, 0x6D, 0xBC, 0x4D, 0xBC,
    0x2C, 0xB4, 0xCB, 0xAB, 0x69, 0xA3, 0xE7, 0x92, 0x65, 0x8A, 0x03, 0x82, 0x23, 0x8A, 0x85, 0x92,
    0xE7, 0x9A, 0x28, 0xA3, 0x69, 0xAB, 0xAA, 0xB3, 0xEB, 0xBB, 0x2C, 0xBC, 0x4D, 0xC4, 0x8E, 0xCC,
    0xAE, 0xCC, 0xAF, 0xCC, 0xCF, 0xD4, 0xEF, 0xD4, 0x10, 0xDD, 0x10, 0xDD, 0x31, 0xDD, 0x51, 0xDD,
    0x51, 0xE5, 0x52, 0xE5, 0x72, 0xE5, 0x92, 0xE5, 0x92, 0xED, 0x92, 0xED, 0x93, 0xED, 0xB3, 0xED,
    0xB3, 0xED, 0xB3, 0xED, 0xB3, 0xED, 0xB3, 0xED, 0xB3, 0xED, 0xB3, 0xED, 0xB3, 0xED, 0xB2, 0xED,
    0xB2, 0xED, 0xB2, 0xED, 0xB2, 0xED, 0xB2, 0xED, 0x92, 0xED, 0x92, 0xED, 0x91, 0xED, 0x91, 0xED,
    0x91, 0xED, 0x71, 0xED, 0x71, 0xED, 0x70, 0xED, 0x50, 0xED, 0x50, 0xE5, 0x2F, 0xE5, 0x2F, 0xE5,
    0x2F, 0xE5, 0x4F, 0xE5, 0x50, 0xE5, 0x50, 0xE5, 0x4F, 0xE5, 0xCB, 0xAB, 0xAA, 0xA3, 0x89, 0x9B,
    0x49, 0x9B, 0x28, 0x93, 0x28, 0x8B, 0x08, 0x8B, 0xE7, 0x8A, 0xC7, 0x82, 0xA6, 0x82, 0x86, 0x7A,
    0x66, 0x7A, 0x65, 0x7A, 0x45, 0x72, 0x45, 0x72, 0x45, 0x72, 0x45, 0x72, 0x45, 0x7A, 0x45, 0x7A,
    0x45, 0x7A, 0x45, 0x7A, 0x45, 0x7A, 0x45, 0x7A, 0x45, 0x7A, 0x45, 0x7A, 0x65, 0x7A, 0x65, 0x7A,
    0x65, 0x82, 0x65, 0x82, 0x86, 0x82, 0xA6, 0x8A, 0xC7, 0x8A, 0x07, 0x93, 0x28, 0x9B, 0x48, 0x9B,
    0x49, 0x9B, 0x69, 0xA3, 0x89, 0xA3, 0x8A, 0xA3, 0x8A, 0xA3, 0x8A, 0xA3, 0x89, 0xA3, 0x69, 0xA3,
    0x89, 0xA3, 0x69, 0xA3, 0x69, 0xA3, 0x69, 0xA3, 0x48, 0x9B, 0x28, 0x9B, 0x08, 0x9B, 0x08, 0x9B,
    0x07, 0x9B, 0xE7, 0x9A, 0xE7, 0x9A, 0xE7, 0x9A, 0xE7, 0x9A, 0x08, 0x9B, 0x48, 0xA3, 0x89, 0xAB,
    0xCA, 0xB3, 0x0C, 0xBC, 0x6D, 0xC4, 0xAE, 0xCC, 0x0F, 0xD5, 0x30, 0xDD, 0x30, 0xDD, 0x30, 0xDD,
    0x30, 0xDD, 0x10, 0xD5, 0xEF, 0xD4, 0xCE, 0xCC, 0xAE, 0xCC, 0x8E, 0xC4, 0x6D, 0xC4, 0x4D, 0xBC,
    0x0C, 0xB4, 0xCB, 0xAB, 0x49, 0x9B, 0xC6, 0x92, 0x24, 0x8A, 0x03, 0x82, 0x24, 0x8A, 0x85, 0x92,
    0xE7, 0x9A, 0x28, 0xA3, 0x69, 0xAB, 0xAB, 0xB3, 0xEB, 0xBB, 0x2C, 0xBC, 0x4D, 0xC4, 0x8E, 0xCC,
    0xAE, 0xCC, 0xAF, 0xCC, 0xCF, 0xD4, 0xEF, 0xD4, 0x10, 0xDD, 0x10, 0xDD, 0x31, 0xDD, 0x31, 0xDD,
    0x51, 0xE5, 0x51, 0xE5, 0x72, 0xE5, 0x72, 0xE5, 0x92, 0xE5, 0x92, 0xED, 0x92, 0xED, 0x92, 0xED,
    0x92, 0xED, 0x92, 0xED, 0x92, 0xED, 0x92, 0xED, 0x92, 0xED, 0xB2, 0xED, 0x92, 0xED, 0x92, 0xED,
    0x92, 0xED, 0x92, 0xED, 0x92, 0xED, 0x91, 0xED, 0x91, 0xED, 0x91, 0xED, 0x91, 0xED, 0x91, 0xED,
    0x71, 0xED, 0x70, 0xED, 0x70, 0xED, 0x50, 0xE5, 0x4F, 0xE5, 0x2F, 0xE5, 0x2F, 0xE5, 0x2F, 0xE5,
    0x4F, 0xE5, 0x50, 0xE5, 0x50, 0xE5, 0x4F, 0xE5, 0xCA, 0xA3, 0x8A, 0xA3, 0x69, 0x9B, 0x49, 0x93,
    0x28, 0x93, 0x28, 0x93, 0x08, 0x8B, 0xE8, 0x8A, 0xE7, 0x8A, 0xC7, 0x82, 0xA6, 0x82, 0xA6, 0x82,
    0x86, 0x7A, 0x66, 0x7A, 0x65, 0x7A, 0x65, 0x7A, 0x65, 0x7A, 0x65, 0x7A, 0x86, 0x7A, 0x86, 0x82,
    0x86, 0x82, 0x86, 0x82, 0xA6, 0x82, 0xA6, 0x82, 0xA6, 0x82, 0xA6, 0x82, 0xA6, 0x8A, 0xC6, 0x8A,
    0xC7, 0x8A, 0xE7, 0x8A, 0x08, 0x93, 0x48, 0x9B, 0x69, 0x9B, 0xAA, 0xA3, 0xCB, 0xAB, 0xEB, 0xAB,
    0xEB, 0xAB, 0xEB, 0xB3, 0xEB, 0xB3, 0xEB, 0xB3, 0xEB, 0xB3, 0xEB, 0xB3, 0xEB, 0xB3, 0xEB, 0xAB,
    0xEB, 0xB3, 0xEB, 0xB3, 0xEB, 0xAB, 0xCB, 0xAB, 0xCB, 0xAB, 0xCB, 0xAB, 0xCA, 0xAB, 0xAA, 0xAB,
    0xCB, 0xAB, 0xCB, 0xAB, 0xCB, 0xB3, 0xEB, 0xB3, 0x0C, 0xBC, 0x4C, 0xBC, 0x8D, 0xC4, 0xCE, 0xCC,
    0x0F, 0xD5, 0x30, 0xDD, 0x51, 0xDD, 0x71, 0xDD, 0x71, 0xDD, 0x71, 0xDD, 0x71, 0xDD, 0x51, 0xDD,
    0x50, 0xDD, 0x30, 0xD5, 0x0F, 0xD5, 0xEF, 0xCC, 0xCF, 0xCC, 0xAE, 0xC4, 0x8E, 0xC4, 0x4D, 0xBC,
    0x0C, 0xB4, 0xAB, 0xAB, 0x49, 0x9B, 0x86, 0x8A, 0x03, 0x82, 0xE3, 0x81, 0x44, 0x8A, 0xA6, 0x92,
    0xE7, 0x9A, 0x28, 0xA3, 0x8A, 0xAB, 0xCB, 0xB3, 0x0C, 0xBC, 0x2C, 0xC4, 0x4D, 0xC4, 0x8E, 0xCC,
    0x8E, 0xCC, 0xAF, 0xD4, 0xCF, 0xD4, 0xEF, 0xD4, 0xF0, 0xDC, 0x10, 0xDD, 0x30, 0xDD, 0x31, 0xDD,
    0x51, 0xE5, 0x52, 0xE5, 0x72, 0xE5, 0x72, 0xE5, 0x72, 0xE5, 0x92, 0xED, 0x92, 0xED, 0x92, 0xED,
    0x92, 0xED, 0x92, 0xED, 0x92, 0xED, 0x92, 0xED, 0x92, 0xED, 0x92, 0xED, 0x92, 0xED, 0x92, 0xED,
    0x92, 0xED, 0x91, 0xED, 0x91, 0xED, 0x91, 0xED, 0x71, 0xED, 0x71, 0xED, 0x71, 0xED, 0x70, 0xED,
    0x70, 0xED, 0x50, 0xED, 0x50, 0xE5, 0x2F, 0xE5, 0x2F, 0xE5, 0x2F, 0xE5, 0x2F, 0xE5, 0x50, 0xE5,
    0x70, 0xED, 0x50, 0xE5, 0x4F, 0xE5, 0xAA, 0xA3, 0x89, 0x9B, 0x69, 0x9B, 0x49, 0x93, 0x28, 0x93,
    0x28, 0x93, 0x08, 0x8B, 0x08, 0x8B, 0xE8, 0x8A, 0xE7, 0x82, 0xC7, 0x82, 0xC7, 0x82, 0xA6, 0x82,
    0x86, 0x7A, 0x86, 0x82, 0x86, 0x7A, 0x86, 0x7A, 0x86, 0x82, 0xA6, 0x82, 0xA6, 0x82, 0xC7, 0x82,
    0xC7, 0x8A, 0xC7, 0x8A, 0xC7, 0x8A, 0xE7, 0x8A, 0xE7, 0x8A, 0xE7, 0x92, 0x07, 0x93, 0x08, 0x93,
    0x28, 0x9B, 0x69, 0x9B, 0x8A, 0xA3, 0xCA, 0xAB, 0xEB, 0xAB, 0x0C, 0xB4, 0x2C, 0xB4, 0x2D, 0xBC,
    0x4C, 0xBC, 0x2C, 0xBC, 0x2C, 0xB4, 0x2C, 0xB4, 0x2C, 0xBC, 0x2C, 0xBC, 0x2C, 0xBC, 0x2C, 0xBC,
    0x4C, 0xBC, 0x4C, 0xBC, 0x2C, 0xBC, 0x4D, 0xBC, 0x4D, 0xBC, 0x4D, 0xBC, 0x4D, 0xBC, 0x4D, 0xBC,
    0x6D, 0xC4, 0x6D, 0xC4, 0x8E, 0xC4, 0xAE, 0xCC, 0xEF, 0xCC, 0x0F, 0xD5, 0x30, 0xDD, 0x71, 0xDD,
    0x91, 0xE5, 0x91, 0xE5, 0x91, 0xE5, 0x91, 0xE5, 0x91, 0xE5, 0x71, 0xE5, 0x71, 0xDD, 0x71, 0xDD,
    0x51, 0xDD, 0x30, 0xD5, 0x10, 0xD5, 0xEF, 0xCC, 0xCF, 0xCC, 0xAE, 0xC4, 0x8E, 0xBC, 0x4D, 0xB4,
    0xEC, 0xAB, 0xAA, 0xA3, 0x08, 0x93, 0x65, 0x8A, 0x03, 0x82, 0x03, 0x82, 0x65, 0x8A, 0xA6, 0x9A,
    0x07, 0xA3, 0x49, 0xAB, 0x8A, 0xAB, 0xCB, 0xB3, 0x0C, 0xBC, 0x2D, 0xC4, 0x4D, 0xC4, 0x8E, 0xCC,
    0xAE, 0xCC, 0xCF, 0xD4, 0xCF, 0xD4, 0xEF, 0xD4, 0xF0, 0xDC, 0x10, 0xDD, 0x30, 0xDD, 0x31, 0xDD,
    0x51, 0xE5, 0x51, 0xE5, 0x72, 0xE5, 0x72, 0xE5, 0x72, 0xE5, 0x72, 0xE5, 0x72, 0xED, 0x72, 0xED,
    0x92, 0xED, 0x72, 0xED, 0x72, 0xED, 0x92, 0xED, 0x92, 0xED, 0x92, 0xED, 0x92, 0xED, 0x92, 0xED,
    0x91, 0xED, 0x71, 0xED, 0x71, 0xED, 0x71, 0xED, 0x71, 0xED, 0x71, 0xED, 0x70, 0xED, 0x70, 0xED,
    0x50, 0xED, 0x4F, 0xE5, 0x2F, 0xE5, 0x2F, 0xE5, 0x2F, 0xE5, 0x4F, 0xE5, 0x70, 0xED, 0x70, 0xED,
    0x50, 0xE5, 0x4F, 0xE5, 0x8A, 0xA3, 0x69, 0x9B, 0x49, 0x93, 0x28, 0x93, 0x28, 0x93, 0x28, 0x8B,
    0x08, 0x8B, 0x08, 0x8B, 0x08, 0x8B, 0xE7, 0x8A, 0xE7, 0x82, 0xC7, 0x82, 0xC7, 0x82, 0xA6, 0x82,
    0xA6, 0x82, 0xA6, 0x82, 0xA6, 0x82, 0xA6, 0x82, 0xC7, 0x82, 0xC7, 0x8A, 0xE7, 0x8A, 0xE7, 0x8A,
    0x07, 0x8B, 0x08, 0x93, 0x08, 0x93, 0x08, 0x93, 0x28, 0x93, 0x28, 0x9B, 0x48, 0x9B, 0x69, 0xA3,
    0x8A, 0xA3, 0xCA, 0xAB, 0xEB, 0xAB, 0x2C, 0xB4, 0x4D, 0xBC, 0x6D, 0xBC, 0x6D, 0xBC, 0x6D, 0xBC,
    0x6D, 0xBC, 0x4D, 0xBC, 0x4C, 0xBC, 0x4C, 0xBC, 0x4C, 0xBC, 0x4C, 0xBC, 0x6D, 0xBC, 0x6D, 0xC4,
    0x6D, 0xC4, 0x8D, 0xC4, 0x8E, 0xC4, 0x8E, 0xC4, 0x8E, 0xC4, 0xAE, 0xC4, 0xAE, 0xCC, 0xCE, 0xCC,
    0xCF, 0xCC, 0xEF, 0xD4, 0x0F, 0xD5, 0x30, 0xDD, 0x50, 0xDD, 0x71, 0xE5, 0x91, 0xE5, 0x92, 0xE5,
    0xB2, 0xE5, 0xB2, 0xE5, 0x92, 0xE5, 0x91, 0xE5, 0x91, 0xE5, 0x71, 0xDD, 0x51, 0xDD, 0x30, 0xD5,
    0x30, 0xD5, 0x10, 0xD5, 0xEF, 0xCC, 0xEF, 0xCC, 0xCF, 0xCC, 0x8E, 0xC4, 0x6D, 0xBC, 0x2C, 0xB4,
    0xEC, 0xAB, 0x6A, 0xA3, 0xC7, 0x92, 0x24, 0x82, 0x03, 0x82, 0x24, 0x8A, 0x85, 0x92, 0xC6, 0x9A,
    0x28, 0xA3, 0x69, 0xAB, 0xAA, 0xB3, 0xCB, 0xB3, 0x0C, 0xBC, 0x2C, 0xC4, 0x4D, 0xC4, 0x8E, 0xCC,
    0xAE, 0xCC, 0xAF, 0xD4, 0xCF, 0xD4, 0xF0, 0xD4, 0x10, 0xDD, 0x10, 0xDD, 0x31, 0xDD, 0x31, 0xDD,
    0x31, 0xDD, 0x51, 0xE5, 0x51, 0xE5, 0x51, 0xE5, 0x51, 0xE5, 0x52, 0xE5, 0x72, 0xE5, 0x72, 0xED,
    0x71, 0xED, 0x71, 0xED, 0x72, 0xED, 0x71, 0xED, 0x71, 0xED, 0x71, 0xED, 0x71, 0xED, 0x71, 0xED,
    0x71, 0xED, 0x71, 0xED, 0x71, 0xED, 0x70, 0xED, 0x70, 0xED, 0x70, 0xED, 0x50, 0xED, 0x50, 0xED,
    0x4F, 0xED, 0x4F, 0xE5, 0x4F, 0xE5, 0x4F, 0xE5, 0x50, 0xED, 0x70, 0xED, 0x70, 0xED, 0x50, 0xE5,
    0x2F, 0xE5, 0x89, 0x9B, 0x49, 0x93, 0x28, 0x93, 0x08, 0x8B, 0x08, 0x8B, 0x08, 0x8B, 0x08, 0x8B,
    0x08, 0x8B, 0x08, 0x8B, 0xE8, 0x8A, 0xE7, 0x82, 0xE7, 0x82, 0xC7, 0x82, 0xC7, 0x82, 0xC7, 0x82,
    0xA6, 0x82, 0xA6, 0x82, 0xC7, 0x82, 0xC7, 0x8A, 0xE7, 0x8A, 0xE7, 0x8A, 0x08, 0x93, 0x28, 0x93,
    0x28, 0x93, 0x28, 0x93, 0x49, 0x9B, 0x69, 0x9B, 0x69, 0x9B, 0x89, 0xA3, 0xAA, 0xA3, 0xCB, 0xAB,
    0x0C, 0xB4, 0x2C, 0xB4, 0x4D, 0xBC, 0x6D, 0xBC, 0x8E, 0xC4, 0x8E, 0xC4, 0x8D, 0xC4, 0x6D, 0xC4,
    0x6D, 0xBC, 0x4D, 0xBC, 0x4C, 0xC4, 0x4D, 0xC4, 0x6D, 0xC4, 0x8D, 0xC4, 0xAE, 0xC4, 0xAE, 0xCC,
    0xCE, 0xCC, 0xEF, 0xCC, 0xEF, 0xCC, 0xEF, 0xCC, 0x0F, 0xD5, 0x0F, 0xD5, 0x10, 0xD5, 0x30, 0xD5,
    0x50, 0xDD, 0x71, 0xDD, 0x71, 0xE5, 0x91, 0xE5, 0xB2, 0xE5, 0xB2, 0xE5, 0xB2, 0xE5, 0xB2, 0xE5,
    0xB2, 0xE5, 0xB2, 0xE5, 0x92, 0xE5, 0x71, 0xE5, 0x71, 0xDD, 0x51, 0xDD, 0x50, 0xDD, 0x30, 0xD5,
    0x10, 0xD5, 0x0F, 0xD5, 0xEF, 0xCC, 0xCF, 0xCC, 0xAE, 0xC4, 0x8E, 0xC4, 0x4D, 0xBC, 0x2C, 0xB4,
    0xCB, 0xAB, 0x29, 0x9B, 0xA6, 0x8A, 0x24, 0x82, 0x03, 0x82, 0x44, 0x8A, 0xA6, 0x92, 0xE7, 0x9A,
    0x28, 0xA3, 0x69, 0xAB, 0xAA, 0xB3, 0xEB, 0xBB, 0x0C, 0xBC, 0x2D, 0xC4, 0x6D, 0xC4, 0x8E, 0xCC,
    0xAE, 0xCC, 0xCF, 0xD4, 0xCF, 0xD4, 0xF0, 0xD4, 0x10, 0xDD, 0x10, 0xDD, 0x10, 0xDD, 0x30, 0xDD,
    0x31, 0xDD, 0x31, 0xE5, 0x51, 0xE5, 0x51, 0xE5, 0x51, 0xE5, 0x51, 0xE5, 0x51, 0xE5, 0x71, 0xED,
    0x71, 0xED, 0x71, 0xED, 0x71, 0xED, 0x71, 0xED, 0x71, 0xED, 0x71, 0xED, 0x71, 0xED, 0x71, 0xED,
    0x71, 0xED, 0x70, 0xED, 0x70, 0xED, 0x70, 0xED, 0x70, 0xED, 0x50, 0xED, 0x50, 0xED, 0x50, 0xED,
    0x4F, 0xED, 0x50, 0xED, 0x50, 0xED, 0x50, 0xED, 0x70, 0xED, 0x70, 0xED, 0x4F, 0xE5, 0x2F, 0xE5,
    0x48, 0x93, 0x28, 0x93, 0x08, 0x8B, 0xE7, 0x8A, 0xE7, 0x8A, 0xE7, 0x8A, 0xE7, 0x8A, 0xE7, 0x82,
    0xE7, 0x82, 0xE7, 0x82, 0xE7, 0x82, 0xE7, 0x82, 0xE7, 0x82, 0xC7, 0x82, 0xC6, 0x82, 0xC6, 0x82,
    0xC7, 0x82, 0xC7, 0x82, 0xE7, 0x8A, 0x07, 0x8B, 0x08, 0x93, 0x28, 0x93, 0x48, 0x93, 0x49, 0x9B,
    0x69, 0x9B, 0x69, 0x9B, 0x89, 0xA3, 0x8A, 0xA3, 0xAA, 0xA3, 0xCB, 0xAB, 0x0C, 0xB4, 0x2C, 0xB4,
    0x4D, 0xBC, 0x8E, 0xBC, 0xAE, 0xC4, 0xAE, 0xC4, 0xAE, 0xC4, 0x8E, 0xC4, 0x8D, 0xC4, 0x6D, 0xC4,
    0x4C, 0xC4, 0x6C, 0xC4, 0x6D, 0xC4, 0x8D, 0xC4, 0xAE, 0xCC, 0xCE, 0xCC, 0xEF, 0xCC, 0xEF, 0xD4,
    0x0F, 0xD5, 0x30, 0xD5, 0x30, 0xD5, 0x50, 0xDD, 0x50, 0xDD, 0x50, 0xDD, 0x71, 0xDD, 0x71, 0xE5,
    0x91, 0xE5, 0x92, 0xE5, 0xB2, 0xE5, 0xB2, 0xE5, 0xD2, 0xED, 0xD2, 0xE5, 0xD2, 0xE5, 0xB2, 0xE5,
    0xB2, 0xE5, 0xB2, 0xE5, 0x91, 0xE5, 0x71, 0xDD, 0x71, 0xDD, 0x51, 0xDD, 0x30, 0xD5, 0x30, 0xD5,
    0x10, 0xD5, 0xEF, 0xCC, 0xEF, 0xCC, 0xCF, 0xCC, 0xAE, 0xC4, 0x6E, 0xBC, 0x4D, 0xB4, 0x0C, 0xAC,
    0x8A, 0xA3, 0x08, 0x93, 0x65, 0x8A, 0x23, 0x82, 0x24, 0x82, 0x85, 0x8A, 0xC6, 0x92, 0x07, 0x9B,
    0x49, 0xAB, 0x8A, 0xAB, 0xCB, 0xB3, 0xEC, 0xBB, 0x2C, 0xBC, 0x4D, 0xC4, 0x6E, 0xC4, 0x8E, 0xCC,
    0xAF, 0xCC, 0xCF, 0xD4, 0xCF, 0xD4, 0xF0, 0xD4, 0xF0, 0xDC, 0x10, 0xDD, 0x10, 0xDD, 0x30, 0xDD,
    0x31, 0xE5, 0x31, 0xE5, 0x51, 0xE5, 0x51, 0xE5, 0x51, 0xE5, 0x51, 0xE5, 0x51, 0xE5, 0x71, 0xED,
    0x71, 0xED, 0x71, 0xED, 0x71, 0xED, 0x71, 0xED, 0x71, 0xED, 0x71, 0xED, 0x71, 0xED, 0x71, 0xED,
    0x70, 0xED, 0x70, 0xED, 0x70, 0xED, 0x70, 0xED, 0x50, 0xED, 0x50, 0xED, 0x50, 0xED, 0x50, 0xED,
    0x70, 0xED, 0x70, 0xED, 0x70, 0xED, 0x70, 0xED, 0x70, 0xED, 0x4F, 0xE5, 0x2F, 0xE5, 0x28, 0x93,
    0x08, 0x8B, 0xE7, 0x8A, 0xC7, 0x8A, 0xC7, 0x82, 0xC7, 0x82, 0xC6, 0x82, 0xC7, 0x82, 0xC7, 0x82,
    0xC7, 0x82, 0xC7, 0x82, 0xC7, 0x82, 0xC7, 0x82, 0xC7, 0x82, 0xC7, 0x82, 0xC7, 0x82, 0xC7, 0x82,
    0xC7, 0x8A, 0xE7, 0x8A, 0x08, 0x93, 0x28, 0x93, 0x48, 0x9B, 0x69, 0x9B, 0x69, 0x9B, 0x89, 0xA3,
    0x8A, 0xA3, 0xAA, 0xA3, 0xCA, 0xAB, 0xEB, 0xAB, 0x2C, 0xB4, 0x2C, 0xB4, 0x4D, 0xBC, 0x8E, 0xBC,
    0xAE, 0xC4, 0xCF, 0xCC, 0xCF, 0xCC, 0xCE, 0xCC, 0xAE, 0xC4, 0x8D, 0xC4, 0x6D, 0xC4, 0x6D, 0xC4,
    0x6D, 0xC4, 0x8D, 0xC4, 0x8D, 0xCC, 0xAE, 0xCC, 0xEF, 0xD4, 0x0F, 0xD5, 0x10, 0xD5, 0x30, 0xDD,
    0x50, 0xDD, 0x50, 0xDD, 0x51, 0xDD, 0x71, 0xDD, 0x91, 0xE5, 0x91, 0xE5, 0x91, 0xE5, 0xB2, 0xE5,
    0xB2, 0xE5, 0xB2, 0xE5, 0xD2, 0xE5, 0xD3, 0xED, 0xD2, 0xED, 0xB2, 0xE5, 0xD2, 0xE5, 0xB2, 0xE5,
    0xB2, 0xE5, 0x92, 0xE5, 0x91, 0xE5, 0x71, 0xDD, 0x51, 0xDD, 0x50, 0xDD, 0x30, 0xD5, 0x10, 0xD5,
    0x10, 0xCD, 0xEF, 0xCC, 0xCF, 0xCC, 0xAF, 0xC4, 0x8E, 0xC4, 0x6D, 0xBC, 0x2C, 0xB4, 0xCB, 0xAB,
    0x69, 0x9B, 0xC7, 0x92, 0x44, 0x82, 0x24, 0x82, 0x44, 0x8A, 0xA6, 0x92, 0xE7, 0x9A, 0x28, 0xA3,
    0x69, 0xAB, 0xAA, 0xB3, 0xEB, 0xB3, 0x0C, 0xBC, 0x2D, 0xC4, 0x6D, 0xC4, 0x8E, 0xCC, 0x8E, 0xCC,
    0xAF, 0xD4, 0xCF, 0xD4, 0xCF, 0xD4, 0xF0, 0xD4, 0x10, 0xDD, 0x10, 0xDD, 0x10, 0xDD, 0x31, 0xDD,
    0x31, 0xE5, 0x31, 0xE5, 0x31, 0xE5, 0x51, 0xE5, 0x51, 0xE5, 0x51, 0xE5, 0x51, 0xE5, 0x51, 0xE5,
    0x51, 0xED, 0x51, 0xED, 0x51, 0xED, 0x71, 0xED, 0x71, 0xED, 0x70, 0xED, 0x70, 0xED, 0x70, 0xED,
    0x70, 0xED, 0x50, 0xED, 0x50, 0xED, 0x50, 0xED, 0x50, 0xED, 0x50, 0xED, 0x50, 0xED, 0x70, 0xED,
    0x70, 0xED, 0x70, 0xED, 0x70, 0xED, 0x70, 0xED, 0x4F, 0xE5, 0x2F, 0xDD, 0xE7, 0x8A, 0xC7, 0x8A,
    0xC7, 0x82, 0xC6, 0x82, 0xA6, 0x82, 0x86, 0x7A, 0x86, 0x7A, 0xA6, 0x82, 0xA6, 0x82, 0xA6, 0x82,
    0xC6, 0x82, 0xC7, 0x82, 0xC7, 0x82, 0xC7, 0x82, 0xC7, 0x82, 0xC7, 0x82, 0xC7, 0x82, 0xE7, 0x8A,
    0x08, 0x8B, 0x28, 0x93, 0x28, 0x93, 0x49, 0x9B, 0x69, 0x9B, 0x89, 0x9B, 0x8A, 0xA3, 0xAA, 0xA3,
    0xCA, 0xAB, 0xCB, 0xAB, 0xEB, 0xAB, 0x2C, 0xB4, 0x4D, 0xBC, 0x8D, 0xC4, 0xAE, 0xC4, 0xEF, 0xCC,
    0xEF, 0xCC, 0x0F, 0xCD, 0xEF, 0xCC, 0xCE, 0xCC, 0x8E, 0xCC, 0x8D, 0xC4, 0x6D, 0xC4, 0x6D, 0xC4,
    0x6D, 0xCC, 0xAD, 0xCC, 0xCE, 0xD4, 0xEF, 0xD4, 0x0F, 0xD5, 0x30, 0xDD, 0x50, 0xDD, 0x50, 0xDD,
    0x71, 0xDD, 0x91, 0xE5, 0x91, 0xE5, 0x91, 0xE5, 0x92, 0xE5, 0xB2, 0xE5, 0xD2, 0xE5, 0xB2, 0xE5,
    0xD2, 0xE5, 0xD2, 0xED, 0xD2, 0xED, 0xD2, 0xED, 0xD2, 0xE5, 0xB2, 0xE5, 0xB2, 0xE5, 0xB2, 0xE5,
    0xB2, 0xE5, 0x92, 0xE5, 0x71, 0xDD, 0x71, 0xDD, 0x51, 0xDD, 0x30, 0xD5, 0x30, 0xD5, 0x10, 0xD5,
    0xEF, 0xCC, 0xEF, 0xCC, 0xCF, 0xC4, 0xAE, 0xC4, 0x8E, 0xBC, 0x4D, 0xBC, 0x0C, 0xB4, 0xAB, 0xA3,
    0x29, 0x9B, 0x86, 0x8A, 0x24, 0x82, 0x24, 0x8A, 0x85, 0x92, 0xC7, 0x9A, 0x08, 0xA3, 0x49, 0xAB,
    0xAA, 0xAB, 0xCB, 0xB3, 0x0C, 0xBC, 0x2C, 0xBC, 0x4D, 0xC4, 0x6D, 0xC4, 0x8E, 0xCC, 0xAE, 0xCC,
    0xAF, 0xD4, 0xCF, 0xD4, 0xCF, 0xD4, 0xEF, 0xDC, 0x10, 0xDD, 0x10, 0xDD, 0x10, 0xDD, 0x10, 0xDD,
    0x30, 0xE5, 0x30, 0xE5, 0x30, 0xE5, 0x30, 0xE5, 0x50, 0xE5, 0x51, 0xE5, 0x50, 0xE5, 0x50, 0xE5,
    0x50, 0xE5, 0x50, 0xED, 0x50, 0xED, 0x50, 0xED, 0x50, 0xED, 0x50, 0xED, 0x70, 0xED, 0x50, 0xED,
    0x70, 0xED, 0x70, 0xED, 0x50, 0xED, 0x50, 0xED, 0x50, 0xED, 0x50, 0xED, 0x70, 0xED, 0x70, 0xED,
    0x70, 0xED, 0x70, 0xED, 0x70, 0xE5, 0x4F, 0xE5, 0x2F, 0xDD, 0xE7, 0x8A, 0xC7, 0x82, 0xA6, 0x82,
    0xA6, 0x82, 0x86, 0x7A, 0x85, 0x7A, 0x65, 0x7A, 0x85, 0x7A, 0x86, 0x7A, 0x86, 0x7A, 0xA6, 0x7A,
    0xA6, 0x82, 0xA6, 0x82, 0xC7, 0x82, 0xC7, 0x82, 0xC7, 0x82, 0xE7, 0x8A, 0xE7, 0x8A, 0x08, 0x93,
    0x28, 0x93, 0x49, 0x9B, 0x69, 0x9B, 0x8A, 0xA3, 0x8A, 0xA3, 0xAA, 0xA3, 0xCA, 0xAB, 0xEB, 0xAB,
    0x0B, 0xB4, 0x0C, 0xB4, 0x4D, 0xBC, 0xAE, 0xC4, 0xAE, 0xC4, 0xEF, 0xCC, 0x10, 0xD5, 0x30, 0xD5,
    0x30, 0xD5, 0x10, 0xD5, 0xEF, 0xD4, 0xCE, 0xCC, 0xAD, 0xCC, 0x8D, 0xCC, 0x8D, 0xCC, 0xAD, 0xCC,
    0xAE, 0xD4, 0xEE, 0xD4, 0x0F, 0xDD, 0x2F, 0xDD, 0x50, 0xDD, 0x71, 0xDD, 0x71, 0xE5, 0x91, 0xE5,
    0x92, 0xE5, 0xB2, 0xE5, 0xB2, 0xE5, 0xB2, 0xE5, 0xB2, 0xED, 0xD2, 0xED, 0xD2, 0xED, 0xD2, 0xED,
    0xD2, 0xED, 0xD3, 0xED, 0xD3, 0xED, 0xD2, 0xED, 0xD2, 0xE5, 0xD2, 0xE5, 0xB2, 0xE5, 0xB2, 0xE5,
    0xB2, 0xE5, 0x92, 0xE5, 0x71, 0xDD, 0x51, 0xDD, 0x50, 0xDD, 0x30, 0xD5, 0x10, 0xD5, 0x10, 0xD5,
    0xEF, 0xCC, 0xCF, 0xCC, 0xAF, 0xC4, 0x8E, 0xC4, 0x6D, 0xBC, 0x2D, 0xB4, 0xCB, 0xAB, 0x6A, 0xA3,
    0xE8, 0x92, 0x65, 0x8A, 0x44, 0x8A, 0x65, 0x8A, 0xC6, 0x92, 0x08, 0x9B, 0x49, 0xA3, 0x8A, 0xAB,
    0xAB, 0xB3, 0xEB, 0xBB, 0x2C, 0xBC, 0x4D, 0xC4, 0x6D, 0xC4, 0x8E, 0xCC, 0x8E, 0xCC, 0xAF, 0xD4,
    0xCF, 0xD4, 0xCF, 0xD4, 0xEF, 0xD4, 0xF0, 0xDC, 0xF0, 0xDC, 0x10, 0xDD, 0x10, 0xDD, 0x10, 0xDD,
    0x30, 0xE5, 0x30, 0xE5, 0x30, 0xE5, 0x30, 0xE5, 0x30, 0xE5, 0x50, 0xE5, 0x50, 0xE5, 0x50, 0xE5,
    0x50, 0xE5, 0x50, 0xED, 0x50, 0xED, 0x50, 0xED, 0x50, 0xED, 0x70, 0xED, 0x50, 0xED, 0x70, 0xED,
    0x50, 0xED, 0x50, 0xED, 0x50, 0xED, 0x70, 0xED, 0x70, 0xED, 0x70, 0xED, 0x70, 0xED, 0x70, 0xED,
    0x70, 0xED, 0x50, 0xE5, 0x2F, 0xE5, 0x2F, 0xDD, 0xC7, 0x82, 0xA6, 0x82, 0x86, 0x7A, 0x86, 0x7A,
    0x65, 0x7A, 0x65, 0x72, 0x65, 0x72, 0x45, 0x72, 0x65, 0x7A, 0x85, 0x7A, 0x86, 0x7A, 0x86, 0x7A,
    0x86, 0x7A, 0xA6, 0x82, 0xA6, 0x82, 0xC7, 0x82, 0xE7, 0x8A, 0xE7, 0x8A, 0x28, 0x93, 0x48, 0x93,
    0x49, 0x9B, 0x69, 0x9B, 0x8A, 0xA3, 0xAA, 0xA3, 0xCA, 0xAB, 0xCB, 0xAB, 0xEB, 0xAB, 0x0C, 0xB4,
    0x4C, 0xBC, 0x6D, 0xBC, 0xAE, 0xC4, 0xEF, 0xCC, 0x10, 0xD5, 0x30, 0xD5, 0x50, 0xDD, 0x50, 0xDD,
    0x30, 0xD5, 0x0F, 0xD5, 0xEF, 0xD4, 0xCE, 0xD4, 0xCE, 0xD4, 0xCE, 0xD4, 0xCE, 0xD4, 0xCE, 0xD4,
    0xEF, 0xD4, 0x0F, 0xDD, 0x50, 0xDD, 0x50, 0xDD, 0x71, 0xE5, 0x91, 0xE5, 0xB2, 0xE5, 0xB2, 0xED,
    0xD2, 0xED, 0xD2, 0xED, 0xD2, 0xED, 0xD2, 0xED, 0xD2, 0xED, 0xD3, 0xED, 0xD2, 0xED, 0xD2, 0xED,
    0xD3, 0xED, 0xD3, 0xED, 0xD2, 0xE5, 0xD2, 0xE5, 0xD2, 0xE5, 0xD2, 0xE5, 0xB2, 0xE5, 0xB2, 0xE5,
    0x92, 0xE5, 0x92, 0xDD, 0x71, 0xDD, 0x71, 0xDD, 0x50, 0xD5, 0x10, 0xD5, 0x10, 0xD5, 0xEF, 0xCC,
    0xCF, 0xCC, 0xAE, 0xC4, 0x8E, 0xC4, 0x6E, 0xBC, 0x4D, 0xB4, 0x0C, 0xB4, 0xAB, 0xA3, 0x49, 0x9B,
    0xA6, 0x92, 0x44, 0x8A, 0x65, 0x8A, 0xA6, 0x92, 0xE7, 0x9A, 0x28, 0xA3, 0x69, 0xAB, 0xAA, 0xB3,
    0xEB, 0xB3, 0x0C, 0xBC, 0x4D, 0xC4, 0x6D, 0xC4, 0x6E, 0xC4, 0x8E, 0xCC, 0xAE, 0xCC, 0xAF, 0xD4,
    0xCF, 0xD4, 0xCF, 0xD4, 0xEF, 0xD4, 0xEF, 0xDC, 0x10, 0xDD, 0x10, 0xDD, 0x10, 0xDD, 0x10, 0xDD,
    0x30, 0xE5, 0x30, 0xE5, 0x30, 0xE5, 0x30, 0xE5, 0x30, 0xE5, 0x30, 0xE5, 0x50, 0xE5, 0x50, 0xE5,
    0x50, 0xE5, 0x50, 0xED, 0x50, 0xED, 0x50, 0xED, 0x50, 0xED, 0x50, 0xED, 0x50, 0xED, 0x50, 0xED,
    0x70, 0xED, 0x70, 0xED, 0x70, 0xED, 0x70, 0xED, 0x70, 0xED, 0x70, 0xED, 0x70, 0xED, 0x70, 0xED,
    0x50, 0xE5, 0x2F, 0xE5, 0x4F, 0xE5, 0xA6, 0x82, 0x86, 0x7A, 0x85, 0x7A, 0x65, 0x7A, 0x45, 0x72,
    0x45, 0x72, 0x45, 0x72, 0x45, 0x72, 0x45, 0x72, 0x45, 0x72, 0x65, 0x7A, 0x85, 0x7A, 0x86, 0x7A,
    0x86, 0x7A, 0xA6, 0x82, 0xC7, 0x82, 0xE7, 0x8A, 0xE7, 0x8A, 0x28, 0x93, 0x28, 0x93, 0x49, 0x9B,
    0x69, 0x9B, 0x8A, 0xA3, 0xAA, 0xA3, 0xCA, 0xAB, 0xCB, 0xAB, 0x0B, 0xB4, 0x2C, 0xB4, 0x4D, 0xBC,
    0x8D, 0xC4, 0xAE, 0xC4, 0xEF, 0xCC, 0x30, 0xD5, 0x50, 0xDD, 0x51, 0xDD, 0x51, 0xDD, 0x51, 0xDD,
    0x30, 0xDD, 0x0F, 0xDD, 0x0F, 0xD5, 0xEE, 0xD4, 0xEE, 0xD4, 0xEE, 0xD4, 0xEE, 0xDC, 0x0F, 0xDD,
    0x30, 0xDD, 0x50, 0xDD, 0x70, 0xE5, 0x91, 0xE5, 0xB2, 0xE5, 0xB2, 0xED, 0xD2, 0xED, 0xD3, 0xED,
    0xD2, 0xED, 0xD3, 0xED, 0xD3, 0xED, 0xF3, 0xED, 0xD3, 0xED, 0xD3, 0xED, 0xD3, 0xED, 0xD3, 0xED,
    0xD2, 0xE5, 0xB2, 0xE5, 0xD2, 0xE5, 0xD2, 0xE5, 0xB2, 0xE5, 0xB2, 0xE5, 0xB2, 0xE5, 0x92, 0xE5,
    0x92, 0xDD, 0x71, 0xDD, 0x71, 0xDD, 0x50, 0xD5, 0x30, 0xD5, 0x30, 0xD5, 0x0F, 0xCD, 0xCF, 0xCC,
    0xAF, 0xC4, 0xAE, 0xC4, 0x6E, 0xBC, 0x4D, 0xBC, 0x0C, 0xB4, 0xCB, 0xAB, 0x6A, 0xA3, 0xE7, 0x92,
    0x65, 0x8A, 0x65, 0x8A, 0xA6, 0x92, 0xE7, 0x9A, 0x28, 0xA3, 0x69, 0xA3, 0x8A, 0xAB, 0xCB, 0xB3,
    0x0C, 0xBC, 0x2D, 0xBC, 0x4D, 0xC4, 0x6D, 0xC4, 0x8E, 0xCC, 0x8E, 0xCC, 0xAE, 0xCC, 0xCF, 0xD4,
    0xCF, 0xD4, 0xCF, 0xD4, 0xEF, 0xD4, 0xEF, 0xDC, 0xF0, 0xDC, 0x10, 0xDD, 0x10, 0xDD, 0x10, 0xDD,
    0x10, 0xE5, 0x10, 0xE5, 0x30, 0xE5, 0x30, 0xE5, 0x30, 0xE5, 0x30, 0xE5, 0x50, 0xE5, 0x50, 0xE5,
    0x50, 0xED, 0x50, 0xED, 0x50, 0xED, 0x50, 0xED, 0x50, 0xED, 0x50, 0xED, 0x70, 0xED, 0x70, 0xED,
    0x70, 0xED, 0x70, 0xED, 0x70, 0xED, 0x70, 0xED, 0x70, 0xED, 0x70, 0xED, 0x70, 0xE5, 0x4F, 0xE5,
    0x2F, 0xDD, 0x70, 0xE5, 0xA6, 0x82, 0xA6, 0x7A, 0x65, 0x7A, 0x45, 0x72, 0x44, 0x72, 0x24, 0x6A,
    0x24, 0x6A, 0x24, 0x72, 0x24, 0x72, 0x45, 0x72, 0x45, 0x72, 0x65, 0x72, 0x65, 0x7A, 0x66, 0x7A,
    0x86, 0x7A, 0xA6, 0x82, 0xC7, 0x82, 0xE7, 0x8A, 0x08, 0x8B, 0x28, 0x93, 0x48, 0x93, 0x69, 0x9B,
    0x89, 0x9B, 0x8A, 0xA3, 0xAA, 0xA3, 0xCB, 0xAB, 0xEB, 0xAB, 0x0C, 0xB4, 0x2C, 0xBC, 0x4D, 0xBC,
    0x8E, 0xC4, 0xCE, 0xCC, 0x0F, 0xD5, 0x30, 0xD5, 0x50, 0xDD, 0x51, 0xDD, 0x51, 0xDD, 0x50, 0xDD,
    0x30, 0xDD, 0x30, 0xDD, 0x0F, 0xDD, 0x0F, 0xDD, 0x0F, 0xDD, 0x0F, 0xDD, 0x2F, 0xDD, 0x50, 0xDD,
    0x50, 0xE5, 0x71, 0xE5, 0x92, 0xE5, 0xB2, 0xED, 0xD2, 0xED, 0xD3, 0xED, 0xF3, 0xED, 0xD3, 0xED,
    0xF3, 0xED, 0xF3, 0xED, 0xF3, 0xED, 0xF3, 0xED, 0xD3, 0xED, 0xD3, 0xED, 0xD3, 0xED, 0xD2, 0xED,
    0xD2, 0xE5, 0xB2, 0xE5, 0xB2, 0xE5, 0xB2, 0xE5, 0xB2, 0xE5, 0x92, 0xE5, 0x92, 0xDD, 0x91, 0xDD,
    0x71, 0xDD, 0x71, 0xDD, 0x50, 0xD5, 0x50, 0xD5, 0x30, 0xD5, 0x10, 0xCD, 0xEF, 0xCC, 0xCF, 0xC4,
    0xAE, 0xC4, 0x8E, 0xBC, 0x4D, 0xBC, 0x2C, 0xB4, 0xEC, 0xAB, 0xAA, 0xA3, 0x29, 0x9B, 0xA6, 0x8A,
    0x65, 0x8A, 0x85, 0x92, 0xC7, 0x92, 0x08, 0x9B, 0x49, 0xA3, 0x8A, 0xAB, 0xCB, 0xB3, 0x0C, 0xBC,
    0x2C, 0xBC, 0x4D, 0xC4, 0x6D, 0xC4, 0x6E, 0xCC, 0x8E, 0xCC, 0xAE, 0xCC, 0xAF, 0xD4, 0xCF, 0xD4,
    0xCF, 0xD4, 0xCF, 0xD4, 0xEF, 0xD4, 0xEF, 0xDC, 0xEF, 0xDC, 0x10, 0xDD, 0x10, 0xDD, 0x10, 0xDD,
    0x10, 0xE5, 0x30, 0xE5, 0x30, 0xE5, 0x30, 0xE5, 0x30, 0xE5, 0x30, 0xE5, 0x30, 0xE5, 0x50, 0xE5,
    0x50, 0xE5, 0x50, 0xED, 0x50, 0xED, 0x50, 0xED, 0x50, 0xED, 0x70, 0xED, 0x70, 0xED, 0x70, 0xED,
    0x70, 0xED, 0x70, 0xED, 0x70, 0xED, 0x70, 0xED, 0x70, 0xED, 0x50, 0xE5, 0x4F, 0xE5, 0x4F, 0xDD,
    0x2F, 0xDD, 0x85, 0x7A, 0x65, 0x7A, 0x45, 0x72, 0x45, 0x72, 0x24, 0x6A, 0x24, 0x6A, 0x24, 0x6A,
    0x24, 0x6A, 0x24, 0x6A, 0x45, 0x72, 0x45, 0x72, 0x45, 0x72, 0x65, 0x72, 0x65, 0x7A, 0x65, 0x7A,
    0xA6, 0x82, 0xA7, 0x82, 0xE7, 0x8A, 0xE7, 0x8A, 0x08, 0x93, 0x28, 0x93, 0x49, 0x9B, 0x69, 0x9B,
    0x69, 0xA3, 0x8A, 0xA3, 0x8A, 0xA3, 0xAA, 0xAB, 0xCB, 0xAB, 0xCB, 0xB3, 0xEB, 0xB3, 0x2C, 0xBC,
    0x6D, 0xC4, 0xAE, 0xCC, 0xEF, 0xD4, 0x30, 0xD5, 0x30, 0xDD, 0x30, 0xDD, 0x50, 0xDD, 0x30, 0xDD,
    0x30, 0xDD, 0x30, 0xDD, 0x30, 0xDD, 0x2F, 0xDD, 0x30, 0xDD, 0x50, 0xDD, 0x50, 0xE5, 0x71, 0xE5,
    0x91, 0xE5, 0xB2, 0xE5, 0xD2, 0xED, 0xD3, 0xED, 0xF3, 0xED, 0xF3, 0xED, 0xF3, 0xED, 0xF3, 0xED,
    0xF3, 0xED, 0xF3, 0xED, 0xF3, 0xED, 0xF3, 0xED, 0xF3, 0xED, 0xD3, 0xED, 0xD2, 0xED, 0xD2, 0xE5,
    0xB2, 0xE5, 0xB2, 0xE5, 0xB2, 0xE5, 0xB2, 0xE5, 0x92, 0xE5, 0x91, 0xDD, 0x91, 0xDD, 0x71, 0xDD,
    0x71, 0xDD, 0x71, 0xDD, 0x50, 0xD5, 0x30, 0xD5, 0x10, 0xD5, 0xEF, 0xCC, 0xCF, 0xCC, 0xAE, 0xC4,
    0x8E, 0xC4, 0x4D, 0xBC, 0x2C, 0xB4, 0xEC, 0xAB, 0xAB, 0xAB, 0x69, 0x9B, 0xC7, 0x92, 0x65, 0x8A,
    0x85, 0x8A, 0xC6, 0x92, 0x07, 0x9B, 0x49, 0xA3, 0x8A, 0xAB, 0xCB, 0xB3, 0xEB, 0xB3, 0x0C, 0xBC,
    0x4D, 0xC4, 0x4D, 0xC4, 0x6D, 0xC4, 0x8E, 0xCC, 0xAE, 0xCC, 0xAE, 0xCC, 0xAE, 0xD4, 0xCF, 0xD4,
    0xCF, 0xD4, 0xCF, 0xD4, 0xEF, 0xDC, 0xEF, 0xDC, 0xEF, 0xDC, 0x0F, 0xDD, 0x0F, 0xDD, 0x10, 0xDD,
    0x10, 0xE5, 0x30, 0xE5, 0x30, 0xE5, 0x30, 0xE5, 0x30, 0xE5, 0x30, 0xE5, 0x50, 0xE5, 0x50, 0xE5,
    0x50, 0xE5, 0x50, 0xED, 0x50, 0xED, 0x50, 0xED, 0x70, 0xED, 0x70, 0xED, 0x70, 0xED, 0x70, 0xED,
    0x70, 0xED, 0x70, 0xED, 0x70, 0xED, 0x70, 0xED, 0x50, 0xE5, 0x2F, 0xDD, 0x70, 0xE5, 0x6D, 0xC4,
    0x45, 0x7A, 0x45, 0x72, 0x45, 0x72, 0x04, 0x6A, 0x04, 0x6A, 0x24, 0x6A, 0x04, 0x6A, 0x24, 0x6A,
    0x24, 0x6A, 0x24, 0x6A, 0x24, 0x6A, 0x45, 0x72, 0x45, 0x72, 0x45, 0x72, 0x65, 0x7A, 0x86, 0x7A,
    0x86, 0x82, 0xC6, 0x82, 0xC7, 0x8A, 0xE7, 0x8A, 0xE8, 0x8A, 0x08, 0x93, 0x28, 0x93, 0x29, 0x9B,
    0x28, 0x9B, 0x29, 0x9B, 0x49, 0xA3, 0x49, 0xA3, 0x69, 0xA3, 0x69, 0xAB, 0x8A, 0xB3, 0xCB, 0xBB,
    0xEB, 0xBB, 0x4D, 0xC4, 0xAE, 0xCC, 0xEF, 0xD4, 0x10, 0xD5, 0x30, 0xDD, 0x30, 0xDD, 0x30, 0xDD,
    0x10, 0xDD, 0x30, 0xDD, 0x30, 0xDD, 0x30, 0xDD, 0x30, 0xDD, 0x71, 0xE5, 0x71, 0xE5, 0x92, 0xE5,
    0xB2, 0xE5, 0xD3, 0xED, 0xD3, 0xED, 0xF3, 0xED, 0xF3, 0xED, 0xF3, 0xED, 0xF3, 0xED, 0xF3, 0xED,
    0xF3, 0xED, 0xF3, 0xED, 0xF3, 0xED, 0xF3, 0xED, 0xF3, 0xED, 0xD3, 0xED, 0xD2, 0xE5, 0xB2, 0xE5,
    0xB2, 0xE5, 0xB2, 0xE5, 0x92, 0xE5, 0x91, 0xDD, 0x71, 0xDD, 0x71, 0xDD, 0x71, 0xDD, 0x71, 0xDD,
    0x71, 0xDD, 0x51, 0xD5, 0x30, 0xD5, 0x10, 0xD5, 0xEF, 0xCC, 0xCF, 0xCC, 0xAE, 0xC4, 0x8E, 0xBC,
    0x4D, 0xBC, 0x2C, 0xB4, 0xEC, 0xAB, 0xCB, 0xAB, 0x8A, 0xA3, 0x08, 0x9B, 0x85, 0x8A, 0x65, 0x8A,
    0xA6, 0x92, 0xE7, 0x9A, 0x28, 0xA3, 0x69, 0xAB, 0xAA, 0xB3, 0xEB, 0xB3, 0x0C, 0xBC, 0x2D, 0xBC,
    0x4D, 0xC4, 0x6D, 0xC4, 0x8E, 0xCC, 0x8E, 0xCC, 0x8E, 0xCC, 0xAE, 0xD4, 0xCF, 0xD4, 0xCF, 0xD4,
    0xCF, 0xD4, 0xEF, 0xD4, 0xEF, 0xDC, 0xEF, 0xDC, 0x0F, 0xDD, 0x0F, 0xDD, 0x0F, 0xDD, 0x0F, 0xE5,
    0x10, 0xE5, 0x30, 0xE5, 0x30, 0xE5, 0x30, 0xE5, 0x30, 0xE5, 0x30, 0xE5, 0x50, 0xE5, 0x50, 0xE5,
    0x50, 0xED, 0x50, 0xED, 0x50, 0xED, 0x70, 0xED, 0x70, 0xED, 0x70, 0xED, 0x70, 0xED, 0x70, 0xED,
    0x70, 0xED, 0x70, 0xED, 0x50, 0xE5, 0x50, 0xE5, 0x2F, 0xDD, 0x70, 0xE5, 0x69, 0x93, 0x45, 0x7A,
    0x45, 0x72, 0x04, 0x6A, 0x04, 0x6A, 0xE3, 0x69, 0xE3, 0x61, 0xE3, 0x61, 0x04, 0x6A, 0x04, 0x6A,
    0x04, 0x6A, 0x04, 0x6A, 0x24, 0x6A, 0x24, 0x72, 0x45, 0x72, 0x45, 0x72, 0x86, 0x7A, 0xA6, 0x7A,
    0x86, 0x82, 0xA6, 0x82, 0xA6, 0x82, 0xA6, 0x82, 0xA7, 0x8A, 0xC7, 0x8A, 0xC7, 0x8A, 0xC7, 0x92,
    0xC7, 0x92, 0xE7, 0x92, 0xE7, 0x92, 0xE8, 0x9A, 0xE8, 0x9A, 0x08, 0xA3, 0x29, 0xA3, 0x69, 0xAB,
    0xAA, 0xB3, 0xCB, 0xBB, 0x0C, 0xC4, 0x4D, 0xCC, 0x8E, 0xCC, 0x8E, 0xD4, 0x8E, 0xD4, 0xAE, 0xD4,
    0xAE, 0xD4, 0xAE, 0xD4, 0xAE, 0xD4, 0xCF, 0xDC, 0x10, 0xDD, 0x30, 0xDD, 0x71, 0xE5, 0xB2, 0xE5,
    0xD3, 0xE5, 0xD3, 0xED, 0xF3, 0xED, 0xF3, 0xED, 0xF3, 0xED, 0xF3, 0xED, 0xF3, 0xED, 0xF3, 0xED,
    0xF3, 0xED, 0xF3, 0xED, 0xF3, 0xED, 0xF3, 0xED, 0xD3, 0xED, 0xD3, 0xE5, 0xB2, 0xE5, 0xB2, 0xE5,
    0x92, 0xE5, 0x92, 0xE5, 0x71, 0xDD, 0x71, 0xDD, 0x71, 0xDD, 0x71, 0xDD, 0x71, 0xDD, 0x50, 0xD5,
    0x30, 0xD5, 0x30, 0xD5, 0x10, 0xD5, 0xEF, 0xCC, 0xCE, 0xC4, 0xAE, 0xC4, 0x6D, 0xBC, 0x4D, 0xBC,
    0x0C, 0xB4, 0xEB, 0xAB, 0xAB, 0xAB, 0x8A, 0xA3, 0x49, 0x9B, 0xA6, 0x92, 0x65, 0x8A, 0xA6, 0x92,
    0xE7, 0x9A, 0x28, 0xA3, 0x49, 0xA3, 0x8A, 0xAB, 0xCB, 0xB3, 0x0C, 0xBC, 0x2C, 0xBC, 0x4D, 0xC4,
    0x6D, 0xC4, 0x6D, 0xC4, 0x8E, 0xCC, 0x8E, 0xCC, 0xAE, 0xCC, 0xAE, 0xCC, 0xAE, 0xD4, 0xCF, 0xD4,
    0xCF, 0xD4, 0xEF, 0xD4, 0xEF, 0xDC, 0xEF, 0xDC, 0x0F, 0xDD, 0x0F, 0xDD, 0x0F, 0xDD, 0x0F, 0xE5,
    0x10, 0xE5, 0x0F, 0xE5, 0x30, 0xE5, 0x30, 0xE5, 0x30, 0xE5, 0x30, 0xE5, 0x50, 0xE5, 0x50, 0xE5,
    0x50, 0xED, 0x50, 0xED, 0x70, 0xED, 0x70, 0xED, 0x70, 0xED, 0x70, 0xED, 0x70, 0xED, 0x70, 0xED,
    0x70, 0xED, 0x50, 0xE5, 0x4F, 0xE5, 0x4F, 0xE5, 0x2F, 0xDD, 0x05, 0x5A, 0x65, 0x72, 0x04, 0x6A,
    0xE3, 0x69, 0xE3, 0x69, 0xE3, 0x61, 0xC3, 0x61, 0xE3, 0x61, 0xE3, 0x61, 0xE3, 0x61, 0xE4, 0x61,
    0x04, 0x6A, 0x04, 0x6A, 0x24, 0x6A, 0x24, 0x72, 0x65, 0x72, 0x86, 0x7A, 0x45, 0x72, 0x45, 0x7A,
    0x45, 0x7A, 0x45, 0x7A, 0x65, 0x7A, 0x65, 0x82, 0x65, 0x82, 0x66, 0x82, 0x66, 0x82, 0x86, 0x8A,
    0x86, 0x8A, 0x86, 0x8A, 0xA7, 0x8A, 0xA7, 0x92, 0xA7, 0x92, 0xC7, 0x9A, 0xE8, 0x9A, 0x08, 0xA3,
    0x49, 0xAB, 0x6A, 0xB3, 0xAB, 0xBB, 0xCB, 0xBB, 0xCC, 0xBB, 0xEC, 0xC3, 0xEC, 0xC3, 0xEC, 0xC3,
    0x0C, 0xC4, 0x0C, 0xCC, 0x2D, 0xCC, 0x4D, 0xCC, 0x8E, 0xD4, 0xCF, 0xD4, 0x10, 0xDD, 0x71, 0xE5,
    0xB2, 0xE5, 0xD3, 0xE5, 0xD3, 0xED, 0xF3, 0xED, 0xF3, 0xED, 0xF3, 0xED, 0xF3, 0xED, 0xF3, 0xED,
    0xF3, 0xED, 0xF3, 0xED, 0xF3, 0xED, 0xD3, 0xED, 0xD2, 0xE5, 0xB2, 0xE5, 0x92, 0xE5, 0x92, 0xE5,
    0x91, 0xE5, 0x91, 0xE5, 0x71, 0xDD, 0x71, 0xDD, 0x71, 0xDD, 0x51, 0xDD, 0x50, 0xD5, 0x30, 0xD5,
    0x10, 0xD5, 0xEF, 0xCC, 0xCF, 0xCC, 0xAE, 0xC4, 0x8E, 0xC4, 0x6D, 0xBC, 0x2C, 0xBC, 0xEC, 0xB3,
    0xCB, 0xAB, 0xAA, 0xAB, 0x8A, 0xA3, 0x49, 0x9B, 0xE7, 0x92, 0x65, 0x8A, 0xA6, 0x92, 0xE7, 0x9A,
    0x07, 0x9B, 0x49, 0xA3, 0x8A, 0xAB, 0xCB, 0xB3, 0xEB, 0xB3, 0x2C, 0xBC, 0x2D, 0xC4, 0x4D, 0xC4,
    0x6D, 0xC4, 0x6E, 0xCC, 0x8E, 0xCC, 0x8E, 0xCC, 0xAE, 0xCC, 0xAE, 0xD4, 0xCE, 0xD4, 0xCF, 0xD4,
    0xCF, 0xD4, 0xEF, 0xDC, 0xEF, 0xDC, 0xEF, 0xDC, 0xEF, 0xDC, 0x0F, 0xDD, 0x0F, 0xE5, 0x0F, 0xE5,
    0x0F, 0xE5, 0x2F, 0xE5, 0x30, 0xE5, 0x30, 0xE5, 0x30, 0xE5, 0x50, 0xE5, 0x50, 0xE5, 0x50, 0xED,
    0x50, 0xED, 0x50, 0xED, 0x70, 0xED, 0x70, 0xED, 0x70, 0xED, 0x70, 0xED, 0x70, 0xED, 0x50, 0xE5,
    0x50, 0xE5, 0x2F, 0xDD, 0x70, 0xE5, 0x4C, 0xBC, 0xE1, 0x28, 0x44, 0x72, 0x03, 0x6A, 0xC3, 0x61,
    0xC2, 0x61, 0xC2, 0x61, 0xC3, 0x61, 0xC3, 0x61, 0xE3, 0x61, 0xE3, 0x61, 0xE3, 0x61, 0x04, 0x6A,
    0xE4, 0x69, 0x04, 0x6A, 0x45, 0x72, 0x65, 0x72, 0x04, 0x72, 0x24, 0x72, 0x04, 0x72, 0x04, 0x72,
    0x24, 0x7A, 0x24, 0x7A, 0x25, 0x7A, 0x25, 0x7A, 0x45, 0x7A, 0x45, 0x82, 0x45, 0x82, 0x45, 0x82,
    0x66, 0x82, 0x86, 0x8A, 0xA7, 0x8A, 0xA7, 0x92, 0xA7, 0x92, 0xC7, 0x92, 0xC7, 0x9A, 0xE8, 0xA2,
    0x29, 0xA3, 0x4A, 0xAB, 0x6A, 0xB3, 0x8A, 0xB3, 0x8B, 0xB3, 0xAB, 0xBB, 0xAB, 0xBB, 0xAB, 0xBB,
    0xAB, 0xBB, 0xCB, 0xBB, 0xCC, 0xC3, 0xEC, 0xC3, 0x0C, 0xC4, 0x4D, 0xCC, 0x8E, 0xD4, 0xF0, 0xDC,
    0x51, 0xDD, 0xB2, 0xE5, 0xD3, 0xE5, 0xD3, 0xE5, 0xF3, 0xED, 0xF4, 0xED, 0xF3, 0xED, 0xF3, 0xED,
    0xF3, 0xED, 0xF3, 0xED, 0xF3, 0xED, 0xD3, 0xE5, 0xD2, 0xE5, 0xD2, 0xE5, 0xB2, 0xE5, 0xB2, 0xE5,
    0x92, 0xE5, 0x71, 0xDD, 0x71, 0xDD, 0x71, 0xDD, 0x51, 0xDD, 0x50, 0xD5, 0x30, 0xD5, 0x10, 0xD5,
    0xEF, 0xCC, 0xCF, 0xCC, 0xAE, 0xC4, 0x8E, 0xC4, 0x4D, 0xBC, 0x0C, 0xB4, 0xCB, 0xAB, 0xAA, 0xAB,
    0x8A, 0xA3, 0x69, 0xA3, 0x49, 0x9B, 0x08, 0x9B, 0x85, 0x92, 0xA5, 0x92, 0x07, 0x9B, 0x28, 0xA3,
    0x28, 0xA3, 0x69, 0xAB, 0xAA, 0xAB, 0xEB, 0xB3, 0x0C, 0xBC, 0x2C, 0xBC, 0x4D, 0xC4, 0x6D, 0xC4,
    0x6D, 0xCC, 0x8E, 0xCC, 0x8E, 0xCC, 0xAE, 0xCC, 0xAE, 0xCC, 0xCE, 0xD4, 0xCF, 0xD4, 0xCF, 0xD4,
    0xCF, 0xD4, 0xEF, 0xDC, 0xEF, 0xDC, 0xEF, 0xDC, 0x0F, 0xDD, 0x0F, 0xE5, 0x0F, 0xE5, 0x0F, 0xE5,
    0x2F, 0xE5, 0x2F, 0xE5, 0x30, 0xE5, 0x30, 0xE5, 0x50, 0xE5, 0x50, 0xE5, 0x50, 0xED, 0x50, 0xED,
    0x50, 0xED, 0x70, 0xED, 0x70, 0xED, 0x70, 0xED, 0x70, 0xED, 0x70, 0xED, 0x50, 0xE5, 0x4F, 0xE5,
    0x2F, 0xDD, 0x70, 0xE5, 0xE7, 0x7A, 0x60, 0x18, 0x45, 0x7A, 0x03, 0x6A, 0xC3, 0x69, 0xA2, 0x61,
    0xA2, 0x61, 0xA2, 0x61, 0xC3, 0x61, 0xE3, 0x61, 0xE3, 0x61, 0xE3, 0x61, 0xE3, 0x61, 0xE4, 0x69,
    0x04, 0x6A, 0x04, 0x6A, 0xE4, 0x69, 0x04, 0x72, 0x04, 0x72, 0xE3, 0x69, 0xE3, 0x69, 0xE4, 0x71,
    0x04, 0x72, 0x04, 0x72, 0x04, 0x72, 0x05, 0x7A, 0x25, 0x7A, 0x25, 0x7A, 0x25, 0x7A, 0x45, 0x82,
    0x66, 0x82, 0x66, 0x82, 0x86, 0x8A, 0x86, 0x8A, 0x86, 0x8A, 0xA7, 0x92, 0xC7, 0x9A, 0xE8, 0x9A,
    0xE8, 0xA2, 0x29, 0xA3, 0x29, 0xA3, 0x29, 0xAB, 0x4A, 0xAB, 0x6A, 0xAB, 0x6A, 0xAB, 0x6A, 0xAB,
    0x6A, 0xB3, 0x6A, 0xB3, 0x8A, 0xB3, 0x8B, 0xB3, 0xAB, 0xBB, 0xCC, 0xBB, 0xEC, 0xC3, 0x4D, 0xCC,
    0xCF, 0xD4, 0x31, 0xDD, 0x71, 0xDD, 0xB2, 0xE5, 0xD3, 0xE5, 0xF3, 0xE5, 0xF3, 0xED, 0xF3, 0xED,
    0xF3, 0xED, 0xD3, 0xE5, 0xD3, 0xE5, 0xD3, 0xE5, 0xD3, 0xE5, 0xB2, 0xE5, 0x92, 0xE5, 0x92, 0xE5,
    0x92, 0xDD, 0x71, 0xDD, 0x71, 0xDD, 0x71, 0xDD, 0x50, 0xD5, 0x30, 0xD5, 0x10, 0xD5, 0xEF, 0xCC,
    0xCE, 0xCC, 0xAE, 0xC4, 0x6D, 0xC4, 0x4C, 0xBC, 0x0B, 0xB4, 0xCB, 0xAB, 0x8A, 0xA3, 0x69, 0xA3,
    0x49, 0x9B, 0x49, 0x9B, 0x28, 0x9B, 0xA6, 0x92, 0x85, 0x92, 0xC6, 0x9A, 0x28, 0xA3, 0x49, 0xA3,
    0x49, 0xAB, 0xAA, 0xAB, 0xCB, 0xB3, 0xEC, 0xBB, 0x2C, 0xBC, 0x4D, 0xC4, 0x4D, 0xC4, 0x6D, 0xC4,
    0x8E, 0xCC, 0x8E, 0xCC, 0x8E, 0xCC, 0xAE, 0xCC, 0xAE, 0xD4, 0xCE, 0xD4, 0xCE, 0xD4, 0xCF, 0xD4,
    0xEF, 0xDC, 0xEF, 0xDC, 0xEF, 0xDC, 0x0F, 0xDD, 0x0F, 0xDD, 0x0F, 0xE5, 0x0F, 0xE5, 0x2F, 0xE5,
    0x2F, 0xE5, 0x2F, 0xE5, 0x30, 0xE5, 0x50, 0xE5, 0x50, 0xE5, 0x50, 0xE5, 0x50, 0xED, 0x50, 0xED,
    0x70, 0xED, 0x70, 0xED, 0x70, 0xED, 0x70, 0xED, 0x50, 0xE5, 0x4F, 0xE5, 0x2F, 0xE5, 0x50, 0xE5,
    0xEE, 0xD4, 0x63, 0x41, 0x80, 0x18, 0x85, 0x7A, 0x04, 0x72, 0xC3, 0x69, 0xA2, 0x61, 0x82, 0x59,
    0x82, 0x59, 0x82, 0x59, 0x61, 0x51, 0x21, 0x49, 0x42, 0x49, 0x62, 0x59, 0xC3, 0x61, 0xC3, 0x61,
    0xA3, 0x61, 0xA3, 0x61, 0xE3, 0x69, 0xE3, 0x69, 0xC3, 0x69, 0xC3, 0x69, 0xC3, 0x69, 0xE4, 0x69,
    0xE4, 0x71, 0xE4, 0x71, 0xE4, 0x71, 0x04, 0x72, 0x04, 0x72, 0x04, 0x72, 0x04, 0x7A, 0x25, 0x7A,
    0x25, 0x7A, 0x45, 0x82, 0x45, 0x82, 0x66, 0x8A, 0x66, 0x8A, 0x86, 0x8A, 0xA7, 0x92, 0xC8, 0x9A,
    0xE8, 0x9A, 0xE8, 0x9A, 0x08, 0x9B, 0x09, 0xA3, 0x09, 0xA3, 0x09, 0xA3, 0x29, 0xA3, 0x29, 0xA3,
    0x29, 0xA3, 0x29, 0xA3, 0x29, 0xAB, 0x49, 0xAB, 0x4A, 0xAB, 0x6A, 0xB3, 0x8B, 0xB3, 0xCB, 0xBB,
    0x0C, 0xC4, 0x6E, 0xCC, 0xEF, 0xD4, 0x51, 0xDD, 0x92, 0xDD, 0xB2, 0xE5, 0xB3, 0xE5, 0xD3, 0xE5,
    0xB2, 0xE5, 0xB2, 0xE5, 0xB2, 0xE5, 0xB2, 0xE5, 0x92, 0xE5, 0x92, 0xE5, 0x92, 0xE5, 0x91, 0xDD,
    0x71, 0xDD, 0x71, 0xDD, 0x71, 0xDD, 0x50, 0xD5, 0x30, 0xD5, 0x10, 0xD5, 0xEF, 0xCC, 0xCF, 0xCC,
    0xAE, 0xC4, 0x8D, 0xC4, 0x4C, 0xBC, 0x0B, 0xB4, 0xAA, 0xAB, 0x69, 0xA3, 0x28, 0x9B, 0x28, 0x9B,
    0x08, 0x9B, 0x08, 0x9B, 0xC7, 0x92, 0xA6, 0x92, 0xC6, 0x92, 0x07, 0x9B, 0x49, 0xA3, 0x89, 0xAB,
    0xAA, 0xAB, 0xCA, 0xB3, 0xEB, 0xBB, 0x0C, 0xBC, 0x4D, 0xC4, 0x4D, 0xC4, 0x6D, 0xC4, 0x6D, 0xC4,
    0x8E, 0xCC, 0x8E, 0xCC, 0x8E, 0xCC, 0xAE, 0xCC, 0xAE, 0xD4, 0xCE, 0xD4, 0xCE, 0xD4, 0xCF, 0xD4,
    0xEF, 0xDC, 0xEF, 0xDC, 0xEF, 0xDC, 0x0F, 0xDD, 0x0F, 0xE5, 0x0F, 0xE5, 0x2F, 0xE5, 0x2F, 0xE5,
    0x2F, 0xE5, 0x30, 0xE5, 0x50, 0xE5, 0x50, 0xE5, 0x50, 0xE5, 0x50, 0xE5, 0x50, 0xED, 0x50, 0xED,
    0x70, 0xED, 0x70, 0xED, 0x70, 0xE5, 0x50, 0xE5, 0x4F, 0xE5, 0x2F, 0xDD, 0x70, 0xE5, 0xAA, 0xA3,
    0x80, 0x18, 0xC1, 0x28, 0xA6, 0x82, 0x24, 0x72, 0xE3, 0x69, 0xA2, 0x61, 0x82, 0x61, 0x61, 0x59,
    0x01, 0x49, 0x60, 0x38, 0x20, 0x20, 0x00, 0x18, 0x00, 0x18, 0x40, 0x20, 0xA1, 0x30, 0x01, 0x49,
    0x62, 0x59, 0xA2, 0x61, 0xC3, 0x69, 0xC3, 0x61, 0xA3, 0x61, 0xA3, 0x69, 0xC3, 0x69, 0xC3, 0x69,
    0xC3, 0x69, 0xC3, 0x69, 0xE3, 0x69, 0xE4, 0x71, 0x04, 0x72, 0x04, 0x72, 0x25, 0x7A, 0x45, 0x7A,
    0x45, 0x82, 0x45, 0x82, 0x45, 0x82, 0x66, 0x8A, 0x66, 0x8A, 0x87, 0x8A, 0xA7, 0x92, 0xA7, 0x92,
    0xC7, 0x92, 0xC8, 0x92, 0xC8, 0x9A, 0xC8, 0x9A, 0xE8, 0x9A, 0xE8, 0x9A, 0xE8, 0x9A, 0xE8, 0x9A,
    0x08, 0x9B, 0x09, 0x9B, 0x09, 0xA3, 0x09, 0xA3, 0x09, 0xA3, 0x09, 0xA3, 0x29, 0xAB, 0x6A, 0xAB,
    0x8B, 0xB3, 0xEC, 0xBB, 0x2D, 0xC4, 0xAE, 0xCC, 0x10, 0xD5, 0x92, 0xDD, 0x92, 0xE5, 0xB2, 0xE5,
    0x92, 0xE5, 0x92, 0xDD, 0x92, 0xDD, 0x92, 0xDD, 0x91, 0xDD, 0x71, 0xDD, 0x71, 0xDD, 0x71, 0xDD,
    0x71, 0xDD, 0x51, 0xDD, 0x50, 0xD5, 0x30, 0xD5, 0x10, 0xD5, 0xEF, 0xCC, 0xCF, 0xCC, 0xAE, 0xC4,
    0x8D, 0xBC, 0x4C, 0xBC, 0x0B, 0xB4, 0xAA, 0xAB, 0x69, 0xA3, 0x08, 0x9B, 0xE7, 0x92, 0xE7, 0x92,
    0x08, 0x9B, 0xE7, 0x9A, 0xC6, 0x92, 0xC6, 0x92, 0x07, 0x9B, 0x28, 0xA3, 0x69, 0xAB, 0xAA, 0xAB,
    0xCB, 0xB3, 0xEB, 0xB3, 0x0C, 0xBC, 0x2C, 0xBC, 0x4D, 0xC4, 0x6D, 0xC4, 0x6D, 0xC4, 0x6D, 0xCC,
    0x8D, 0xCC, 0x8E, 0xCC, 0xAE, 0xCC, 0xAE, 0xD4, 0xCE, 0xD4, 0xCE, 0xD4, 0xCF, 0xD4, 0xEF, 0xDC,
    0xEF, 0xDC, 0xEF, 0xDC, 0x0F, 0xDD, 0x0F, 0xDD, 0x0F, 0xE5, 0x2F, 0xE5, 0x2F, 0xE5, 0x2F, 0xE5,
    0x30, 0xE5, 0x50, 0xE5, 0x50, 0xE5, 0x50, 0xE5, 0x50, 0xE5, 0x50, 0xE5, 0x50, 0xED, 0x50, 0xED,
    0x50, 0xED, 0x50, 0xE5, 0x50, 0xE5, 0x4F, 0xE5, 0x50, 0xDD, 0x4F, 0xE5, 0x05, 0x5A, 0x80, 0x10,
    0xE1, 0x28, 0xC7, 0x82, 0x65, 0x7A, 0x04, 0x6A, 0xE3, 0x69, 0xA2, 0x61, 0x62, 0x59, 0x01, 0x49,
    0xA0, 0x40, 0x40, 0x30, 0x20, 0x20, 0x00, 0x18, 0x00, 0x10, 0x00, 0x08, 0x00, 0x08, 0x20, 0x10,
    0x80, 0x28, 0xE1, 0x40, 0x21, 0x49, 0x41, 0x59, 0x21, 0x59, 0x21, 0x59, 0x01, 0x51, 0x01, 0x59,
    0x01, 0x59, 0x01, 0x59, 0xE1, 0x58, 0x01, 0x59, 0x22, 0x61, 0x42, 0x61, 0x83, 0x69, 0xE4, 0x71,
    0x04, 0x7A, 0x45, 0x82, 0x65, 0x82, 0x66, 0x8A, 0x86, 0x8A, 0x87, 0x8A, 0x87, 0x92, 0xA7, 0x92,
    0xA7, 0x92, 0xA7, 0x92, 0xA7, 0x92, 0xA7, 0x92, 0xA7, 0x92, 0xA7, 0x92, 0xA7, 0x92, 0xA7, 0x92,
    0xC7, 0x92, 0xE8, 0x9A, 0x08, 0x9B, 0xE8, 0x9A, 0xE8, 0x9A, 0xE8, 0x9A, 0xE8, 0x9A, 0x08, 0xA3,
    0x09, 0xAB, 0x6A, 0xAB, 0xAB, 0xB3, 0xEC, 0xBB, 0x6E, 0xCC, 0x10, 0xD5, 0x51, 0xD5, 0x51, 0xDD,
    0x71, 0xDD, 0x71, 0xDD, 0x71, 0xDD, 0x71, 0xDD, 0x71, 0xDD, 0x71, 0xDD, 0x51, 0xDD, 0x50, 0xD5,
    0x50, 0xD5, 0x30, 0xD5, 0x10, 0xD5, 0x10, 0xCD, 0xEF, 0xCC, 0xCF, 0xCC, 0xAE, 0xC4, 0x6D, 0xBC,
    0x4C, 0xBC, 0x0B, 0xB4, 0xAA, 0xAB, 0x69, 0xA3, 0x08, 0x9B, 0xC7, 0x92, 0xA6, 0x92, 0xE7, 0x92,
    0xE7, 0x9A, 0xE7, 0x9A, 0xE7, 0x9A, 0x07, 0x9B, 0x48, 0xA3, 0x69, 0xAB, 0xAA, 0xAB, 0xEB, 0xB3,
    0x0C, 0xBC, 0x0C, 0xBC, 0x2C, 0xC4, 0x4D, 0xC4, 0x6D, 0xC4, 0x6D, 0xC4, 0x8E, 0xCC, 0x8E, 0xCC,
    0x8E, 0xCC, 0xAE, 0xD4, 0xAE, 0xD4, 0xCE, 0xD4, 0xCE, 0xD4, 0xCF, 0xD4, 0xEF, 0xDC, 0xEF, 0xDC,
    0xEF, 0xDC, 0x0F, 0xDD, 0x0F, 0xDD, 0x0F, 0xE5, 0x2F, 0xE5, 0x2F, 0xE5, 0x2F, 0xE5, 0x2F, 0xE5,
    0x50, 0xE5, 0x50, 0xE5, 0x50, 0xE5, 0x50, 0xE5, 0x50, 0xE5, 0x50, 0xE5, 0x50, 0xED, 0x50, 0xE5,
    0x50, 0xE5, 0x50, 0xE5, 0x50, 0xE5, 0x90, 0xE5, 0x4C, 0xBC, 0xC1, 0x20, 0xA0, 0x20, 0xC1, 0x28,
    0xE7, 0x8A, 0x86, 0x7A, 0x24, 0x72, 0x04, 0x6A, 0xE4, 0x61, 0x83, 0x59, 0x42, 0x59, 0x01, 0x49,
    0x80, 0x38, 0x60, 0x30, 0x20, 0x28, 0x00, 0x20, 0x00, 0x10, 0x00, 0x08, 0x00, 0x08, 0x00, 0x00,
    0x40, 0x18, 0xA0, 0x30, 0x00, 0x41, 0x00, 0x51, 0xA0, 0x48, 0xA0, 0x48, 0xC0, 0x50, 0xA0, 0x50,
    0x80, 0x50, 0x80, 0x50, 0x80, 0x58, 0x80, 0x58, 0x60, 0x58, 0x80, 0x58, 0x80, 0x58, 0xA0, 0x60,
    0xE1, 0x60, 0x42, 0x69, 0x83, 0x71, 0xC4, 0x79, 0x04, 0x7A, 0x25, 0x82, 0x45, 0x82, 0x45, 0x82,
    0x45, 0x82, 0x46, 0x82, 0x25, 0x82, 0x25, 0x82, 0x25, 0x82, 0x25, 0x82, 0x05, 0x82, 0x45, 0x82,
    0x66, 0x8A, 0xA7, 0x8A, 0xA7, 0x92, 0xC7, 0x92, 0xC8, 0x92, 0xC7, 0x92, 0xA7, 0x92, 0xC7, 0x9A,
    0xE8, 0x9A, 0xE8, 0xA2, 0x29, 0xAB, 0x4A, 0xB3, 0xCB, 0xBB, 0x4D, 0xC4, 0xAE, 0xCC, 0x10, 0xD5,
    0x30, 0xD5, 0x30, 0xD5, 0x30, 0xD5, 0x30, 0xD5, 0x30, 0xD5, 0x30, 0xD5, 0x30, 0xD5, 0x30, 0xD5,
    0x10, 0xCD, 0xEF, 0xCC, 0xEF, 0xCC, 0xEF, 0xCC, 0xAE, 0xC4, 0x8E, 0xC4, 0x6D, 0xBC, 0x2C, 0xB4,
    0xEB, 0xB3, 0xCB, 0xAB, 0x69, 0xA3, 0x28, 0x9B, 0xC6, 0x92, 0x85, 0x8A, 0xA6, 0x92, 0xE7, 0x92,
    0xE7, 0x9A, 0xE7, 0x9A, 0x28, 0xA3, 0x49, 0xA3, 0x69, 0xAB, 0xAA, 0xAB, 0xCB, 0xB3, 0xEB, 0xBB,
    0x0C, 0xBC, 0x2C, 0xBC, 0x4D, 0xC4, 0x6D, 0xC4, 0x6D, 0xC4, 0x8E, 0xCC, 0x8E, 0xCC, 0xAE, 0xCC,
    0xAE, 0xCC, 0xCE, 0xD4, 0xCE, 0xD4, 0xCE, 0xD4, 0xEF, 0xD4, 0xEF, 0xDC, 0xEF, 0xDC, 0xEF, 0xDC,
    0x0F, 0xDD, 0x0F, 0xDD, 0x0F, 0xDD, 0x0F, 0xE5, 0x2F, 0xE5, 0x2F, 0xE5, 0x2F, 0xE5, 0x50, 0xE5,
    0x50, 0xE5, 0x50, 0xE5, 0x50, 0xE5, 0x50, 0xE5, 0x50, 0xE5, 0x50, 0xE5, 0x50, 0xE5, 0x50, 0xE5,
    0x50, 0xE5, 0x50, 0xDD, 0x90, 0xED, 0xA7, 0x72, 0x60, 0x10, 0xC1, 0x28, 0xC1, 0x28, 0xE7, 0x82,
    0xA6, 0x82, 0x65, 0x72, 0x04, 0x6A, 0x04, 0x6A, 0xC3, 0x61, 0x83, 0x59, 0x42, 0x51, 0xE1, 0x48,
    0xA0, 0x40, 0x60, 0x38, 0x20, 0x28, 0x00, 0x20, 0x00, 0x10, 0x00, 0x08, 0x00, 0x08, 0x20, 0x10,
    0x80, 0x28, 0xE0, 0x38, 0x61, 0x51, 0x01, 0x51, 0xC0, 0x48, 0x21, 0x51, 0x62, 0x59, 0x00, 0x59,
    0xE0, 0x58, 0x01, 0x61, 0x00, 0x61, 0x00, 0x61, 0x01, 0x69, 0x01, 0x69, 0x01, 0x69, 0xE1, 0x68,
    0xE1, 0x68, 0xC0, 0x68, 0xC0, 0x68, 0x01, 0x69, 0x22, 0x71, 0x22, 0x71, 0x42, 0x71, 0x63, 0x79,
    0x63, 0x79, 0x63, 0x71, 0x63, 0x71, 0x42, 0x71, 0x22, 0x71, 0x02, 0x69, 0x02, 0x69, 0x22, 0x69,
    0x42, 0x69, 0x83, 0x71, 0xC4, 0x79, 0x25, 0x82, 0x66, 0x82, 0x87, 0x8A, 0xA7, 0x92, 0xA7, 0x92,
    0xA7, 0x92, 0xA7, 0x9A, 0xC7, 0x9A, 0xE7, 0xA2, 0x08, 0xAB, 0x6A, 0xB3, 0xEC, 0xBB, 0x6D, 0xC4,
    0xCE, 0xCC, 0xEF, 0xCC, 0xEF, 0xCC, 0xEF, 0xCC, 0xEF, 0xCC, 0xEF, 0xCC, 0xEF, 0xCC, 0xCF, 0xCC,
    0xCF, 0xCC, 0xCF, 0xC4, 0xAE, 0xC4, 0x8E, 0xBC, 0x8D, 0xBC, 0x4D, 0xBC, 0x2C, 0xB4, 0xEB, 0xAB,
    0xAA, 0xAB, 0x69, 0xA3, 0x28, 0x9B, 0xE7, 0x92, 0x65, 0x8A, 0x85, 0x8A, 0xC6, 0x92, 0xE7, 0x9A,
    0x07, 0x9B, 0x28, 0xA3, 0x49, 0xA3, 0x89, 0xAB, 0xAA, 0xAB, 0xCB, 0xB3, 0xEB, 0xBB, 0x0C, 0xBC,
    0x2C, 0xBC, 0x4D, 0xC4, 0x6D, 0xC4, 0x6D, 0xC4, 0x8D, 0xCC, 0x8E, 0xCC, 0xAE, 0xCC, 0xAE, 0xCC,
    0xAE, 0xD4, 0xCE, 0xD4, 0xCE, 0xD4, 0xEF, 0xD4, 0xEF, 0xDC, 0xEF, 0xDC, 0xEF, 0xDC, 0x0F, 0xDD,
    0x0F, 0xDD, 0x0F, 0xDD, 0x0F, 0xE5, 0x2F, 0xE5, 0x2F, 0xE5, 0x2F, 0xE5, 0x2F, 0xE5, 0x50, 0xE5,
    0x50, 0xE5, 0x50, 0xE5, 0x50, 0xE5, 0x4F, 0xE5, 0x4F, 0xE5, 0x50, 0xE5, 0x50, 0xE5, 0x4F, 0xE5,
    0x70, 0xE5, 0xAE, 0xCC, 0x02, 0x31, 0xA0, 0x20, 0xC1, 0x28, 0xC1, 0x28, 0xC6, 0x82, 0xC6, 0x82,
    0x86, 0x7A, 0x44, 0x72, 0x04, 0x6A, 0xE4, 0x69, 0xC4, 0x61, 0xA3, 0x61, 0x63, 0x59, 0x02, 0x51,
    0xC0, 0x40, 0x80, 0x38, 0x40, 0x30, 0x00, 0x20, 0x00, 0x10, 0x00, 0x08, 0x00, 0x00, 0x60, 0x18,
    0xC0, 0x30, 0x62, 0x51, 0x62, 0x51, 0x00, 0x51, 0x21, 0x51, 0xE4, 0x59, 0xA3, 0x61, 0x21, 0x61,
    0x21, 0x61, 0x42, 0x69, 0x62, 0x69, 0x82, 0x71, 0xA3, 0x71, 0xC4, 0x79, 0xC4, 0x79, 0xC4, 0x81,
    0xC4, 0x81, 0xE4, 0x81, 0xE4, 0x81, 0xE5, 0x81, 0x05, 0x82, 0x05, 0x8A, 0x26, 0x8A, 0x67, 0x92,
    0x67, 0x92, 0x87, 0x92, 0x67, 0x92, 0x47, 0x92, 0x06, 0x8A, 0xC5, 0x81, 0x84, 0x79, 0x63, 0x79,
    0x42, 0x71, 0x42, 0x71, 0x22, 0x71, 0x43, 0x71, 0x83, 0x79, 0xC4, 0x79, 0x04, 0x82, 0x25, 0x8A,
    0x66, 0x92, 0x86, 0x92, 0x86, 0x9A, 0xA6, 0x9A, 0xC7, 0x9A, 0xE7, 0xA2, 0x49, 0xAB, 0xAA, 0xAB,
    0x0C, 0xBC, 0x8D, 0xC4, 0xAE, 0xC4, 0xAE, 0xC4, 0xAE, 0xC4, 0xAE, 0xC4, 0xAE, 0xC4, 0xAE, 0xC4,
    0x8E, 0xC4, 0x8E, 0xC4, 0x6D, 0xBC, 0x4D, 0xBC, 0x2C, 0xB4, 0x0C, 0xB4, 0xCB, 0xAB, 0xAA, 0xA3,
    0x69, 0xA3, 0x28, 0x9B, 0xE7, 0x92, 0x45, 0x82, 0x65, 0x8A, 0xA6, 0x92, 0xE7, 0x9A, 0x08, 0x9B,
    0x28, 0xA3, 0x49, 0xA3, 0x8A, 0xAB, 0xAA, 0xB3, 0xCB, 0xB3, 0xEB, 0xBB, 0x0C, 0xBC, 0x2C, 0xBC,
    0x4C, 0xC4, 0x6D, 0xC4, 0x6D, 0xC4, 0x8D, 0xCC, 0x8E, 0xCC, 0xAE, 0xCC, 0xAE, 0xCC, 0xAE, 0xD4,
    0xCE, 0xD4, 0xCE, 0xD4, 0xEF, 0xD4, 0xEF, 0xDC, 0xEF, 0xDC, 0xEF, 0xDC, 0x0F, 0xDD, 0x0F, 0xDD,
    0x0F, 0xDD, 0x0F, 0xE5, 0x2F, 0xE5, 0x2F, 0xE5, 0x2F, 0xE5, 0x4F, 0xE5, 0x4F, 0xE5, 0x4F, 0xE5,
    0x50, 0xE5, 0x4F, 0xE5, 0x4F, 0xE5, 0x4F, 0xE5, 0x4F, 0xE5, 0x4F, 0xE5, 0x4F, 0xDD, 0x90, 0xED,
    0x4A, 0x83, 0x81, 0x10, 0xA0, 0x20, 0xC1, 0x28, 0xE1, 0x28, 0xA6, 0x82, 0xA6, 0x82, 0xA6, 0x7A,
    0x65, 0x72, 0x24, 0x72, 0x04, 0x6A, 0xE4, 0x69, 0xE4, 0x69, 0xC4, 0x61, 0x83, 0x59, 0x22, 0x51,
    0xC1, 0x48, 0x80, 0x40, 0x40, 0x30, 0x00, 0x20, 0x00, 0x08, 0x00, 0x00, 0x00, 0x08, 0x60, 0x28,
    0x21, 0x49, 0x82, 0x51, 0x41, 0x51, 0x41, 0x51, 0xE4, 0x61, 0x24, 0x62, 0xE3, 0x61, 0x62, 0x61,
    0x62, 0x69, 0xA2, 0x69, 0x45, 0x7A, 0x08, 0x83, 0x29, 0x8B, 0x29, 0x8B, 0xE8, 0x92, 0x86, 0x92,
    0x46, 0x8A, 0x66, 0x8A, 0xA7, 0x92, 0xE8, 0x9A, 0xC8, 0x9A, 0xE9, 0x9A, 0x2A, 0xA3, 0x4A, 0xA3,
    0x4A, 0xA3, 0x4A, 0xA3, 0x6B, 0xA3, 0x4A, 0xA3, 0xE9, 0x9A, 0xA8, 0x9A, 0xA8, 0x9A, 0x67, 0x92,
    0x67, 0x92, 0x67, 0x92, 0x46, 0x8A, 0x05, 0x82, 0xE4, 0x81, 0xC4, 0x81, 0xA3, 0x79, 0xA3, 0x81,
    0xE4, 0x81, 0x45, 0x8A, 0x65, 0x92, 0x66, 0x92, 0x86, 0x92, 0x86, 0x92, 0xA6, 0x9A, 0xE7, 0x9A,
    0x69, 0xAB, 0xEB, 0xB3, 0x2C, 0xBC, 0x6D, 0xBC, 0x8D, 0xC4, 0x6D, 0xBC, 0x6D, 0xBC, 0x4D, 0xBC,
    0x4D, 0xBC, 0x4D, 0xB4, 0x2C, 0xB4, 0x0C, 0xB4, 0xEB, 0xAB, 0xAB, 0xAB, 0x8A, 0xA3, 0x69, 0xA3,
    0x28, 0x9B, 0xA6, 0x8A, 0x44, 0x82, 0x44, 0x8A, 0xA6, 0x92, 0xC7, 0x92, 0x07, 0x9B, 0x28, 0xA3,
    0x49, 0xA3, 0x89, 0xAB, 0xAA, 0xB3, 0xEB, 0xB3, 0xEB, 0xBB, 0x2C, 0xBC, 0x2C, 0xC4, 0x4D, 0xC4,
    0x6D, 0xC4, 0x6D, 0xC4, 0x8E, 0xCC, 0x8E, 0xCC, 0xAE, 0xCC, 0xAE, 0xD4, 0xCE, 0xD4, 0xCE, 0xD4,
    0xCE, 0xD4, 0xEF, 0xD4, 0xEF, 0xDC, 0xEF, 0xDC, 0xEF, 0xDC, 0x0F, 0xDD, 0x0F, 0xDD, 0x0F, 0xDD,
    0x0F, 0xE5, 0x0F, 0xE5, 0x2F, 0xE5, 0x2F, 0xE5, 0x2F, 0xE5, 0x4F, 0xE5, 0x4F, 0xE5, 0x4F, 0xE5,
    0x4F, 0xE5, 0x4F, 0xE5, 0x4F, 0xE5, 0x4F, 0xE5, 0x4F, 0xE5, 0x70, 0xE5, 0x0F, 0xD5, 0x0A, 0x73,
    0x48, 0x52, 0x85, 0x31, 0xC1, 0x20, 0xA0, 0x28, 0x85, 0x82, 0xA5, 0x7A, 0xA6, 0x7A, 0x85, 0x7A,
    0x45, 0x72, 0x04, 0x6A, 0x04, 0x6A, 0x04, 0x6A, 0x04, 0x6A, 0xE4, 0x69, 0x83, 0x61, 0x22, 0x59,
    0xE1, 0x50, 0xA0, 0x48, 0x60, 0x38, 0x00, 0x18, 0x00, 0x00, 0x00, 0x00, 0x00, 0x08, 0xA0, 0x30,
    0x41, 0x51, 0x82, 0x51, 0x62, 0x51, 0xE3, 0x59, 0x66, 0x6A, 0x66, 0x6A, 0x24, 0x6A, 0x61, 0x69,
    0x04, 0x72, 0x8A, 0x8B, 0x2D, 0x94, 0x6E, 0x9C, 0xAF, 0xA4, 0xD0, 0xAC, 0x8F, 0xA4, 0xCB, 0xA3,
    0xE8, 0x9A, 0xC7, 0x9A, 0xE8, 0x9A, 0x08, 0x9B, 0xCC, 0xAB, 0x4E, 0xAC, 0x8F, 0xB4, 0xAF, 0xB4,
    0x8F, 0xBC, 0x4E, 0xB4, 0xAC, 0xAB, 0x8B, 0xAB, 0x4B, 0xA3, 0x2A, 0xA3, 0x2A, 0xA3, 0x2A, 0xA3,
    0x4A, 0xA3, 0x4A, 0xA3, 0x09, 0x9B, 0xE8, 0x9A, 0xC7, 0x92, 0x86, 0x92, 0x46, 0x8A, 0x25, 0x8A,
    0x45, 0x8A, 0xC7, 0x8A, 0xC7, 0x8A, 0xA6, 0x8A, 0x65, 0x8A, 0x45, 0x82, 0x45, 0x8A, 0x65, 0x8A,
    0x65, 0x8A, 0xC6, 0x92, 0x69, 0xAB, 0xCA, 0xB3, 0x0B, 0xB4, 0x2C, 0xB4, 0x2C, 0xB4, 0x0B, 0xB4,
    0xEB, 0xAB, 0xEB, 0xAB, 0xCB, 0xAB, 0x8A, 0xA3, 0x89, 0xA3, 0x69, 0xA3, 0x49, 0x9B, 0x07, 0x93,
    0x85, 0x8A, 0x23, 0x82, 0x44, 0x82, 0x85, 0x8A, 0xC6, 0x92, 0xE7, 0x9A, 0x28, 0xA3, 0x49, 0xA3,
    0x89, 0xAB, 0xAA, 0xB3, 0xCB, 0xB3, 0xEB, 0xBB, 0x0C, 0xBC, 0x2C, 0xC4, 0x4D, 0xC4, 0x6D, 0xC4,
    0x6D, 0xCC, 0x8E, 0xCC, 0x8E, 0xCC, 0xAE, 0xCC, 0xAE, 0xD4, 0xAE, 0xD4, 0xCE, 0xD4, 0xCE, 0xD4,
    0xEF, 0xD4, 0xEF, 0xDC, 0xEF, 0xDC, 0xEF, 0xDC, 0x0F, 0xDD, 0x0F, 0xDD, 0x0F, 0xDD, 0x0F, 0xE5,
    0x2F, 0xE5, 0x2F, 0xE5, 0x2F, 0xE5, 0x2F, 0xE5, 0x4F, 0xE5, 0x4F, 0xE5, 0x4F, 0xE5, 0x4F, 0xE5,
    0x4F, 0xE5, 0x4F, 0xE5, 0x4F, 0xE5, 0x50, 0xE5, 0x70, 0xE5, 0x2C, 0xA4, 0xEE, 0x8B, 0x4F, 0x94,
    0x8C, 0x7B, 0x48, 0x4A, 0x24, 0x29, 0x85, 0x82, 0x65, 0x7A, 0xA6, 0x7A, 0x86, 0x7A, 0x65, 0x7A,
    0x24, 0x72, 0x24, 0x72, 0x04, 0x72, 0x25, 0x72, 0x25, 0x6A, 0xE4, 0x69, 0x63, 0x61, 0x42, 0x59,
    0x02, 0x59, 0xC1, 0x48, 0x60, 0x38, 0x00, 0x18, 0x00, 0x00, 0x00, 0x00, 0x20, 0x10, 0xC0, 0x38,
    0x41, 0x51, 0x41, 0x51, 0x82, 0x59, 0x86, 0x72, 0xA7, 0x72, 0xA7, 0x72, 0xE3, 0x69, 0xA6, 0x7A,
    0x0C, 0x94, 0x6E, 0xA4, 0xF0, 0xAC, 0x31, 0xB5, 0x52, 0xB5, 0x52, 0xB5, 0x52, 0xB5, 0xAF, 0xAC,
    0xCB, 0xAB, 0x69, 0x9B, 0x2C, 0xA4, 0x10, 0xB5, 0x52, 0xBD, 0x93, 0xC5, 0xD4, 0xC5, 0x15, 0xCE,
    0x57, 0xD6, 0xB4, 0xCD, 0x4E, 0xBC, 0x8B, 0xAB, 0x6B, 0xAB, 0x8B, 0xAB, 0x0D, 0xAC, 0x8F, 0xB4,
    0xAF, 0xB4, 0x8F, 0xB4, 0x0D, 0xAC, 0x4A, 0x9B, 0x08, 0x9B, 0xE8, 0x9A, 0x08, 0x9B, 0x6A, 0x9B,
    0x8A, 0x9B, 0x8A, 0x93, 0x49, 0x93, 0xE7, 0x8A, 0x86, 0x82, 0x25, 0x7A, 0x62, 0x61, 0x01, 0x49,
    0x01, 0x49, 0x22, 0x51, 0x62, 0x59, 0x04, 0x72, 0xA6, 0x82, 0x28, 0x9B, 0x89, 0xA3, 0xAA, 0xA3,
    0x8A, 0xA3, 0x49, 0x9B, 0x69, 0x9B, 0x49, 0x9B, 0x28, 0x9B, 0x08, 0x93, 0xE7, 0x92, 0x85, 0x82,
    0x03, 0x7A, 0x24, 0x82, 0x85, 0x8A, 0xA6, 0x92, 0xE7, 0x9A, 0x08, 0x9B, 0x49, 0xA3, 0x69, 0xAB,
    0xAA, 0xB3, 0xCB, 0xB3, 0xEB, 0xBB, 0x0C, 0xBC, 0x2C, 0xBC, 0x4D, 0xC4, 0x6D, 0xC4, 0x6D, 0xCC,
    0x8D, 0xCC, 0x8E, 0xCC, 0xAE, 0xCC, 0xAE, 0xD4, 0xCE, 0xD4, 0xCE, 0xD4, 0xCE, 0xD4, 0xEF, 0xDC,
    0xEF, 0xDC, 0xEF, 0xDC, 0xEF, 0xDC, 0x0F, 0xDD, 0x0F, 0xDD, 0x0F, 0xDD, 0x0F, 0xDD, 0x2F, 0xE5,
    0x2F, 0xE5, 0x2F, 0xE5, 0x2F, 0xE5, 0x4F, 0xE5, 0x4F, 0xE5, 0x4F, 0xE5, 0x4F, 0xE5, 0x4F, 0xE5,
    0x4F, 0xE5, 0x4F, 0xDD, 0x70, 0xE5, 0xAE, 0xC4, 0xE8, 0x72, 0xAB, 0x8B, 0xB0, 0xA4, 0xD1, 0xA4,
    0x6F, 0x9C, 0x8D, 0x73, 0xA6, 0x82, 0x44, 0x7A, 0x85, 0x7A, 0xA6, 0x7A, 0x85, 0x7A, 0x45, 0x72,
    0x24, 0x72, 0x24, 0x72, 0x25, 0x72, 0x45, 0x72, 0x25, 0x72, 0xC4, 0x69, 0x83, 0x61, 0x63, 0x61,
    0x22, 0x59, 0x02, 0x51, 0xA0, 0x40, 0x20, 0x18, 0x00, 0x00, 0x00, 0x00, 0x40, 0x20, 0x80, 0x30,
    0xA0, 0x38, 0xA0, 0x38, 0xA3, 0x59, 0x08, 0x7B, 0x08, 0x83, 0x86, 0x72, 0x07, 0x83, 0x2D, 0x9C,
    0xAF, 0xA4, 0x11, 0xAD, 0x52, 0xB5, 0x93, 0xBD, 0x93, 0xBD, 0x93, 0xBD, 0x32, 0xB5, 0x8E, 0xAC,
    0x0C, 0xA4, 0xAE, 0xAC, 0x11, 0xBD, 0x72, 0xC5, 0xD4, 0xC5, 0xF5, 0xCD, 0x36, 0xCE, 0x57, 0xD6,
    0x1B, 0xDF, 0xD9, 0xDE, 0xB0, 0xBC, 0xCB, 0xB3, 0x6E, 0xB4, 0x11, 0xBD, 0x52, 0xBD, 0x73, 0xC5,
    0x93, 0xC5, 0x73, 0xBD, 0xD0, 0xB4, 0xCB, 0xA3, 0x49, 0x9B, 0xAA, 0x9B, 0xEC, 0x9B, 0x0C, 0x9C,
    0x0C, 0x9C, 0xCB, 0x9B, 0x49, 0x93, 0xE8, 0x82, 0x04, 0x6A, 0x22, 0x49, 0x22, 0x49, 0x22, 0x41,
    0x80, 0x30, 0x00, 0x08, 0x00, 0x08, 0x00, 0x18, 0x40, 0x30, 0xC1, 0x48, 0x83, 0x69, 0xC6, 0x8A,
    0xE7, 0x92, 0x07, 0x93, 0x07, 0x93, 0xE7, 0x92, 0xE7, 0x92, 0xC6, 0x8A, 0x44, 0x82, 0xE3, 0x79,
    0x24, 0x82, 0x65, 0x8A, 0xA6, 0x92, 0xE7, 0x9A, 0x08, 0x9B, 0x48, 0xA3, 0x69, 0xAB, 0xAA, 0xB3,
    0xCB, 0xB3, 0xEB, 0xBB, 0x0C, 0xBC, 0x2C, 0xBC, 0x4C, 0xC4, 0x4D, 0xC4, 0x6D, 0xCC, 0x8D, 0xCC,
    0x8E, 0xCC, 0xAE, 0xCC, 0xAE, 0xD4, 0xCE, 0xD4, 0xCE, 0xD4, 0xCE, 0xD4, 0xEE, 0xDC, 0xEF, 0xDC,
    0xEF, 0xDC, 0xEF, 0xDC, 0xEF, 0xDC, 0x0F, 0xDD, 0x0F, 0xDD, 0x0F, 0xDD, 0x2F, 0xE5, 0x2F, 0xE5,
    0x2F, 0xE5, 0x2F, 0xE5, 0x4F, 0xE5, 0x4F, 0xE5, 0x4F, 0xE5, 0x4F, 0xE5, 0x4F, 0xE5, 0x4F, 0xE5,
    0x50, 0xE5, 0x70, 0xE5, 0x29, 0x83, 0x66, 0x6A, 0xE8, 0x82, 0x69, 0x93, 0x0D, 0x9C, 0xB0, 0xA4,
    0xF1, 0xAC, 0xC6, 0x82, 0x45, 0x7A, 0x65, 0x7A, 0x86, 0x7A, 0x86, 0x7A, 0x65, 0x72, 0x45, 0x72,
    0x25, 0x72, 0x25, 0x72, 0x45, 0x72, 0x66, 0x72, 0x46, 0x72, 0xE4, 0x69, 0xA3, 0x69, 0x83, 0x61,
    0x63, 0x61, 0x22, 0x59, 0xE1, 0x50, 0x81, 0x30, 0x20, 0x10, 0x20, 0x10, 0x20, 0x20, 0x40, 0x28,
    0x40, 0x30, 0x40, 0x38, 0x43, 0x51, 0x66, 0x6A, 0x45, 0x6A, 0x45, 0x72, 0x4D, 0xA4, 0xAF, 0xA4,
    0x11, 0xAD, 0x52, 0xB5, 0x93, 0xBD, 0x93, 0xBD, 0x93, 0xBD, 0x32, 0xB5, 0x4D, 0xAC, 0xEB, 0xA3,
    0xAE, 0xAC, 0x31, 0xBD, 0x93, 0xC5, 0xF4, 0xCD, 0x15, 0xCE, 0x56, 0xD6, 0x77, 0xD6, 0x98, 0xD6,
    0xB9, 0xDE, 0xD4, 0xCD, 0x6D, 0xB4, 0xEF, 0xB4, 0x31, 0xBD, 0x93, 0xC5, 0xB4, 0xC5, 0xB4, 0xC5,
    0xB4, 0xC5, 0xD4, 0xC5, 0xAF, 0xB4, 0x69, 0xA3, 0xEC, 0xA3, 0x0C, 0xA4, 0x2D, 0xA4, 0x2D, 0xA4,
    0x2E, 0x9C, 0xEC, 0x9B, 0x05, 0x62, 0xC1, 0x38, 0x02, 0x41, 0x22, 0x49, 0xC1, 0x38, 0x40, 0x18,
    0x00, 0x18, 0x00, 0x30, 0x00, 0x40, 0x20, 0x48, 0x40, 0x48, 0x80, 0x50, 0x62, 0x69, 0x65, 0x82,
    0x86, 0x8A, 0xA6, 0x8A, 0xC6, 0x8A, 0xA6, 0x8A, 0x85, 0x8A, 0x03, 0x7A, 0xE2, 0x79, 0x24, 0x82,
    0x65, 0x8A, 0xA6, 0x92, 0xE7, 0x9A, 0x07, 0x9B, 0x48, 0xA3, 0x69, 0xAB, 0xAA, 0xB3, 0xCB, 0xB3,
    0x0B, 0xBC, 0x0C, 0xBC, 0x2C, 0xC4, 0x4C, 0xC4, 0x4D, 0xC4, 0x6D, 0xCC, 0x8D, 0xCC, 0x8E, 0xCC,
    0xAE, 0xCC, 0xAE, 0xD4, 0xCE, 0xD4, 0xCE, 0xD4, 0xCE, 0xD4, 0xEE, 0xDC, 0xEE, 0xDC, 0xEE, 0xDC,
    0xEE, 0xDC, 0xEF, 0xDC, 0x0F, 0xDD, 0x0F, 0xDD, 0x0F, 0xDD, 0x2F, 0xDD, 0x2F, 0xE5, 0x2F, 0xE5,
    0x2F, 0xE5, 0x4F, 0xE5, 0x4F, 0xE5, 0x4F, 0xE5, 0x4F, 0xE5, 0x50, 0xE5, 0x50, 0xDD, 0x90, 0xE5,
    0x4C, 0xB4, 0x46, 0x62, 0x86, 0x72, 0xC7, 0x82, 0xE7, 0x82, 0xC6, 0x8A, 0x8A, 0x93, 0x53, 0xBD,
    0xC6, 0x82, 0x44, 0x72, 0x44, 0x72, 0x65, 0x7A, 0x86, 0x7A, 0x65, 0x7A, 0x65, 0x72, 0x65, 0x72,
    0x25, 0x72, 0x45, 0x72, 0x66, 0x72, 0x66, 0x7A, 0x25, 0x72, 0xE4, 0x71, 0xC4, 0x69, 0xA4, 0x69,
    0x83, 0x61, 0x63, 0x61, 0x63, 0x61, 0x22, 0x59, 0xE2, 0x50, 0xE1, 0x50, 0xC1, 0x48, 0xA0, 0x40,
    0x80, 0x40, 0x40, 0x38, 0x40, 0x38, 0x40, 0x40, 0x60, 0x40, 0xE8, 0x82, 0x8E, 0xA4, 0x31, 0xB5,
    0x93, 0xBD, 0xB4, 0xC5, 0xB3, 0xC5, 0xB3, 0xBD, 0x72, 0xBD, 0xEB, 0xA3, 0xCA, 0xA3, 0x8E, 0xAC,
    0x30, 0xBD, 0x92, 0xC5, 0xF4, 0xCD, 0x15, 0xCE, 0x56, 0xD6, 0x77, 0xD6, 0x57, 0xD6, 0x97, 0xD6,
    0x8F, 0xBC, 0x0B, 0xAC, 0x10, 0xBD, 0x52, 0xBD, 0x93, 0xC5, 0xB4, 0xC5, 0xD4, 0xC5, 0xF5, 0xCD,
    0xD4, 0xC5, 0xC7, 0x8A, 0x04, 0x7A, 0x8A, 0x93, 0x2D, 0xA4, 0x2D, 0xA4, 0x2D, 0xA4, 0xCC, 0x93,
    0x05, 0x62, 0x60, 0x30, 0x20, 0x20, 0x40, 0x20, 0x60, 0x20, 0x00, 0x08, 0x00, 0x18, 0x40, 0x48,
    0x60, 0x58, 0xC1, 0x68, 0x22, 0x69, 0x83, 0x71, 0xC4, 0x71, 0x25, 0x7A, 0x65, 0x82, 0x86, 0x8A,
    0x86, 0x8A, 0x86, 0x8A, 0x85, 0x8A, 0x44, 0x82, 0xC2, 0x79, 0xC2, 0x79, 0x24, 0x82, 0x65, 0x8A,
    0xA6, 0x92, 0xE6, 0x9A, 0x07, 0x9B, 0x48, 0xA3, 0x69, 0xAB, 0xAA, 0xAB, 0xCB, 0xB3, 0x0B, 0xBC,
    0x0C, 0xBC, 0x2C, 0xC4, 0x4C, 0xC4, 0x6D, 0xC4, 0x6D, 0xCC, 0x8D, 0xCC, 0x8E, 0xCC, 0xAE, 0xCC,
    0xCE, 0xD4, 0xCE, 0xD4, 0xCE, 0xD4, 0xCE, 0xD4, 0xEE, 0xDC, 0xEE, 0xDC, 0xEE, 0xDC, 0xEE, 0xDC,
    0x0F, 0xDD, 0x0F, 0xDD, 0x0F, 0xDD, 0x0F, 0xDD, 0x2F, 0xDD, 0x2F, 0xE5, 0x2F, 0xE5, 0x2F, 0xE5,
    0x2F, 0xE5, 0x2F, 0xE5, 0x4F, 0xE5, 0x4F, 0xE5, 0x4F, 0xDD, 0x70, 0xE5, 0x2F, 0xDD, 0xA8, 0x72,
    0x46, 0x62, 0xA7, 0x7A, 0xA7, 0x82, 0xA6, 0x82, 0x86, 0x82, 0xE7, 0x8A, 0x52, 0xBD, 0xC6, 0x82,
    0x44, 0x72, 0x44, 0x72, 0x65, 0x72, 0x85, 0x7A, 0x86, 0x7A, 0x65, 0x72, 0x65, 0x72, 0x65, 0x72,
    0x25, 0x72, 0x45, 0x72, 0x66, 0x7A, 0x66, 0x7A, 0x25, 0x72, 0xC4, 0x71, 0xC4, 0x71, 0xA4, 0x69,
    0xA4, 0x71, 0xA4, 0x71, 0xA4, 0x71, 0xA4, 0x71, 0xA4, 0x71, 0x84, 0x71, 0x84, 0x71, 0x63, 0x69,
    0x43, 0x61, 0xE2, 0x58, 0xA0, 0x50, 0x60, 0x40, 0x40, 0x40, 0x42, 0x61, 0x87, 0x7A, 0x6A, 0x93,
    0x0D, 0xA4, 0x4E, 0xA4, 0x6E, 0xAC, 0x2D, 0xA4, 0x05, 0x82, 0xC6, 0x92, 0x8D, 0xB4, 0xEF, 0xBC,
    0x72, 0xC5, 0xD3, 0xCD, 0x15, 0xCE, 0x56, 0xD6, 0x77, 0xD6, 0xB8, 0xDE, 0x72, 0xC5, 0x66, 0x8A,
    0xA6, 0x92, 0x6D, 0xB4, 0x31, 0xBD, 0x93, 0xC5, 0xD4, 0xCD, 0xF4, 0xCD, 0x93, 0xC5, 0xCC, 0x9B,
    0x87, 0x7A, 0x26, 0x6A, 0x67, 0x72, 0xC8, 0x7A, 0x29, 0x83, 0x09, 0x7B, 0x88, 0x62, 0xE6, 0x51,
    0xE7, 0x49, 0xC2, 0x28, 0x00, 0x00, 0x00, 0x00, 0x40, 0x30, 0xC1, 0x68, 0x22, 0x79, 0xA4, 0x81,
    0x26, 0x82, 0x87, 0x8A, 0xC7, 0x92, 0xE8, 0x92, 0x08, 0x93, 0xE7, 0x92, 0xC7, 0x8A, 0xA6, 0x8A,
    0xA6, 0x8A, 0x65, 0x82, 0x24, 0x7A, 0xA2, 0x71, 0xC2, 0x79, 0x24, 0x82, 0x65, 0x8A, 0xA6, 0x92,
    0xE6, 0x9A, 0x07, 0x9B, 0x48, 0xA3, 0x69, 0xAB, 0xAA, 0xAB, 0xCA, 0xB3, 0xEB, 0xBB, 0x2C, 0xBC,
    0x2C, 0xC4, 0x4D, 0xC4, 0x6D, 0xC4, 0x6D, 0xCC, 0x8D, 0xCC, 0xAE, 0xCC, 0xAE, 0xCC, 0xCE, 0xD4,
    0xCE, 0xD4, 0xCE, 0xD4, 0xCE, 0xD4, 0xEE, 0xDC, 0xEE, 0xDC, 0xEE, 0xDC, 0xEE, 0xDC, 0x0F, 0xDD,
    0x0F, 0xDD, 0x0F, 0xDD, 0x0F, 0xDD, 0x2F, 0xDD, 0x2F, 0xE5, 0x2F, 0xE5, 0x2F, 0xE5, 0x2F, 0xE5,
    0x2F, 0xE5, 0x4F, 0xE5, 0x4F, 0xDD, 0x4F, 0xDD, 0x70, 0xE5, 0x8A, 0x93, 0x05, 0x62, 0x66, 0x72,
    0x86, 0x7A, 0xA6, 0x7A, 0x85, 0x7A, 0x65, 0x7A, 0x49, 0x8B, 0xD5, 0xC5, 0xC6, 0x82, 0x44, 0x72,
    0x24, 0x72, 0x44, 0x72, 0x65, 0x72, 0x86, 0x7A, 0x86, 0x7A, 0x65, 0x72, 0x65, 0x72, 0x45, 0x72,
    0x25, 0x72, 0x45, 0x72, 0x45, 0x72, 0x45, 0x72, 0x05, 0x72, 0xE4, 0x71, 0xE4, 0x71, 0xA4, 0x71,
    0xC4, 0x79, 0xE5, 0x79, 0xE5, 0x81, 0x05, 0x82, 0x05, 0x82, 0x05, 0x8A, 0x06, 0x8A, 0x06, 0x8A,
    0x05, 0x8A, 0xE5, 0x81, 0xA4, 0x79, 0x42, 0x69, 0xA0, 0x50, 0xA0, 0x50, 0x22, 0x59, 0xE5, 0x69,
    0x26, 0x72, 0x47, 0x7A, 0x26, 0x7A, 0xC5, 0x71, 0x83, 0x71, 0xA7, 0x8A, 0xCB, 0xA3, 0x8E, 0xB4,
    0x10, 0xBD, 0x71, 0xC5, 0xB3, 0xCD, 0xD4, 0xCD, 0xF0, 0xBC, 0xE9, 0x8A, 0x09, 0x93, 0xE8, 0x92,
    0xC8, 0x92, 0xEC, 0xA3, 0x4E, 0xAC, 0x8F, 0xAC, 0x6E, 0xA4, 0x8B, 0x8B, 0x0A, 0x83, 0xE9, 0x7A,
    0xAD, 0x83, 0xB2, 0x94, 0x8D, 0x83, 0x6D, 0x7B, 0x6D, 0x73, 0x0B, 0x6B, 0xAA, 0x62, 0x48, 0x5A,
    0x23, 0x41, 0xA1, 0x38, 0xE2, 0x60, 0x63, 0x89, 0x05, 0x92, 0xA8, 0x9A, 0x09, 0xA3, 0x4A, 0xA3,
    0x8B, 0xA3, 0xAB, 0xA3, 0x8A, 0xA3, 0x6A, 0xA3, 0x49, 0x9B, 0x28, 0x9B, 0xE7, 0x92, 0xC7, 0x8A,
    0x85, 0x8A, 0x03, 0x7A, 0xA2, 0x71, 0xE2, 0x79, 0x24, 0x82, 0x85, 0x8A, 0xA6, 0x92, 0xE7, 0x9A,
    0x07, 0xA3, 0x48, 0xA3, 0x69, 0xAB, 0xAA, 0xAB, 0xCA, 0xB3, 0x0B, 0xBC, 0x0C, 0xBC, 0x2C, 0xC4,
    0x4D, 0xC4, 0x6D, 0xC4, 0x8D, 0xCC, 0x8D, 0xCC, 0xAE, 0xCC, 0xAE, 0xD4, 0xCE, 0xD4, 0xCE, 0xD4,
    0xCE, 0xD4, 0xEE, 0xD4, 0xEE, 0xDC, 0xEE, 0xDC, 0xEE, 0xDC, 0xEE, 0xDC, 0x0F, 0xDD, 0x0F, 0xDD,
    0x0F, 0xDD, 0x0F, 0xDD, 0x2F, 0xDD, 0x2F, 0xDD, 0x2F, 0xE5, 0x2F, 0xE5, 0x2F, 0xE5, 0x2F, 0xE5,
    0x4F, 0xDD, 0x4F, 0xDD, 0x70, 0xE5, 0x8D, 0xC4, 0x46, 0x6A, 0x25, 0x62, 0x66, 0x6A, 0x66, 0x72,
    0x65, 0x7A, 0x45, 0x72, 0x45, 0x7A, 0x2D, 0x9C, 0x78, 0xCE, 0xC7, 0x82, 0x65, 0x72, 0x23, 0x72,
    0x24, 0x72, 0x44, 0x72, 0x65, 0x72, 0x86, 0x7A, 0x65, 0x72, 0x44, 0x72, 0x24, 0x72, 0x24, 0x72,
    0x24, 0x72, 0x45, 0x72, 0x66, 0x7A, 0x46, 0x7A, 0x25, 0x72, 0x05, 0x72, 0xC4, 0x71, 0xE4, 0x79,
    0x05, 0x82, 0x25, 0x8A, 0x46, 0x8A, 0x66, 0x92, 0x67, 0x9A, 0x67, 0x9A, 0x67, 0x9A, 0x67, 0x9A,
    0x67, 0x9A, 0x67, 0x9A, 0x67, 0x9A, 0x46, 0x9A, 0x05, 0x8A, 0xE5, 0x79, 0x26, 0x7A, 0x67, 0x7A,
    0x88, 0x7A, 0x88, 0x7A, 0x47, 0x7A, 0xE5, 0x71, 0xA4, 0x69, 0xE5, 0x71, 0x67, 0x7A, 0xC8, 0x8A,
    0xE9, 0x8A, 0x2A, 0x93, 0x2A, 0x93, 0xC9, 0x82, 0x0A, 0x8B, 0xAD, 0x93, 0xCD, 0x9B, 0x4B, 0x93,
    0x8C, 0x9B, 0x6B, 0x9B, 0x2A, 0x9B, 0x4A, 0x9B, 0x4A, 0xA3, 0x2A, 0xA3, 0x09, 0x9B, 0x2A, 0xA3,
    0x8C, 0xAB, 0x2A, 0xA3, 0xA8, 0x9A, 0x87, 0x92, 0x67, 0x92, 0x26, 0x92, 0x05, 0x92, 0x05, 0x92,
    0x66, 0xA2, 0xE9, 0xAA, 0x0A, 0xAB, 0x4B, 0xAB, 0x8B, 0xB3, 0xAB, 0xB3, 0xEC, 0xB3, 0x2D, 0xB4,
    0x2C, 0xB4, 0x0C, 0xB4, 0xCB, 0xAB, 0xAA, 0xAB, 0x69, 0xA3, 0x28, 0x9B, 0xE7, 0x92, 0x86, 0x8A,
    0x24, 0x82, 0xC2, 0x79, 0xE3, 0x79, 0x44, 0x8A, 0x85, 0x92, 0xC6, 0x92, 0xE7, 0x9A, 0x07, 0xA3,
    0x48, 0xA3, 0x69, 0xAB, 0x8A, 0xAB, 0xCA, 0xB3, 0xEB, 0xBB, 0x0C, 0xBC, 0x2C, 0xC4, 0x4C, 0xC4,
    0x6D, 0xC4, 0x8D, 0xCC, 0x8E, 0xCC, 0xAE, 0xCC, 0xAE, 0xD4, 0xCE, 0xD4, 0xCE, 0xD4, 0xCE, 0xD4,
    0xEE, 0xD4, 0xEE, 0xD4, 0xEE, 0xDC, 0xEE, 0xDC, 0xEF, 0xDC, 0x0F, 0xDD, 0x0F, 0xDD, 0x0F, 0xDD,
    0x2F, 0xDD, 0x2F, 0xDD, 0x2F, 0xDD, 0x2F, 0xDD, 0x2F, 0xDD, 0x2F, 0xDD, 0x4F, 0xDD, 0x2F, 0xDD,
    0x50, 0xDD, 0x50, 0xDD, 0x89, 0xA3, 0x66, 0x72, 0x25, 0x62, 0x25, 0x6A, 0x25, 0x6A, 0x25, 0x72,
    0x04, 0x6A, 0xC7, 0x82, 0x32, 0xB5, 0xB9, 0xD6, 0xC7, 0x82, 0x65, 0x72, 0x03, 0x6A, 0x03, 0x6A,
    0x44, 0x72, 0x65, 0x72, 0x65, 0x72, 0x66, 0x72, 0x45, 0x72, 0x25, 0x72, 0x24, 0x72, 0x24, 0x72,
    0x25, 0x72, 0x45, 0x72, 0x45, 0x72, 0x25, 0x72, 0x04, 0x72, 0x04, 0x72, 0x05, 0x7A, 0x05, 0x82,
    0x25, 0x8A, 0x66, 0x92, 0x87, 0x9A, 0xA7, 0xA2, 0xA8, 0xA2, 0xC8, 0xA2, 0xC8, 0xAA, 0xC8, 0xAA,
    0xC8, 0xAA, 0xC8, 0xB2, 0xC9, 0xB2, 0xC9, 0xB2, 0xE9, 0xB2, 0xC9, 0xB2, 0xA8, 0xAA, 0x88, 0xA2,
    0x88, 0x9A, 0x88, 0x9A, 0x47, 0x92, 0x47, 0x92, 0x47, 0x92, 0x67, 0x92, 0x88, 0x9A, 0xC9, 0x9A,
    0xE9, 0xA2, 0xE9, 0xA2, 0x09, 0xAB, 0x2A, 0xB3, 0x2A, 0xB3, 0x4A, 0xBB, 0x6B, 0xC3, 0x8B, 0xCB,
    0xCC, 0xD3, 0xCC, 0xD3, 0xCC, 0xD3, 0xCC, 0xD3, 0xAC, 0xD3, 0x8B, 0xCB, 0x8B, 0xCB, 0x6A, 0xCB,
    0x4A, 0xC3, 0x29, 0xC3, 0x4A, 0xC3, 0x4A, 0xC3, 0x6A, 0xBB, 0xAC, 0xBB, 0x0E, 0xC4, 0x6F, 0xC4,
    0x4F, 0xC4, 0x2E, 0xC4, 0x0D, 0xC4, 0x2D, 0xBC, 0x4D, 0xBC, 0x6E, 0xC4, 0x8E, 0xC4, 0x6D, 0xBC,
    0x4D, 0xBC, 0x2C, 0xB4, 0xEB, 0xB3, 0xAA, 0xAB, 0x69, 0xA3, 0x28, 0x9B, 0xC6, 0x8A, 0x44, 0x82,
    0xE2, 0x79, 0xE3, 0x81, 0x44, 0x8A, 0x85, 0x92, 0xC6, 0x92, 0xE7, 0x9A, 0x08, 0xA3, 0x48, 0xA3,
    0x69, 0xAB, 0xAA, 0xAB, 0xCA, 0xB3, 0xEB, 0xBB, 0x0B, 0xBC, 0x2C, 0xC4, 0x4C, 0xC4, 0x6D, 0xC4,
    0x8D, 0xCC, 0x8D, 0xCC, 0xAD, 0xCC, 0xAE, 0xCC, 0xCE, 0xD4, 0xCE, 0xD4, 0xCE, 0xD4, 0xCE, 0xD4,
    0xEE, 0xD4, 0xEE, 0xDC, 0xEE, 0xDC, 0x0E, 0xDD, 0x0F, 0xDD, 0x0F, 0xDD, 0x0F, 0xDD, 0x2F, 0xDD,
    0x2F, 0xDD, 0x2F, 0xDD, 0x2F, 0xDD, 0x2F, 0xDD, 0x2F, 0xDD, 0x2F, 0xDD, 0x4F, 0xDD, 0x70, 0xDD,
    0x4B, 0xC4, 0x88, 0xB3, 0x08, 0x93, 0x66, 0x72, 0x05, 0x62, 0xE4, 0x61, 0xE4, 0x69, 0xE4, 0x69,
    0xAB, 0x93, 0xD5, 0xC5, 0xB9, 0xD6, 0xC7, 0x82, 0x65, 0x7A, 0x04, 0x6A, 0x03, 0x6A, 0x24, 0x6A,
    0x44, 0x72, 0x65, 0x72, 0x65, 0x72, 0x65, 0x72, 0x24, 0x6A, 0x04, 0x6A, 0x04, 0x6A, 0x04, 0x72,
    0x25, 0x72, 0x25, 0x72, 0x25, 0x72, 0x04, 0x72, 0x45, 0x7A, 0x45, 0x82, 0x05, 0x82, 0x46, 0x8A,
    0x66, 0x92, 0xA7, 0x9A, 0xC8, 0xA2, 0xE8, 0xAA, 0xE9, 0xAA, 0x09, 0xB3, 0x09, 0xB3, 0x2A, 0xBB,
    0x2A, 0xBB, 0x2A, 0xC3, 0x4A, 0xC3, 0x4A, 0xC3, 0x4B, 0xC3, 0x4B, 0xC3, 0x2A, 0xC3, 0x2A, 0xC3,
    0x2A, 0xC3, 0x2A, 0xC3, 0x0A, 0xC3, 0x0A, 0xC3, 0x2A, 0xC3, 0x2A, 0xC3, 0x2A, 0xCB, 0x4A, 0xCB,
    0x4B, 0xCB, 0x6B, 0xCB, 0x6B, 0xCB, 0xAC, 0xD3, 0xAC, 0xD3, 0xAC, 0xD3, 0xCC, 0xD3, 0xAC, 0xD3,
    0xCC, 0xD3, 0xCC, 0xD3, 0xCC, 0xD3, 0xED, 0xD3, 0xED, 0xD3, 0x2D, 0xD4, 0x4E, 0xDC, 0x6F, 0xDC,
    0x8F, 0xDC, 0xB0, 0xDC, 0xF2, 0xDC, 0x12, 0xDD, 0xF2, 0xD4, 0xF1, 0xD4, 0x11, 0xD5, 0xB0, 0xD4,
    0x6F, 0xCC, 0x8E, 0xCC, 0xAE, 0xCC, 0xCF, 0xCC, 0xCF, 0xCC, 0xAE, 0xC4, 0xAE, 0xC4, 0x8D, 0xC4,
    0x4D, 0xBC, 0x2C, 0xB4, 0xEB, 0xB3, 0xAA, 0xAB, 0x69, 0xA3, 0x07, 0x93, 0x85, 0x8A, 0x03, 0x82,
    0x03, 0x82, 0x44, 0x8A, 0x85, 0x92, 0xC6, 0x92, 0x07, 0x9B, 0x28, 0xA3, 0x48, 0xA3, 0x69, 0xAB,
    0xAA, 0xAB, 0xCA, 0xB3, 0xEB, 0xBB, 0x0B, 0xBC, 0x4C, 0xC4, 0x4C, 0xC4, 0x6D, 0xC4, 0x8D, 0xCC,
    0x8D, 0xCC, 0xAD, 0xCC, 0xAE, 0xCC, 0xAE, 0xD4, 0xCE, 0xD4, 0xCE, 0xD4, 0xCE, 0xD4, 0xEE, 0xD4,
    0xEE, 0xD4, 0xEE, 0xDC, 0x0F, 0xDD, 0x0F, 0xDD, 0x0F, 0xDD, 0x0F, 0xDD, 0x0F, 0xDD, 0x2F, 0xDD,
    0x2F, 0xDD, 0x2F, 0xDD, 0x2F, 0xDD, 0x2F, 0xDD, 0x2F, 0xDD, 0x70, 0xDD, 0xAD, 0xCC, 0xE9, 0xC3,
    0xC9, 0xBB, 0xA9, 0xB3, 0x48, 0xA3, 0x45, 0x72, 0xC4, 0x61, 0xC3, 0x61, 0x25, 0x6A, 0xB0, 0xAC,
    0x37, 0xCE, 0xB9, 0xD6, 0xC7, 0x82, 0x85, 0x7A, 0x24, 0x6A, 0x03, 0x6A, 0x03, 0x6A, 0x44, 0x72,
    0x45, 0x72, 0x45, 0x72, 0x45, 0x72, 0x44, 0x6A, 0x04, 0x6A, 0x03, 0x6A, 0x04, 0x6A, 0x24, 0x72,
    0x24, 0x72, 0x24, 0x72, 0x24, 0x72, 0x24, 0x7A, 0x25, 0x7A, 0x25, 0x82, 0x46, 0x8A, 0x66, 0x92,
    0xA7, 0x9A, 0xC8, 0xA2, 0xE9, 0xAA, 0x09, 0xB3, 0x2A, 0xB3, 0x2A, 0xBB, 0x4A, 0xBB, 0x4A, 0xC3,
    0x6B, 0xC3, 0x6B, 0xCB, 0x8B, 0xCB, 0x8C, 0xCB, 0x8C, 0xCB, 0x8C, 0xD3, 0x8C, 0xD3, 0x8B, 0xD3,
    0x8C, 0xD3, 0x8B, 0xD3, 0x8B, 0xD3, 0x8C, 0xD3, 0x8C, 0xD3, 0x8C, 0xD3, 0x8C, 0xD3, 0xAC, 0xD3,
    0xAC, 0xD3, 0xAC, 0xD3, 0xAC, 0xD3, 0xCC, 0xD3, 0xCC, 0xDB, 0x0D, 0xDC, 0x8F, 0xDC, 0xF1, 0xE4,
    0x12, 0xE5, 0x73, 0xE5, 0xB5, 0xED, 0xD5, 0xE5, 0xB4, 0xE5, 0xB5, 0xE5, 0xD5, 0xED, 0xD5, 0xE5,
    0x94, 0xE5, 0x73, 0xE5, 0x53, 0xE5, 0x53, 0xDD, 0x53, 0xDD, 0x32, 0xDD, 0xF0, 0xD4, 0xCF, 0xD4,
    0xCF, 0xD4, 0xEF, 0xD4, 0x10, 0xD5, 0xEF, 0xCC, 0xEF, 0xCC, 0xCF, 0xCC, 0xAE, 0xC4, 0x6D, 0xC4,
    0x4C, 0xBC, 0x2C, 0xB4, 0xEB, 0xAB, 0x8A, 0xA3, 0x28, 0x9B, 0xC6, 0x92, 0x44, 0x8A, 0x23, 0x82,
    0x64, 0x8A, 0x85, 0x92, 0xC6, 0x9A, 0xE7, 0x9A, 0x28, 0xA3, 0x48, 0xA3, 0x89, 0xAB, 0xAA, 0xB3,
    0xCA, 0xB3, 0xEB, 0xBB, 0x0B, 0xBC, 0x2C, 0xBC, 0x4C, 0xC4, 0x6D, 0xC4, 0x8D, 0xCC, 0x8D, 0xCC,
    0xAE, 0xCC, 0xAE, 0xD4, 0xCE, 0xD4, 0xCE, 0xD4, 0xCE, 0xD4, 0xCE, 0xD4, 0xEE, 0xD4, 0xEE, 0xD4,
    0xEE, 0xDC, 0x0E, 0xDD, 0x0F, 0xDD, 0x0F, 0xDD, 0x0F, 0xDD, 0x0F, 0xDD, 0x2F, 0xDD, 0x2F, 0xDD,
    0x2F, 0xDD, 0x2F, 0xDD, 0x2F, 0xDD, 0x70, 0xDD, 0xEE, 0xCC, 0xEA, 0xC3, 0x0A, 0xC4, 0xE9, 0xBB,
    0xEA, 0xBB, 0xEA, 0xBB, 0x07, 0x9B, 0x04, 0x6A, 0xA3, 0x61, 0xC7, 0x7A, 0x73, 0xBD, 0x58, 0xCE,
    0xB9, 0xD6, 0xC6, 0x7A, 0x65, 0x72, 0x24, 0x6A, 0x03, 0x6A, 0x03, 0x6A, 0x24, 0x6A, 0x44, 0x72,
    0x45, 0x72, 0x65, 0x72, 0x45, 0x6A, 0x04, 0x6A, 0xE3, 0x69, 0x03, 0x6A, 0x03, 0x6A, 0x04, 0x72,
    0x04, 0x72, 0x04, 0x72, 0x04, 0x72, 0x04, 0x7A, 0x46, 0x82, 0x66, 0x8A, 0x66, 0x92, 0xC8, 0x9A,
    0xE8, 0xAA, 0x09, 0xAB, 0x29, 0xB3, 0x4A, 0xBB, 0x4A, 0xBB, 0x4A, 0xC3, 0x6B, 0xC3, 0x6B, 0xC3,
    0x8B, 0xCB, 0x8B, 0xCB, 0xAC, 0xD3, 0xAC, 0xD3, 0xAC, 0xD3, 0xAC, 0xD3, 0xAC, 0xD3, 0xCC, 0xD3,
    0xCD, 0xD3, 0xCD, 0xD3, 0xCD, 0xDB, 0xCD, 0xDB, 0xCD, 0xDB, 0xCD, 0xDB, 0xED, 0xDB, 0xED, 0xDB,
    0xED, 0xDB, 0x2E, 0xDC, 0x6F, 0xDC, 0xB0, 0xDC, 0xD0, 0xE4, 0x53, 0xE5, 0x94, 0xE5, 0x73, 0xE5,
    0x93, 0xED, 0x94, 0xED, 0x73, 0xED, 0x94, 0xED, 0xB4, 0xED, 0xD5, 0xED, 0x94, 0xED, 0x73, 0xE5,
    0x94, 0xE5, 0xB5, 0xE5, 0xB4, 0xE5, 0x73, 0xDD, 0x31, 0xDD, 0x10, 0xDD, 0x10, 0xDD, 0x30, 0xDD,
    0x30, 0xD5, 0x30, 0xD5, 0x10, 0xD5, 0x10, 0xD5, 0xEF, 0xCC, 0xCE, 0xCC, 0xAE, 0xC4, 0x6D, 0xC4,
    0x4C, 0xBC, 0x0B, 0xB4, 0xCA, 0xAB, 0x69, 0xA3, 0xE7, 0x92, 0x85, 0x8A, 0x44, 0x8A, 0x64, 0x8A,
    0xA5, 0x92, 0xC6, 0x9A, 0x07, 0x9B, 0x28, 0xA3, 0x68, 0xA3, 0x89, 0xAB, 0xAA, 0xB3, 0xCA, 0xB3,
    0xEB, 0xBB, 0x0B, 0xBC, 0x2C, 0xBC, 0x4C, 0xC4, 0x6D, 0xC4, 0x6D, 0xCC, 0x8D, 0xCC, 0xAD, 0xCC,
    0xAE, 0xCC, 0xCE, 0xD4, 0xCE, 0xD4, 0xCE, 0xD4, 0xCE, 0xD4, 0xEE, 0xD4, 0xEE, 0xD4, 0xEE, 0xDC,
    0xEE, 0xDC, 0x0F, 0xDD, 0x0F, 0xDD, 0x0F, 0xDD, 0x0F, 0xDD, 0x2F, 0xDD, 0x2F, 0xDD, 0x2F, 0xDD,
    0x2F, 0xDD, 0x50, 0xDD, 0x0F, 0xCD, 0xE9, 0xBB, 0x09, 0xC4, 0x09, 0xC4, 0xEA, 0xBB, 0x0A, 0xC4,
    0x0A, 0xC4, 0x88, 0xAB, 0x44, 0x82, 0xC3, 0x61, 0x8A, 0x93, 0xF6, 0xCD, 0x78, 0xD6, 0xB9, 0xD6,
    0xA6, 0x7A, 0x65, 0x72, 0x24, 0x6A, 0x03, 0x6A, 0xE3, 0x69, 0x03, 0x6A, 0x24, 0x6A, 0x44, 0x72,
    0x45, 0x6A, 0x24, 0x6A, 0x03, 0x6A, 0xE3, 0x69, 0xE3, 0x69, 0xE3, 0x69, 0x03, 0x6A, 0x03, 0x72,
    0x04, 0x72, 0x04, 0x72, 0x04, 0x7A, 0x04, 0x7A, 0x45, 0x8A, 0x66, 0x92, 0xC8, 0x9A, 0xE8, 0xA2,
    0xE8, 0xAA, 0x29, 0xB3, 0x2A, 0xB3, 0x2A, 0xBB, 0x6A, 0xC3, 0x6B, 0xC3, 0x8B, 0xCB, 0x8B, 0xCB,
    0x8B, 0xCB, 0xAC, 0xD3, 0xAC, 0xD3, 0xAC, 0xD3, 0xAC, 0xD3, 0xCD, 0xD3, 0xCD, 0xDB, 0xCD, 0xDB,
    0xED, 0xDB, 0xED, 0xDB, 0xED, 0xDB, 0xED, 0xDB, 0xED, 0xDB, 0x0D, 0xDC, 0x0D, 0xDC, 0x4E, 0xDC,
    0x6F, 0xDC, 0x6F, 0xDC, 0x6E, 0xDC, 0x8F, 0xE4, 0xD0, 0xE4, 0xF0, 0xE4, 0xF1, 0xE4, 0x52, 0xE5,
    0x73, 0xE5, 0x94, 0xED, 0xB4, 0xED, 0x94, 0xED, 0x73, 0xED, 0x94, 0xE5, 0xD5, 0xE5, 0xF5, 0xE5,
    0xB4, 0xE5, 0x52, 0xDD, 0x11, 0xDD, 0x10, 0xDD, 0x31, 0xDD, 0x51, 0xDD, 0x51, 0xDD, 0x51, 0xDD,
    0x50, 0xDD, 0x30, 0xD5, 0x30, 0xD5, 0xEF, 0xD4, 0xCE, 0xCC, 0xAE, 0xC4, 0x8D, 0xC4, 0x4D, 0xBC,
    0x2C, 0xB4, 0xCB, 0xB3, 0x89, 0xA3, 0x28, 0x9B, 0xA6, 0x92, 0x64, 0x8A, 0x64, 0x8A, 0xA5, 0x92,
    0xC6, 0x9A, 0x07, 0x9B, 0x28, 0xA3, 0x48, 0xAB, 0x89, 0xAB, 0xAA, 0xB3, 0xCA, 0xB3, 0xEB, 0xBB,
    0x0B, 0xBC, 0x2C, 0xBC, 0x4C, 0xC4, 0x6D, 0xC4, 0x6D, 0xCC, 0x8D, 0xCC, 0xAD, 0xCC, 0xAE, 0xCC,
    0xCE, 0xD4, 0xCE, 0xD4, 0xCE, 0xD4, 0xCE, 0xD4, 0xEE, 0xD4, 0xEE, 0xD4, 0xEE, 0xD4, 0x0E, 0xDD,
    0x0E, 0xDD, 0x0F, 0xDD, 0x0F, 0xDD, 0x0F, 0xDD, 0x0F, 0xDD, 0x0F, 0xD5, 0x0F, 0xD5, 0x30, 0xDD,
    0x0F, 0xCD, 0xEA, 0xBB, 0xC9, 0xC3, 0x09, 0xC4, 0xC9, 0xBB, 0xEA, 0xBB, 0x2B, 0xC4, 0x0A, 0xC4,
    0x88, 0xB3, 0x65, 0x8A, 0x24, 0x72, 0x4E, 0xA4, 0x58, 0xD6, 0x99, 0xD6, 0xB9, 0xD6, 0x85, 0x7A,
    0x65, 0x72, 0x24, 0x6A, 0xE3, 0x69, 0xE3, 0x69, 0x03, 0x6A, 0x24, 0x6A, 0x44, 0x6A, 0x44, 0x72,
    0x44, 0x6A, 0x24, 0x6A, 0x03, 0x6A, 0x03, 0x6A, 0xE3, 0x69, 0x03, 0x6A, 0x03, 0x6A, 0x04, 0x72,
    0x04, 0x72, 0x04, 0x72, 0x04, 0x7A, 0x25, 0x82, 0x66, 0x8A, 0x87, 0x92, 0xC8, 0xA2, 0xE8, 0xAA,
    0x29, 0xB3, 0x2A, 0xB3, 0x2A, 0xBB, 0x6A, 0xBB, 0x8B, 0xC3, 0x8B, 0xCB, 0xAC, 0xCB, 0xAC, 0xCB,
    0xAC, 0xD3, 0xEC, 0xD3, 0xAC, 0xD3, 0xED, 0xD3, 0xED, 0xD3, 0xCC, 0xDB, 0xCC, 0xDB, 0xED, 0xDB,
    0x0D, 0xDC, 0x0D, 0xDC, 0x0D, 0xDC, 0x2E, 0xDC, 0x2E, 0xDC, 0x4E, 0xDC, 0x4E, 0xDC, 0x6E, 0xE4,
    0x8F, 0xE4, 0xB0, 0xE4, 0x11, 0xE5, 0x52, 0xE5, 0x73, 0xE5, 0x73, 0xE5, 0x73, 0xED, 0x73, 0xED,
    0x53, 0xED, 0x53, 0xED, 0x93, 0xED, 0xD5, 0xED, 0xF5, 0xE5, 0xB4, 0xE5, 0x52, 0xE5, 0x10, 0xDD,
    0xF0, 0xDC, 0x10, 0xDD, 0x51, 0xDD, 0x51, 0xDD, 0x71, 0xDD, 0x71, 0xDD, 0x71, 0xDD, 0x51, 0xDD,
    0x50, 0xDD, 0x30, 0xD5, 0x0F, 0xD5, 0xEF, 0xCC, 0xCE, 0xCC, 0xAE, 0xC4, 0x6D, 0xC4, 0x4C, 0xBC,
    0x0B, 0xB4, 0xAA, 0xAB, 0x48, 0xA3, 0xE7, 0x9A, 0x85, 0x92, 0x85, 0x92, 0xC6, 0x92, 0xE6, 0x9A,
    0x07, 0x9B, 0x48, 0xA3, 0x68, 0xAB, 0x89, 0xAB, 0xAA, 0xB3, 0xCA, 0xB3, 0xEB, 0xBB, 0x0B, 0xBC,
    0x2C, 0xC4, 0x4C, 0xC4, 0x6D, 0xC4, 0x8D, 0xCC, 0x8D, 0xCC, 0xAD, 0xCC, 0xAE, 0xCC, 0xCE, 0xD4,
    0xCE, 0xD4, 0xCE, 0xD4, 0xCE, 0xD4, 0xEE, 0xD4, 0xEE, 0xD4, 0xEE, 0xD4, 0x0E, 0xD5, 0xEE, 0xDC,
    0x0E, 0xD5, 0x0F, 0xD5, 0x0F, 0xD5, 0x0F, 0xD5, 0x0F, 0xD5, 0x2F, 0xD5, 0x0F, 0xD5, 0x0A, 0xBC,
    0xC9, 0xBB, 0xE9, 0xC3, 0xE9, 0xC3, 0xEA, 0xBB, 0x0A, 0xC4, 0x0A, 0xC4, 0xE9, 0xBB, 0x67, 0xAB,
    0x44, 0x82, 0xA6, 0x82, 0x32, 0xBD, 0x99, 0xD6, 0xB9, 0xD6, 0xB9, 0xD6, 0x65, 0x72, 0x44, 0x72,
    0x04, 0x6A, 0xE3, 0x61, 0xE3, 0x61, 0x03, 0x6A, 0x03, 0x6A, 0x24, 0x6A, 0x44, 0x6A, 0x44, 0x6A,
    0x24, 0x6A, 0x03, 0x6A, 0x03, 0x6A, 0xE3, 0x69, 0xE3, 0x69, 0xE3, 0x69, 0x03, 0x6A, 0x03, 0x72,
    0x03, 0x72, 0x04, 0x7A, 0x04, 0x7A, 0x25, 0x82, 0x66, 0x92, 0xA7, 0x9A, 0xE8, 0xA2, 0xE8, 0xAA,
    0x4A, 0xB3, 0x4A, 0xBB, 0x4A, 0xBB, 0x8B, 0xC3, 0xAC, 0xC3, 0xCD, 0xCB, 0xCC, 0xCB, 0xCC, 0xCB,
    0xED, 0xD3, 0xAC, 0xD3, 0x2E, 0xD4, 0x2E, 0xD4, 0xCC, 0xD3, 0xED, 0xD3, 0x0E, 0xDC, 0x2E, 0xDC,
    0x0D, 0xDC, 0x2E, 0xDC, 0x2E, 0xDC, 0x4E, 0xDC, 0x6F, 0xDC, 0x6E, 0xDC, 0x6E, 0xE4, 0xD0, 0xE4,
    0xF1, 0xE4, 0x11, 0xE5, 0x32, 0xED, 0x52, 0xED, 0x52, 0xED, 0x32, 0xE5, 0x73, 0xE5, 0x94, 0xE5,
    0x94, 0xE5, 0x93, 0xE5, 0x52, 0xE5, 0x31, 0xE5, 0xCF, 0xDC, 0xCF, 0xDC, 0xF0, 0xDC, 0x10, 0xDD,
    0x31, 0xE5, 0x71, 0xE5, 0x91, 0xE5, 0x71, 0xE5, 0x71, 0xDD, 0x71, 0xDD, 0x51, 0xDD, 0x50, 0xDD,
    0x30, 0xD5, 0x0F, 0xD5, 0xEF, 0xD4, 0xCE, 0xCC, 0xAE, 0xC4, 0x8D, 0xC4, 0x6D, 0xBC, 0x2C, 0xBC,
    0xCB, 0xAB, 0x89, 0xA3, 0x08, 0x9B, 0xC6, 0x92, 0x85, 0x92, 0xC6, 0x9A, 0x07, 0x9B, 0x07, 0xA3,
    0x48, 0xA3, 0x69, 0xAB, 0x89, 0xAB, 0xAA, 0xB3, 0xCA, 0xB3, 0xEB, 0xBB, 0x0B, 0xBC, 0x2C, 0xC4,
    0x4C, 0xC4, 0x6D, 0xC4, 0x8D, 0xCC, 0x8D, 0xCC, 0xAD, 0xCC, 0xAE, 0xCC, 0xAE, 0xCC, 0xCE, 0xD4,
    0xCE, 0xD4, 0xCE, 0xD4, 0xEE, 0xD4, 0xEE, 0xD4, 0xEE, 0xD4, 0xEE, 0xD4, 0xEE, 0xD4, 0xEE, 0xD4,
    0xEE, 0xD4, 0xEE, 0xD4, 0xEE, 0xD4, 0x0F, 0xD5, 0x0F, 0xCD, 0x2B, 0xC4, 0xA9, 0xBB, 0xC9, 0xBB,
    0xE9, 0xC3, 0xE9, 0xBB, 0xEA, 0xBB, 0x0A, 0xC4, 0x0A, 0xC4, 0xC9, 0xBB, 0x06, 0xA3, 0x24, 0x82,
    0x6A, 0x93, 0xD4, 0xC5, 0xB9, 0xD6, 0xB9, 0xD6, 0xB9, 0xD6, 0x44, 0x6A, 0x24, 0x6A, 0x03, 0x6A,
    0xE3, 0x61, 0xE3, 0x61, 0xE3, 0x61, 0x03, 0x6A, 0x24, 0x6A, 0x44, 0x6A, 0x44, 0x6A, 0x24, 0x6A,
    0x04, 0x6A, 0x03, 0x6A, 0x03, 0x6A, 0xE3, 0x69, 0xE3, 0x69, 0xE3, 0x69, 0x03, 0x6A, 0x03, 0x72,
    0x03, 0x72, 0x04, 0x7A, 0x04, 0x82, 0x25, 0x8A, 0x66, 0x92, 0xA7, 0x9A, 0xC8, 0xA2, 0x09, 0xAB,
    0x2A, 0xB3, 0x4A, 0xBB, 0x6B, 0xC3, 0x8B, 0xC3, 0xAC, 0xC3, 0xAC, 0xCB, 0xCC, 0xCB, 0xCC, 0xCB,
    0xAC, 0xCB, 0xED, 0xD3, 0x0D, 0xD4, 0xCC, 0xD3, 0xCC, 0xD3, 0x0D, 0xD4, 0x0D, 0xD4, 0xED, 0xDB,
    0x0D, 0xDC, 0x2E, 0xDC, 0x6F, 0xDC, 0x8F, 0xDC, 0x8F, 0xDC, 0xD0, 0xDC, 0x11, 0xE5, 0x31, 0xE5,
    0x52, 0xE5, 0x73, 0xE5, 0x73, 0xE5, 0x93, 0xE5, 0x73, 0xE5, 0x32, 0xE5, 0x11, 0xE5, 0xF0, 0xE4,
    0xAF, 0xDC, 0xAF, 0xDC, 0xAF, 0xDC, 0xAF, 0xDC, 0xEF, 0xDC, 0x30, 0xDD, 0x31, 0xDD, 0x71, 0xE5,
    0x91, 0xE5, 0x71, 0xE5, 0x71, 0xE5, 0x71, 0xDD, 0x71, 0xDD, 0x50, 0xDD, 0x50, 0xDD, 0x30, 0xDD,
    0x0F, 0xD5, 0xEF, 0xD4, 0xCE, 0xCC, 0xAE, 0xCC, 0x8D, 0xC4, 0x6D, 0xC4, 0x2C, 0xBC, 0xEB, 0xB3,
    0xAA, 0xAB, 0x28, 0xA3, 0xE6, 0x9A, 0xA5, 0x92, 0xC6, 0x9A, 0xE7, 0x9A, 0x27, 0xA3, 0x48, 0xA3,
    0x69, 0xAB, 0x89, 0xAB, 0xAA, 0xB3, 0xEA, 0xB3, 0x0B, 0xBC, 0x2B, 0xBC, 0x4C, 0xC4, 0x4C, 0xC4,
    0x6D, 0xC4, 0x8D, 0xCC, 0x8D, 0xCC, 0xAD, 0xCC, 0xAD, 0xCC, 0xAE, 0xCC, 0xCE, 0xD4, 0xCE, 0xD4,
    0xCE, 0xD4, 0xCE, 0xD4, 0xEE, 0xD4, 0xEE, 0xD4, 0xEE, 0xD4, 0xEE, 0xD4, 0xEE, 0xD4, 0xEE, 0xD4,
    0xEE, 0xD4, 0x0F, 0xD5, 0xEF, 0xCC, 0x0B, 0xBC, 0xC9, 0xBB, 0xC9, 0xBB, 0xC9, 0xBB, 0xC9, 0xC3,
    0xC9, 0xB3, 0x0A, 0xBC, 0x0A, 0xC4, 0xE9, 0xBB, 0x68, 0xB3, 0x85, 0x92, 0x65, 0x82, 0x8F, 0xAC,
    0x36, 0xCE, 0x78, 0xD6, 0x99, 0xD6, 0x99, 0xD6, 0x24, 0x6A, 0x23, 0x6A, 0x03, 0x6A, 0xE3, 0x61,
    0xE2, 0x61, 0xE3, 0x61, 0x03, 0x6A, 0x04, 0x6A, 0x24, 0x6A, 0x44, 0x6A, 0x44, 0x6A, 0x24, 0x6A,
    0x03, 0x6A, 0x03, 0x6A, 0x03, 0x6A, 0x03, 0x6A, 0xE3, 0x69, 0x03, 0x6A, 0x03, 0x72, 0xE3, 0x71,
    0x03, 0x72, 0x04, 0x7A, 0x04, 0x82, 0x24, 0x8A, 0x66, 0x92, 0x87, 0x9A, 0xC8, 0xA2, 0xE8, 0xAA,
    0x29, 0xB3, 0x4A, 0xBB, 0x6B, 0xC3, 0x8B, 0xC3, 0xAC, 0xC3, 0xAC, 0xCB, 0xAC, 0xCB, 0xAC, 0xCB,
    0xCC, 0xCB, 0xCC, 0xD3, 0xAC, 0xD3, 0xCC, 0xD3, 0xED, 0xD3, 0xED, 0xD3, 0xCC, 0xD3, 0xED, 0xD3,
    0x2E, 0xDC, 0x4E, 0xDC, 0x6E, 0xDC, 0x6E, 0xDC, 0xAF, 0xDC, 0xF0, 0xE4, 0xF0, 0xE4, 0x11, 0xE5,
    0x11, 0xE5, 0x11, 0xE5, 0xF0, 0xE4, 0xF0, 0xDC, 0xAF, 0xDC, 0x6E, 0xDC, 0x8F, 0xDC, 0xAF, 0xDC,
    0xAF, 0xDC, 0xCF, 0xDC, 0x10, 0xDD, 0x30, 0xDD, 0x51, 0xE5, 0x71, 0xE5, 0x71, 0xE5, 0x91, 0xE5,
    0x91, 0xE5, 0x71, 0xE5, 0x71, 0xE5, 0x51, 0xDD, 0x50, 0xDD, 0x30, 0xDD, 0x2F, 0xDD, 0x0F, 0xD5,
    0xEF, 0xD4, 0xEE, 0xD4, 0xCE, 0xCC, 0xAE, 0xCC, 0x6D, 0xC4, 0x4C, 0xBC, 0x0B, 0xBC, 0xCA, 0xB3,
    0x48, 0xA3, 0x07, 0x9B, 0xC6, 0x9A, 0xC6, 0x9A, 0x07, 0x9B, 0x27, 0xA3, 0x48, 0xA3, 0x69, 0xAB,
    0xA9, 0xAB, 0xCA, 0xB3, 0xEA, 0xB3, 0x0B, 0xBC, 0x2C, 0xBC, 0x4C, 0xC4, 0x6C, 0xC4, 0x6D, 0xC4,
    0x8D, 0xCC, 0x8D, 0xCC, 0xAD, 0xCC, 0xAD, 0xCC, 0xCE, 0xCC, 0xCE, 0xD4, 0xCE, 0xD4, 0xCE, 0xD4,
    0xCE, 0xD4, 0xEE, 0xD4, 0xCE, 0xD4, 0xEE, 0xD4, 0xEE, 0xD4, 0xEE, 0xCC, 0xEE, 0xCC, 0xEF, 0xCC,
    0xCE, 0xCC, 0x0B, 0xBC, 0xC9, 0xBB, 0xC9, 0xBB, 0xA9, 0xBB, 0xC9, 0xBB, 0xC9, 0xBB, 0xCA, 0xB3,
    0x0A, 0xC4, 0xEA, 0xC3, 0xA9, 0xBB, 0x06, 0xA3, 0x24, 0x82, 0x49, 0x93, 0xB4, 0xC5, 0x57, 0xD6,
    0x57, 0xD6, 0xB9, 0xD6, 0xBA, 0xD6, 0x44, 0x6A, 0x03, 0x62, 0x03, 0x62, 0xE3, 0x61, 0xE2, 0x61,
    0xE3, 0x61, 0xE3, 0x69, 0x03, 0x6A, 0x24, 0x6A, 0x44, 0x6A, 0x44, 0x6A, 0x44, 0x6A, 0x24, 0x6A,
    0x03, 0x6A, 0x03, 0x6A, 0x03, 0x6A, 0x03, 0x6A, 0x03, 0x6A, 0x03, 0x6A, 0x03, 0x72, 0x03, 0x72,
    0x03, 0x7A, 0x04, 0x7A, 0x24, 0x82, 0x45, 0x8A, 0x65, 0x92, 0x86, 0x9A, 0xC8, 0xA2, 0xE8, 0xAA,
    0x29, 0xB3, 0x4A, 0xBB, 0x6A, 0xC3, 0x6B, 0xC3, 0x6B, 0xC3, 0x8C, 0xCB, 0x8B, 0xCB, 0xAC, 0xCB,
    0xAC, 0xCB, 0xAC, 0xCB, 0xAC, 0xD3, 0xCC, 0xD3, 0xCD, 0xD3, 0xCC, 0xD3, 0xCC, 0xD3, 0x0D, 0xD4,
    0x2E, 0xDC, 0x4E, 0xDC, 0x4E, 0xDC, 0x6E, 0xDC, 0xAF, 0xDC, 0xAF, 0xDC, 0xAF, 0xDC, 0xD0, 0xDC,
    0xD0, 0xDC, 0xAF, 0xDC, 0x8F, 0xDC, 0x8F, 0xDC, 0x8F, 0xDC, 0xAF, 0xDC, 0xCF, 0xDC, 0x10, 0xDD,
    0x30, 0xDD, 0x50, 0xDD, 0x51, 0xE5, 0x71, 0xE5, 0x71, 0xE5, 0x71, 0xE5, 0x71, 0xE5, 0x71, 0xE5,
    0x71, 0xE5, 0x70, 0xDD, 0x50, 0xDD, 0x50, 0xDD, 0x30, 0xDD, 0x2F, 0xDD, 0x0F, 0xD5, 0x0F, 0xD5,
    0xEF, 0xD4, 0xCE, 0xCC, 0xAE, 0xCC, 0x8D, 0xC4, 0x4C, 0xC4, 0x2C, 0xBC, 0xEA, 0xB3, 0x89, 0xAB,
    0x28, 0xA3, 0xE7, 0x9A, 0xE6, 0x9A, 0x07, 0xA3, 0x28, 0xA3, 0x68, 0xAB, 0x89, 0xAB, 0xAA, 0xAB,
    0xCA, 0xB3, 0xEB, 0xB3, 0x0B, 0xBC, 0x2C, 0xBC, 0x4C, 0xC4, 0x6C, 0xC4, 0x6D, 0xC4, 0x8D, 0xC4,
    0x8D, 0xCC, 0xAD, 0xCC, 0xAD, 0xCC, 0xAD, 0xCC, 0xCE, 0xCC, 0xCE, 0xCC, 0xCE, 0xD4, 0xCE, 0xCC,
    0xCE, 0xD4, 0xCE, 0xCC, 0xCE, 0xCC, 0xCE, 0xCC, 0xCE, 0xCC, 0xEE, 0xCC, 0xCE, 0xC4, 0x0B, 0xBC,
    0xEA, 0xBB, 0xEA, 0xBB, 0xA9, 0xBB, 0xA8, 0xBB, 0xA9, 0xBB, 0xA9, 0xB3, 0xC9, 0xBB, 0x0A, 0xC4,
    0xC9, 0xBB, 0x68, 0xAB, 0x64, 0x8A, 0xA6, 0x82, 0xF0, 0xB4, 0x37, 0xCE, 0x78, 0xD6, 0x78, 0xD6,
    0xB9, 0xDE, 0xDA, 0xD6, 0x24, 0x62, 0x24, 0x6A, 0x03, 0x62, 0xE3, 0x61, 0xE3, 0x61, 0xE3, 0x61,
    0xE3, 0x61, 0x03, 0x6A, 0x24, 0x6A, 0x44, 0x6A, 0x44, 0x6A, 0x44, 0x72, 0x24, 0x6A, 0x24, 0x6A,
    0x03, 0x6A, 0x03, 0x6A, 0x03, 0x6A, 0x03, 0x6A, 0x04, 0x6A, 0x03, 0x72, 0x04, 0x72, 0x04, 0x72,
    0x04, 0x7A, 0x24, 0x7A, 0x24, 0x82, 0x45, 0x8A, 0x66, 0x92, 0x87, 0x9A, 0xC7, 0xA2, 0xE8, 0xAA,
    0x29, 0xB3, 0x4A, 0xBB, 0x4A, 0xBB, 0x4A, 0xC3, 0x6B, 0xC3, 0x6B, 0xC3, 0x8B, 0xCB, 0x8B, 0xCB,
    0xAC, 0xCB, 0xAC, 0xCB, 0xAC, 0xCB, 0xCC, 0xCB, 0xEC, 0xD3, 0xCC, 0xD3, 0xEC, 0xD3, 0x2D, 0xD4,
    0x2E, 0xD4, 0x2E, 0xD4, 0x4E, 0xD4, 0x6E, 0xD4, 0x6E, 0xD4, 0x6E, 0xD4, 0x6E, 0xD4, 0x6E, 0xDC,
    0x6E, 0xD4, 0x6E, 0xD4, 0x8F, 0xD4, 0xAF, 0xD4, 0xEF, 0xDC, 0x10, 0xDD, 0x30, 0xDD, 0x50, 0xDD,
    0x50, 0xE5, 0x71, 0xE5, 0x71, 0xE5, 0x71, 0xE5, 0x71, 0xE5, 0x71, 0xE5, 0x71, 0xE5, 0x71, 0xE5,
    0x50, 0xDD, 0x50, 0xDD, 0x50, 0xDD, 0x30, 0xDD, 0x2F, 0xDD, 0x0F, 0xDD, 0x0F, 0xD5, 0xEF, 0xD4,
    0xEE, 0xD4, 0xCE, 0xCC, 0x8D, 0xCC, 0x6D, 0xC4, 0x2C, 0xBC, 0xEB, 0xB3, 0xAA, 0xAB, 0x48, 0xA3,
    0x27, 0xA3, 0x27, 0xA3, 0x28, 0xA3, 0x48, 0xA3, 0x69, 0xAB, 0x89, 0xAB, 0xAA, 0xB3, 0xCA, 0xB3,
    0x0B, 0xBC, 0x2B, 0xBC, 0x2C, 0xBC, 0x4C, 0xC4, 0x6C, 0xC4, 0x6D, 0xC4, 0x8D, 0xC4, 0x8D, 0xCC,
    0xAD, 0xCC, 0xAD, 0xCC, 0xAD, 0xCC, 0xAD, 0xCC, 0xAD, 0xCC, 0xCD, 0xCC, 0xCE, 0xCC, 0xCE, 0xCC,
    0xCE, 0xCC, 0xAD, 0xCC, 0xAD, 0xCC, 0xCE, 0xC4, 0xAD, 0xC4, 0x0A, 0xBC, 0xEA, 0xBB, 0xEA, 0xBB,
    0xC9, 0xBB, 0xA9, 0xB3, 0xA8, 0xBB, 0xA9, 0xBB, 0xA9, 0xB3, 0xE9, 0xBB, 0xE9, 0xBB, 0xA8, 0xB3,
    0xC6, 0x9A, 0x65, 0x82, 0x6F, 0xAC, 0x16, 0xCE, 0x78, 0xD6, 0xDA, 0xDE, 0xDA, 0xDE, 0xDA, 0xDE,
    0xFA, 0xDE, 0x62, 0x41, 0x24, 0x62, 0x24, 0x6A, 0xE3, 0x61, 0xE3, 0x61, 0xE2, 0x61, 0xE3, 0x61,
    0x03, 0x6A, 0x24, 0x6A, 0x44, 0x6A, 0x44, 0x72, 0x45, 0x72, 0x44, 0x72, 0x24, 0x6A, 0x24, 0x6A,
    0x03, 0x6A, 0x03, 0x6A, 0x03, 0x6A, 0x24, 0x6A, 0x04, 0x6A, 0x24, 0x72, 0x24, 0x72, 0x24, 0x7A,
    0x24, 0x7A, 0x24, 0x7A, 0x25, 0x82, 0x45, 0x8A, 0x66, 0x92, 0x87, 0x9A, 0xC8, 0xA2, 0xE8, 0xAA,
    0x09, 0xB3, 0x2A, 0xB3, 0x4A, 0xBB, 0x4A, 0xBB, 0x6B, 0xC3, 0x6B, 0xC3, 0x6B, 0xC3, 0x8B, 0xC3,
    0x8B, 0xC3, 0xAC, 0xCB, 0xCC, 0xCB, 0xCC, 0xCB, 0xEC, 0xCB, 0x0D, 0xD4, 0x0D, 0xD4, 0x0D, 0xD4,
    0x0D, 0xD4, 0x4E, 0xD4, 0x2D, 0xD4, 0x4E, 0xD4, 0x4E, 0xD4, 0x4E, 0xD4, 0x6E, 0xD4, 0x6E, 0xD4,
    0xAE, 0xD4, 0xCF, 0xD4, 0xEF, 0xDC, 0x10, 0xDD, 0x30, 0xDD, 0x51, 0xDD, 0x51, 0xE5, 0x71, 0xE5,
    0x71, 0xE5, 0x71, 0xE5, 0x70, 0xE5, 0x71, 0xE5, 0x70, 0xE5, 0x70, 0xE5, 0x50, 0xDD, 0x50, 0xDD,
    0x50, 0xDD, 0x30, 0xDD, 0x30, 0xDD, 0x2F, 0xDD, 0x0F, 0xDD, 0x0F, 0xD5, 0xEF, 0xD4, 0xEE, 0xD4,
    0xCE, 0xCC, 0xAD, 0xCC, 0x8D, 0xC4, 0x4C, 0xBC, 0x0B, 0xBC, 0xCA, 0xB3, 0x89, 0xAB, 0x48, 0xA3,
    0x48, 0xA3, 0x48, 0xA3, 0x69, 0xAB, 0x89, 0xAB, 0xAA, 0xAB, 0xCA, 0xB3, 0xEB, 0xB3, 0x0B, 0xBC,
    0x0B, 0xBC, 0x2C, 0xBC, 0x4C, 0xC4, 0x6C, 0xC4, 0x6D, 0xC4, 0x8D, 0xC4, 0x8D, 0xCC, 0x8D, 0xCC,
    0xAD, 0xCC, 0xAD, 0xCC, 0xAD, 0xCC, 0xAD, 0xCC, 0xAD, 0xCC, 0xAD, 0xCC, 0xAD, 0xCC, 0xAD, 0xC4,
    0xAD, 0xC4, 0xAE, 0xC4, 0x8D, 0xBC, 0x0A, 0xBC, 0xEA, 0xBB, 0xEA, 0xBB, 0xE9, 0xBB, 0xA9, 0xB3,
    0x88, 0xB3, 0xA8, 0xB3, 0x89, 0xB3, 0xA9, 0xB3, 0xC9, 0xBB, 0xA9, 0xB3, 0x07, 0xA3, 0x65, 0x8A,
    0x2D, 0xA4, 0x37, 0xCE, 0x99, 0xD6, 0xB9, 0xD6, 0xFA, 0xDE, 0x1B, 0xDF, 0x1B, 0xDF, 0x1B, 0xDF,
    0x21, 0x39, 0x82, 0x41, 0x44, 0x6A, 0x03, 0x62, 0xE3, 0x61, 0xE2, 0x61, 0xE3, 0x61, 0xE3, 0x61,
    0x03, 0x6A, 0x24, 0x6A, 0x45, 0x72, 0x45, 0x72, 0x45, 0x72, 0x44, 0x72, 0x44, 0x6A, 0x24, 0x6A,
    0x04, 0x6A, 0x03, 0x6A, 0x03, 0x6A, 0x24, 0x6A, 0x24, 0x72, 0x24, 0x72, 0x24, 0x72, 0x24, 0x7A,
    0x45, 0x7A, 0x45, 0x7A, 0x45, 0x82, 0x45, 0x8A, 0x66, 0x92, 0x86, 0x9A, 0xA7, 0xA2, 0xC8, 0xA2,
    0x09, 0xAB, 0x29, 0xB3, 0x4A, 0xBB, 0x4A, 0xBB, 0x6B, 0xBB, 0x6A, 0xC3, 0x6B, 0xC3, 0x8B, 0xC3,
    0x8B, 0xC3, 0xAC, 0xC3, 0xCC, 0xCB, 0xCC, 0xCB, 0x0D, 0xCC, 0x0D, 0xCC, 0x2D, 0xD4, 0x2D, 0xD4,
    0x2D, 0xD4, 0x4E, 0xD4, 0x6E, 0xD4, 0x6E, 0xD4, 0x8E, 0xD4, 0xAE, 0xD4, 0xCF, 0xD4, 0xEF, 0xD4,
    0x10, 0xD5, 0x30, 0xDD, 0x30, 0xDD, 0x50, 0xDD, 0x50, 0xDD, 0x50, 0xDD, 0x50, 0xE5, 0x50, 0xE5,
    0x50, 0xE5, 0x50, 0xE5, 0x50, 0xE5, 0x50, 0xE5, 0x50, 0xE5, 0x50, 0xDD, 0x50, 0xDD, 0x50, 0xDD,
    0x30, 0xDD, 0x30, 0xDD, 0x2F, 0xDD, 0x2F, 0xDD, 0x0F, 0xD5, 0x0F, 0xD5, 0xEE, 0xD4, 0xCE, 0xD4,
    0xAD, 0xCC, 0x8D, 0xC4, 0x4C, 0xC4, 0x2B, 0xBC, 0xEB, 0xB3, 0xA9, 0xAB, 0x69, 0xAB, 0x69, 0xAB,
    0x69, 0xAB, 0x89, 0xAB, 0xA9, 0xAB, 0xCA, 0xB3, 0xEA, 0xB3, 0xEB, 0xB3, 0x0B, 0xBC, 0x2B, 0xBC,
    0x4C, 0xBC, 0x4C, 0xC4, 0x6C, 0xC4, 0x6D, 0xC4, 0x8D, 0xC4, 0x8D, 0xC4, 0x8D, 0xCC, 0x8D, 0xCC,
    0x8D, 0xCC, 0xAD, 0xCC, 0xAD, 0xCC, 0x8D, 0xC4, 0x8D, 0xC4, 0x8D, 0xC4, 0x8D, 0xC4, 0x8D, 0xBC,
    0x4C, 0xBC, 0x0A, 0xBC, 0xEA, 0xBB, 0xEA, 0xBB, 0xE9, 0xBB, 0xC9, 0xBB, 0x88, 0xB3, 0x88, 0xB3,
    0x88, 0xB3, 0x89, 0xAB, 0xC9, 0xB3, 0xA9, 0xB3, 0x27, 0xA3, 0x65, 0x8A, 0xCC, 0x9B, 0x16, 0xCE,
    0xD9, 0xDE, 0xDA, 0xDE, 0xDA, 0xD6, 0x1B, 0xDF, 0x1B, 0xE7, 0x3B, 0xE7, 0x3B, 0xE7, 0x41, 0x41,
    0x21, 0x39, 0xA2, 0x49, 0x44, 0x6A, 0x03, 0x62, 0xE3, 0x61, 0xE3, 0x61, 0xE3, 0x61, 0x03, 0x6A,
    0x24, 0x6A, 0x44, 0x72, 0x65, 0x72, 0x65, 0x72, 0x65, 0x72, 0x45, 0x72, 0x44, 0x72, 0x24, 0x6A,
    0x24, 0x6A, 0x24, 0x6A, 0x24, 0x72, 0x24, 0x72, 0x44, 0x72, 0x44, 0x72, 0x45, 0x7A, 0x45, 0x7A,
    0x65, 0x7A, 0x65, 0x7A, 0x65, 0x82, 0x65, 0x82, 0x66, 0x8A, 0x86, 0x92, 0xA7, 0x9A, 0xC7, 0xA2,
    0xE8, 0xA2, 0x29, 0xAB, 0x29, 0xB3, 0x4A, 0xB3, 0x4A, 0xBB, 0x6A, 0xBB, 0x6A, 0xBB, 0x6A, 0xBB,
    0x8B, 0xC3, 0xAB, 0xC3, 0xCB, 0xC3, 0xEC, 0xC3, 0x0D, 0xCC, 0x2D, 0xCC, 0x4D, 0xCC, 0x6E, 0xCC,
    0x8E, 0xD4, 0x8E, 0xD4, 0x8E, 0xD4, 0xAE, 0xD4, 0xEF, 0xD4, 0x0F, 0xD5, 0x30, 0xD5, 0x30, 0xDD,
    0x50, 0xDD, 0x50, 0xDD, 0x50, 0xDD, 0x50, 0xDD, 0x50, 0xDD, 0x50, 0xDD, 0x50, 0xDD, 0x50, 0xE5,
    0x50, 0xDD, 0x50, 0xE5, 0x50, 0xE5, 0x50, 0xDD, 0x50, 0xDD, 0x50, 0xDD, 0x50, 0xDD, 0x30, 0xDD,
    0x2F, 0xDD, 0x2F, 0xDD, 0x2F, 0xDD, 0x0F, 0xDD, 0x0F, 0xD5, 0xEE, 0xD4, 0xCE, 0xD4, 0xAE, 0xCC,
    0x8D, 0xCC, 0x6C, 0xC4, 0x2C, 0xBC, 0xEB, 0xBB, 0xCA, 0xB3, 0x89, 0xAB, 0x89, 0xAB, 0xA9, 0xAB,
    0xA9, 0xAB, 0xCA, 0xB3, 0xEA, 0xB3, 0xEB, 0xB3, 0x0B, 0xBC, 0x0B, 0xBC, 0x2C, 0xBC, 0x4C, 0xBC,
    0x4C, 0xC4, 0x6C, 0xC4, 0x6C, 0xC4, 0x6D, 0xC4, 0x8D, 0xC4, 0x8D, 0xC4, 0x8D, 0xC4, 0x8D, 0xC4,
    0x8D, 0xC4, 0x8D, 0xC4, 0x8D, 0xC4, 0x6C, 0xC4, 0x6D, 0xBC, 0x6D, 0xBC, 0x2B, 0xBC, 0x0A, 0xBC,
    0xEA, 0xBB, 0xEA, 0xBB, 0xE9, 0xBB, 0xE9, 0xBB, 0xA9, 0xB3, 0x88, 0xAB, 0x68, 0xAB, 0x68, 0xAB,
    0x89, 0xAB, 0xA9, 0xB3, 0x48, 0xAB, 0x65, 0x8A, 0x6A, 0x93, 0xD5, 0xC5, 0xB9, 0xD6, 0xFA, 0xDE,
    0x1B, 0xDF, 0xFA, 0xDE, 0xFB, 0xDE, 0x3B, 0xE7, 0x3B, 0xE7, 0x3B, 0xE7, 0x41, 0x41, 0x41, 0x39,
    0x01, 0x31, 0xC3, 0x51, 0x44, 0x6A, 0xE3, 0x61, 0xE3, 0x61, 0xE3, 0x61, 0x03, 0x6A, 0x24, 0x6A,
    0x44, 0x6A, 0x65, 0x72, 0x65, 0x72, 0x65, 0x72, 0x65, 0x72, 0x65, 0x72, 0x44, 0x72, 0x44, 0x72,
    0x24, 0x72, 0x24, 0x72, 0x44, 0x72, 0x44, 0x72, 0x45, 0x72, 0x65, 0x7A, 0x65, 0x7A, 0x65, 0x7A,
    0x65, 0x7A, 0x65, 0x7A, 0x65, 0x82, 0x86, 0x82, 0x86, 0x8A, 0x86, 0x8A, 0xA6, 0x92, 0xC7, 0x9A,
    0x08, 0xA3, 0x29, 0xA3, 0x49, 0xAB, 0x49, 0xAB, 0x4A, 0xB3, 0x49, 0xB3, 0x4A, 0xB3, 0x6A, 0xB3,
    0x8A, 0xBB, 0xAB, 0xBB, 0xEB, 0xC3, 0x0C, 0xC4, 0x4D, 0xC4, 0x4D, 0xCC, 0x6E, 0xCC, 0x8E, 0xCC,
    0xAE, 0xCC, 0xCF, 0xCC, 0xEF, 0xD4, 0x0F, 0xD5, 0x0F, 0xD5, 0x10, 0xD5, 0x30, 0xD5, 0x30, 0xDD,
    0x30, 0xDD, 0x50, 0xDD, 0x50, 0xDD, 0x50, 0xDD, 0x50, 0xDD, 0x50, 0xDD, 0x50, 0xDD, 0x50, 0xDD,
    0x50, 0xDD, 0x50, 0xDD, 0x50, 0xDD, 0x50, 0xDD, 0x50, 0xDD, 0x50, 0xDD, 0x4F, 0xDD, 0x2F, 0xDD,
    0x2F, 0xDD, 0x2F, 0xDD, 0x2F, 0xDD, 0x0F, 0xDD, 0x0E, 0xD5, 0xEE, 0xD4, 0xCE, 0xCC, 0x8D, 0xCC,
    0x6C, 0xC4, 0x4C, 0xC4, 0x0B, 0xBC, 0xEA, 0xB3, 0xCA, 0xB3, 0xCA, 0xB3, 0xCA, 0xB3, 0xCA, 0xB3,
    0xCA, 0xB3, 0xEB, 0xB3, 0x0B, 0xBC, 0x0B, 0xBC, 0x2B, 0xBC, 0x2C, 0xBC, 0x4C, 0xBC, 0x4C, 0xBC,
    0x6C, 0xC4, 0x6C, 0xC4, 0x6D, 0xC4, 0x6D, 0xC4, 0x6D, 0xC4, 0x6C, 0xC4, 0x6C, 0xC4, 0x6C, 0xC4,
    0x6C, 0xBC, 0x4C, 0xBC, 0x6C, 0xBC, 0x6C, 0xBC, 0x2B, 0xBC, 0xEA, 0xBB, 0x0A, 0xBC, 0xEA, 0xBB,
    0xCA, 0xBB, 0xEA, 0xBB, 0xC9, 0xBB, 0x89, 0xB3, 0x68, 0xAB, 0x48, 0xAB, 0x68, 0xA3, 0x89, 0xAB,
    0x68, 0xAB, 0x85, 0x92, 0x08, 0x8B, 0x73, 0xBD, 0x98, 0xD6, 0xDA, 0xDE, 0xFA, 0xDE, 0x1B, 0xDF,
    0x1B, 0xDF, 0xFB, 0xDE, 0x1B, 0xE7, 0x3B, 0xE7, 0x3B, 0xE7, 0x41, 0x41, 0x21, 0x39, 0x21, 0x39,
    0x01, 0x31, 0x03, 0x5A, 0x24, 0x6A, 0xE3, 0x61, 0xE3, 0x61, 0xE3, 0x61, 0x03, 0x6A, 0x24, 0x6A,
    0x65, 0x72, 0x65, 0x72, 0x85, 0x72, 0x85, 0x72, 0x65, 0x72, 0x65, 0x72, 0x65, 0x72, 0x44, 0x72,
    0x24, 0x72, 0x24, 0x72, 0x44, 0x72, 0x65, 0x72, 0x45, 0x72, 0x65, 0x7A, 0x65, 0x7A, 0x85, 0x7A,
    0x86, 0x7A, 0xA6, 0x82, 0xA6, 0x82, 0x86, 0x82, 0xA6, 0x82, 0xA6, 0x8A, 0xA6, 0x8A, 0xC7, 0x92,
    0xC7, 0x92, 0xE7, 0x9A, 0x08, 0x9B, 0xE8, 0xA2, 0x08, 0xA3, 0x28, 0xA3, 0x28, 0xAB, 0x49, 0xAB,
    0x69, 0xAB, 0xAA, 0xB3, 0xCB, 0xB3, 0xEB, 0xBB, 0x2C, 0xBC, 0x4D, 0xC4, 0x6D, 0xC4, 0xAE, 0xC4,
    0xCE, 0xCC, 0xCE, 0xCC, 0xCE, 0xCC, 0xEF, 0xD4, 0x0F, 0xD5, 0x0F, 0xD5, 0x0F, 0xD5, 0x30, 0xDD,
    0x30, 0xDD, 0x30, 0xDD, 0x30, 0xDD, 0x30, 0xDD, 0x50, 0xDD, 0x50, 0xDD, 0x30, 0xDD, 0x50, 0xDD,
    0x50, 0xDD, 0x50, 0xDD, 0x50, 0xDD, 0x50, 0xDD, 0x50, 0xDD, 0x2F, 0xDD, 0x2F, 0xDD, 0x2F, 0xDD,
    0x2F, 0xDD, 0x2F, 0xDD, 0x0F, 0xDD, 0x0F, 0xD5, 0xEE, 0xD4, 0xCE, 0xD4, 0xAD, 0xCC, 0x8D, 0xCC,
    0x4C, 0xC4, 0x2B, 0xBC, 0x0B, 0xBC, 0xEA, 0xB3, 0xCA, 0xB3, 0xCA, 0xB3, 0xEA, 0xB3, 0xEB, 0xB3,
    0x0B, 0xB4, 0x0B, 0xBC, 0x2B, 0xBC, 0x2C, 0xBC, 0x4C, 0xBC, 0x4C, 0xBC, 0x4C, 0xBC, 0x4C, 0xC4,
    0x6C, 0xBC, 0x6C, 0xC4, 0x6C, 0xBC, 0x6C, 0xBC, 0x6C, 0xBC, 0x4C, 0xBC, 0x4C, 0xBC, 0x4C, 0xBC,
    0x4C, 0xB4, 0x4C, 0xB4, 0x0A, 0xBC, 0xEA, 0xC3, 0xEA, 0xBB, 0xEA, 0xBB, 0xC9, 0xBB, 0xCA, 0xBB,
    0xC9, 0xBB, 0xA9, 0xB3, 0x68, 0xAB, 0x48, 0xA3, 0x48, 0xA3, 0x48, 0xA3, 0x68, 0xAB, 0xA5, 0x92,
    0xA7, 0x82, 0x12, 0xB5, 0x78, 0xD6, 0xB9, 0xDE, 0xFA, 0xDE, 0xFB, 0xDE, 0x1B, 0xDF, 0x1B, 0xDF,
    0xFB, 0xDE, 0x1B, 0xDF, 0x1B, 0xE7, 0x1B, 0xDF, 0x21, 0x41, 0x21, 0x39, 0x21, 0x39, 0xE0, 0x30,
    0x01, 0x31, 0x24, 0x62, 0x03, 0x62, 0xE2, 0x61, 0xE3, 0x61, 0x03, 0x6A, 0x24, 0x6A, 0x45, 0x72,
    0x65, 0x72, 0x86, 0x72, 0x86, 0x7A, 0x86, 0x7A, 0x85, 0x7A, 0x85, 0x7A, 0x65, 0x72, 0x65, 0x72,
    0x45, 0x72, 0x44, 0x72, 0x45, 0x72, 0x65, 0x72, 0x65, 0x7A, 0x86, 0x7A, 0x86, 0x7A, 0xA6, 0x7A,
    0xA6, 0x82, 0xA6, 0x82, 0xA6, 0x82, 0xA6, 0x82, 0x28, 0x8B, 0x08, 0x8B, 0xC7, 0x8A, 0xC7, 0x8A,
    0xE7, 0x8A, 0xC7, 0x8A, 0xC6, 0x92, 0xC6, 0x92, 0xE7, 0x92, 0xE7, 0x9A, 0x08, 0x9B, 0x28, 0xA3,
    0x48, 0xA3, 0x69, 0xAB, 0x89, 0xAB, 0xCA, 0xB3, 0x0B, 0xB4, 0x2C, 0xBC, 0x4C, 0xBC, 0x6D, 0xC4,
    0xAE, 0xC4, 0xCE, 0xCC, 0xCE, 0xCC, 0xCE, 0xCC, 0xEF, 0xD4, 0x0F, 0xD5, 0x0F, 0xD5, 0x0F, 0xDD,
    0x2F, 0xDD, 0x2F, 0xDD, 0x30, 0xDD, 0x2F, 0xDD, 0x30, 0xDD, 0x30, 0xDD, 0x30, 0xDD, 0x50, 0xDD,
    0x50, 0xE5, 0x50, 0xDD, 0x50, 0xE5, 0x50, 0xE5, 0x50, 0xDD, 0x2F, 0xDD, 0x2F, 0xDD, 0x2F, 0xDD,
    0x2F, 0xDD, 0x0F, 0xDD, 0x0F, 0xDD, 0xEE, 0xD4, 0xCE, 0xD4, 0xAD, 0xCC, 0x8D, 0xCC, 0x6C, 0xC4,
    0x2C, 0xC4, 0x0B, 0xBC, 0x0B, 0xBC, 0xEB, 0xB3, 0xEB, 0xB3, 0x0B, 0xB4, 0x0B, 0xBC, 0x0B, 0xBC,
    0x2B, 0xBC, 0x2B, 0xBC, 0x2C, 0xBC, 0x4C, 0xBC, 0x4C, 0xBC, 0x4C, 0xBC, 0x4C, 0xBC, 0x4C, 0xBC,
    0x4C, 0xBC, 0x4C, 0xBC, 0x4C, 0xBC, 0x4C, 0xBC, 0x2B, 0xB4, 0x2C, 0xB4, 0x2C, 0xB4, 0x0B, 0xBC,
    0xEA, 0xBB, 0x0A, 0xC4, 0xEA, 0xBB, 0xEA, 0xBB, 0xC9, 0xBB, 0xC9, 0xBB, 0xEA, 0xBB, 0xC9, 0xBB,
    0x89, 0xB3, 0x48, 0xA3, 0x27, 0xA3, 0x28, 0xA3, 0x47, 0xA3, 0xC6, 0x92, 0x66, 0x82, 0xB0, 0xAC,
    0x78, 0xD6, 0xB9, 0xDE, 0xDA, 0xDE, 0xFA, 0xDE, 0xFA, 0xDE, 0x1B, 0xDF, 0x1B, 0xDF, 0xFA, 0xDE,
    0xDA, 0xDE, 0xFA, 0xDE, 0xFA, 0xDE, 0x21, 0x39, 0x21, 0x39, 0x00, 0x39, 0xE0, 0x30, 0xC0, 0x28,
    0x62, 0x41, 0x44, 0x6A, 0xE3, 0x61, 0xE3, 0x61, 0x03, 0x6A, 0x24, 0x6A, 0x44, 0x72, 0x65, 0x72,
    0x86, 0x7A, 0x86, 0x7A, 0xA6, 0x7A, 0xA6, 0x7A, 0x86, 0x7A, 0x86, 0x7A, 0x85, 0x7A, 0x85, 0x7A,
    0x65, 0x7A, 0x65, 0x7A, 0x65, 0x7A, 0x65, 0x7A, 0x65, 0x7A, 0x86, 0x7A, 0xA6, 0x82, 0xA6, 0x82,
    0xA6, 0x82, 0xC6, 0x82, 0xE7, 0x82, 0xE7, 0x82, 0xE7, 0x8A, 0xE7, 0x8A, 0x08, 0x8B, 0x29, 0x93,
    0xC7, 0x8A, 0xE7, 0x8A, 0xE7, 0x92, 0xE7, 0x92, 0xE7, 0x92, 0x07, 0x93, 0x07, 0x93, 0x08, 0x9B,
    0x28, 0x9B, 0x48, 0xA3, 0x69, 0xA3, 0xAA, 0xAB, 0xCA, 0xB3, 0x0B, 0xB4, 0x2C, 0xBC, 0x4C, 0xBC,
    0x6D, 0xC4, 0x8D, 0xC4, 0xAD, 0xCC, 0xCE, 0xCC, 0xCE, 0xD4, 0xEF, 0xD4, 0x0F, 0xD5, 0x0F, 0xDD,
    0x2F, 0xDD, 0x2F, 0xDD, 0x2F, 0xDD, 0x30, 0xDD, 0x30, 0xDD, 0x50, 0xDD, 0x50, 0xDD, 0x50, 0xE5,
    0x50, 0xE5, 0x50, 0xE5, 0x50, 0xE5, 0x50, 0xE5, 0x50, 0xE5, 0x2F, 0xDD, 0x2F, 0xDD, 0x2F, 0xDD,
    0x2F, 0xDD, 0x0F, 0xDD, 0xEE, 0xD4, 0xCE, 0xD4, 0xAD, 0xCC, 0x8D, 0xCC, 0x6C, 0xC4, 0x4C, 0xC4,
    0x2B, 0xBC, 0x0B, 0xBC, 0x0B, 0xBC, 0x0B, 0xBC, 0x0B, 0xBC, 0x0B, 0xBC, 0x2B, 0xBC, 0x2B, 0xBC,
    0x2B, 0xBC, 0x2C, 0xBC, 0x2C, 0xBC, 0x2C, 0xBC, 0x4C, 0xBC, 0x4C, 0xBC, 0x2B, 0xBC, 0x2B, 0xB4,
    0x2B, 0xB4, 0x2B, 0xB4, 0x2B, 0xB4, 0x2C, 0xB4, 0x2B, 0xB4, 0x0A, 0xBC, 0xEA, 0xBB, 0xEA, 0xBB,
    0x0A, 0xC4, 0xEA, 0xBB, 0xC9, 0xBB, 0xC9, 0xB3, 0xCA, 0xBB, 0xEA, 0xBB, 0xA9, 0xB3, 0x68, 0xAB,
    0x28, 0x9B, 0x07, 0x9B, 0x07, 0x9B, 0xC6, 0x92, 0x45, 0x7A, 0x0D, 0x9C, 0x37, 0xCE, 0xB9, 0xD6,
    0xDA, 0xDE, 0xFA, 0xDE, 0xFA, 0xDE, 0xFA, 0xDE, 0xFA, 0xDE, 0xFA, 0xDE, 0xFA, 0xDE, 0xB9, 0xD6,
    0xB9, 0xD6, 0xB9, 0xD6, 0x21, 0x39, 0x01, 0x39, 0x00, 0x31, 0xE0, 0x30, 0xC0, 0x28, 0xA0, 0x20,
    0xC3, 0x51, 0x44, 0x6A, 0xE3, 0x61, 0x03, 0x62, 0x03, 0x6A, 0x44, 0x6A, 0x65, 0x72, 0x86, 0x7A,
    0xA6, 0x7A, 0xA6, 0x7A, 0xA7, 0x7A, 0xA6, 0x7A, 0xA6, 0x7A, 0xA6, 0x7A, 0xA6, 0x7A, 0xA6, 0x82,
    0xA6, 0x82, 0xA6, 0x7A, 0x86, 0x82, 0x86, 0x82, 0xA6, 0x82, 0xA6, 0x82, 0xA6, 0x82, 0xC7, 0x82,
    0xE7, 0x8A, 0xE7, 0x8A, 0xE7, 0x8A, 0xE8, 0x8A, 0x08, 0x8B, 0xE8, 0x8A, 0xE7, 0x8A, 0xE7, 0x8A,
    0xE7, 0x92, 0xE7, 0x92, 0xE7, 0x92, 0xE7, 0x92, 0xE7, 0x92, 0xE7, 0x92, 0x07, 0x9B, 0x08, 0x9B,
    0x28, 0x9B, 0x48, 0xA3, 0x69, 0xA3, 0x8A, 0xAB, 0xCA, 0xAB, 0xEB, 0xB3, 0x0B, 0xB4, 0x2C, 0xBC,
    0x4C, 0xC4, 0x6D, 0xC4, 0x8D, 0xCC, 0xAE, 0xCC, 0xCE, 0xD4, 0xEE, 0xD4, 0x0F, 0xD5, 0x0F, 0xDD,
    0x2F, 0xDD, 0x2F, 0xDD, 0x30, 0xDD, 0x2F, 0xDD, 0x50, 0xDD, 0x50, 0xDD, 0x50, 0xDD, 0x50, 0xE5,
    0x50, 0xE5, 0x50, 0xE5, 0x50, 0xE5, 0x50, 0xE5, 0x4F, 0xE5, 0x2F, 0xDD, 0x2F, 0xDD, 0x2F, 0xDD,
    0x0F, 0xDD, 0xEE, 0xD4, 0xEE, 0xD4, 0xCD, 0xCC, 0x8D, 0xCC, 0x6C, 0xC4, 0x4C, 0xC4, 0x2C, 0xBC,
    0x2B, 0xBC, 0x2B, 0xBC, 0x2B, 0xBC, 0x0B, 0xBC, 0x2B, 0xBC, 0x2B, 0xBC, 0x2B, 0xBC, 0x2B, 0xBC,
    0x2B, 0xBC, 0x2B, 0xBC, 0x2B, 0xB4, 0x2B, 0xB4, 0x2B, 0xB4, 0x0B, 0xB4, 0x0B, 0xB4, 0x0B, 0xB4,
    0x0B, 0xAC, 0x0B, 0xAC, 0x0B, 0xB4, 0xEA, 0xBB, 0xEA, 0xBB, 0xEA, 0xBB, 0xEA, 0xBB, 0xEA, 0xBB,
    0xE9, 0xBB, 0xC9, 0xBB, 0xC9, 0xB3, 0xEA, 0xBB, 0xC9, 0xB3, 0x88, 0xAB, 0x28, 0xA3, 0x07, 0x9B,
    0x07, 0x9B, 0xC6, 0x92, 0x25, 0x7A, 0x8C, 0x8B, 0xD5, 0xC5, 0x99, 0xD6, 0xDA, 0xDE, 0xDA, 0xDE,
    0xFA, 0xDE, 0xFA, 0xDE, 0xDA, 0xDE, 0xDA, 0xDE, 0xD9, 0xDE, 0xD9, 0xDE, 0x98, 0xD6, 0x57, 0xCE,
    0x78, 0xD6, 0x21, 0x39, 0x00, 0x39, 0xE0, 0x30, 0xC0, 0x30, 0xA0, 0x28, 0xA0, 0x28, 0x41, 0x39,
    0x44, 0x6A, 0x03, 0x62, 0xE3, 0x61, 0x03, 0x6A, 0x24, 0x6A, 0x65, 0x72, 0x86, 0x72, 0xA6, 0x7A,
    0xC7, 0x7A, 0xC7, 0x82, 0xC7, 0x82, 0xC7, 0x82, 0xC7, 0x82, 0xC7, 0x82, 0xC7, 0x82, 0xC7, 0x82,
    0xC7, 0x82, 0xC7, 0x82, 0xC7, 0x8A, 0xC7, 0x8A, 0xC7, 0x8A, 0xE7, 0x8A, 0xE7, 0x8A, 0xE7, 0x8A,
    0xE7, 0x8A, 0x08, 0x8B, 0x08, 0x93, 0x08, 0x93, 0x08, 0x93, 0x08, 0x93, 0x08, 0x93, 0x08, 0x93,
    0x08, 0x93, 0x08, 0x93, 0x08, 0x93, 0x08, 0x93, 0x08, 0x93, 0x08, 0x9B, 0x08, 0x9B, 0x28, 0x9B,
    0x48, 0xA3, 0x69, 0xA3, 0x69, 0xA3, 0xAA, 0xAB, 0xCA, 0xB3, 0xEB, 0xB3, 0x0B, 0xBC, 0x2C, 0xBC,
    0x6D, 0xC4, 0xCE, 0xCC, 0xEF, 0xCC, 0xEF, 0xCC, 0xEE, 0xD4, 0xEF, 0xD4, 0x0F, 0xDD, 0x2F, 0xDD,
    0x2F, 0xDD, 0x2F, 0xDD, 0x2F, 0xDD, 0x50, 0xDD, 0x50, 0xDD, 0x50, 0xE5, 0x50, 0xE5, 0x50, 0xE5,
    0x50, 0xE5, 0x50, 0xE5, 0x4F, 0xE5, 0x4F, 0xE5, 0x2F, 0xDD, 0x2F, 0xDD, 0x2F, 0xDD, 0x0F, 0xDD,
    0xEE, 0xD4, 0xEE, 0xD4, 0xCD, 0xCC, 0xAD, 0xCC, 0x8D, 0xC4, 0x6C, 0xC4, 0x4C, 0xBC, 0x2B, 0xBC,
    0x2B, 0xBC, 0x2B, 0xBC, 0x2B, 0xBC, 0x2B, 0xBC, 0x2B, 0xB4, 0x2B, 0xB4, 0x2B, 0xB4, 0x0B, 0xB4,
    0x0B, 0xB4, 0x0B, 0xB4, 0x0B, 0xB4, 0xEB, 0xAB, 0xEA, 0xAB, 0xEA, 0xAB, 0xEB, 0xAB, 0x0B, 0xAC,
    0xEA, 0xBB, 0xE9, 0xBB, 0xEA, 0xBB, 0xEA, 0xBB, 0xEA, 0xBB, 0xEA, 0xBB, 0xEA, 0xBB, 0xC9, 0xB3,
    0xC9, 0xB3, 0xC9, 0xB3, 0xC9, 0xBB, 0x89, 0xB3, 0x48, 0xA3, 0xE7, 0x92, 0xE7, 0x92, 0xC6, 0x92,
    0x24, 0x7A, 0x4A, 0x8B, 0x94, 0xBD, 0x78, 0xD6, 0xB9, 0xD6, 0xDA, 0xDE, 0xDA, 0xDE, 0xDA, 0xDE,
    0xDA, 0xDE, 0xD9, 0xDE, 0xB9, 0xD6, 0x98, 0xD6, 0x57, 0xD6, 0x36, 0xCE, 0x37, 0xCE, 0xF6, 0xC5,
    0x21, 0x39, 0x00, 0x31, 0xE0, 0x30, 0xC0, 0x28, 0xA0, 0x28, 0xE0, 0x30, 0x82, 0x41, 0xE3, 0x51,
    0x44, 0x6A, 0x03, 0x62, 0xE3, 0x61, 0x23, 0x6A, 0x44, 0x72, 0x85, 0x72, 0xA6, 0x7A, 0xC7, 0x82,
    0xC7, 0x82, 0xE7, 0x82, 0xE7, 0x82, 0xE7, 0x8A, 0xE7, 0x8A, 0x07, 0x8B, 0x07, 0x8B, 0x08, 0x8B,
    0x08, 0x8B, 0x08, 0x8B, 0x08, 0x93, 0x28, 0x93, 0x28, 0x93, 0x28, 0x93, 0x48, 0x93, 0x49, 0x93,
    0x49, 0x9B, 0x49, 0x9B, 0x49, 0x9B, 0x69, 0x9B, 0x69, 0x9B, 0x49, 0x9B, 0x49, 0x9B, 0x49, 0x9B,
    0x49, 0x9B, 0x49, 0x9B, 0x48, 0x9B, 0x48, 0x9B, 0x48, 0x9B, 0x48, 0x9B, 0x49, 0x9B, 0x49, 0xA3,
    0x69, 0xA3, 0x89, 0xAB, 0xAA, 0xAB, 0xCA, 0xAB, 0xEB, 0xB3, 0x0B, 0xBC, 0x2C, 0xBC, 0x6C, 0xC4,
    0x8D, 0xC4, 0xAD, 0xCC, 0xCE, 0xCC, 0xEE, 0xD4, 0xEE, 0xD4, 0x0F, 0xDD, 0x0F, 0xDD, 0x2F, 0xDD,
    0x2F, 0xDD, 0x4F, 0xDD, 0x50, 0xDD, 0x50, 0xE5, 0x50, 0xE5, 0x50, 0xE5, 0x50, 0xE5, 0x50, 0xE5,
    0x50, 0xE5, 0x50, 0xE5, 0x4F, 0xE5, 0x4F, 0xDD, 0x2F, 0xDD, 0x2F, 0xDD, 0x0F, 0xDD, 0xEE, 0xD4,
    0xEE, 0xD4, 0xCD, 0xCC, 0xAD, 0xCC, 0x8D, 0xC4, 0x6C, 0xC4, 0x4C, 0xBC, 0x4C, 0xBC, 0x2B, 0xBC,
    0x2B, 0xBC, 0x2B, 0xBC, 0x2B, 0xB4, 0x0B, 0xB4, 0x0B, 0xB4, 0x0B, 0xB4, 0x0B, 0xB4, 0xEA, 0xAB,
    0xEB, 0xAB, 0xEA, 0xAB, 0xCA, 0xAB, 0xEA, 0xAB, 0xEB, 0xAB, 0xEA, 0xB3, 0xC9, 0xBB, 0xE9, 0xBB,
    0xE9, 0xBB, 0xC9, 0xBB, 0xEA, 0xBB, 0xEA, 0xBB, 0xEA, 0xBB, 0xC9, 0xBB, 0xC9, 0xB3, 0xC9, 0xB3,
    0xC9, 0xB3, 0xA9, 0xB3, 0x48, 0xA3, 0x07, 0x9B, 0xE7, 0x92, 0xC6, 0x92, 0x04, 0x7A, 0xE8, 0x82,
    0x74, 0xBD, 0x78, 0xD6, 0xB9, 0xD6, 0xDA, 0xDE, 0xDA, 0xDE, 0xDA, 0xDE, 0xDA, 0xDE, 0xB9, 0xD6,
    0x99, 0xD6, 0x78, 0xD6, 0x16, 0xCE, 0x16, 0xCE, 0x37, 0xCE, 0x16, 0xC6, 0x74, 0xB5, 0x01, 0x39,
    0xE0, 0x30, 0xC0, 0x30, 0xA0, 0x28, 0xA0, 0x28, 0x41, 0x39, 0xC2, 0x51, 0x82, 0x49, 0x24, 0x5A,
    0x24, 0x6A, 0xE3, 0x61, 0x03, 0x6A, 0x44, 0x6A, 0x65, 0x72, 0x86, 0x7A, 0xC7, 0x7A, 0xE7, 0x82,
    0xE7, 0x82, 0x08, 0x8B, 0x08, 0x8B, 0x28, 0x8B, 0x28, 0x8B, 0x28, 0x93, 0x28, 0x93, 0x28, 0x93,
    0x48, 0x93, 0x49, 0x9B, 0x69, 0x9B, 0x69, 0x9B, 0x69, 0x9B, 0x8A, 0xA3, 0xAA, 0xA3, 0xAA, 0xA3,
    0xAA, 0xA3, 0xAA, 0xA3, 0xAA, 0xA3, 0xAA, 0xA3, 0xAA, 0xA3, 0xAA, 0xA3, 0xAA, 0xA3, 0xAA, 0xA3,
    0xAA, 0xA3, 0x8A, 0xA3, 0x8A, 0xA3, 0x8A, 0xA3, 0x8A, 0xA3, 0x8A, 0xAB, 0x8A, 0xAB, 0x8A, 0xAB,
    0xAA, 0xAB, 0xCA, 0xAB, 0xCB, 0xB3, 0x0B, 0xB4, 0x0B, 0xBC, 0x4C, 0xBC, 0x6C, 0xC4, 0x8D, 0xCC,
    0xAE, 0xCC, 0xCE, 0xD4, 0xEE, 0xD4, 0xEF, 0xD4, 0x0F, 0xDD, 0x0F, 0xDD, 0x2F, 0xDD, 0x2F, 0xDD,
    0x4F, 0xDD, 0x4F, 0xDD, 0x50, 0xE5, 0x50, 0xE5, 0x50, 0xE5, 0x50, 0xE5, 0x50, 0xE5, 0x50, 0xE5,
    0x4F, 0xE5, 0x4F, 0xE5, 0x2F, 0xDD, 0x2F, 0xDD, 0x2F, 0xDD, 0x0E, 0xDD, 0xEE, 0xD4, 0xCE, 0xD4,
    0xAD, 0xCC, 0x8D, 0xCC, 0x8D, 0xC4, 0x6C, 0xC4, 0x4C, 0xBC, 0x2C, 0xBC, 0x2B, 0xBC, 0x2B, 0xBC,
    0x0B, 0xB4, 0x0B, 0xB4, 0x0B, 0xB4, 0xEB, 0xAB, 0xEA, 0xAB, 0xCA, 0xAB, 0xCA, 0xAB, 0xCA, 0xA3,
    0xCA, 0xA3, 0xEA, 0xA3, 0xCA, 0xAB, 0xC9, 0xB3, 0xC9, 0xBB, 0xC9, 0xBB, 0xE9, 0xBB, 0xC9, 0xBB,
    0xCA, 0xB3, 0xEA, 0xBB, 0xEA, 0xBB, 0xC9, 0xBB, 0xC9, 0xB3, 0xC9, 0xB3, 0xC9, 0xB3, 0xA9, 0xB3,
    0x68, 0xAB, 0x07, 0x9B, 0xC6, 0x92, 0xA6, 0x92, 0x04, 0x7A, 0x87, 0x72, 0x12, 0xAD, 0x78, 0xD6,
    0xB9, 0xD6, 0xDA, 0xDE, 0xDA, 0xDE, 0xDA, 0xDE, 0xB9, 0xD6, 0xB9, 0xD6, 0x98, 0xD6, 0x57, 0xCE,
    0xF5, 0xCD, 0xF5, 0xC5, 0x16, 0xCE, 0x36, 0xCE, 0x74, 0xBD, 0xB4, 0xBD, 0x00, 0x31, 0xE0, 0x30,
    0xA0, 0x28, 0xA0, 0x28, 0xE0, 0x30, 0x82, 0x49, 0xC3, 0x51, 0xA2, 0x49, 0xA2, 0x49, 0x44, 0x62,
    0x03, 0x62, 0xE3, 0x61, 0x24, 0x6A, 0x45, 0x72, 0x86, 0x7A, 0xA6, 0x7A, 0xE7, 0x82, 0x08, 0x83,
    0x08, 0x8B, 0x28, 0x8B, 0x28, 0x93, 0x48, 0x93, 0x49, 0x93, 0x49, 0x93, 0x69, 0x9B, 0x69, 0x9B,
    0x89, 0x9B, 0x8A, 0xA3, 0xAA, 0xA3, 0xAA, 0xA3, 0xCB, 0xAB, 0xCB, 0xAB, 0xEB, 0xAB, 0xEB, 0xAB,
    0xEB, 0xB3, 0xEB, 0xB3, 0xEB, 0xB3, 0xEB, 0xB3, 0xEB, 0xB3, 0xEB, 0xB3, 0x0B, 0xB4, 0xEB, 0xB3,
    0xEB, 0xB3, 0xEB, 0xB3, 0xEB, 0xB3, 0xEB, 0xB3, 0xEB, 0xB3, 0xEB, 0xB3, 0xEB, 0xB3, 0xEB, 0xB3,
    0xEB, 0xB3, 0x0B, 0xB4, 0x0C, 0xBC, 0x2C, 0xBC, 0x4C, 0xC4, 0x6D, 0xC4, 0xAD, 0xCC, 0xAE, 0xCC,
    0xCE, 0xD4, 0xEE, 0xD4, 0xEF, 0xD4, 0x0F, 0xDD, 0x0F, 0xDD, 0x2F, 0xDD, 0x2F, 0xDD, 0x2F, 0xDD,
    0x4F, 0xE5, 0x50, 0xE5, 0x50, 0xE5, 0x50, 0xE5, 0x50, 0xE5, 0x50, 0xE5, 0x50, 0xE5, 0x4F, 0xE5,
    0x4F, 0xE5, 0x2F, 0xDD, 0x2F, 0xDD, 0x0F, 0xDD, 0x0E, 0xDD, 0xEE, 0xD4, 0xCE, 0xD4, 0xAD, 0xCC,
    0x8D, 0xCC, 0x8C, 0xC4, 0x6C, 0xC4, 0x4C, 0xBC, 0x2B, 0xBC, 0x2B, 0xBC, 0x0B, 0xB4, 0x0B, 0xB4,
    0xEA, 0xAB, 0xEA, 0xAB, 0xCA, 0xAB, 0xCA, 0xA3, 0xAA, 0xA3, 0xAA, 0xA3, 0xAA, 0xA3, 0xCA, 0xA3,
    0xC9, 0xAB, 0xA9, 0xB3, 0xC9, 0xB3, 0xC9, 0xB3, 0xC9, 0xBB, 0xC9, 0xBB, 0xC9, 0xB3, 0xC9, 0xB3,
    0xEA, 0xBB, 0xC9, 0xBB, 0xA9, 0xB3, 0xA9, 0xB3, 0xA9, 0xB3, 0xA9, 0xB3, 0x68, 0xAB, 0x28, 0x9B,
    0xC6, 0x92, 0xA6, 0x8A, 0x04, 0x7A, 0x25, 0x72, 0x90, 0xA4, 0x37, 0xCE, 0xB9, 0xD6, 0xDA, 0xD6,
    0xDA, 0xD6, 0xDA, 0xD6, 0xB9, 0xD6, 0x99, 0xD6, 0x78, 0xD6, 0x36, 0xCE, 0xD4, 0xC5, 0xD5, 0xC5,
    0x16, 0xC6, 0x16, 0xCE, 0x94, 0xBD, 0x53, 0xB5, 0xD5, 0xC5, 0xE0, 0x30, 0xC0, 0x28, 0xA0, 0x28,
    0xA0, 0x28, 0x41, 0x39, 0xC2, 0x51, 0xA2, 0x49, 0xA2, 0x49, 0x82, 0x49, 0xE3, 0x51, 0x44, 0x6A,
    0xE3, 0x61, 0x03, 0x6A, 0x24, 0x6A, 0x65, 0x72, 0xA6, 0x7A, 0xC7, 0x82, 0x08, 0x83, 0x08, 0x8B,
    0x28, 0x93, 0x49, 0x93, 0x49, 0x93, 0x69, 0x9B, 0x69, 0x9B, 0x89, 0x9B, 0x8A, 0xA3, 0xAA, 0xA3,
    0xCA, 0xA3, 0xCB, 0xAB, 0xEB, 0xAB, 0xEB, 0xB3, 0x0B, 0xB4, 0x0C, 0xB4, 0x2C, 0xB4, 0x2C, 0xB4,
    0x2C, 0xBC, 0x2C, 0xBC, 0x2C, 0xBC, 0x2C, 0xBC, 0x2C, 0xBC, 0x4C, 0xBC, 0x4C, 0xBC, 0x4C, 0xBC,
    0x4C, 0xBC, 0x4C, 0xBC, 0x4C, 0xBC, 0x2C, 0xBC, 0x4C, 0xBC, 0x2C, 0xBC, 0x4C, 0xBC, 0x4C, 0xBC,
    0x4C, 0xBC, 0x4C, 0xC4, 0x6D, 0xC4, 0x6D, 0xC4, 0xAD, 0xCC, 0xAE, 0xCC, 0xCE, 0xD4, 0xEE, 0xD4,
    0xEF, 0xD4, 0x0F, 0xDD, 0x0F, 0xDD, 0x2F, 0xDD, 0x2F, 0xDD, 0x2F, 0xDD, 0x2F, 0xDD, 0x50, 0xE5,
    0x50, 0xE5, 0x50, 0xE5, 0x50, 0xE5, 0x50, 0xE5, 0x50, 0xE5, 0x50, 0xE5, 0x4F, 0xE5, 0x4F, 0xE5,
    0x2F, 0xDD, 0x2F, 0xDD, 0x0F, 0xDD, 0x0E, 0xD5, 0xEE, 0xD4, 0xCD, 0xCC, 0xAD, 0xCC, 0x8D, 0xCC,
    0x6C, 0xC4, 0x4C, 0xBC, 0x4C, 0xBC, 0x2B, 0xBC, 0x0B, 0xB4, 0xEA, 0xAB, 0xEA, 0xAB, 0xCA, 0xAB,
    0xAA, 0xA3, 0xAA, 0xA3, 0xAA, 0xA3, 0xA9, 0xA3, 0xAA, 0xA3, 0xA9, 0xA3, 0xA9, 0xAB, 0xA9, 0xB3,
    0xC9, 0xB3, 0xC9, 0xB3, 0xC9, 0xB3, 0xC9, 0xBB, 0xC9, 0xB3, 0xC9, 0xB3, 0xC9, 0xBB, 0xC9, 0xBB,
    0xA9, 0xB3, 0xA9, 0xB3, 0xA9, 0xB3, 0xA9, 0xB3, 0x68, 0xAB, 0x27, 0x9B, 0xC6, 0x92, 0x86, 0x8A,
    0x04, 0x7A, 0xE4, 0x69, 0x0E, 0x94, 0x16, 0xC6, 0x99, 0xD6, 0xB9, 0xD6, 0xD9, 0xD6, 0xBA, 0xD6,
    0xB9, 0xD6, 0x98, 0xD6, 0x57, 0xCE, 0x16, 0xCE, 0xB4, 0xC5, 0xB4, 0xC5, 0xD5, 0xC5, 0xF5, 0xC5,
    0x94, 0xBD, 0x12, 0xAD, 0x93, 0xBD, 0x73, 0xBD, 0xE0, 0x30, 0xC0, 0x28, 0xA0, 0x28, 0xE0, 0x28,
    0x82, 0x49, 0xC3, 0x51, 0xA2, 0x49, 0xA2, 0x49, 0xA2, 0x49, 0x82, 0x49, 0x24, 0x62, 0x24, 0x6A,
    0x03, 0x62, 0x24, 0x6A, 0x44, 0x72, 0x86, 0x7A, 0xC7, 0x82, 0xE7, 0x82, 0x08, 0x8B, 0x28, 0x93,
    0x49, 0x93, 0x69, 0x93, 0x69, 0x9B, 0x89, 0x9B, 0xAA, 0xA3, 0xAA, 0xA3, 0xCA, 0xAB, 0xEB, 0xAB,
    0xEB, 0xAB, 0x0B, 0xB4, 0x2C, 0xB4, 0x2C, 0xB4, 0x4C, 0xBC, 0x4C, 0xBC, 0x4C, 0xBC, 0x4C, 0xBC,
    0x6D, 0xBC, 0x6D, 0xC4, 0x6D, 0xC4, 0x6D, 0xC4, 0x6D, 0xC4, 0x6D, 0xC4, 0x6D, 0xC4, 0x8D, 0xC4,
    0x8D, 0xC4, 0x8D, 0xC4, 0x8D, 0xC4, 0x8D, 0xC4, 0x8D, 0xC4, 0x8D, 0xCC, 0x8D, 0xCC, 0xAE, 0xCC,
    0xAE, 0xCC, 0xAE, 0xCC, 0xAE, 0xCC, 0xCE, 0xD4, 0xCE, 0xD4, 0xEE, 0xD4, 0xEF, 0xD4, 0x0F, 0xDD,
    0x0F, 0xDD, 0x2F, 0xDD, 0x2F, 0xDD, 0x2F, 0xDD, 0x50, 0xE5, 0x50, 0xE5, 0x50, 0xE5, 0x50, 0xE5,
    0x50, 0xE5, 0x50, 0xE5, 0x50, 0xE5, 0x50, 0xE5, 0x50, 0xE5, 0x4F, 0xE5, 0x2F, 0xE5, 0x2F, 0xDD,
    0x2F, 0xDD, 0x0E, 0xDD, 0xEE, 0xD4, 0xCE, 0xD4, 0xAD, 0xCC, 0x8D, 0xCC, 0x8C, 0xC4, 0x6C, 0xC4,
    0x4C, 0xBC, 0x2B, 0xB4, 0x0B, 0xB4, 0xEA, 0xAB, 0xCA, 0xAB, 0xAA, 0xA3, 0xA9, 0xA3, 0xA9, 0xA3,
    0x8A, 0x9B, 0x89, 0xA3, 0x89, 0xA3, 0x89, 0xA3, 0x89, 0xAB, 0xA9, 0xAB, 0xA9, 0xB3, 0xA9, 0xB3,
    0xC9, 0xB3, 0xC9, 0xB3, 0xC9, 0xB3, 0xA9, 0xB3, 0xC9, 0xB3, 0xC9, 0xB3, 0xA9, 0xB3, 0xA9, 0xAB,
    0xA9, 0xB3, 0xA9, 0xB3, 0x68, 0xAB, 0x27, 0x9B, 0xC7, 0x92, 0x86, 0x8A, 0x24, 0x7A, 0xA3, 0x69,
    0x8C, 0x8B, 0xB5, 0xBD, 0x78, 0xCE, 0x99, 0xD6, 0xB9, 0xD6, 0xB9, 0xD6, 0x99, 0xD6, 0x78, 0xD6,
    0x57, 0xCE, 0xF5, 0xC5, 0x93, 0xBD, 0xB4, 0xBD, 0xB4, 0xC5, 0xB4, 0xC5, 0x94, 0xBD, 0xF1, 0xAC,
    0x52, 0xB5, 0x52, 0xBD, 0x11, 0xB5, 0xC0, 0x28, 0xA0, 0x28, 0xA0, 0x28, 0x21, 0x39, 0xC3, 0x51,
    0xC3, 0x51, 0xA2, 0x49, 0xA2, 0x49, 0xA2, 0x49, 0xA2, 0x49, 0xC3, 0x49, 0x45, 0x6A, 0x23, 0x6A,
    0x03, 0x6A, 0x24, 0x6A, 0x65, 0x72, 0xA6, 0x7A, 0xE7, 0x82, 0x08, 0x8B, 0x28, 0x93, 0x49, 0x93,
    0x69, 0x9B, 0x69, 0x9B, 0xAA, 0x9B, 0xAA, 0xA3, 0xCB, 0xA3, 0xEB, 0xAB, 0x0B, 0xAC, 0x0C, 0xB4,
    0x2C, 0xB4, 0x4C, 0xBC, 0x4C, 0xBC, 0x6D, 0xBC, 0x6D, 0xBC, 0x6D, 0xC4, 0x6D, 0xC4, 0x6D, 0xC4,
    0x8D, 0xC4, 0x8D, 0xC4, 0x8D, 0xC4, 0x8D, 0xC4, 0x8D, 0xC4, 0x8D, 0xCC, 0xAD, 0xCC, 0xAE, 0xCC,
    0xAE, 0xCC, 0xCE, 0xCC, 0xCE, 0xCC, 0xCE, 0xCC, 0xCE, 0xCC, 0xCE, 0xD4, 0xCE, 0xD4, 0xEE, 0xD4,
    0xEE, 0xD4, 0xEF, 0xD4, 0xEF, 0xD4, 0x0F, 0xD5, 0x0F, 0xD5, 0x0F, 0xDD, 0x0F, 0xDD, 0x2F, 0xDD,
    0x2F, 0xDD, 0x2F, 0xDD, 0x4F, 0xE5, 0x50, 0xE5, 0x50, 0xE5, 0x50, 0xE5, 0x50, 0xE5, 0x50, 0xE5,
    0x50, 0xE5, 0x50, 0xE5, 0x50, 0xE5, 0x4F, 0xE5, 0x4F, 0xE5, 0x2F, 0xDD, 0x2F, 0xDD, 0x0E, 0xDD,
    0xEE, 0xD4, 0xCE, 0xD4, 0xCD, 0xCC, 0xAD, 0xCC, 0x8C, 0xC4, 0x6C, 0xC4, 0x4C, 0xBC, 0x2B, 0xB4,
    0x0B, 0xB4, 0xEA, 0xAB, 0xCA, 0xA3, 0xA9, 0xA3, 0xA9, 0xA3, 0x89, 0x9B, 0x89, 0x9B, 0x69, 0xA3,
    0x68, 0xA3, 0x88, 0xA3, 0x89, 0xAB, 0xA9, 0xAB, 0xA9, 0xB3, 0xA9, 0xB3, 0xC9, 0xB3, 0xC9, 0xB3,
    0xC9, 0xBB, 0xA9, 0xB3, 0xA9, 0xB3, 0xC9, 0xB3, 0xA9, 0xB3, 0x89, 0xAB, 0x89, 0xAB, 0x88, 0xAB,
    0x88, 0xAB, 0x28, 0xA3, 0xE7, 0x92, 0x86, 0x8A, 0x24, 0x7A, 0x82, 0x69, 0xE9, 0x7A, 0x54, 0xB5,
    0x57, 0xCE, 0x78, 0xCE, 0x99, 0xD6, 0x99, 0xD6, 0x78, 0xD6, 0x78, 0xCE, 0x37, 0xCE, 0xD5, 0xC5,
    0x73, 0xBD, 0x93, 0xBD, 0x94, 0xBD, 0x94, 0xBD, 0x73, 0xBD, 0xF1, 0xAC, 0x11, 0xB5, 0x32, 0xB5,
    0xF0, 0xB4, 0xCF, 0xB4, 0xC0, 0x28, 0xA0, 0x28, 0xC0, 0x28, 0x82, 0x41, 0xE3, 0x51, 0xC3, 0x51,
    0xA3, 0x49, 0xA3, 0x51, 0xC3, 0x51, 0xC3, 0x49, 0xA2, 0x49, 0x04, 0x5A, 0x64, 0x6A, 0x03, 0x6A,
    0x23, 0x6A, 0x44, 0x72, 0x85, 0x7A, 0xC7, 0x82, 0x07, 0x8B, 0x28, 0x8B, 0x49, 0x93, 0x69, 0x9B,
    0x8A, 0x9B, 0x8A, 0xA3, 0xCA, 0xA3, 0xEB, 0xAB, 0xEB, 0xAB, 0x0C, 0xB4, 0x2C, 0xB4, 0x2C, 0xB4,
    0x4C, 0xBC, 0x6D, 0xBC, 0x6D, 0xBC, 0x6D, 0xC4, 0x8D, 0xC4, 0x8D, 0xC4, 0x8D, 0xC4, 0x8D, 0xC4,
    0x8D, 0xC4, 0x8D, 0xCC, 0x8D, 0xCC, 0xAE, 0xCC, 0xAE, 0xCC, 0xAE, 0xCC, 0xCE, 0xCC, 0xCE, 0xCC,
    0xCE, 0xD4, 0xEF, 0xD4, 0xEF, 0xD4, 0xEF, 0xD4, 0xEF, 0xD4, 0x0F, 0xD5, 0x0F, 0xD5, 0x0F, 0xD5,
    0x0F, 0xD5, 0x0F, 0xDD, 0x0F, 0xDD, 0x2F, 0xDD, 0x2F, 0xDD, 0x2F, 0xDD, 0x50, 0xDD, 0x2F, 0xDD,
    0x4F, 0xE5, 0x50, 0xE5, 0x50, 0xE5, 0x50, 0xE5, 0x50, 0xE5, 0x50, 0xE5, 0x50, 0xE5, 0x50, 0xE5,
    0x50, 0xE5, 0x4F, 0xE5, 0x4F, 0xE5, 0x2F, 0xDD, 0x2F, 0xDD, 0x0F, 0xDD, 0x0E, 0xD5, 0xEE, 0xD4,
    0xCD, 0xCC, 0xAD, 0xCC, 0x8C, 0xC4, 0x4C, 0xC4, 0x2B, 0xBC, 0x0B, 0xB4, 0xEA, 0xAB, 0xCA, 0xAB,
    0xAA, 0xA3, 0xA9, 0xA3, 0x89, 0x9B, 0x69, 0x9B, 0x69, 0x9B, 0x68, 0xA3, 0x68, 0xA3, 0x89, 0xA3,
    0x89, 0xAB, 0x89, 0xAB, 0xA9, 0xB3, 0xA9, 0xB3, 0xA9, 0xB3, 0xA9, 0xB3, 0xA9, 0xB3, 0xA9, 0xB3,
    0xA9, 0xAB, 0xA9, 0xB3, 0xA9, 0xB3, 0x89, 0xAB, 0x89, 0xAB, 0x88, 0xAB, 0x68, 0xAB, 0x28, 0xA3,
    0xE7, 0x92, 0x86, 0x8A, 0x44, 0x7A, 0x82, 0x69, 0x46, 0x6A, 0xF2, 0xA4, 0x17, 0xC6, 0x58, 0xCE,
    0x78, 0xCE, 0x78, 0xCE, 0x58, 0xCE, 0x37, 0xCE, 0x16, 0xC6, 0xB4, 0xBD, 0x53, 0xBD, 0x73, 0xBD,
    0x93, 0xBD, 0x73, 0xBD, 0x73, 0xB5, 0xF1, 0xAC, 0xD0, 0xAC, 0x11, 0xB5, 0xCF, 0xB4, 0xAF, 0xAC,
    0x6E, 0xAC, 0xA0, 0x28, 0xA0, 0x28, 0x01, 0x31, 0xC3, 0x49, 0xE3, 0x51, 0xC3, 0x51, 0xC3, 0x51,
    0xC3, 0x51, 0xC3, 0x51, 0xC3, 0x51, 0xC3, 0x51, 0xA3, 0x49, 0x24, 0x62, 0x44, 0x6A, 0x03, 0x6A,
    0x24, 0x6A, 0x65, 0x72, 0xA6, 0x7A, 0xE7, 0x82, 0x08, 0x8B, 0x29, 0x93, 0x49, 0x93, 0x89, 0x9B,
    0xAA, 0xA3, 0xCA, 0xA3, 0xEB, 0xAB, 0x0B, 0xAC, 0x0C, 0xB4, 0x2C, 0xB4, 0x4C, 0xBC, 0x4D, 0xBC,
    0x6D, 0xBC, 0x6D, 0xC4, 0x8D, 0xC4, 0x8D, 0xC4, 0x8D, 0xC4, 0x8D, 0xC4, 0x8D, 0xCC, 0x8D, 0xCC,
    0x8D, 0xCC, 0x8D, 0xCC, 0xAE, 0xCC, 0xAE, 0xCC, 0xAE, 0xCC, 0xCE, 0xCC, 0xCE, 0xD4, 0xEF, 0xD4,
    0xEF, 0xD4, 0x0F, 0xD5, 0x0F, 0xDD, 0x0F, 0xDD, 0x2F, 0xDD, 0x2F, 0xDD, 0x2F, 0xDD, 0x2F, 0xDD,
    0x30, 0xDD, 0x2F, 0xDD, 0x50, 0xDD, 0x30, 0xDD, 0x50, 0xDD, 0x50, 0xE5, 0x50, 0xE5, 0x50, 0xE5,
    0x50, 0xE5, 0x50, 0xE5, 0x50, 0xE5, 0x70, 0xE5, 0x70, 0xE5, 0x50, 0xE5, 0x50, 0xE5, 0x4F, 0xE5,
    0x4F, 0xE5, 0x4F, 0xDD, 0x2F, 0xDD, 0x0F, 0xDD, 0x0E, 0xD5, 0xEE, 0xD4, 0xCD, 0xCC, 0xAD, 0xCC,
    0x6C, 0xC4, 0x4C, 0xBC, 0x2B, 0xBC, 0x0B, 0xB4, 0xCA, 0xAB, 0xAA, 0xA3, 0xA9, 0xA3, 0x89, 0x9B,
    0x69, 0x9B, 0x48, 0x9B, 0x48, 0x9B, 0x68, 0xA3, 0x69, 0xA3, 0x89, 0xA3, 0x89, 0xAB, 0x89, 0xAB,
    0xA9, 0xAB, 0xA9, 0xB3, 0xA9, 0xB3, 0xA9, 0xB3, 0xA9, 0xB3, 0xA9, 0xB3, 0x89, 0xAB, 0x89, 0xAB,
    0xA9, 0xB3, 0x89, 0xAB, 0x68, 0xAB, 0x68, 0xAB, 0x68, 0xAB, 0x27, 0x9B, 0xE7, 0x92, 0x86, 0x8A,
    0x44, 0x82, 0xA2, 0x69, 0xA3, 0x61, 0x2F, 0x94, 0xD6, 0xC5, 0x37, 0xCE, 0x58, 0xCE, 0x58, 0xCE,
    0x57, 0xCE, 0x37, 0xCE, 0xD5, 0xC5, 0x73, 0xBD, 0x52, 0xBD, 0x73, 0xBD, 0x73, 0xBD, 0x52, 0xB5,
    0x52, 0xB5, 0xD0, 0xAC, 0x8F, 0xA4, 0xD0, 0xAC, 0xAF, 0xAC, 0x6E, 0xAC, 0x4D, 0xA4, 0x6D, 0xAC,
    0xA0, 0x28, 0xC0, 0x28, 0x62, 0x41, 0xE3, 0x51, 0xE3, 0x51, 0xC3, 0x51, 0xC3, 0x51, 0xC3, 0x51,
    0xC3, 0x51, 0xC3, 0x51, 0xE3, 0x51, 0xC3, 0x51, 0xE3, 0x51, 0x65, 0x6A, 0x44, 0x6A, 0x03, 0x6A,
    0x44, 0x72, 0x65, 0x7A, 0xA6, 0x7A, 0xE7, 0x8A, 0x28, 0x8B, 0x49, 0x93, 0x69, 0x9B, 0xAA, 0xA3,
    0xCA, 0xA3, 0xEB, 0xAB, 0x0B, 0xAC, 0x2C, 0xB4, 0x4C, 0xB4, 0x4C, 0xBC, 0x6D, 0xBC, 0x6D, 0xC4,
    0x8D, 0xC4, 0x8D, 0xC4, 0x8D, 0xC4, 0x8D, 0xC4, 0x8D, 0xCC, 0xAD, 0xCC, 0x8D, 0xCC, 0x8D, 0xCC,
    0x8D, 0xCC, 0xAD, 0xCC, 0xAD, 0xCC, 0xAE, 0xCC, 0xCE, 0xCC, 0xCE, 0xD4, 0xEF, 0xD4, 0xEF, 0xD4,
    0x0F, 0xDD, 0x30, 0xDD, 0x30, 0xDD, 0x30, 0xDD, 0x50, 0xDD, 0x50, 0xDD, 0x50, 0xDD, 0x50, 0xDD,
    0x50, 0xDD, 0x50, 0xE5, 0x50, 0xE5, 0x50, 0xE5, 0x50, 0xE5, 0x50, 0xE5, 0x70, 0xE5, 0x70, 0xE5,
    0x70, 0xE5, 0x70, 0xE5, 0x70, 0xE5, 0x50, 0xE5, 0x50, 0xE5, 0x4F, 0xE5, 0x4F, 0xE5, 0x2F, 0xDD,
    0x2F, 0xDD, 0x0F, 0xDD, 0x0E, 0xD5, 0xEE, 0xD4, 0xCD, 0xCC, 0xAD, 0xCC, 0x8C, 0xC4, 0x4C, 0xBC,
    0x2B, 0xB4, 0x0B, 0xB4, 0xCA, 0xAB, 0xAA, 0xA3, 0x89, 0x9B, 0x69, 0x9B, 0x48, 0x9B, 0x48, 0x9B,
    0x68, 0x9B, 0x69, 0xA3, 0x69, 0xA3, 0x89, 0xAB, 0x89, 0xAB, 0x89, 0xAB, 0xA9, 0xAB, 0xA9, 0xAB,
    0xA9, 0xB3, 0xA9, 0xB3, 0xA9, 0xB3, 0xA9, 0xB3, 0xA9, 0xB3, 0x89, 0xAB, 0x89, 0xAB, 0x88, 0xAB,
    0x68, 0xA3, 0x68, 0xAB, 0x48, 0xA3, 0x27, 0x9B, 0xE7, 0x92, 0xA6, 0x8A, 0x44, 0x82, 0xC3, 0x71,
    0x62, 0x61, 0x6B, 0x83, 0x74, 0xB5, 0xF6, 0xC5, 0x37, 0xCE, 0x37, 0xCE, 0x37, 0xC6, 0x16, 0xC6,
    0xD4, 0xC5, 0x52, 0xBD, 0x32, 0xB5, 0x73, 0xBD, 0x53, 0xBD, 0x32, 0xB5, 0x32, 0xB5, 0xF1, 0xAC,
    0x6E, 0xA4, 0x8F, 0xAC, 0x8E, 0xAC, 0x4D, 0xA4, 0x4D, 0xA4, 0x8E, 0xAC, 0x73, 0xB5, 0xA0, 0x28,
    0xE1, 0x30, 0xA3, 0x49, 0xE3, 0x51, 0xE3, 0x51, 0xE3, 0x51, 0xE3, 0x51, 0xE3, 0x51, 0xE3, 0x51,
    0xE3, 0x51, 0xE3, 0x51, 0xE4, 0x51, 0xE4, 0x51, 0xE3, 0x51, 0x65, 0x6A, 0x44, 0x72, 0x24, 0x6A,
    0x44, 0x72, 0x85, 0x7A, 0xC7, 0x82, 0x07, 0x8B, 0x28, 0x93, 0x69, 0x9B, 0x8A, 0x9B, 0xAA, 0xA3,
    0xCB, 0xAB, 0x0B, 0xAC, 0x2C, 0xB4, 0x4C, 0xB4, 0x4C, 0xBC, 0x6D, 0xBC, 0x6D, 0xC4, 0x8D, 0xC4,
    0x8D, 0xC4, 0x8D, 0xC4, 0x8D, 0xC4, 0x8D, 0xCC, 0x8D, 0xCC, 0x8D, 0xCC, 0x8D, 0xCC, 0x8D, 0xCC,
    0x8D, 0xCC, 0xAE, 0xCC, 0xAE, 0xCC, 0xCE, 0xD4, 0xEE, 0xD4, 0xEF, 0xD4, 0x0F, 0xD5, 0x0F, 0xDD,
    0x30, 0xDD, 0x30, 0xDD, 0x50, 0xDD, 0x50, 0xDD, 0x50, 0xE5, 0x50, 0xE5, 0x50, 0xE5, 0x50, 0xE5,
    0x70, 0xE5, 0x70, 0xE5, 0x70, 0xE5, 0x70, 0xE5, 0x70, 0xE5, 0x70, 0xE5, 0x70, 0xE5, 0x70, 0xE5,
    0x70, 0xE5, 0x50, 0xE5, 0x50, 0xE5, 0x50, 0xE5, 0x4F, 0xE5, 0x2F, 0xDD, 0x2F, 0xDD, 0x0F, 0xDD,
    0x0E, 0xD5, 0xEE, 0xD4, 0xCD, 0xCC, 0x8D, 0xCC, 0x6C, 0xC4, 0x4C, 0xBC, 0x2B, 0xB4, 0xEB, 0xAB,
    0xCA, 0xA3, 0x89, 0x9B, 0x69, 0x9B, 0x48, 0x9B, 0x48, 0x9B, 0x68, 0x9B, 0x69, 0xA3, 0x69, 0xA3,
    0x69, 0xA3, 0x89, 0xA3, 0x89, 0xAB, 0x89, 0xAB, 0x89, 0xAB, 0xA9, 0xAB, 0xA9, 0xAB, 0xA9, 0xB3,
    0xA9, 0xB3, 0xA9, 0xB3, 0x88, 0xB3, 0x89, 0xAB, 0x89, 0xAB, 0x88, 0xAB, 0x68, 0xA3, 0x68, 0xAB,
    0x48, 0xA3, 0x27, 0x9B, 0xE6, 0x92, 0xA6, 0x8A, 0x45, 0x82, 0xE3, 0x71, 0x41, 0x61, 0x88, 0x72,
    0xF1, 0xA4, 0xB5, 0xBD, 0xF6, 0xC5, 0x16, 0xC6, 0xF6, 0xC5, 0xD5, 0xC5, 0x93, 0xBD, 0x32, 0xB5,
    0x32, 0xB5, 0x52, 0xB5, 0x32, 0xB5, 0x32, 0xB5, 0x12, 0xB5, 0xD0, 0xAC, 0x4E, 0xA4, 0x6E, 0xA4,
    0x4D, 0xA4, 0x2D, 0xA4, 0x4D, 0xA4, 0xF1, 0xB4, 0xD5, 0xBD, 0x37, 0xCE, 0xC0, 0x28, 0x21, 0x39,
    0xE3, 0x51, 0xE3, 0x51, 0xE3, 0x51, 0xE3, 0x51, 0xE3, 0x51, 0xE3, 0x51, 0xE3, 0x51, 0x04, 0x52,
    0x04, 0x52, 0x04, 0x52, 0x04, 0x52, 0xE4, 0x51, 0xC3, 0x49, 0x65, 0x6A, 0x44, 0x72, 0x24, 0x72,
    0x65, 0x7A, 0x85, 0x7A, 0xC6, 0x82, 0x08, 0x8B, 0x48, 0x93, 0x69, 0x9B, 0xAA, 0xA3, 0xCA, 0xA3,
    0xEB, 0xAB, 0x0C, 0xB4, 0x2C, 0xB4, 0x4C, 0xBC, 0x4D, 0xBC, 0x6D, 0xBC, 0x6D, 0xC4, 0x8D, 0xC4,
    0x8D, 0xC4, 0x8D, 0xC4, 0x8D, 0xC4, 0x8D, 0xCC, 0x8D, 0xCC, 0x8D, 0xCC, 0x8D, 0xCC, 0x8D, 0xCC,
    0x8D, 0xCC, 0xAE, 0xCC, 0xCE, 0xD4, 0xCE, 0xD4, 0xEF, 0xD4, 0x0F, 0xD5, 0x2F, 0xDD, 0x30, 0xDD,
    0x30, 0xDD, 0x50, 0xDD, 0x50, 0xE5, 0x50, 0xE5, 0x50, 0xE5, 0x70, 0xE5, 0x70, 0xE5, 0x50, 0xE5,
    0x50, 0xE5, 0x70, 0xE5, 0x70, 0xE5, 0x70, 0xE5, 0x70, 0xE5, 0x70, 0xE5, 0x70, 0xE5, 0x70, 0xE5,
    0x50, 0xE5, 0x4F, 0xE5, 0x4F, 0xE5, 0x2F, 0xDD, 0x2F, 0xDD, 0x0F, 0xDD, 0xEE, 0xD4, 0xEE, 0xD4,
    0xAD, 0xCC, 0x8D, 0xC4, 0x6C, 0xC4, 0x2C, 0xBC, 0x0B, 0xB4, 0xCA, 0xAB, 0x89, 0xA3, 0x69, 0x9B,
    0x48, 0x9B, 0x48, 0x9B, 0x48, 0x9B, 0x68, 0x9B, 0x68, 0xA3, 0x69, 0xA3, 0x69, 0xA3, 0x89, 0xA3,
    0x89, 0xAB, 0x89, 0xAB, 0x89, 0xAB, 0x89, 0xAB, 0x89, 0xAB, 0x89, 0xAB, 0x89, 0xAB, 0x89, 0xAB,
    0x88, 0xAB, 0x88, 0xAB, 0x68, 0xA3, 0x68, 0xA3, 0x68, 0xA3, 0x48, 0xA3, 0x48, 0xA3, 0x07, 0x9B,
    0xC6, 0x92, 0x86, 0x8A, 0x45, 0x7A, 0xE3, 0x71, 0x41, 0x61, 0xC4, 0x61, 0x2E, 0x94, 0x53, 0xB5,
    0xB5, 0xBD, 0xD5, 0xBD, 0xD5, 0xBD, 0xB4, 0xBD, 0x53, 0xBD, 0x11, 0xB5, 0x11, 0xB5, 0x32, 0xB5,
    0x32, 0xB5, 0x11, 0xB5, 0x11, 0xB5, 0xD0, 0xAC, 0x4E, 0xA4, 0x4D, 0xA4, 0x2D, 0xA4, 0x2C, 0xA4,
    0x8E, 0xAC, 0x52, 0xB5, 0xF6, 0xC5, 0x37, 0xCE, 0x57, 0xCE, 0xC0, 0x28, 0x62, 0x41, 0x04, 0x5A,
    0x04, 0x52, 0xE4, 0x51, 0xE4, 0x51, 0x04, 0x52, 0x04, 0x52, 0x04, 0x52, 0x04, 0x5A, 0x04, 0x5A,
    0x04, 0x5A, 0x04, 0x5A, 0x24, 0x5A, 0x83, 0x41, 0x62, 0x41, 0x65, 0x72, 0x44, 0x72, 0x24, 0x72,
    0x65, 0x7A, 0x86, 0x7A, 0xC7, 0x82, 0x08, 0x93, 0x49, 0x9B, 0x8A, 0x9B, 0xAA, 0xA3, 0xEB, 0xAB,
    0x0B, 0xB4, 0x2C, 0xB4, 0x2C, 0xB4, 0x4C, 0xBC, 0x6D, 0xBC, 0x6D, 0xC4, 0x6D, 0xC4, 0x8D, 0xC4,
    0x8D, 0xC4, 0x8D, 0xC4, 0x8D, 0xC4, 0x8D, 0xCC, 0x8D, 0xCC, 0x8D, 0xCC, 0x8D, 0xCC, 0x8D, 0xCC,
    0xAD, 0xCC, 0xAE, 0xCC, 0xCE, 0xD4, 0xEF, 0xD4, 0x0F, 0xD5, 0x0F, 0xDD, 0x30, 0xDD, 0x30, 0xDD,
    0x50, 0xDD, 0x50, 0xE5, 0x70, 0xE5, 0x50, 0xE5, 0x70, 0xE5, 0x70, 0xE5, 0x70, 0xE5, 0x70, 0xE5,
    0x70, 0xE5, 0x70, 0xE5, 0x70, 0xE5, 0x70, 0xE5, 0x70, 0xE5, 0x70, 0xE5, 0x50, 0xE5, 0x4F, 0xE5,
    0x4F, 0xE5, 0x2F, 0xDD, 0x2F, 0xDD, 0x0E, 0xDD, 0xEE, 0xD4, 0xCE, 0xD4, 0xAD, 0xCC, 0x8D, 0xC4,
    0x4C, 0xBC, 0x2C, 0xBC, 0x0B, 0xB4, 0xAA, 0xA3, 0x69, 0x9B, 0x49, 0x93, 0x49, 0x9B, 0x49, 0x9B,
    0x69, 0x9B, 0x69, 0x9B, 0x68, 0xA3, 0x69, 0xA3, 0x69, 0xA3, 0x69, 0xA3, 0x89, 0xA3, 0x89, 0xAB,
    0x89, 0xAB, 0x89, 0xAB, 0x89, 0xAB, 0x88, 0xAB, 0x88, 0xAB, 0x88, 0xAB, 0x88, 0xAB, 0x68, 0xAB,
    0x68, 0xA3, 0x48, 0xA3, 0x48, 0xA3, 0x48, 0xA3, 0x27, 0x9B, 0x07, 0x9B, 0xC6, 0x92, 0x86, 0x8A,
    0x45, 0x7A, 0xE3, 0x71, 0x61, 0x61, 0x62, 0x59, 0x6B, 0x83, 0xF1, 0xAC, 0x73, 0xB5, 0x94, 0xBD,
    0x94, 0xBD, 0x73, 0xBD, 0x32, 0xB5, 0xD0, 0xAC, 0xF1, 0xB4, 0x11, 0xB5, 0x11, 0xB5, 0xF1, 0xAC,
    0xF1, 0xAC, 0xB0, 0xAC, 0x4E, 0xA4, 0x0C, 0xA4, 0x0C, 0xA4, 0x2D, 0xA4, 0xD0, 0xAC, 0x94, 0xBD,
    0x16, 0xC6, 0x37, 0xCE, 0x57, 0xCE, 0x78, 0xCE, 0x01, 0x31, 0xC3, 0x49, 0x24, 0x5A, 0x04, 0x5A,
    0x04, 0x5A, 0x04, 0x5A, 0x04, 0x5A, 0x04, 0x5A, 0x24, 0x5A, 0x24, 0x5A, 0x25, 0x5A, 0x25, 0x5A,
    0x25, 0x5A, 0x25, 0x5A, 0xE4, 0x51, 0xE1, 0x30, 0x01, 0x39, 0x64, 0x72, 0x44, 0x72, 0x24, 0x72,
    0x65, 0x7A, 0x86, 0x82, 0xC7, 0x8A, 0x28, 0x93, 0x49, 0x9B, 0x8A, 0xA3, 0xCA, 0xA3, 0xEB, 0xAB,
    0x0C, 0xB4, 0x2C, 0xB4, 0x2C, 0xBC, 0x4C, 0xBC, 0x6D, 0xC4, 0x6D, 0xC4, 0x6D, 0xC4, 0x8D, 0xC4,
    0x6D, 0xC4, 0x6D, 0xC4, 0x6D, 0xC4, 0x6D, 0xC4, 0x6D, 0xC4, 0x6D, 0xCC, 0x8D, 0xCC, 0xAD, 0xCC,
    0xAE, 0xCC, 0xCE, 0xD4, 0xEF, 0xD4, 0x0F, 0xD5, 0x0F, 0xDD, 0x30, 0xDD, 0x30, 0xDD, 0x50, 0xDD,
    0x50, 0xE5, 0x50, 0xE5, 0x50, 0xE5, 0x50, 0xE5, 0x50, 0xE5, 0x70, 0xE5, 0x70, 0xE5, 0x70, 0xE5,
    0x70, 0xE5, 0x70, 0xE5, 0x70, 0xE5, 0x50, 0xE5, 0x50, 0xE5, 0x50, 0xE5, 0x4F, 0xE5, 0x2F, 0xDD,
    0x2F, 0xDD, 0x0E, 0xDD, 0xEE, 0xD4, 0xCD, 0xD4, 0xAD, 0xCC, 0x8D, 0xC4, 0x4C, 0xBC, 0x2B, 0xB4,
    0xCA, 0xAB, 0x89, 0x9B, 0x49, 0x93, 0x49, 0x9B, 0x69, 0x9B, 0x69, 0x9B, 0x69, 0x9B, 0x69, 0xA3,
    0x69, 0xA3, 0x68, 0xA3, 0x69, 0xA3, 0x69, 0xA3, 0x69, 0xA3, 0x69, 0xA3, 0x69, 0xA3, 0x69, 0xAB,
    0x68, 0xAB, 0x68, 0xAB, 0x68, 0xAB, 0x68, 0xAB, 0x68, 0xAB, 0x68, 0xAB, 0x48, 0xA3, 0x48, 0x9B,
    0x48, 0xA3, 0x27, 0x9B, 0x07, 0x9B, 0xE7, 0x92, 0xC6, 0x8A, 0x85, 0x82, 0x45, 0x7A, 0xE3, 0x71,
    0x82, 0x69, 0x21, 0x59, 0xC8, 0x72, 0x90, 0xA4, 0x32, 0xB5, 0x53, 0xB5, 0x53, 0xB5, 0x52, 0xB5,
    0x11, 0xB5, 0xB0, 0xAC, 0xD0, 0xAC, 0xF1, 0xB4, 0xF1, 0xAC, 0xF1, 0xAC, 0xD0, 0xAC, 0xAF, 0xAC,
    0x4D, 0xA4, 0x0C, 0x9C, 0x0C, 0x9C, 0x6E, 0xA4, 0x32, 0xB5, 0xB5, 0xBD, 0x16, 0xC6, 0x37, 0xC6,
    0x57, 0xCE, 0x78, 0xCE, 0x78, 0xCE, 0x21, 0x39, 0x04, 0x52, 0x45, 0x5A, 0x24, 0x5A, 0x24, 0x5A,
    0x24, 0x5A, 0x25, 0x5A, 0x25, 0x5A, 0x25, 0x5A, 0x45, 0x5A, 0x45, 0x5A, 0x45, 0x5A, 0x45, 0x5A,
    0x45, 0x5A, 0x05, 0x52, 0x42, 0x39, 0x40, 0x18, 0xE1, 0x30, 0x44, 0x6A, 0x44, 0x72, 0x24, 0x72,
    0x65, 0x7A, 0xA6, 0x82, 0xE7, 0x8A, 0x28, 0x93, 0x69, 0x9B, 0x8A, 0xA3, 0xCB, 0xAB, 0xEB, 0xAB,
    0x0B, 0xB4, 0x2C, 0xBC, 0x2C, 0xBC, 0x4C, 0xBC, 0x4C, 0xC4, 0x6D, 0xC4, 0x6D, 0xC4, 0x6D, 0xC4,
    0x6D, 0xC4, 0x6D, 0xC4, 0x6C, 0xC4, 0x6D, 0xC4, 0x6D, 0xCC, 0x8D, 0xCC, 0x8D, 0xCC, 0xAE, 0xCC,
    0xCE, 0xD4, 0xEE, 0xD4, 0xEF, 0xD4, 0x0F, 0xDD, 0x0F, 0xDD, 0x2F, 0xDD, 0x30, 0xDD, 0x50, 0xE5,
    0x50, 0xE5, 0x50, 0xE5, 0x50, 0xE5, 0x50, 0xE5, 0x50, 0xE5, 0x50, 0xE5, 0x50, 0xE5, 0x70, 0xE5,
    0x50, 0xE5, 0x50, 0xE5, 0x50, 0xE5, 0x4F, 0xE5, 0x2F, 0xE5, 0x2F, 0xDD, 0x2F, 0xDD, 0x0E, 0xDD,
    0xEE, 0xD4, 0xCD, 0xCC, 0xAD, 0xCC, 0x8C, 0xC4, 0x4C, 0xBC, 0x0B, 0xB4, 0xAA, 0xA3, 0x49, 0x93,
    0x49, 0x93, 0x49, 0x9B, 0x49, 0x9B, 0x69, 0x9B, 0x69, 0x9B, 0x69, 0x9B, 0x69, 0xA3, 0x68, 0xA3,
    0x68, 0xA3, 0x68, 0xA3, 0x68, 0xA3, 0x68, 0xA3, 0x68, 0xA3, 0x68, 0xA3, 0x68, 0xA3, 0x68, 0xAB,
    0x68, 0xAB, 0x68, 0xAB, 0x48, 0xA3, 0x48, 0xA3, 0x48, 0xA3, 0x28, 0x9B, 0x27, 0x9B, 0x07, 0x9B,
    0x07, 0x9B, 0xE7, 0x92, 0xA6, 0x8A, 0x65, 0x82, 0x24, 0x7A, 0xE3, 0x71, 0x82, 0x69, 0x00, 0x59,
    0x05, 0x62, 0x0E, 0x94, 0xD1, 0xAC, 0x32, 0xB5, 0x32, 0xB5, 0x12, 0xB5, 0xD0, 0xAC, 0xAF, 0xAC,
    0xD0, 0xAC, 0xF1, 0xAC, 0xF0, 0xAC, 0xD0, 0xAC, 0xD0, 0xAC, 0x8F, 0xA4, 0x2D, 0xA4, 0xEB, 0x9B,
    0x0C, 0x9C, 0xAF, 0xAC, 0x53, 0xB5, 0xD5, 0xBD, 0x16, 0xC6, 0x37, 0xC6, 0x57, 0xC6, 0x57, 0xCE,
    0x57, 0xCE, 0x57, 0xCE, 0x82, 0x41, 0x45, 0x5A, 0x45, 0x62, 0x45, 0x5A, 0x45, 0x5A, 0x45, 0x5A,
    0x45, 0x5A, 0x45, 0x5A, 0x65, 0x5A, 0x66, 0x62, 0x66, 0x62, 0x66, 0x62, 0x66, 0x62, 0x66, 0x5A,
    0x45, 0x5A, 0x62, 0x41, 0x80, 0x20, 0x40, 0x20, 0xE1, 0x30, 0x24, 0x6A, 0x44, 0x72, 0x24, 0x72,
    0x65, 0x7A, 0x86, 0x82, 0xE7, 0x8A, 0x28, 0x93, 0x69, 0x9B, 0x8A, 0xA3, 0xCA, 0xAB, 0xEB, 0xB3,
    0x0B, 0xB4, 0x0B, 0xB4, 0x2C, 0xBC, 0x4C, 0xBC, 0x4C, 0xC4, 0x4C, 0xC4, 0x6C, 0xC4, 0x6C, 0xC4,
    0x4C, 0xC4, 0x4C, 0xC4, 0x4C, 0xC4, 0x6D, 0xCC, 0x6D, 0xCC, 0x8D, 0xCC, 0xAE, 0xCC, 0xCE, 0xD4,
    0xCE, 0xD4, 0xEE, 0xD4, 0x0F, 0xDD, 0x0F, 0xDD, 0x2F, 0xDD, 0x2F, 0xDD, 0x50, 0xE5, 0x50, 0xE5,
    0x50, 0xE5, 0x50, 0xE5, 0x50, 0xE5, 0x50, 0xE5, 0x50, 0xE5, 0x50, 0xE5, 0x50, 0xE5, 0x50, 0xE5,
    0x50, 0xE5, 0x4F, 0xE5, 0x2F, 0xE5, 0x2F, 0xDD, 0x0F, 0xDD, 0xEE, 0xDC, 0xCD, 0xD4, 0xAD, 0xCC,
    0x8D, 0xC4, 0x6C, 0xC4, 0x2B, 0xBC, 0xCA, 0xAB, 0x69, 0x9B, 0x49, 0x93, 0x49, 0x9B, 0x69, 0x9B,
    0x69, 0x9B, 0x69, 0x9B, 0x68, 0x9B, 0x69, 0x9B, 0x69, 0xA3, 0x68, 0xA3, 0x68, 0xA3, 0x68, 0xA3,
    0x68, 0xA3, 0x68, 0xA3, 0x68, 0xA3, 0x68, 0xA3, 0x68, 0xA3, 0x68, 0xA3, 0x68, 0xA3, 0x48, 0xA3,
    0x48, 0xA3, 0x28, 0xA3, 0x27, 0xA3, 0x27, 0x9B, 0x07, 0x93, 0x07, 0x9B, 0xE7, 0x92, 0xC6, 0x92,
    0xA6, 0x8A, 0x65, 0x82, 0x24, 0x7A, 0xE3, 0x71, 0x82, 0x69, 0x00, 0x59, 0x83, 0x59, 0x8C, 0x83,
    0xB0, 0xA4, 0xF1, 0xAC, 0x12, 0xAD, 0x11, 0xAD, 0xD0, 0xAC, 0x8F, 0xAC, 0xB0, 0xAC, 0xD0, 0xAC,
    0xD0, 0xAC, 0xD0, 0xAC, 0xB0, 0xAC, 0x8F, 0xA4, 0x2D, 0xA4, 0xEB, 0x9B, 0x4D, 0xA4, 0xF1, 0xAC,
    0x94, 0xBD, 0xF5, 0xC5, 0x16, 0xC6, 0x37, 0xC6, 0x57, 0xC6, 0x57, 0xCE, 0x57, 0xCE, 0x57, 0xCE,
    0x57, 0xCE, 0xC3, 0x49, 0x65, 0x62, 0x65, 0x62, 0x65, 0x62, 0x45, 0x5A, 0x65, 0x5A, 0x66, 0x62,
    0x66, 0x62, 0x86, 0x62, 0x86, 0x62, 0x86, 0x62, 0x86, 0x62, 0x87, 0x62, 0x87, 0x62, 0x66, 0x62,
    0xA3, 0x49, 0xA0, 0x28, 0x80, 0x28, 0x60, 0x20, 0xE0, 0x30, 0x24, 0x6A, 0x44, 0x72, 0x44, 0x7A,
    0x65, 0x82, 0xA6, 0x82, 0xE7, 0x92, 0x28, 0x9B, 0x69, 0xA3, 0xAA, 0xA3, 0xCA, 0xAB, 0xEB, 0xB3,
    0x0B, 0xB4, 0x0C, 0xBC, 0x2C, 0xBC, 0x2C, 0xBC, 0x4C, 0xC4, 0x4C, 0xC4, 0x4C, 0xC4, 0x4C, 0xC4,
    0x4C, 0xC4, 0x4C, 0xC4, 0x6C, 0xCC, 0x6D, 0xCC, 0x8D, 0xCC, 0xAD, 0xCC, 0xCE, 0xD4, 0xCE, 0xD4,
    0xEE, 0xD4, 0xEF, 0xDC, 0x0F, 0xDD, 0x2F, 0xDD, 0x2F, 0xDD, 0x30, 0xE5, 0x50, 0xE5, 0x50, 0xE5,
    0x50, 0xE5, 0x50, 0xE5, 0x50, 0xE5, 0x50, 0xE5, 0x50, 0xE5, 0x50, 0xE5, 0x50, 0xE5, 0x50, 0xE5,
    0x4F, 0xE5, 0x2F, 0xE5, 0x0F, 0xDD, 0x0E, 0xDD, 0xCE, 0xD4, 0xAD, 0xCC, 0x8D, 0xC4, 0x4C, 0xBC,
    0x2B, 0xB4, 0xAA, 0xA3, 0x48, 0x93, 0x48, 0x93, 0x69, 0x9B, 0x69, 0x9B, 0x69, 0x9B, 0x69, 0x9B,
    0x69, 0x9B, 0x69, 0x9B, 0x69, 0x9B, 0x48, 0xA3, 0x48, 0xA3, 0x48, 0xA3, 0x48, 0xA3, 0x48, 0xA3,
    0x48, 0xA3, 0x48, 0xA3, 0x48, 0xA3, 0x48, 0xA3, 0x48, 0xA3, 0x48, 0xA3, 0x48, 0xA3, 0x28, 0xA3,
    0x27, 0x9B, 0x07, 0x9B, 0x07, 0x93, 0xE7, 0x92, 0xE7, 0x92, 0xC6, 0x8A, 0x86, 0x8A, 0x65, 0x82,
    0x24, 0x7A, 0xE3, 0x71, 0xA2, 0x69, 0x21, 0x59, 0x21, 0x51, 0x09, 0x7B, 0x90, 0xA4, 0xF1, 0xAC,
    0xF1, 0xAC, 0xF1, 0xAC, 0xB0, 0xAC, 0x6F, 0xA4, 0xAF, 0xAC, 0xD0, 0xAC, 0xD0, 0xAC, 0xD0, 0xAC,
    0xB0, 0xAC, 0x8F, 0xA4, 0x2D, 0xA4, 0x0C, 0x9C, 0x8F, 0xA4, 0x32, 0xB5, 0xB5, 0xBD, 0xF6, 0xC5,
    0x17, 0xC6, 0x37, 0xCE, 0x57, 0xCE, 0x57, 0xCE, 0x58, 0xCE, 0x57, 0xCE, 0x57, 0xCE, 0x57, 0xC6,
};

const lv_img_dsc_t avatar_close = {
    .header = { .cf = LV_COLOR_FORMAT_RGB565, .w = 135, .h = 240 },
    .data_size = sizeof(avatar_close_data),
    .data = avatar_close_data,
};

static const uint8_t avatar_open_data[64800] __attribute__((aligned(4))) = {
    0x20, 0x00, 0x20, 0x00, 0x40, 0x08, 0x61, 0x08, 0x81, 0x10, 0x81, 0x10, 0xA1, 0x10, 0xA2, 0x18,
    0xA2, 0x18, 0xA1, 0x10, 0xA1, 0x10, 0xC2, 0x18, 0xC2, 0x18, 0xE3, 0x20, 0x23, 0x21, 0x44, 0x29,
    0x85, 0x31, 0xA6, 0x31, 0xC6, 0x39, 0xA6, 0x31, 0x85, 0x31, 0x65, 0x29, 0x44, 0x29, 0x24, 0x21,
    0x24, 0x21, 0x03, 0x21, 0x03, 0x21, 0x03, 0x21, 0xE2, 0x18, 0xC2, 0x18, 0xC2, 0x18, 0xA2, 0x18,
    0x81, 0x10, 0x61, 0x10, 0xA2, 0x10, 0x03, 0x21, 0x24, 0x29, 0x03, 0x21, 0x44, 0x29, 0x03, 0x21,
    0x61, 0x08, 0xA2, 0x18, 0xC2, 0x18, 0xE2, 0x18, 0x23, 0x21, 0x44, 0x29, 0x44, 0x29, 0x44, 0x29,
    0x44, 0x29, 0x44, 0x29, 0x65, 0x29, 0x65, 0x29, 0x85, 0x31, 0x07, 0x42, 0x68, 0x4A, 0xAA, 0x52,
    0x0B, 0x63, 0x4C, 0x63, 0x2C, 0x63, 0x0B, 0x63, 0xCA, 0x52, 0x48, 0x4A, 0x07, 0x42, 0xE7, 0x39,
    0x69, 0x4A, 0xCA, 0x52, 0xEB, 0x5A, 0x0B, 0x5B, 0x2C, 0x63, 0xEB, 0x5A, 0x89, 0x52, 0x89, 0x4A,
    0x89, 0x4A, 0x8A, 0x4A, 0xCA, 0x52, 0xEB, 0x5A, 0x0C, 0x63, 0x6D, 0x6B, 0x8D, 0x6B, 0xAE, 0x73,
    0x8D, 0x6B, 0x6D, 0x6B, 0x6D, 0x6B, 0x6D, 0x6B, 0x8E, 0x6B, 0x8E, 0x73, 0xAE, 0x73, 0xAE, 0x73,
    0x8E, 0x6B, 0x4C, 0x6B, 0x0B, 0x63, 0xAA, 0x52, 0x89, 0x52, 0x89, 0x52, 0x89, 0x52, 0x89, 0x52,
    0x89, 0x52, 0xA9, 0x52, 0xAA, 0x52, 0xAA, 0x52, 0xAA, 0x52, 0xAA, 0x52, 0xAA, 0x52, 0x89, 0x52,
    0x69, 0x4A, 0x69, 0x4A, 0x69, 0x52, 0x48, 0x4A, 0x27, 0x42, 0x07, 0x42, 0xE6, 0x41, 0xE6, 0x41,
    0xC5, 0x39, 0x84, 0x39, 0x63, 0x31, 0xE2, 0x20, 0x80, 0x10, 0x40, 0x08, 0x61, 0x10, 0xA1, 0x18,
    0x02, 0x21, 0x02, 0x29, 0x02, 0x29, 0xE2, 0x20, 0xE2, 0x20, 0xC1, 0x20, 0xA1, 0x18, 0xC1, 0x20,
    0xC1, 0x20, 0xC1, 0x20, 0x80, 0x18, 0xA0, 0x18, 0xA1, 0x18, 0xA1, 0x18, 0xE1, 0x28, 0x20, 0x00,
    0x00, 0x00, 0x00, 0x00, 0x20, 0x00, 0x20, 0x08, 0x61, 0x08, 0xA1, 0x10, 0xC2, 0x18, 0xE3, 0x20,
    0xE3, 0x20, 0xE2, 0x20, 0x03, 0x21, 0x44, 0x29, 0x65, 0x31, 0xA6, 0x39, 0x07, 0x42, 0x07, 0x42,
    0x07, 0x42, 0xC6, 0x39, 0x65, 0x31, 0x03, 0x21, 0xC2, 0x18, 0xA1, 0x18, 0xA1, 0x18, 0xA2, 0x18,
    0xC2, 0x18, 0xE3, 0x20, 0x03, 0x21, 0x23, 0x29, 0x03, 0x21, 0xE3, 0x20, 0xE3, 0x20, 0xE3, 0x20,
    0xA2, 0x10, 0x41, 0x08, 0x41, 0x08, 0xA2, 0x10, 0x24, 0x29, 0xA5, 0x31, 0x65, 0x31, 0x81, 0x10,
    0x40, 0x08, 0x81, 0x10, 0xC2, 0x18, 0xE3, 0x20, 0x23, 0x21, 0x44, 0x29, 0x64, 0x29, 0x44, 0x29,
    0x44, 0x29, 0x65, 0x31, 0xE6, 0x39, 0x27, 0x42, 0x28, 0x42, 0xAA, 0x52, 0x0B, 0x5B, 0x0B, 0x5B,
    0x0B, 0x5B, 0xAA, 0x52, 0x07, 0x42, 0xA6, 0x31, 0xC6, 0x39, 0x28, 0x42, 0xAA, 0x52, 0x0C, 0x63,
    0x0C, 0x63, 0x0B, 0x63, 0xEB, 0x5A, 0x89, 0x4A, 0x28, 0x42, 0x48, 0x4A, 0x89, 0x52, 0xCA, 0x52,
    0xEB, 0x5A, 0x2C, 0x63, 0x8D, 0x6B, 0xAE, 0x73, 0x8E, 0x73, 0x8D, 0x6B, 0x8D, 0x6B, 0x6D, 0x6B,
    0x6D, 0x6B, 0x8D, 0x6B, 0xAE, 0x73, 0x8E, 0x73, 0x8D, 0x6B, 0x6D, 0x6B, 0x4C, 0x6B, 0x0B, 0x63,
    0xCA, 0x5A, 0xA9, 0x52, 0xA9, 0x52, 0xCA, 0x5A, 0x0B, 0x63, 0x2C, 0x63, 0x2C, 0x63, 0x4C, 0x63,
    0x2C, 0x63, 0x0B, 0x63, 0xEB, 0x5A, 0xAA, 0x52, 0x48, 0x4A, 0x07, 0x42, 0xA6, 0x31, 0x85, 0x31,
    0x65, 0x31, 0x65, 0x29, 0x65, 0x31, 0x85, 0x31, 0xC6, 0x39, 0xE6, 0x41, 0xC6, 0x41, 0xC6, 0x39,
    0xC6, 0x39, 0xC5, 0x39, 0x84, 0x39, 0x43, 0x31, 0xE2, 0x20, 0x81, 0x10, 0x40, 0x08, 0x40, 0x08,
    0x81, 0x10, 0xC1, 0x20, 0xC2, 0x20, 0xC1, 0x20, 0xA1, 0x18, 0xA1, 0x18, 0xA1, 0x18, 0xA1, 0x18,
    0x80, 0x18, 0x80, 0x18, 0xA1, 0x18, 0x80, 0x18, 0xA1, 0x18, 0xE2, 0x28, 0x81, 0x10, 0x40, 0x08,
    0x20, 0x00, 0x00, 0x00, 0x00, 0x00, 0x00, 0x00, 0x20, 0x00, 0x61, 0x08, 0xC2, 0x18, 0x24, 0x29,
    0x65, 0x29, 0x85, 0x31, 0x85, 0x31, 0xA6, 0x39, 0xA6, 0x39, 0xA6, 0x39, 0xA6, 0x39, 0x65, 0x29,
    0x24, 0x21, 0x23, 0x21, 0x44, 0x29, 0x64, 0x29, 0x85, 0x31, 0x85, 0x31, 0x85, 0x31, 0x85, 0x31,
    0x65, 0x31, 0x64, 0x31, 0x85, 0x31, 0x44, 0x29, 0x03, 0x21, 0x03, 0x21, 0x03, 0x21, 0x24, 0x29,
    0x44, 0x29, 0x03, 0x21, 0x81, 0x10, 0x81, 0x10, 0x03, 0x21, 0xA6, 0x31, 0x24, 0x29, 0x81, 0x10,
    0x61, 0x10, 0x81, 0x10, 0xA2, 0x18, 0xE2, 0x18, 0x23, 0x21, 0x44, 0x29, 0x44, 0x29, 0xA6, 0x31,
    0x07, 0x42, 0x07, 0x42, 0xE7, 0x39, 0x48, 0x4A, 0xAA, 0x52, 0xAA, 0x52, 0x8A, 0x52, 0xE7, 0x39,
    0x65, 0x29, 0x85, 0x31, 0x07, 0x42, 0x49, 0x4A, 0x0C, 0x5B, 0x2C, 0x63, 0x89, 0x52, 0x89, 0x52,
    0x48, 0x42, 0xC6, 0x39, 0xE7, 0x39, 0x8A, 0x4A, 0xEB, 0x5A, 0xEB, 0x5A, 0xEB, 0x5A, 0x4D, 0x6B,
    0x8E, 0x6B, 0x6D, 0x6B, 0x6D, 0x6B, 0x6D, 0x6B, 0x8E, 0x6B, 0x8E, 0x6B, 0x8E, 0x6B, 0xAE, 0x73,
    0xAE, 0x73, 0xAE, 0x73, 0xAE, 0x73, 0x4D, 0x63, 0xEB, 0x5A, 0xAA, 0x52, 0x89, 0x52, 0xCA, 0x52,
    0xEB, 0x5A, 0x0B, 0x63, 0x2C, 0x63, 0x2C, 0x63, 0x0C, 0x63, 0xEB, 0x5A, 0xCA, 0x52, 0x89, 0x52,
    0x69, 0x4A, 0x49, 0x4A, 0x28, 0x42, 0x07, 0x42, 0x07, 0x42, 0x07, 0x42, 0x07, 0x42, 0x07, 0x42,
    0xE7, 0x41, 0x07, 0x42, 0xC6, 0x39, 0xA5, 0x31, 0xC6, 0x39, 0xA6, 0x39, 0xC6, 0x39, 0xC6, 0x39,
    0xC6, 0x41, 0xE6, 0x41, 0xE6, 0x41, 0xE6, 0x41, 0xC5, 0x41, 0x84, 0x39, 0x43, 0x31, 0x02, 0x21,
    0xC1, 0x20, 0xA1, 0x18, 0x81, 0x18, 0x81, 0x18, 0x60, 0x10, 0x40, 0x10, 0x60, 0x10, 0x80, 0x18,
    0xA1, 0x18, 0x60, 0x10, 0x60, 0x10, 0xC1, 0x20, 0xE2, 0x28, 0x61, 0x08, 0x81, 0x10, 0x81, 0x10,
    0x61, 0x08, 0x41, 0x08, 0x61, 0x08, 0x82, 0x10, 0xC2, 0x18, 0xE3, 0x20, 0x03, 0x21, 0x44, 0x29,
    0x85, 0x31, 0xA6, 0x31, 0xC6, 0x39, 0xC6, 0x39, 0xC6, 0x39, 0x08, 0x42, 0x48, 0x4A, 0x28, 0x42,
    0x28, 0x4A, 0x07, 0x42, 0xA6, 0x31, 0x44, 0x29, 0x03, 0x21, 0xC2, 0x18, 0xC2, 0x18, 0xA1, 0x18,
    0xA1, 0x18, 0xE2, 0x20, 0x65, 0x31, 0x24, 0x29, 0xC3, 0x18, 0xA2, 0x10, 0x61, 0x08, 0x81, 0x10,
    0xE3, 0x18, 0x44, 0x29, 0x44, 0x29, 0x03, 0x21, 0x03, 0x21, 0x44, 0x29, 0x03, 0x21, 0xC2, 0x18,
    0xA1, 0x18, 0xA2, 0x18, 0xC2, 0x18, 0xE3, 0x20, 0x44, 0x29, 0xA6, 0x39, 0x07, 0x42, 0xA6, 0x31,
    0x85, 0x31, 0x07, 0x42, 0x69, 0x4A, 0x89, 0x52, 0x28, 0x4A, 0x85, 0x31, 0x44, 0x29, 0xC7, 0x39,
    0x28, 0x42, 0x69, 0x4A, 0xEB, 0x5A, 0x89, 0x52, 0xE6, 0x39, 0xE6, 0x39, 0xC6, 0x39, 0xC6, 0x31,
    0x69, 0x4A, 0xEB, 0x5A, 0xEB, 0x5A, 0xEB, 0x5A, 0x0C, 0x63, 0x4C, 0x63, 0x4C, 0x63, 0x2C, 0x63,
    0x4D, 0x63, 0x6D, 0x6B, 0x6D, 0x6B, 0x4D, 0x6B, 0x6D, 0x6B, 0x6D, 0x6B, 0x4D, 0x63, 0x4D, 0x63,
    0x6D, 0x6B, 0x8E, 0x6B, 0x8E, 0x6B, 0x8E, 0x6B, 0x6D, 0x6B, 0x0B, 0x5B, 0xCA, 0x5A, 0xCB, 0x5A,
    0xCB, 0x5A, 0xCA, 0x52, 0xAA, 0x52, 0xAA, 0x52, 0xAA, 0x52, 0xA9, 0x52, 0xAA, 0x52, 0xAA, 0x52,
    0xAA, 0x52, 0xAA, 0x52, 0xAA, 0x52, 0x89, 0x52, 0xAA, 0x52, 0xAA, 0x52, 0xCA, 0x52, 0xEB, 0x5A,
    0x0B, 0x5B, 0x0B, 0x5B, 0x0B, 0x5B, 0xEB, 0x5A, 0xCA, 0x5A, 0xA9, 0x52, 0x89, 0x52, 0x68, 0x52,
    0x27, 0x4A, 0x07, 0x42, 0xE6, 0x41, 0xE6, 0x41, 0x06, 0x42, 0x06, 0x42, 0xE6, 0x41, 0xC5, 0x39,
    0x84, 0x39, 0x84, 0x31, 0x23, 0x29, 0xE2, 0x20, 0xA1, 0x18, 0xC1, 0x18, 0xE1, 0x20, 0xA1, 0x18,
    0x80, 0x18, 0xC1, 0x20, 0x02, 0x29, 0x02, 0x29, 0x40, 0x08, 0x61, 0x08, 0x61, 0x10, 0xA2, 0x18,
    0x03, 0x21, 0x03, 0x21, 0xE3, 0x20, 0xE3, 0x20, 0x03, 0x21, 0x24, 0x21, 0x44, 0x29, 0x44, 0x29,
    0x44, 0x29, 0x65, 0x29, 0xA6, 0x39, 0x08, 0x42, 0x28, 0x4A, 0xC6, 0x39, 0x64, 0x31, 0x03, 0x29,
    0xC2, 0x18, 0xA1, 0x18, 0x81, 0x18, 0x81, 0x10, 0x81, 0x10, 0x81, 0x10, 0x81, 0x10, 0xC2, 0x18,
    0xC2, 0x18, 0xC2, 0x18, 0x85, 0x31, 0xC7, 0x39, 0x65, 0x31, 0x24, 0x21, 0xC2, 0x18, 0x61, 0x10,
    0x61, 0x10, 0xE3, 0x18, 0x44, 0x29, 0x44, 0x29, 0x03, 0x21, 0x03, 0x21, 0xE2, 0x20, 0xC2, 0x18,
    0xE2, 0x18, 0x03, 0x21, 0x44, 0x29, 0xA6, 0x39, 0xE6, 0x39, 0x64, 0x29, 0x64, 0x29, 0xC6, 0x39,
    0x27, 0x42, 0x48, 0x4A, 0x27, 0x42, 0x64, 0x31, 0x44, 0x29, 0x07, 0x42, 0xE7, 0x39, 0xE7, 0x41,
    0x69, 0x4A, 0x07, 0x42, 0x64, 0x29, 0x84, 0x31, 0xE7, 0x41, 0x28, 0x42, 0x8A, 0x52, 0xAA, 0x52,
    0xAA, 0x52, 0xAA, 0x52, 0xEB, 0x5A, 0x0B, 0x5B, 0xEB, 0x5A, 0xEB, 0x5A, 0xEB, 0x5A, 0xEB, 0x5A,
    0xCA, 0x52, 0x8A, 0x52, 0x89, 0x52, 0x69, 0x4A, 0x69, 0x4A, 0x69, 0x4A, 0x69, 0x4A, 0xAA, 0x52,
    0xCA, 0x52, 0xCA, 0x52, 0x0B, 0x5B, 0x4D, 0x63, 0x8E, 0x73, 0xAE, 0x73, 0x6D, 0x6B, 0x2C, 0x63,
    0xCA, 0x52, 0xCA, 0x52, 0xEB, 0x5A, 0xEB, 0x5A, 0x0B, 0x5B, 0x0B, 0x5B, 0xEB, 0x5A, 0x0B, 0x5B,
    0xEB, 0x5A, 0xEB, 0x5A, 0x2C, 0x63, 0x4C, 0x63, 0x6D, 0x6B, 0x6D, 0x6B, 0x2C, 0x63, 0x0C, 0x5B,
    0x0B, 0x5B, 0x2C, 0x63, 0x0B, 0x63, 0xCA, 0x5A, 0xA9, 0x52, 0x68, 0x4A, 0x27, 0x42, 0xC6, 0x39,
    0x85, 0x31, 0x64, 0x31, 0x43, 0x29, 0x02, 0x29, 0xE2, 0x20, 0xC2, 0x20, 0xC1, 0x18, 0xA1, 0x18,
    0xA1, 0x18, 0xA1, 0x18, 0xA1, 0x18, 0xA1, 0x18, 0x02, 0x29, 0x43, 0x31, 0x02, 0x29, 0x23, 0x29,
    0x63, 0x31, 0x43, 0x31, 0x22, 0x29, 0x40, 0x08, 0x61, 0x08, 0x81, 0x10, 0xC2, 0x18, 0xE3, 0x18,
    0xC2, 0x18, 0xE3, 0x18, 0xE3, 0x20, 0x03, 0x21, 0xE3, 0x20, 0xC2, 0x18, 0xC2, 0x18, 0x45, 0x29,
    0x85, 0x31, 0x44, 0x29, 0xE2, 0x20, 0xA1, 0x18, 0xA1, 0x18, 0xE2, 0x20, 0xE2, 0x20, 0xE2, 0x20,
    0x03, 0x21, 0xC2, 0x18, 0xA1, 0x10, 0xA1, 0x10, 0xA2, 0x10, 0x61, 0x08, 0x40, 0x08, 0xC2, 0x10,
    0x24, 0x21, 0x65, 0x31, 0xA6, 0x31, 0x86, 0x31, 0x44, 0x29, 0x24, 0x21, 0x03, 0x21, 0xE3, 0x20,
    0xE3, 0x18, 0xA2, 0x18, 0xE2, 0x20, 0x44, 0x29, 0x23, 0x29, 0xE2, 0x20, 0x03, 0x21, 0xE2, 0x20,
    0x44, 0x29, 0x85, 0x31, 0xC6, 0x39, 0x44, 0x29, 0x44, 0x29, 0xA6, 0x39, 0xE6, 0x39, 0x27, 0x4A,
    0xE7, 0x41, 0x65, 0x31, 0x65, 0x31, 0xC6, 0x39, 0x85, 0x31, 0xA5, 0x31, 0xC6, 0x39, 0xA5, 0x39,
    0x44, 0x29, 0xC6, 0x39, 0x48, 0x4A, 0x69, 0x4A, 0x28, 0x4A, 0x48, 0x4A, 0x69, 0x4A, 0x89, 0x52,
    0xEB, 0x5A, 0x0C, 0x63, 0xEB, 0x5A, 0xCA, 0x52, 0x48, 0x4A, 0x07, 0x42, 0xE6, 0x39, 0xA5, 0x39,
    0x85, 0x31, 0xA5, 0x39, 0x07, 0x42, 0x68, 0x4A, 0xAA, 0x52, 0xEB, 0x5A, 0x0C, 0x5B, 0x0C, 0x63,
    0x0C, 0x5B, 0xEB, 0x5A, 0x0C, 0x5B, 0x0C, 0x5B, 0x0C, 0x63, 0x6D, 0x6B, 0xAE, 0x73, 0x8E, 0x6B,
    0x6D, 0x6B, 0x2C, 0x63, 0x0C, 0x5B, 0xEB, 0x5A, 0xEB, 0x5A, 0x2C, 0x63, 0x6D, 0x6B, 0x8D, 0x6B,
    0x8E, 0x6B, 0x6D, 0x6B, 0x0C, 0x63, 0xEB, 0x5A, 0x89, 0x4A, 0x89, 0x4A, 0xAA, 0x52, 0xEB, 0x5A,
    0xEB, 0x5A, 0xCA, 0x52, 0x69, 0x52, 0x27, 0x42, 0xE6, 0x41, 0x84, 0x39, 0x63, 0x31, 0x23, 0x29,
    0x02, 0x21, 0xC2, 0x20, 0xA1, 0x18, 0x80, 0x10, 0x80, 0x10, 0x80, 0x10, 0x61, 0x10, 0x81, 0x10,
    0xC2, 0x18, 0x23, 0x29, 0xC6, 0x41, 0x47, 0x4A, 0xE6, 0x41, 0xC5, 0x41, 0xE6, 0x41, 0xC5, 0x41,
    0x84, 0x39, 0x43, 0x31, 0x61, 0x10, 0xA1, 0x18, 0xA2, 0x18, 0xA2, 0x18, 0xA2, 0x18, 0xC2, 0x18,
    0xE3, 0x20, 0xC2, 0x18, 0x81, 0x10, 0x61, 0x10, 0x03, 0x21, 0x85, 0x31, 0x24, 0x29, 0xA1, 0x10,
    0x60, 0x10, 0x60, 0x10, 0x80, 0x10, 0x81, 0x10, 0xA2, 0x18, 0xE3, 0x20, 0xC2, 0x18, 0xE3, 0x18,
    0x03, 0x21, 0x03, 0x21, 0x81, 0x10, 0x81, 0x10, 0xA2, 0x18, 0x03, 0x21, 0x85, 0x31, 0x65, 0x31,
    0xE3, 0x18, 0xA2, 0x10, 0xA2, 0x10, 0x44, 0x29, 0x44, 0x29, 0x03, 0x21, 0xE3, 0x20, 0xE3, 0x20,
    0x03, 0x21, 0xE2, 0x20, 0xA1, 0x18, 0x23, 0x29, 0x43, 0x29, 0x03, 0x29, 0x03, 0x29, 0x44, 0x31,
    0xA5, 0x39, 0x44, 0x29, 0x44, 0x29, 0xA5, 0x39, 0xC6, 0x39, 0x07, 0x42, 0xC6, 0x39, 0x44, 0x29,
    0x64, 0x31, 0xC6, 0x39, 0x23, 0x29, 0x85, 0x39, 0xA5, 0x39, 0x44, 0x31, 0x64, 0x31, 0xC6, 0x41,
    0x07, 0x42, 0xE6, 0x41, 0xA5, 0x39, 0x27, 0x4A, 0x88, 0x5A, 0xEA, 0x62, 0x2B, 0x6B, 0x0B, 0x63,
    0x68, 0x52, 0xC6, 0x39, 0x64, 0x31, 0x43, 0x29, 0x03, 0x29, 0x23, 0x29, 0x65, 0x31, 0x07, 0x42,
    0x28, 0x42, 0x68, 0x4A, 0xAA, 0x52, 0xCB, 0x5A, 0x0C, 0x63, 0x0C, 0x63, 0x0C, 0x63, 0x2C, 0x63,
    0x4C, 0x63, 0x0C, 0x63, 0x2C, 0x63, 0x2C, 0x63, 0x2C, 0x63, 0x2C, 0x63, 0x4D, 0x6B, 0x6D, 0x6B,
    0x6D, 0x6B, 0x6D, 0x6B, 0x4D, 0x6B, 0x4D, 0x63, 0x4D, 0x63, 0x2C, 0x63, 0x2C, 0x63, 0xEB, 0x5A,
    0xAA, 0x52, 0x89, 0x52, 0x69, 0x4A, 0xCA, 0x52, 0x0B, 0x5B, 0x2C, 0x63, 0xEB, 0x5A, 0x89, 0x52,
    0x68, 0x4A, 0x07, 0x42, 0xC5, 0x39, 0xA5, 0x39, 0xA5, 0x39, 0xA5, 0x39, 0xC5, 0x39, 0xE6, 0x41,
    0x07, 0x42, 0x27, 0x4A, 0x28, 0x4A, 0x48, 0x4A, 0x68, 0x4A, 0x68, 0x52, 0x89, 0x52, 0xA9, 0x5A,
    0xCA, 0x5A, 0xA9, 0x52, 0x27, 0x4A, 0x27, 0x4A, 0x68, 0x52, 0x27, 0x4A, 0xE6, 0x41, 0x84, 0x39,
    0xA5, 0x39, 0x81, 0x10, 0x81, 0x10, 0x81, 0x10, 0x81, 0x10, 0xA2, 0x18, 0xC2, 0x18, 0x81, 0x10,
    0x40, 0x08, 0xE3, 0x18, 0xA6, 0x39, 0x44, 0x29, 0x81, 0x10, 0x40, 0x08, 0x40, 0x08, 0x60, 0x10,
    0x61, 0x10, 0x81, 0x10, 0xA1, 0x18, 0xC2, 0x18, 0x03, 0x21, 0x44, 0x29, 0xE3, 0x18, 0xE3, 0x20,
    0x85, 0x31, 0x44, 0x29, 0xE3, 0x18, 0xA6, 0x31, 0x28, 0x42, 0x24, 0x21, 0xC2, 0x18, 0xA2, 0x10,
    0xA2, 0x10, 0x81, 0x10, 0x61, 0x10, 0x03, 0x21, 0x85, 0x31, 0x44, 0x29, 0x03, 0x21, 0x03, 0x21,
    0x03, 0x29, 0xC2, 0x20, 0xE2, 0x20, 0x44, 0x31, 0x44, 0x31, 0x23, 0x29, 0x85, 0x39, 0x84, 0x31,
    0x44, 0x29, 0x85, 0x31, 0xC6, 0x39, 0x07, 0x42, 0xC5, 0x39, 0x43, 0x29, 0x64, 0x31, 0xA5, 0x39,
    0x23, 0x29, 0x64, 0x31, 0x84, 0x39, 0x64, 0x31, 0x64, 0x31, 0xA5, 0x39, 0xE6, 0x41, 0xA5, 0x39,
    0x06, 0x4A, 0x88, 0x5A, 0xE9, 0x6A, 0xE9, 0x6A, 0x0A, 0x6B, 0x88, 0x5A, 0xE5, 0x41, 0x42, 0x31,
    0x02, 0x29, 0xE2, 0x20, 0x03, 0x21, 0x85, 0x31, 0xE7, 0x41, 0x07, 0x42, 0xE6, 0x39, 0x07, 0x42,
    0x48, 0x4A, 0x69, 0x4A, 0x89, 0x52, 0x89, 0x4A, 0x89, 0x4A, 0xAA, 0x52, 0x8A, 0x52, 0xAA, 0x52,
    0xAA, 0x52, 0xCA, 0x5A, 0x0B, 0x5B, 0x0B, 0x5B, 0xEB, 0x5A, 0xEB, 0x5A, 0xEB, 0x5A, 0x0B, 0x5B,
    0x0C, 0x63, 0x2C, 0x63, 0x0B, 0x63, 0x0B, 0x5B, 0x0B, 0x5B, 0xEB, 0x5A, 0xEB, 0x5A, 0xCA, 0x5A,
    0xEB, 0x5A, 0x0B, 0x5B, 0x2C, 0x63, 0x2C, 0x63, 0x0B, 0x5B, 0xAA, 0x52, 0x89, 0x52, 0x68, 0x4A,
    0x28, 0x42, 0x07, 0x42, 0x07, 0x42, 0x07, 0x42, 0x07, 0x42, 0x48, 0x4A, 0xAA, 0x52, 0xEB, 0x5A,
    0xEB, 0x5A, 0x0B, 0x63, 0xEB, 0x62, 0xCA, 0x5A, 0x89, 0x52, 0x89, 0x52, 0x48, 0x4A, 0xE6, 0x41,
    0x07, 0x42, 0x68, 0x52, 0xCA, 0x5A, 0xA9, 0x5A, 0x47, 0x4A, 0x06, 0x42, 0x06, 0x4A, 0x47, 0x52,
    0x60, 0x10, 0x60, 0x10, 0x60, 0x10, 0x81, 0x10, 0x81, 0x10, 0x60, 0x08, 0x81, 0x10, 0x65, 0x29,
    0x28, 0x4A, 0xE3, 0x20, 0x40, 0x08, 0x40, 0x08, 0x61, 0x10, 0x61, 0x10, 0xA1, 0x10, 0xC2, 0x18,
    0xC2, 0x18, 0xA2, 0x18, 0xA2, 0x10, 0xA2, 0x10, 0x24, 0x29, 0xA6, 0x39, 0x65, 0x29, 0x24, 0x21,
    0xA6, 0x31, 0x49, 0x4A, 0x08, 0x42, 0x24, 0x21, 0xC2, 0x18, 0xE3, 0x18, 0xE3, 0x18, 0xA2, 0x10,
    0xA2, 0x10, 0xA2, 0x10, 0x61, 0x08, 0x81, 0x10, 0x24, 0x29, 0x65, 0x31, 0x03, 0x21, 0x03, 0x29,
    0x23, 0x29, 0x02, 0x29, 0xE2, 0x20, 0x43, 0x31, 0x84, 0x39, 0x85, 0x39, 0x44, 0x31, 0x64, 0x31,
    0xC5, 0x39, 0x07, 0x4A, 0xC5, 0x39, 0x64, 0x39, 0x63, 0x31, 0xC5, 0x41, 0x64, 0x39, 0x63, 0x31,
    0xA5, 0x41, 0x84, 0x39, 0xA4, 0x41, 0xC5, 0x41, 0x06, 0x4A, 0x26, 0x52, 0x87, 0x62, 0xC8, 0x6A,
    0xE8, 0x6A, 0xC8, 0x6A, 0xE8, 0x6A, 0x67, 0x5A, 0xC4, 0x41, 0x63, 0x39, 0x42, 0x31, 0x63, 0x31,
    0xE6, 0x41, 0x07, 0x42, 0x07, 0x42, 0xC6, 0x39, 0xA6, 0x31, 0x28, 0x42, 0x68, 0x4A, 0x48, 0x4A,
    0x07, 0x42, 0x28, 0x42, 0x28, 0x42, 0x69, 0x4A, 0x48, 0x4A, 0x48, 0x4A, 0x28, 0x42, 0x69, 0x4A,
    0x8A, 0x52, 0x48, 0x4A, 0x28, 0x42, 0x69, 0x4A, 0x69, 0x4A, 0x69, 0x4A, 0x69, 0x4A, 0x69, 0x4A,
    0x69, 0x4A, 0xAA, 0x52, 0xEB, 0x5A, 0x0B, 0x5B, 0x0B, 0x63, 0x2C, 0x63, 0x2C, 0x63, 0x0C, 0x63,
    0x0B, 0x5B, 0x0B, 0x5B, 0xEB, 0x5A, 0x0B, 0x5B, 0x0C, 0x63, 0x0C, 0x5B, 0x0C, 0x5B, 0x0C, 0x5B,
    0x0C, 0x5B, 0x2C, 0x63, 0x2C, 0x63, 0x4D, 0x6B, 0x6D, 0x6B, 0x4C, 0x63, 0x0B, 0x5B, 0xEA, 0x5A,
    0xCA, 0x5A, 0xCA, 0x5A, 0xA9, 0x5A, 0x68, 0x52, 0x07, 0x42, 0x48, 0x4A, 0x89, 0x52, 0xEA, 0x62,
    0x0B, 0x63, 0x0B, 0x63, 0x88, 0x52, 0x68, 0x52, 0x88, 0x52, 0xEA, 0x62, 0xCA, 0x5A, 0x60, 0x10,
    0x61, 0x10, 0x60, 0x10, 0x40, 0x08, 0x81, 0x10, 0x03, 0x21, 0x64, 0x29, 0x03, 0x21, 0xC2, 0x18,
    0x61, 0x10, 0x40, 0x08, 0x61, 0x08, 0x81, 0x10, 0xC2, 0x18, 0xC3, 0x18, 0x81, 0x10, 0x40, 0x00,
    0x20, 0x00, 0x40, 0x08, 0x40, 0x08, 0x61, 0x08, 0xE3, 0x18, 0xC7, 0x39, 0xE7, 0x39, 0x28, 0x42,
    0x08, 0x42, 0x24, 0x29, 0x23, 0x21, 0x03, 0x21, 0x24, 0x29, 0x65, 0x31, 0x24, 0x21, 0xA2, 0x10,
    0xA2, 0x18, 0xE3, 0x18, 0xA2, 0x10, 0x61, 0x08, 0x64, 0x31, 0x85, 0x39, 0x23, 0x29, 0x43, 0x31,
    0x43, 0x31, 0x22, 0x29, 0x43, 0x31, 0xA5, 0x39, 0x85, 0x39, 0x84, 0x39, 0xA5, 0x39, 0xE6, 0x49,
    0xE6, 0x41, 0xA4, 0x41, 0xA4, 0x41, 0xE5, 0x49, 0xE5, 0x49, 0xC4, 0x49, 0xE5, 0x49, 0xE5, 0x49,
    0x26, 0x52, 0x26, 0x52, 0x67, 0x5A, 0x87, 0x62, 0xC8, 0x6A, 0xE8, 0x72, 0xE8, 0x72, 0xE8, 0x72,
    0x09, 0x73, 0xC8, 0x6A, 0x67, 0x5A, 0x26, 0x52, 0x26, 0x52, 0x47, 0x52, 0x27, 0x4A, 0x07, 0x42,
    0xC6, 0x39, 0xC6, 0x39, 0x07, 0x42, 0x69, 0x52, 0x68, 0x4A, 0x07, 0x42, 0x48, 0x4A, 0xAA, 0x52,
    0x89, 0x52, 0x28, 0x42, 0xC6, 0x39, 0x64, 0x31, 0xA6, 0x39, 0x28, 0x42, 0x28, 0x42, 0x07, 0x42,
    0x48, 0x42, 0x69, 0x4A, 0x69, 0x4A, 0x69, 0x4A, 0x48, 0x4A, 0x28, 0x42, 0x69, 0x4A, 0xAA, 0x52,
    0xAA, 0x52, 0xAA, 0x52, 0x8A, 0x52, 0x8A, 0x52, 0xAA, 0x52, 0xAA, 0x52, 0xAA, 0x52, 0xCB, 0x5A,
    0x0B, 0x5B, 0x4C, 0x63, 0x6D, 0x6B, 0x4D, 0x6B, 0x4D, 0x63, 0x8E, 0x6B, 0xAE, 0x73, 0xAE, 0x73,
    0x8E, 0x73, 0x6D, 0x6B, 0x4C, 0x63, 0x0B, 0x5B, 0xEA, 0x5A, 0xEA, 0x5A, 0xEA, 0x5A, 0xEA, 0x5A,
    0xCA, 0x5A, 0x89, 0x52, 0x48, 0x4A, 0xAA, 0x52, 0x0B, 0x63, 0x0B, 0x63, 0x0B, 0x63, 0x0B, 0x63,
    0x89, 0x52, 0x48, 0x4A, 0xA9, 0x5A, 0x2C, 0x6B, 0x4C, 0x6B, 0xCA, 0x5A, 0x60, 0x10, 0x40, 0x08,
    0x40, 0x08, 0x03, 0x21, 0x65, 0x29, 0xE3, 0x20, 0x82, 0x10, 0x61, 0x10, 0x81, 0x10, 0xC2, 0x18,
    0xC2, 0x18, 0xA2, 0x18, 0xA2, 0x18, 0x81, 0x10, 0x40, 0x08, 0x61, 0x08, 0xC2, 0x18, 0xE2, 0x20,
    0xE2, 0x20, 0xE2, 0x18, 0xE2, 0x18, 0xC2, 0x18, 0xC2, 0x18, 0x49, 0x4A, 0x0C, 0x63, 0x07, 0x42,
    0x24, 0x29, 0x44, 0x29, 0x03, 0x21, 0xE3, 0x20, 0x44, 0x29, 0xE7, 0x41, 0xA6, 0x31, 0xE3, 0x20,
    0xA2, 0x18, 0x44, 0x29, 0x64, 0x31, 0xC2, 0x20, 0xA5, 0x39, 0xC5, 0x41, 0x84, 0x39, 0x63, 0x39,
    0x84, 0x41, 0x84, 0x39, 0xA4, 0x41, 0xC5, 0x41, 0xE6, 0x49, 0x06, 0x4A, 0x06, 0x4A, 0xE5, 0x51,
    0x05, 0x52, 0x46, 0x5A, 0x46, 0x5A, 0x46, 0x62, 0x66, 0x62, 0x66, 0x62, 0x87, 0x62, 0x87, 0x6A,
    0xC7, 0x6A, 0xC8, 0x72, 0xE8, 0x72, 0x28, 0x7B, 0x29, 0x7B, 0x29, 0x7B, 0x29, 0x7B, 0x2A, 0x7B,
    0x09, 0x73, 0xA8, 0x62, 0x67, 0x5A, 0x26, 0x52, 0x06, 0x4A, 0x27, 0x4A, 0x27, 0x4A, 0x27, 0x4A,
    0x47, 0x4A, 0x88, 0x52, 0x48, 0x4A, 0x68, 0x4A, 0x89, 0x52, 0x48, 0x4A, 0xA5, 0x39, 0x23, 0x29,
    0xC2, 0x20, 0xE2, 0x20, 0xC6, 0x39, 0x28, 0x42, 0xE7, 0x39, 0x07, 0x3A, 0x48, 0x4A, 0x48, 0x42,
    0x07, 0x42, 0xE7, 0x39, 0x07, 0x42, 0x69, 0x4A, 0xAA, 0x52, 0xAA, 0x52, 0x89, 0x4A, 0x69, 0x4A,
    0x89, 0x4A, 0xAA, 0x52, 0xAA, 0x52, 0xAA, 0x52, 0xCB, 0x5A, 0x0C, 0x5B, 0x2C, 0x63, 0x2C, 0x63,
    0x2C, 0x63, 0x2C, 0x63, 0x6D, 0x6B, 0x8D, 0x6B, 0x4C, 0x6B, 0x0B, 0x63, 0xCA, 0x5A, 0xA9, 0x52,
    0xAA, 0x52, 0xEA, 0x5A, 0xEB, 0x5A, 0x2C, 0x63, 0x2C, 0x63, 0x0B, 0x63, 0xEB, 0x5A, 0xAA, 0x52,
    0xEA, 0x5A, 0x0B, 0x63, 0x2C, 0x63, 0xCA, 0x5A, 0xEB, 0x5A, 0xCA, 0x5A, 0x68, 0x4A, 0x07, 0x42,
    0xA9, 0x52, 0x4C, 0x6B, 0x8D, 0x73, 0x0B, 0x63, 0xC6, 0x39, 0x60, 0x10, 0xE2, 0x20, 0x65, 0x31,
    0x44, 0x29, 0x81, 0x10, 0x40, 0x08, 0x60, 0x10, 0x81, 0x10, 0x81, 0x10, 0x81, 0x10, 0xC2, 0x20,
    0x23, 0x21, 0xE2, 0x18, 0xC2, 0x18, 0x03, 0x21, 0x23, 0x21, 0x03, 0x21, 0xE3, 0x20, 0xE3, 0x20,
    0x03, 0x21, 0x03, 0x21, 0xC2, 0x18, 0xA6, 0x31, 0x69, 0x52, 0xE3, 0x18, 0xE7, 0x39, 0xE7, 0x41,
    0x24, 0x29, 0x23, 0x29, 0x03, 0x21, 0xE3, 0x18, 0x24, 0x29, 0xE7, 0x41, 0x28, 0x4A, 0x64, 0x31,
    0xE2, 0x20, 0x64, 0x31, 0xE6, 0x41, 0x64, 0x39, 0xE6, 0x49, 0x06, 0x52, 0x26, 0x52, 0x05, 0x52,
    0xE5, 0x49, 0xE5, 0x49, 0x26, 0x52, 0x46, 0x52, 0x46, 0x5A, 0x66, 0x5A, 0x87, 0x62, 0xC7, 0x6A,
    0xC8, 0x72, 0xC7, 0x72, 0xE8, 0x72, 0xE7, 0x72, 0x08, 0x7B, 0x08, 0x7B, 0x08, 0x7B, 0x28, 0x7B,
    0x49, 0x83, 0x69, 0x83, 0x6A, 0x83, 0x6A, 0x83, 0x4A, 0x83, 0x4A, 0x83, 0x29, 0x7B, 0xC8, 0x72,
    0x66, 0x62, 0x86, 0x62, 0x87, 0x62, 0xA8, 0x62, 0x47, 0x52, 0x27, 0x4A, 0x47, 0x52, 0x88, 0x5A,
    0xA9, 0x5A, 0x47, 0x4A, 0xC5, 0x41, 0x23, 0x29, 0xE2, 0x20, 0xC1, 0x20, 0xC1, 0x20, 0x23, 0x29,
    0x07, 0x42, 0xE6, 0x39, 0x84, 0x31, 0xA5, 0x39, 0xC6, 0x39, 0x84, 0x31, 0x85, 0x31, 0xE6, 0x39,
    0x69, 0x4A, 0xCA, 0x52, 0x8A, 0x52, 0x49, 0x42, 0x49, 0x4A, 0x8A, 0x4A, 0x0B, 0x5B, 0x0B, 0x5B,
    0xEB, 0x5A, 0xEB, 0x5A, 0xEB, 0x5A, 0x0B, 0x5B, 0xCA, 0x5A, 0xCA, 0x52, 0xEB, 0x5A, 0x0B, 0x63,
    0x2C, 0x63, 0xEB, 0x5A, 0x89, 0x4A, 0x27, 0x42, 0x07, 0x3A, 0x07, 0x42, 0x89, 0x52, 0xEB, 0x5A,
    0x2C, 0x63, 0x6D, 0x6B, 0x6D, 0x6B, 0x4C, 0x63, 0x2C, 0x63, 0x4C, 0x6B, 0x6D, 0x6B, 0x4C, 0x6B,
    0xEB, 0x5A, 0xAA, 0x52, 0xA9, 0x52, 0x68, 0x52, 0x27, 0x42, 0xE6, 0x39, 0x89, 0x52, 0x2C, 0x63,
    0x8D, 0x6B, 0x4C, 0x6B, 0xE6, 0x39, 0xC6, 0x39, 0x45, 0x29, 0x65, 0x29, 0xC2, 0x18, 0x61, 0x08,
    0x81, 0x10, 0x81, 0x10, 0x81, 0x10, 0x81, 0x10, 0x81, 0x10, 0x81, 0x10, 0x81, 0x10, 0xE2, 0x20,
    0x85, 0x31, 0xA6, 0x39, 0x85, 0x31, 0x85, 0x31, 0x24, 0x29, 0xE3, 0x18, 0xA2, 0x10, 0x82, 0x10,
    0x61, 0x08, 0x44, 0x29, 0x69, 0x4A, 0xE3, 0x20, 0x81, 0x10, 0xC2, 0x18, 0x85, 0x31, 0xE6, 0x39,
    0x44, 0x29, 0x23, 0x29, 0x23, 0x29, 0x44, 0x29, 0x23, 0x29, 0xA5, 0x39, 0x68, 0x52, 0x27, 0x4A,
    0x64, 0x31, 0xE6, 0x41, 0x47, 0x52, 0x06, 0x52, 0x67, 0x62, 0x87, 0x62, 0x87, 0x62, 0x67, 0x62,
    0x67, 0x5A, 0x67, 0x5A, 0x67, 0x5A, 0x87, 0x62, 0xE8, 0x72, 0x09, 0x7B, 0x29, 0x7B, 0x49, 0x83,
    0x49, 0x83, 0x69, 0x8B, 0x49, 0x83, 0x69, 0x83, 0x6A, 0x83, 0x8A, 0x8B, 0x6A, 0x83, 0x6A, 0x83,
    0x6A, 0x83, 0x4A, 0x83, 0x6A, 0x83, 0x6A, 0x83, 0x69, 0x83, 0x29, 0x83, 0x08, 0x7B, 0x08, 0x7B,
    0x09, 0x73, 0xE9, 0x72, 0x87, 0x62, 0x67, 0x5A, 0xC8, 0x62, 0xC9, 0x62, 0x88, 0x5A, 0xE5, 0x49,
    0x63, 0x39, 0x22, 0x31, 0x22, 0x31, 0x02, 0x31, 0x02, 0x29, 0x43, 0x31, 0xC5, 0x41, 0x84, 0x31,
    0x02, 0x29, 0x02, 0x29, 0xE2, 0x28, 0xE2, 0x20, 0x23, 0x29, 0x84, 0x31, 0xC6, 0x39, 0x07, 0x3A,
    0xE7, 0x39, 0x28, 0x42, 0xEB, 0x5A, 0x4D, 0x63, 0x4D, 0x63, 0xEB, 0x5A, 0xCB, 0x52, 0xCA, 0x52,
    0xAA, 0x52, 0x69, 0x4A, 0x48, 0x42, 0x69, 0x4A, 0xA9, 0x52, 0xEB, 0x5A, 0xCA, 0x52, 0x68, 0x4A,
    0x07, 0x42, 0x07, 0x42, 0x48, 0x4A, 0xAA, 0x52, 0x0B, 0x5B, 0x4D, 0x6B, 0x4D, 0x6B, 0x6D, 0x6B,
    0x6D, 0x6B, 0x6D, 0x6B, 0x8D, 0x6B, 0x8E, 0x73, 0x8D, 0x73, 0x6D, 0x6B, 0x0B, 0x63, 0xAA, 0x52,
    0x48, 0x4A, 0xE6, 0x39, 0xE6, 0x41, 0xE6, 0x39, 0x48, 0x4A, 0x2B, 0x63, 0x4C, 0x6B, 0x4C, 0x6B,
    0x89, 0x52, 0x27, 0x42, 0x89, 0x52, 0xC2, 0x18, 0x41, 0x08, 0x61, 0x10, 0x81, 0x10, 0x81, 0x10,
    0x81, 0x10, 0x61, 0x10, 0x61, 0x10, 0x81, 0x10, 0xE3, 0x18, 0x44, 0x29, 0x65, 0x29, 0x85, 0x31,
    0xE7, 0x39, 0x85, 0x31, 0x24, 0x21, 0x03, 0x21, 0x04, 0x21, 0x24, 0x21, 0x24, 0x21, 0x85, 0x31,
    0xAA, 0x52, 0xA6, 0x31, 0x64, 0x29, 0xA6, 0x39, 0xA6, 0x39, 0xC6, 0x39, 0x27, 0x42, 0x48, 0x4A,
    0xE6, 0x41, 0x85, 0x31, 0x85, 0x31, 0xA5, 0x39, 0x64, 0x31, 0x85, 0x39, 0x27, 0x4A, 0x89, 0x5A,
    0x27, 0x52, 0x47, 0x52, 0x67, 0x5A, 0x67, 0x5A, 0xA7, 0x6A, 0xA8, 0x6A, 0xA8, 0x6A, 0x87, 0x62,
    0x87, 0x62, 0xA7, 0x62, 0xA8, 0x6A, 0x08, 0x73, 0x49, 0x83, 0x6A, 0x83, 0x6A, 0x8B, 0x8A, 0x8B,
    0x8A, 0x8B, 0x8A, 0x8B, 0xAB, 0x8B, 0xAB, 0x8B, 0x4A, 0x83, 0x6A, 0x83, 0x6A, 0x83, 0x8A, 0x8B,
    0xAA, 0x8B, 0xAA, 0x8B, 0x89, 0x8B, 0x8A, 0x8B, 0x69, 0x8B, 0x6A, 0x8B, 0x49, 0x83, 0x29, 0x7B,
    0xE8, 0x72, 0x08, 0x7B, 0x29, 0x7B, 0x09, 0x73, 0x87, 0x62, 0x05, 0x52, 0xC4, 0x49, 0xC4, 0x49,
    0x83, 0x41, 0x63, 0x39, 0x63, 0x39, 0xA4, 0x41, 0xA4, 0x41, 0x22, 0x31, 0xE1, 0x28, 0xE1, 0x28,
    0xC1, 0x28, 0xC1, 0x28, 0xE1, 0x28, 0xE2, 0x28, 0x03, 0x29, 0x23, 0x29, 0xA5, 0x39, 0xA9, 0x52,
    0x0C, 0x63, 0xAA, 0x52, 0xE7, 0x39, 0xC7, 0x39, 0x28, 0x42, 0x28, 0x42, 0xE7, 0x39, 0xC6, 0x39,
    0xE7, 0x39, 0x48, 0x4A, 0x89, 0x52, 0x89, 0x4A, 0x69, 0x4A, 0x48, 0x42, 0x48, 0x4A, 0xAA, 0x52,
    0x0B, 0x5B, 0x2C, 0x63, 0x2C, 0x63, 0x0B, 0x5B, 0x0B, 0x5B, 0x0B, 0x63, 0x2C, 0x63, 0x4C, 0x63,
    0x6D, 0x6B, 0x8D, 0x6B, 0x6D, 0x6B, 0xEB, 0x5A, 0x69, 0x4A, 0xE7, 0x41, 0x44, 0x29, 0x44, 0x29,
    0xA5, 0x39, 0x07, 0x42, 0x28, 0x42, 0x0B, 0x63, 0x4C, 0x6B, 0x4C, 0x63, 0x0B, 0x63, 0xAA, 0x52,
    0x4C, 0x6B, 0x0B, 0x63, 0x60, 0x10, 0xA1, 0x10, 0x81, 0x10, 0x61, 0x10, 0x40, 0x08, 0x61, 0x10,
    0xC2, 0x18, 0x44, 0x29, 0xC6, 0x39, 0x08, 0x42, 0x08, 0x42, 0xE7, 0x39, 0xA6, 0x31, 0x86, 0x31,
    0x24, 0x21, 0x45, 0x29, 0xC6, 0x39, 0x69, 0x4A, 0xCB, 0x5A, 0x0C, 0x63, 0x4C, 0x6B, 0x8A, 0x52,
    0x28, 0x42, 0x28, 0x4A, 0x07, 0x42, 0xC6, 0x39, 0xA6, 0x39, 0xA5, 0x39, 0xC6, 0x39, 0x07, 0x42,
    0x27, 0x4A, 0xE6, 0x41, 0xC6, 0x41, 0x06, 0x4A, 0xC6, 0x41, 0xC5, 0x41, 0xE6, 0x49, 0x47, 0x52,
    0x88, 0x5A, 0x88, 0x62, 0xA8, 0x62, 0xA7, 0x6A, 0xA8, 0x6A, 0xA7, 0x6A, 0xA8, 0x6A, 0xC8, 0x6A,
    0xA7, 0x6A, 0xA7, 0x6A, 0x08, 0x73, 0x49, 0x83, 0x8A, 0x8B, 0x8A, 0x8B, 0x8A, 0x8B, 0xCB, 0x93,
    0xAB, 0x93, 0x8A, 0x8B, 0x6A, 0x83, 0x8A, 0x8B, 0xAB, 0x93, 0xAA, 0x93, 0xAA, 0x93, 0xCB, 0x93,
    0xCA, 0x93, 0xAA, 0x93, 0xCA, 0x93, 0xAA, 0x93, 0xAA, 0x93, 0x8A, 0x8B, 0x89, 0x8B, 0x8A, 0x8B,
    0x8A, 0x8B, 0x6A, 0x83, 0x29, 0x7B, 0x08, 0x7B, 0xE8, 0x72, 0xA7, 0x6A, 0x66, 0x62, 0x45, 0x5A,
    0x25, 0x5A, 0x05, 0x52, 0xA3, 0x49, 0x62, 0x41, 0x62, 0x41, 0x42, 0x41, 0x42, 0x39, 0x21, 0x39,
    0x21, 0x39, 0x21, 0x31, 0x22, 0x31, 0x43, 0x39, 0xE5, 0x49, 0x06, 0x4A, 0x64, 0x39, 0xE1, 0x28,
    0x02, 0x29, 0x63, 0x31, 0x64, 0x31, 0x03, 0x21, 0x03, 0x21, 0x44, 0x29, 0x07, 0x42, 0x28, 0x42,
    0x28, 0x42, 0x48, 0x4A, 0x48, 0x4A, 0x69, 0x4A, 0xCA, 0x5A, 0xEB, 0x5A, 0xCA, 0x5A, 0xAA, 0x52,
    0x69, 0x4A, 0x68, 0x4A, 0xA9, 0x52, 0xEB, 0x5A, 0x0B, 0x5B, 0x0C, 0x63, 0x4C, 0x63, 0x6D, 0x6B,
    0xEB, 0x5A, 0x28, 0x42, 0xC6, 0x39, 0x85, 0x31, 0x23, 0x21, 0x44, 0x29, 0x27, 0x42, 0x89, 0x52,
    0x68, 0x4A, 0xCA, 0x5A, 0x4C, 0x6B, 0x4C, 0x6B, 0x6D, 0x6B, 0x2B, 0x63, 0x2B, 0x63, 0x0B, 0x63,
    0x27, 0x42, 0x81, 0x10, 0x61, 0x08, 0x20, 0x00, 0x61, 0x08, 0x24, 0x21, 0xC6, 0x31, 0x08, 0x42,
    0x49, 0x4A, 0x69, 0x4A, 0xE7, 0x39, 0x65, 0x29, 0x45, 0x21, 0xA6, 0x31, 0xE7, 0x39, 0x69, 0x4A,
    0xEB, 0x5A, 0x0C, 0x63, 0xEB, 0x5A, 0xCB, 0x5A, 0xCA, 0x5A, 0x69, 0x4A, 0xE7, 0x41, 0xA6, 0x39,
    0x85, 0x31, 0x64, 0x31, 0x44, 0x29, 0x44, 0x29, 0x64, 0x31, 0x64, 0x31, 0x64, 0x31, 0xA5, 0x39,
    0x06, 0x42, 0xE6, 0x41, 0xC5, 0x41, 0xE6, 0x49, 0x06, 0x4A, 0x06, 0x4A, 0x27, 0x52, 0x26, 0x52,
    0x67, 0x5A, 0x67, 0x5A, 0x46, 0x5A, 0x66, 0x62, 0x87, 0x62, 0x67, 0x62, 0x67, 0x62, 0xA7, 0x6A,
    0xA7, 0x6A, 0xE8, 0x72, 0x49, 0x83, 0x6A, 0x8B, 0xCB, 0x93, 0xAB, 0x93, 0xAA, 0x8B, 0x4A, 0x83,
    0xAA, 0x8B, 0xEB, 0x9B, 0xAA, 0x8B, 0xCB, 0x93, 0xAA, 0x93, 0xEB, 0x9B, 0xEB, 0x9B, 0xEB, 0x9B,
    0xEB, 0x9B, 0xEB, 0x9B, 0xEB, 0x9B, 0xEA, 0x9B, 0xCA, 0x9B, 0xCB, 0x9B, 0xCB, 0x9B, 0xAA, 0x93,
    0xAA, 0x93, 0xAA, 0x93, 0x8A, 0x93, 0x49, 0x83, 0x49, 0x83, 0x28, 0x83, 0xE7, 0x72, 0xA7, 0x6A,
    0x87, 0x6A, 0x86, 0x6A, 0x45, 0x62, 0x25, 0x5A, 0x04, 0x5A, 0xC3, 0x51, 0xC3, 0x51, 0xA3, 0x49,
    0xC3, 0x49, 0xC4, 0x49, 0xE4, 0x49, 0x83, 0x41, 0x01, 0x31, 0xE0, 0x30, 0xE0, 0x28, 0xC1, 0x28,
    0xE1, 0x28, 0x22, 0x31, 0x84, 0x39, 0x84, 0x39, 0x64, 0x31, 0x43, 0x29, 0x85, 0x31, 0x07, 0x42,
    0x48, 0x4A, 0x68, 0x4A, 0x89, 0x52, 0x89, 0x52, 0x48, 0x4A, 0x07, 0x42, 0x07, 0x42, 0x48, 0x4A,
    0xAA, 0x52, 0xEB, 0x5A, 0xEB, 0x5A, 0x0B, 0x63, 0x2C, 0x63, 0xCB, 0x5A, 0x28, 0x42, 0x85, 0x31,
    0x85, 0x31, 0x65, 0x31, 0x44, 0x29, 0xA5, 0x31, 0x48, 0x4A, 0xCA, 0x52, 0xCA, 0x52, 0xEB, 0x5A,
    0x6D, 0x6B, 0xAE, 0x73, 0x8D, 0x73, 0x0B, 0x63, 0xAA, 0x52, 0x0B, 0x63, 0xC5, 0x39, 0x43, 0x31,
    0x20, 0x08, 0x82, 0x10, 0x65, 0x29, 0xE7, 0x39, 0x49, 0x42, 0x29, 0x42, 0x08, 0x42, 0x86, 0x31,
    0x24, 0x21, 0x44, 0x21, 0xA6, 0x31, 0xE7, 0x39, 0x28, 0x42, 0xAA, 0x52, 0x0C, 0x63, 0x2C, 0x63,
    0xEB, 0x5A, 0xAA, 0x52, 0x69, 0x52, 0x69, 0x4A, 0x28, 0x4A, 0x27, 0x4A, 0x07, 0x42, 0xE7, 0x41,
    0xE7, 0x41, 0xC6, 0x41, 0xA6, 0x39, 0xA5, 0x39, 0xA5, 0x39, 0xA5, 0x39, 0xC6, 0x41, 0xC6, 0x41,
    0xE6, 0x41, 0xC5, 0x41, 0xA5, 0x41, 0xC5, 0x41, 0xC5, 0x41, 0xE5, 0x49, 0x06, 0x52, 0xC5, 0x49,
    0xE5, 0x49, 0x05, 0x52, 0x26, 0x5A, 0x25, 0x5A, 0x66, 0x62, 0x66, 0x62, 0x87, 0x62, 0xC8, 0x6A,
    0xA7, 0x6A, 0x29, 0x7B, 0x6A, 0x8B, 0x6A, 0x8B, 0xAA, 0x93, 0x8A, 0x8B, 0xCB, 0x93, 0xEC, 0x9B,
    0x0C, 0xA4, 0xCB, 0x93, 0xEB, 0x9B, 0xAB, 0x93, 0xEB, 0x9B, 0x0C, 0xA4, 0x0C, 0xA4, 0xEB, 0x9B,
    0xEB, 0x9B, 0x2B, 0xA4, 0x0B, 0xA4, 0xEB, 0x9B, 0xEB, 0x9B, 0xEB, 0x9B, 0xEB, 0xA3, 0xEB, 0x9B,
    0xEB, 0x9B, 0xEB, 0x9B, 0xCB, 0x9B, 0xAA, 0x93, 0xAA, 0x93, 0x8A, 0x8B, 0x28, 0x83, 0x28, 0x83,
    0xE8, 0x7A, 0xC7, 0x72, 0xE8, 0x7A, 0xC7, 0x72, 0xA7, 0x6A, 0x86, 0x6A, 0x86, 0x6A, 0x66, 0x62,
    0x05, 0x5A, 0xE4, 0x51, 0xC3, 0x49, 0x82, 0x49, 0x42, 0x39, 0x01, 0x31, 0x01, 0x31, 0xE1, 0x28,
    0xC1, 0x28, 0xE1, 0x28, 0x22, 0x31, 0x84, 0x39, 0xA5, 0x39, 0xC5, 0x39, 0xC6, 0x39, 0xA5, 0x39,
    0xE6, 0x41, 0xE6, 0x39, 0x85, 0x31, 0x84, 0x31, 0xE6, 0x41, 0x68, 0x4A, 0x68, 0x52, 0x68, 0x4A,
    0x27, 0x42, 0x48, 0x4A, 0x48, 0x4A, 0xE7, 0x41, 0x85, 0x31, 0xA5, 0x31, 0xC6, 0x39, 0xC6, 0x39,
    0xC6, 0x39, 0x48, 0x4A, 0xEA, 0x5A, 0x2B, 0x63, 0x2C, 0x63, 0x4C, 0x63, 0x8D, 0x73, 0x8D, 0x73,
    0x4C, 0x6B, 0xEB, 0x5A, 0x89, 0x4A, 0xCA, 0x5A, 0x06, 0x42, 0x23, 0x29, 0x02, 0x29, 0x24, 0x21,
    0xE7, 0x39, 0x08, 0x42, 0x08, 0x42, 0xC7, 0x39, 0x65, 0x29, 0x04, 0x21, 0x65, 0x29, 0xC6, 0x39,
    0xE7, 0x39, 0x07, 0x42, 0x89, 0x52, 0x0B, 0x5B, 0x2C, 0x63, 0x0B, 0x63, 0xAA, 0x52, 0x28, 0x42,
    0xC6, 0x39, 0x07, 0x42, 0x48, 0x4A, 0x27, 0x4A, 0xE6, 0x41, 0xC6, 0x39, 0x85, 0x39, 0x84, 0x31,
    0x64, 0x31, 0x43, 0x31, 0x43, 0x31, 0x64, 0x31, 0xC5, 0x41, 0xC5, 0x41, 0xA5, 0x41, 0x84, 0x39,
    0xA5, 0x41, 0xC5, 0x41, 0xC5, 0x41, 0xA4, 0x41, 0xA4, 0x41, 0xC4, 0x49, 0xE5, 0x51, 0xE5, 0x49,
    0xC4, 0x51, 0x05, 0x52, 0x25, 0x5A, 0x25, 0x5A, 0x66, 0x62, 0x87, 0x62, 0xC8, 0x72, 0xA7, 0x6A,
    0x87, 0x6A, 0x49, 0x83, 0x29, 0x83, 0x8A, 0x8B, 0xEB, 0x9B, 0x0B, 0x9C, 0xCB, 0x93, 0xEB, 0x9B,
    0xCB, 0x93, 0xAB, 0x8B, 0x8A, 0x93, 0xAA, 0x93, 0x0B, 0xA4, 0x0C, 0xA4, 0x2C, 0xA4, 0xEB, 0x9B,
    0x2B, 0xA4, 0x2C, 0xA4, 0x0B, 0xA4, 0xEB, 0x9B, 0xCB, 0x9B, 0x0B, 0xA4, 0x2C, 0xAC, 0x2C, 0xAC,
    0xEB, 0x9B, 0x0B, 0xA4, 0x0B, 0xA4, 0xEB, 0x9B, 0xAB, 0x93, 0xEB, 0x9B, 0xAA, 0x93, 0x89, 0x8B,
    0x49, 0x8B, 0x08, 0x7B, 0x08, 0x7B, 0x28, 0x83, 0x49, 0x83, 0xE7, 0x72, 0xA7, 0x72, 0xC7, 0x72,
    0x86, 0x6A, 0x45, 0x62, 0xC4, 0x51, 0x83, 0x41, 0x62, 0x41, 0x42, 0x39, 0x42, 0x39, 0x22, 0x31,
    0x01, 0x31, 0xE1, 0x28, 0xE1, 0x28, 0x02, 0x29, 0x64, 0x31, 0xA5, 0x39, 0xC6, 0x41, 0xE6, 0x41,
    0xE6, 0x41, 0x06, 0x42, 0x68, 0x4A, 0x68, 0x52, 0x68, 0x52, 0x68, 0x52, 0x68, 0x52, 0xA9, 0x52,
    0x89, 0x52, 0x68, 0x4A, 0x68, 0x4A, 0x48, 0x4A, 0x48, 0x4A, 0x68, 0x4A, 0x89, 0x52, 0xEB, 0x5A,
    0x4C, 0x63, 0x4C, 0x6B, 0x4C, 0x6B, 0x4C, 0x63, 0x2C, 0x63, 0x2C, 0x63, 0x0B, 0x63, 0x0B, 0x63,
    0x89, 0x52, 0x68, 0x4A, 0x06, 0x42, 0x02, 0x21, 0xC1, 0x20, 0xE2, 0x20, 0xE7, 0x39, 0xC7, 0x39,
    0xC6, 0x39, 0x85, 0x31, 0x45, 0x29, 0xA6, 0x31, 0x28, 0x42, 0x48, 0x4A, 0x49, 0x4A, 0xAA, 0x52,
    0x2C, 0x63, 0x6D, 0x6B, 0x4C, 0x63, 0xCA, 0x5A, 0x28, 0x42, 0xA5, 0x31, 0x65, 0x31, 0xE7, 0x41,
    0x48, 0x4A, 0x48, 0x4A, 0xC6, 0x39, 0xA5, 0x39, 0x84, 0x39, 0x64, 0x31, 0x64, 0x31, 0x43, 0x31,
    0x64, 0x31, 0x84, 0x39, 0xC5, 0x41, 0xA5, 0x41, 0xA4, 0x39, 0xA5, 0x41, 0xC5, 0x41, 0xA4, 0x41,
    0xA4, 0x41, 0xC4, 0x49, 0xC4, 0x49, 0xC4, 0x49, 0xC4, 0x49, 0xC4, 0x49, 0xE5, 0x51, 0xE4, 0x51,
    0x05, 0x52, 0x25, 0x5A, 0x45, 0x5A, 0x46, 0x62, 0xA7, 0x6A, 0x87, 0x6A, 0xE8, 0x72, 0xC7, 0x72,
    0x08, 0x7B, 0x49, 0x83, 0xAA, 0x93, 0x2C, 0xA4, 0xEB, 0x9B, 0xCB, 0x9B, 0xCB, 0x93, 0xAB, 0x93,
    0x6A, 0x83, 0x8A, 0x8B, 0x6A, 0x8B, 0xEB, 0x9B, 0xCA, 0x93, 0xEB, 0x9B, 0x0B, 0x9C, 0xEB, 0xA3,
    0x0B, 0xA4, 0x0B, 0xA4, 0x0B, 0xA4, 0xAA, 0x93, 0xEB, 0xA3, 0x0B, 0xA4, 0x4C, 0xAC, 0x4C, 0xAC,
    0xCA, 0x9B, 0x0B, 0xAC, 0x2C, 0xAC, 0xCB, 0x9B, 0xEB, 0x9B, 0x0B, 0xA4, 0x8A, 0x93, 0x69, 0x8B,
    0xAA, 0x93, 0x69, 0x8B, 0x08, 0x7B, 0x28, 0x83, 0x69, 0x8B, 0x8A, 0x8B, 0x69, 0x8B, 0x08, 0x7B,
    0x86, 0x6A, 0x25, 0x5A, 0x05, 0x5A, 0xC3, 0x51, 0x83, 0x49, 0x83, 0x41, 0x62, 0x41, 0x42, 0x39,
    0x42, 0x39, 0x42, 0x39, 0x42, 0x31, 0x22, 0x31, 0x42, 0x31, 0x43, 0x31, 0xC5, 0x39, 0x48, 0x4A,
    0xAA, 0x5A, 0xCA, 0x5A, 0xEA, 0x5A, 0x0B, 0x63, 0x0B, 0x63, 0xEA, 0x5A, 0xA9, 0x52, 0xA9, 0x52,
    0xAA, 0x52, 0xAA, 0x52, 0xCA, 0x5A, 0x0B, 0x5B, 0x0B, 0x63, 0x0B, 0x63, 0x4C, 0x63, 0x2C, 0x63,
    0x2B, 0x63, 0x2C, 0x63, 0x4C, 0x63, 0x4C, 0x6B, 0x4C, 0x6B, 0x6D, 0x6B, 0x6D, 0x6B, 0x0B, 0x63,
    0xEB, 0x5A, 0x89, 0x4A, 0x07, 0x42, 0xE6, 0x41, 0xC6, 0x39, 0xA6, 0x31, 0xC6, 0x39, 0xA6, 0x31,
    0xA6, 0x31, 0x69, 0x4A, 0xCB, 0x5A, 0xCA, 0x5A, 0xCA, 0x5A, 0x2C, 0x63, 0xAE, 0x73, 0x6D, 0x6B,
    0xEB, 0x5A, 0x69, 0x4A, 0x07, 0x42, 0xA5, 0x31, 0xC6, 0x39, 0x27, 0x4A, 0x68, 0x52, 0x28, 0x4A,
    0xC6, 0x39, 0xA5, 0x39, 0x64, 0x31, 0x64, 0x31, 0x64, 0x39, 0x64, 0x31, 0x84, 0x39, 0x84, 0x39,
    0xC5, 0x41, 0xA4, 0x39, 0x84, 0x39, 0xC5, 0x41, 0xC5, 0x41, 0xA4, 0x41, 0xA4, 0x41, 0xA4, 0x49,
    0xC4, 0x49, 0xC4, 0x49, 0xC4, 0x49, 0xE5, 0x51, 0xC4, 0x49, 0xC4, 0x51, 0xE4, 0x51, 0x04, 0x52,
    0x05, 0x5A, 0x66, 0x62, 0x87, 0x6A, 0xA7, 0x6A, 0x87, 0x6A, 0x08, 0x7B, 0xE8, 0x72, 0xE8, 0x72,
    0x49, 0x83, 0xCB, 0x93, 0x2C, 0xA4, 0x0B, 0xA4, 0xEB, 0x9B, 0xCB, 0x93, 0xAB, 0x93, 0x49, 0x83,
    0x69, 0x8B, 0x69, 0x8B, 0xCB, 0x9B, 0xEB, 0x9B, 0x0B, 0xA4, 0x2C, 0xA4, 0x0B, 0xA4, 0x0B, 0xA4,
    0xEB, 0xA3, 0xEB, 0xA3, 0xCA, 0x9B, 0xAA, 0x9B, 0x2C, 0xAC, 0x2B, 0xA4, 0x4C, 0xAC, 0xAA, 0x93,
    0xCB, 0x9B, 0x2C, 0xAC, 0x4C, 0xAC, 0xEB, 0x9B, 0x4C, 0xAC, 0x2C, 0xAC, 0xAA, 0x93, 0xAA, 0x93,
    0xEB, 0x9B, 0xCA, 0x93, 0x49, 0x83, 0x69, 0x83, 0xCB, 0x93, 0xCB, 0x93, 0x49, 0x83, 0xC7, 0x72,
    0xC7, 0x72, 0x86, 0x6A, 0x25, 0x5A, 0x25, 0x5A, 0x05, 0x5A, 0x04, 0x52, 0xE4, 0x51, 0xE5, 0x49,
    0xE4, 0x49, 0xE5, 0x49, 0x06, 0x4A, 0x67, 0x52, 0x88, 0x5A, 0x88, 0x52, 0x68, 0x52, 0x89, 0x52,
    0x89, 0x52, 0xA9, 0x5A, 0xA9, 0x5A, 0xAA, 0x5A, 0xA9, 0x52, 0xCA, 0x5A, 0xEA, 0x5A, 0xEB, 0x5A,
    0x2B, 0x63, 0x2C, 0x63, 0x4C, 0x63, 0x6C, 0x6B, 0x8D, 0x73, 0x6D, 0x6B, 0x6D, 0x6B, 0x6D, 0x6B,
    0x4C, 0x6B, 0x6C, 0x6B, 0x4C, 0x6B, 0x2C, 0x63, 0x2B, 0x63, 0xA9, 0x52, 0x27, 0x4A, 0xC6, 0x39,
    0x85, 0x31, 0xE6, 0x39, 0x27, 0x42, 0x89, 0x52, 0xE7, 0x39, 0x48, 0x4A, 0xAA, 0x52, 0x2C, 0x63,
    0x0B, 0x63, 0xCA, 0x5A, 0xEB, 0x5A, 0x4D, 0x6B, 0x6D, 0x6B, 0x0C, 0x63, 0xEB, 0x5A, 0xCA, 0x5A,
    0x68, 0x4A, 0x48, 0x4A, 0x48, 0x4A, 0x27, 0x4A, 0x28, 0x4A, 0x48, 0x4A, 0x07, 0x42, 0xE6, 0x41,
    0xC5, 0x39, 0xA5, 0x39, 0xC5, 0x41, 0xA5, 0x39, 0x84, 0x39, 0x84, 0x39, 0xC5, 0x41, 0xA5, 0x41,
    0xA5, 0x41, 0xC5, 0x41, 0xA5, 0x41, 0xA4, 0x41, 0xA4, 0x49, 0xC4, 0x49, 0xA4, 0x49, 0xC4, 0x49,
    0xE4, 0x51, 0xC4, 0x49, 0xC4, 0x49, 0xE4, 0x51, 0xE4, 0x51, 0xE4, 0x51, 0x25, 0x5A, 0x25, 0x5A,
    0x45, 0x62, 0xA7, 0x6A, 0xC7, 0x72, 0x87, 0x6A, 0xA7, 0x6A, 0xA7, 0x6A, 0xA7, 0x6A, 0x29, 0x83,
    0x69, 0x8B, 0xEB, 0xA3, 0xCA, 0x9B, 0x0B, 0x9C, 0x8A, 0x8B, 0x49, 0x83, 0x08, 0x7B, 0x08, 0x7B,
    0x29, 0x7B, 0x69, 0x8B, 0x0B, 0xA4, 0xCA, 0x9B, 0xEB, 0xA3, 0xEB, 0x9B, 0xCB, 0x9B, 0xCA, 0x9B,
    0x8A, 0x93, 0xEB, 0xA3, 0x89, 0x93, 0x2C, 0xAC, 0x0B, 0xA4, 0x0B, 0xA4, 0x69, 0x8B, 0xAA, 0x93,
    0x0B, 0xA4, 0x2C, 0xAC, 0xEB, 0xA3, 0xEB, 0x9B, 0x6D, 0xAC, 0xEB, 0xA3, 0x8A, 0x93, 0x0B, 0xA4,
    0xEB, 0x9B, 0xEB, 0x9B, 0x6A, 0x8B, 0x08, 0x7B, 0xCB, 0x93, 0xAA, 0x93, 0x8A, 0x8B, 0x49, 0x83,
    0xE7, 0x7A, 0xE7, 0x7A, 0xA7, 0x72, 0x86, 0x62, 0x66, 0x62, 0x25, 0x5A, 0x05, 0x52, 0x25, 0x52,
    0x26, 0x52, 0x26, 0x52, 0x26, 0x4A, 0xC5, 0x41, 0x83, 0x39, 0x84, 0x39, 0xA5, 0x41, 0xC5, 0x41,
    0x27, 0x4A, 0x48, 0x4A, 0x68, 0x52, 0xA9, 0x52, 0xA9, 0x52, 0xA9, 0x52, 0x89, 0x52, 0x68, 0x4A,
    0x89, 0x52, 0xCA, 0x5A, 0x0B, 0x63, 0x2C, 0x63, 0x4C, 0x63, 0x6D, 0x6B, 0x8D, 0x73, 0x8D, 0x6B,
    0x6D, 0x6B, 0x6C, 0x6B, 0x6C, 0x6B, 0xEA, 0x5A, 0x27, 0x42, 0xC6, 0x39, 0x23, 0x21, 0x44, 0x29,
    0xC6, 0x39, 0x68, 0x4A, 0x68, 0x4A, 0xAA, 0x52, 0xCB, 0x5A, 0xEB, 0x5A, 0x89, 0x52, 0x48, 0x4A,
    0xCA, 0x52, 0x4C, 0x63, 0x2C, 0x63, 0xEB, 0x5A, 0x0C, 0x63, 0xEB, 0x5A, 0x48, 0x4A, 0x27, 0x4A,
    0x07, 0x42, 0xC6, 0x39, 0x07, 0x42, 0x89, 0x52, 0x68, 0x52, 0x07, 0x4A, 0xE6, 0x41, 0xA5, 0x39,
    0xA5, 0x39, 0x64, 0x31, 0x64, 0x31, 0x84, 0x39, 0xC5, 0x41, 0xC5, 0x41, 0xA4, 0x41, 0xC5, 0x41,
    0xA4, 0x41, 0xA4, 0x41, 0xA4, 0x49, 0xC4, 0x49, 0xA4, 0x49, 0xC4, 0x51, 0xE4, 0x51, 0xE4, 0x51,
    0xE4, 0x51, 0xE4, 0x51, 0xE4, 0x51, 0x05, 0x5A, 0xE4, 0x51, 0x25, 0x5A, 0x45, 0x62, 0x66, 0x6A,
    0x86, 0x6A, 0xC7, 0x72, 0xE8, 0x7A, 0x86, 0x6A, 0xC7, 0x72, 0x87, 0x6A, 0x08, 0x7B, 0x49, 0x8B,
    0xCB, 0x9B, 0xCB, 0x9B, 0xEB, 0x9B, 0x69, 0x8B, 0x49, 0x83, 0x08, 0x7B, 0xC7, 0x72, 0xE8, 0x7A,
    0x28, 0x83, 0xAA, 0x9B, 0xCA, 0x9B, 0xCA, 0x9B, 0xAA, 0x9B, 0xCA, 0x9B, 0x8A, 0x93, 0x49, 0x8B,
    0xCB, 0x9B, 0x8A, 0x93, 0xAA, 0x9B, 0x0B, 0xAC, 0xCA, 0x9B, 0x28, 0x83, 0x69, 0x8B, 0x2B, 0xAC,
    0x0B, 0xA4, 0x2B, 0xAC, 0x89, 0x93, 0x4C, 0xAC, 0x4C, 0xAC, 0x69, 0x8B, 0xAA, 0x93, 0x4C, 0xAC,
    0xCB, 0x9B, 0xEB, 0x9B, 0xAA, 0x8B, 0x08, 0x7B, 0xCB, 0x93, 0xEB, 0x9B, 0x8A, 0x8B, 0x69, 0x8B,
    0x28, 0x83, 0xC7, 0x72, 0xC7, 0x72, 0xC7, 0x72, 0x86, 0x6A, 0x66, 0x62, 0x45, 0x5A, 0x05, 0x52,
    0xC4, 0x49, 0x83, 0x41, 0x62, 0x39, 0x63, 0x39, 0x63, 0x39, 0xA4, 0x41, 0x06, 0x4A, 0x06, 0x4A,
    0x06, 0x4A, 0xE6, 0x41, 0xC5, 0x41, 0x84, 0x39, 0xA4, 0x39, 0xC5, 0x41, 0xE6, 0x41, 0x27, 0x4A,
    0x68, 0x4A, 0xCA, 0x5A, 0x0B, 0x63, 0x2C, 0x63, 0x0B, 0x63, 0x2B, 0x63, 0x6C, 0x6B, 0x6D, 0x6B,
    0x8D, 0x73, 0x8D, 0x73, 0x0B, 0x63, 0x89, 0x52, 0x27, 0x42, 0x07, 0x42, 0x68, 0x4A, 0xEA, 0x5A,
    0xEA, 0x5A, 0x48, 0x4A, 0x89, 0x52, 0x89, 0x52, 0x07, 0x42, 0x07, 0x42, 0xEB, 0x5A, 0x6D, 0x6B,
    0x4C, 0x63, 0xEB, 0x5A, 0x0B, 0x63, 0xAA, 0x5A, 0x28, 0x4A, 0x27, 0x4A, 0x27, 0x42, 0x07, 0x42,
    0x27, 0x4A, 0xCA, 0x5A, 0xA9, 0x5A, 0xE6, 0x41, 0x64, 0x31, 0x64, 0x31, 0xA5, 0x39, 0x84, 0x39,
    0x84, 0x39, 0xA4, 0x41, 0xA5, 0x41, 0xC5, 0x49, 0xA4, 0x41, 0xC5, 0x41, 0xC5, 0x41, 0xA4, 0x41,
    0xC4, 0x49, 0xC4, 0x49, 0xC4, 0x51, 0xC4, 0x51, 0xE4, 0x51, 0x04, 0x5A, 0x04, 0x5A, 0x04, 0x5A,
    0x04, 0x5A, 0x04, 0x5A, 0x25, 0x5A, 0x05, 0x5A, 0x25, 0x5A, 0x65, 0x6A, 0x86, 0x6A, 0x86, 0x72,
    0x86, 0x6A, 0xE7, 0x7A, 0xA7, 0x72, 0xE7, 0x7A, 0xA7, 0x72, 0xC7, 0x7A, 0x08, 0x83, 0x89, 0x93,
    0xCA, 0x9B, 0xAA, 0x93, 0x69, 0x8B, 0x08, 0x7B, 0x28, 0x83, 0xC7, 0x72, 0xE8, 0x7A, 0xE8, 0x7A,
    0x89, 0x93, 0xAA, 0x9B, 0xAA, 0x93, 0x89, 0x93, 0xAA, 0x9B, 0x48, 0x8B, 0x28, 0x83, 0x69, 0x93,
    0xAA, 0x9B, 0x8A, 0x9B, 0x0B, 0xA4, 0xAA, 0x9B, 0xE7, 0x7A, 0x08, 0x7B, 0x0B, 0xA4, 0xCA, 0x9B,
    0x6C, 0xB4, 0x8A, 0x93, 0xAA, 0x93, 0x4C, 0xAC, 0xEB, 0xA3, 0x08, 0x7B, 0xCB, 0x9B, 0x2B, 0xA4,
    0xCA, 0x9B, 0xEB, 0x9B, 0x69, 0x8B, 0x08, 0x7B, 0xCB, 0x93, 0xCB, 0x93, 0x8A, 0x8B, 0x69, 0x8B,
    0x49, 0x83, 0x28, 0x83, 0xE8, 0x7A, 0xC7, 0x72, 0xC7, 0x72, 0x86, 0x6A, 0x66, 0x62, 0x25, 0x5A,
    0x05, 0x5A, 0xE4, 0x51, 0xA3, 0x49, 0xA4, 0x49, 0xC4, 0x49, 0xA4, 0x41, 0x63, 0x39, 0x42, 0x39,
    0x42, 0x39, 0x42, 0x39, 0x63, 0x39, 0xA4, 0x41, 0xC4, 0x41, 0xE5, 0x49, 0x06, 0x4A, 0x68, 0x52,
    0x88, 0x5A, 0x88, 0x52, 0x89, 0x52, 0xCA, 0x5A, 0x0B, 0x63, 0x0B, 0x63, 0x2B, 0x63, 0x2C, 0x63,
    0x2C, 0x63, 0x4C, 0x6B, 0x8D, 0x6B, 0x4C, 0x6B, 0x4C, 0x6B, 0x4C, 0x6B, 0x0B, 0x63, 0x68, 0x4A,
    0x68, 0x4A, 0x28, 0x4A, 0xA6, 0x39, 0x07, 0x42, 0xEB, 0x5A, 0xAE, 0x73, 0x0B, 0x63, 0xEB, 0x5A,
    0x2C, 0x63, 0xA9, 0x52, 0x89, 0x52, 0xA9, 0x5A, 0x68, 0x52, 0x68, 0x52, 0x68, 0x52, 0xA9, 0x5A,
    0xCA, 0x5A, 0x06, 0x42, 0xC5, 0x39, 0xC5, 0x41, 0x06, 0x42, 0xC5, 0x41, 0xA5, 0x39, 0x84, 0x39,
    0x43, 0x31, 0xE5, 0x49, 0xC4, 0x49, 0xA4, 0x41, 0xE5, 0x49, 0xC4, 0x49, 0xA4, 0x49, 0xC4, 0x49,
    0xC4, 0x51, 0xC4, 0x51, 0x04, 0x5A, 0x25, 0x62, 0x25, 0x62, 0x24, 0x62, 0x25, 0x62, 0x45, 0x62,
    0x25, 0x62, 0x25, 0x5A, 0x45, 0x62, 0x25, 0x5A, 0x66, 0x6A, 0x86, 0x72, 0xA7, 0x72, 0xC7, 0x7A,
    0x08, 0x83, 0x08, 0x7B, 0xC7, 0x72, 0xC7, 0x7A, 0x86, 0x6A, 0x08, 0x83, 0x28, 0x8B, 0xAA, 0x9B,
    0xAA, 0x9B, 0xAA, 0x93, 0x08, 0x83, 0xE7, 0x82, 0xC7, 0x7A, 0xE8, 0x7A, 0xE8, 0x7A, 0x69, 0x93,
    0x89, 0x93, 0xAA, 0x9B, 0x69, 0x8B, 0xAA, 0x9B, 0x28, 0x8B, 0x28, 0x83, 0x48, 0x8B, 0xAA, 0x9B,
    0x89, 0x9B, 0x0B, 0xA4, 0x49, 0x93, 0xC7, 0x7A, 0xA7, 0x72, 0x0B, 0xA4, 0xAA, 0x9B, 0x2B, 0xAC,
    0xEB, 0xA3, 0x08, 0x83, 0x0B, 0xA4, 0x2C, 0xAC, 0x28, 0x83, 0x08, 0x83, 0x0B, 0xA4, 0xEB, 0x9B,
    0x8A, 0x93, 0xAA, 0x93, 0x08, 0x7B, 0x28, 0x83, 0xCA, 0x93, 0xCA, 0x9B, 0xAA, 0x93, 0x69, 0x8B,
    0x28, 0x83, 0x08, 0x7B, 0x08, 0x7B, 0x08, 0x7B, 0xE7, 0x72, 0xC7, 0x72, 0xC7, 0x72, 0xA7, 0x6A,
    0xA7, 0x6A, 0x66, 0x62, 0x04, 0x5A, 0xE4, 0x51, 0xC3, 0x49, 0xC3, 0x49, 0xC4, 0x49, 0xC4, 0x49,
    0x05, 0x52, 0x25, 0x5A, 0x25, 0x5A, 0x05, 0x52, 0x25, 0x52, 0x46, 0x5A, 0x26, 0x52, 0x26, 0x52,
    0x46, 0x52, 0x67, 0x52, 0x88, 0x5A, 0xA9, 0x5A, 0x89, 0x52, 0xA9, 0x52, 0xCA, 0x5A, 0xCA, 0x5A,
    0xCA, 0x5A, 0xEA, 0x5A, 0xEB, 0x5A, 0x0B, 0x63, 0x4C, 0x6B, 0x2B, 0x63, 0xEB, 0x5A, 0x0B, 0x63,
    0x44, 0x29, 0x07, 0x42, 0x2C, 0x63, 0xCE, 0x7B, 0x0C, 0x63, 0xEB, 0x5A, 0x2B, 0x63, 0xAA, 0x52,
    0xEA, 0x5A, 0x0B, 0x63, 0x89, 0x52, 0xCA, 0x5A, 0xCA, 0x5A, 0x89, 0x52, 0xEA, 0x62, 0x89, 0x52,
    0x48, 0x4A, 0x48, 0x52, 0x27, 0x4A, 0xC5, 0x41, 0x84, 0x39, 0x84, 0x39, 0x23, 0x31, 0xC5, 0x41,
    0x05, 0x52, 0xA4, 0x41, 0xC5, 0x49, 0xE5, 0x49, 0xA4, 0x49, 0xC4, 0x51, 0xE4, 0x51, 0xE4, 0x59,
    0x04, 0x5A, 0x25, 0x62, 0x25, 0x62, 0x45, 0x62, 0x25, 0x62, 0x45, 0x6A, 0x45, 0x6A, 0x65, 0x6A,
    0x25, 0x62, 0x66, 0x6A, 0x45, 0x62, 0x66, 0x6A, 0xA6, 0x72, 0xE7, 0x7A, 0xC7, 0x7A, 0x07, 0x83,
    0x28, 0x8B, 0x86, 0x72, 0x86, 0x72, 0x86, 0x72, 0xA6, 0x72, 0x48, 0x8B, 0x48, 0x93, 0xAA, 0x9B,
    0xAA, 0x9B, 0x49, 0x8B, 0xE7, 0x82, 0xC7, 0x7A, 0xC7, 0x7A, 0xE7, 0x7A, 0x28, 0x8B, 0x68, 0x93,
    0xCA, 0xA3, 0x69, 0x93, 0x89, 0x93, 0x48, 0x8B, 0x08, 0x83, 0xE7, 0x82, 0x89, 0x9B, 0x89, 0x9B,
    0xEB, 0xA3, 0x28, 0x8B, 0xC7, 0x7A, 0x86, 0x72, 0xAA, 0x9B, 0x89, 0x9B, 0x0B, 0xAC, 0x0B, 0xA4,
    0xC7, 0x7A, 0xAA, 0x9B, 0x0B, 0xA4, 0x89, 0x93, 0x66, 0x6A, 0x89, 0x93, 0x0B, 0xA4, 0x49, 0x8B,
    0x29, 0x83, 0x48, 0x83, 0x08, 0x7B, 0x49, 0x83, 0x89, 0x93, 0x8A, 0x93, 0x89, 0x8B, 0x69, 0x8B,
    0x69, 0x8B, 0x08, 0x7B, 0xE7, 0x7A, 0xE7, 0x7A, 0xC7, 0x72, 0xA7, 0x72, 0xA7, 0x72, 0xC7, 0x72,
    0x86, 0x6A, 0xA6, 0x6A, 0x86, 0x6A, 0x45, 0x62, 0x25, 0x5A, 0x86, 0x6A, 0xA7, 0x6A, 0xA7, 0x72,
    0xA7, 0x72, 0xC7, 0x72, 0xC7, 0x72, 0xA7, 0x6A, 0xA7, 0x6A, 0xA7, 0x6A, 0x87, 0x62, 0x66, 0x62,
    0x87, 0x62, 0x87, 0x5A, 0x47, 0x52, 0x47, 0x52, 0x88, 0x5A, 0x89, 0x52, 0x89, 0x52, 0x89, 0x52,
    0x69, 0x52, 0x89, 0x52, 0xA9, 0x52, 0xAA, 0x52, 0xCA, 0x5A, 0x4C, 0x63, 0x6D, 0x6B, 0x48, 0x4A,
    0x2C, 0x63, 0xCE, 0x7B, 0xEB, 0x5A, 0xEB, 0x5A, 0x0B, 0x63, 0xCA, 0x5A, 0x0B, 0x63, 0x0B, 0x63,
    0xEB, 0x5A, 0x6C, 0x6B, 0x0B, 0x63, 0x69, 0x52, 0xEA, 0x5A, 0xEA, 0x5A, 0x68, 0x52, 0x69, 0x52,
    0x47, 0x52, 0x84, 0x39, 0x84, 0x39, 0xA4, 0x41, 0x43, 0x31, 0x84, 0x39, 0x26, 0x52, 0xC4, 0x49,
    0xC5, 0x49, 0xE5, 0x49, 0xE4, 0x51, 0xC4, 0x49, 0x05, 0x52, 0xE4, 0x59, 0x04, 0x5A, 0x25, 0x62,
    0x25, 0x62, 0x44, 0x62, 0x65, 0x6A, 0x65, 0x72, 0x65, 0x6A, 0x45, 0x6A, 0x65, 0x6A, 0x66, 0x6A,
    0x45, 0x6A, 0x86, 0x72, 0x45, 0x62, 0xC7, 0x7A, 0xE7, 0x82, 0xE7, 0x82, 0xE7, 0x82, 0x28, 0x8B,
    0xC7, 0x7A, 0x86, 0x72, 0xC7, 0x7A, 0xA7, 0x7A, 0x28, 0x8B, 0x69, 0x93, 0x89, 0x9B, 0xAA, 0x9B,
    0xA9, 0x9B, 0xE7, 0x82, 0x28, 0x8B, 0xE7, 0x7A, 0xE7, 0x7A, 0x49, 0x93, 0x69, 0x93, 0xCA, 0xA3,
    0x89, 0x93, 0x8A, 0x9B, 0x28, 0x8B, 0x07, 0x83, 0x07, 0x83, 0x89, 0x9B, 0x89, 0x9B, 0xCA, 0xA3,
    0x28, 0x8B, 0xE7, 0x82, 0x86, 0x72, 0x89, 0x93, 0xA9, 0x9B, 0xCA, 0xA3, 0x0B, 0xAC, 0x07, 0x83,
    0x08, 0x83, 0xEA, 0xA3, 0xCA, 0x9B, 0x66, 0x6A, 0xA6, 0x72, 0xEA, 0xA3, 0xCA, 0x9B, 0x28, 0x83,
    0x28, 0x83, 0x08, 0x7B, 0x28, 0x83, 0x49, 0x8B, 0xAA, 0x93, 0x89, 0x93, 0xAA, 0x93, 0x69, 0x8B,
    0x28, 0x83, 0xC7, 0x7A, 0xA6, 0x72, 0x86, 0x6A, 0xA6, 0x72, 0xA7, 0x72, 0xE7, 0x7A, 0x08, 0x7B,
    0x08, 0x7B, 0xE8, 0x7A, 0x08, 0x7B, 0xA7, 0x72, 0x86, 0x6A, 0xC7, 0x72, 0x08, 0x7B, 0x08, 0x7B,
    0x49, 0x83, 0x49, 0x83, 0x49, 0x83, 0x49, 0x83, 0x28, 0x7B, 0x08, 0x7B, 0xE8, 0x72, 0xE8, 0x72,
    0xC8, 0x6A, 0x87, 0x62, 0x87, 0x62, 0x88, 0x5A, 0x88, 0x5A, 0x89, 0x5A, 0x48, 0x4A, 0x68, 0x4A,
    0xAA, 0x52, 0xAA, 0x52, 0xCA, 0x5A, 0xCA, 0x52, 0xCA, 0x52, 0xAA, 0x52, 0x0B, 0x63, 0xCE, 0x7B,
    0xEB, 0x5A, 0xAA, 0x52, 0xEA, 0x5A, 0xEB, 0x5A, 0xEA, 0x5A, 0x0B, 0x63, 0x4C, 0x6B, 0xEF, 0x7B,
    0x0B, 0x63, 0x48, 0x4A, 0xA9, 0x52, 0x2C, 0x6B, 0xAA, 0x52, 0xCA, 0x5A, 0x68, 0x52, 0xA4, 0x41,
    0x43, 0x31, 0xC5, 0x41, 0x63, 0x39, 0x63, 0x39, 0x06, 0x52, 0x05, 0x52, 0xC4, 0x49, 0x05, 0x52,
    0xE5, 0x51, 0xE5, 0x51, 0xE5, 0x51, 0x05, 0x5A, 0x05, 0x5A, 0x45, 0x62, 0x45, 0x6A, 0x44, 0x6A,
    0x65, 0x72, 0x85, 0x72, 0x85, 0x7A, 0x85, 0x72, 0x85, 0x72, 0x65, 0x6A, 0x86, 0x6A, 0x66, 0x6A,
    0x86, 0x72, 0x66, 0x6A, 0xC7, 0x7A, 0x07, 0x8B, 0x07, 0x8B, 0x07, 0x8B, 0x07, 0x8B, 0x08, 0x8B,
    0xA7, 0x7A, 0xA6, 0x7A, 0xC7, 0x7A, 0x07, 0x8B, 0x28, 0x93, 0x89, 0xA3, 0xCA, 0xA3, 0xC9, 0xA3,
    0x28, 0x8B, 0xE7, 0x82, 0x48, 0x8B, 0xC7, 0x7A, 0x49, 0x93, 0x69, 0x9B, 0xEA, 0xA3, 0x69, 0x93,
    0x89, 0x9B, 0x48, 0x93, 0x07, 0x83, 0x28, 0x8B, 0x48, 0x93, 0xA9, 0xA3, 0xA9, 0x9B, 0x48, 0x93,
    0x07, 0x83, 0x86, 0x72, 0x28, 0x8B, 0xA9, 0x9B, 0xCA, 0xA3, 0xEA, 0xA3, 0x48, 0x8B, 0xC7, 0x7A,
    0xCA, 0xA3, 0x89, 0x9B, 0x08, 0x83, 0x05, 0x5A, 0x89, 0x93, 0xCA, 0xA3, 0x69, 0x93, 0xE7, 0x7A,
    0x08, 0x83, 0x08, 0x7B, 0x28, 0x83, 0x89, 0x93, 0x8A, 0x93, 0x48, 0x8B, 0x28, 0x83, 0x28, 0x83,
    0x48, 0x8B, 0x28, 0x83, 0xC7, 0x7A, 0x86, 0x6A, 0xC7, 0x72, 0xC7, 0x72, 0xC7, 0x72, 0x28, 0x83,
    0x48, 0x83, 0xE7, 0x7A, 0x28, 0x83, 0x49, 0x8B, 0xC7, 0x72, 0xE7, 0x7A, 0x69, 0x8B, 0x8A, 0x8B,
    0x8A, 0x8B, 0x8A, 0x8B, 0x8A, 0x8B, 0xAA, 0x93, 0x8A, 0x8B, 0x49, 0x83, 0x49, 0x83, 0x08, 0x7B,
    0x08, 0x73, 0xE8, 0x72, 0xC8, 0x6A, 0x87, 0x62, 0x87, 0x5A, 0x67, 0x52, 0xCA, 0x5A, 0x89, 0x52,
    0x69, 0x4A, 0xCA, 0x52, 0xCB, 0x52, 0xAA, 0x52, 0x28, 0x42, 0xAE, 0x73, 0xEB, 0x5A, 0x89, 0x52,
    0xCA, 0x5A, 0xEA, 0x5A, 0xCA, 0x5A, 0x0B, 0x63, 0xCF, 0x7B, 0x30, 0x84, 0xEB, 0x5A, 0xE6, 0x41,
    0x07, 0x42, 0x4C, 0x6B, 0x0B, 0x63, 0x0B, 0x63, 0x68, 0x52, 0x84, 0x39, 0x63, 0x39, 0xA4, 0x41,
    0xC4, 0x49, 0x63, 0x39, 0xC4, 0x49, 0x46, 0x5A, 0x05, 0x52, 0x05, 0x5A, 0x05, 0x52, 0x05, 0x5A,
    0x05, 0x5A, 0x25, 0x5A, 0x25, 0x62, 0x45, 0x62, 0x65, 0x6A, 0x45, 0x6A, 0x65, 0x72, 0xA6, 0x7A,
    0xA5, 0x7A, 0x85, 0x7A, 0xA5, 0x7A, 0xC6, 0x7A, 0xA6, 0x7A, 0x66, 0x72, 0xA6, 0x72, 0x66, 0x6A,
    0xA6, 0x72, 0xA6, 0x7A, 0x27, 0x93, 0x27, 0x93, 0x48, 0x9B, 0x48, 0x93, 0x48, 0x8B, 0x07, 0x83,
    0xA6, 0x7A, 0xE7, 0x82, 0x07, 0x8B, 0x48, 0x93, 0x89, 0xA3, 0xA9, 0xA3, 0xCA, 0xA3, 0xC9, 0xA3,
    0xC7, 0x7A, 0x69, 0x93, 0xE7, 0x82, 0x49, 0x93, 0x89, 0x9B, 0x0A, 0xAC, 0xA9, 0x9B, 0x69, 0x9B,
    0x89, 0x9B, 0xE7, 0x82, 0x48, 0x93, 0x28, 0x93, 0xC9, 0xAB, 0xA9, 0x9B, 0x68, 0x93, 0x07, 0x8B,
    0xE7, 0x82, 0xE7, 0x7A, 0x89, 0x9B, 0xC9, 0xA3, 0xEA, 0xA3, 0x69, 0x93, 0xA7, 0x7A, 0xCA, 0x9B,
    0x69, 0x93, 0x68, 0x93, 0x05, 0x5A, 0xE7, 0x7A, 0xCA, 0xA3, 0xAA, 0x9B, 0x08, 0x83, 0x08, 0x83,
    0x28, 0x83, 0x48, 0x8B, 0x08, 0x83, 0x89, 0x93, 0x69, 0x8B, 0x48, 0x8B, 0x69, 0x8B, 0x69, 0x8B,
    0x69, 0x8B, 0x48, 0x8B, 0x28, 0x83, 0xE7, 0x7A, 0x07, 0x83, 0x07, 0x83, 0x07, 0x83, 0x28, 0x83,
    0x28, 0x83, 0xE7, 0x7A, 0xE7, 0x7A, 0x48, 0x83, 0xC7, 0x72, 0x28, 0x83, 0xCB, 0x93, 0xCB, 0x93,
    0xCB, 0x93, 0x8A, 0x8B, 0x8A, 0x8B, 0xCB, 0x93, 0xEB, 0x9B, 0xAA, 0x93, 0x69, 0x83, 0x69, 0x83,
    0x49, 0x83, 0x09, 0x73, 0xC8, 0x6A, 0xA7, 0x62, 0x87, 0x62, 0x88, 0x5A, 0x88, 0x5A, 0x89, 0x52,
    0x69, 0x4A, 0x69, 0x4A, 0x07, 0x42, 0x07, 0x42, 0x0B, 0x5B, 0x89, 0x52, 0xA9, 0x52, 0xEA, 0x5A,
    0xCA, 0x5A, 0xEB, 0x5A, 0x10, 0x84, 0x30, 0x84, 0x69, 0x4A, 0xC6, 0x39, 0x85, 0x31, 0xEB, 0x5A,
    0x6D, 0x6B, 0x0B, 0x63, 0x89, 0x5A, 0x84, 0x39, 0xA4, 0x41, 0xA4, 0x41, 0xE5, 0x51, 0xC4, 0x51,
    0xA4, 0x49, 0x46, 0x5A, 0x46, 0x62, 0x25, 0x62, 0x46, 0x62, 0x25, 0x5A, 0x25, 0x62, 0x25, 0x62,
    0x46, 0x6A, 0x66, 0x6A, 0x65, 0x6A, 0x86, 0x72, 0x65, 0x72, 0xA6, 0x7A, 0xC6, 0x82, 0xA5, 0x82,
    0xC6, 0x82, 0xC6, 0x82, 0xC6, 0x82, 0xE6, 0x82, 0xC6, 0x7A, 0x86, 0x72, 0x86, 0x72, 0xA6, 0x7A,
    0xA6, 0x7A, 0x07, 0x8B, 0x68, 0x9B, 0x48, 0x9B, 0x68, 0xA3, 0x28, 0x93, 0x07, 0x8B, 0x28, 0x8B,
    0xC6, 0x7A, 0x28, 0x8B, 0x28, 0x93, 0xA9, 0xA3, 0x89, 0xA3, 0xCA, 0xAB, 0x0A, 0xB4, 0x07, 0x8B,
    0x28, 0x8B, 0x28, 0x8B, 0x28, 0x8B, 0x89, 0x9B, 0xEA, 0xAB, 0xEA, 0xAB, 0x48, 0x93, 0x89, 0x9B,
    0xE7, 0x82, 0x48, 0x93, 0x07, 0x8B, 0xCA, 0xAB, 0x89, 0x9B, 0x89, 0x9B, 0xE7, 0x8A, 0x48, 0x93,
    0xA6, 0x7A, 0x48, 0x93, 0x89, 0x9B, 0x89, 0x9B, 0x68, 0x93, 0xC7, 0x82, 0x28, 0x8B, 0xA9, 0x9B,
    0x48, 0x93, 0xA6, 0x7A, 0x45, 0x6A, 0xEA, 0xA3, 0xEA, 0xA3, 0x08, 0x83, 0x07, 0x83, 0x08, 0x83,
    0x69, 0x93, 0x28, 0x8B, 0xE7, 0x7A, 0x89, 0x93, 0x28, 0x83, 0x28, 0x83, 0x89, 0x93, 0x69, 0x8B,
    0x89, 0x93, 0xCA, 0x9B, 0x49, 0x8B, 0xE7, 0x7A, 0x69, 0x8B, 0x89, 0x93, 0x28, 0x83, 0x49, 0x8B,
    0x48, 0x8B, 0xE7, 0x7A, 0xC7, 0x7A, 0xC7, 0x72, 0xA7, 0x6A, 0x69, 0x8B, 0xEB, 0x9B, 0xCB, 0x9B,
    0xCA, 0x93, 0x8A, 0x8B, 0x6A, 0x83, 0xAA, 0x8B, 0xEB, 0x9B, 0xEB, 0x9B, 0xAA, 0x93, 0x8A, 0x8B,
    0x6A, 0x83, 0x49, 0x83, 0x08, 0x73, 0xC8, 0x6A, 0xA8, 0x62, 0x87, 0x5A, 0x88, 0x5A, 0x68, 0x52,
    0x28, 0x42, 0xC6, 0x39, 0x48, 0x4A, 0x69, 0x4A, 0x69, 0x52, 0xAA, 0x5A, 0xAA, 0x5A, 0xAA, 0x52,
    0x10, 0x84, 0x30, 0x84, 0x68, 0x4A, 0xA5, 0x39, 0xC6, 0x39, 0x48, 0x4A, 0x8E, 0x73, 0x6D, 0x73,
    0xCA, 0x62, 0xA4, 0x41, 0x84, 0x41, 0xC4, 0x49, 0xE4, 0x51, 0x05, 0x5A, 0xE4, 0x51, 0x26, 0x5A,
    0x87, 0x6A, 0x46, 0x62, 0x86, 0x6A, 0x46, 0x62, 0x45, 0x62, 0x66, 0x6A, 0x66, 0x6A, 0x66, 0x6A,
    0x86, 0x72, 0xA6, 0x72, 0x86, 0x72, 0xA6, 0x7A, 0xE6, 0x82, 0xC6, 0x8A, 0xE6, 0x8A, 0xE6, 0x82,
    0xE6, 0x8A, 0xE6, 0x8A, 0xE6, 0x8A, 0xE6, 0x82, 0xC6, 0x82, 0xC7, 0x7A, 0xA6, 0x72, 0xE7, 0x82,
    0xE7, 0x8A, 0x68, 0x9B, 0x68, 0xA3, 0xA8, 0xAB, 0xA8, 0xAB, 0x07, 0x8B, 0x48, 0x93, 0x48, 0x93,
    0xE7, 0x82, 0x28, 0x93, 0x69, 0x9B, 0xA9, 0xAB, 0x69, 0xA3, 0x0B, 0xB4, 0xCA, 0xAB, 0xC7, 0x82,
    0x69, 0x93, 0x28, 0x8B, 0xAA, 0xA3, 0xCA, 0xA3, 0x0B, 0xB4, 0x69, 0x9B, 0xA9, 0xA3, 0x28, 0x93,
    0x48, 0x93, 0x28, 0x93, 0xC9, 0xA3, 0xA9, 0xA3, 0xA9, 0x9B, 0x07, 0x8B, 0x68, 0x9B, 0xC7, 0x82,
    0x07, 0x8B, 0xA9, 0xA3, 0x68, 0x9B, 0x68, 0x93, 0x07, 0x8B, 0xE7, 0x82, 0x89, 0x9B, 0x28, 0x8B,
    0x07, 0x83, 0x25, 0x62, 0x68, 0x93, 0x0A, 0xA4, 0x48, 0x93, 0x48, 0x8B, 0x28, 0x8B, 0xC7, 0x7A,
    0xA9, 0x9B, 0x28, 0x8B, 0xE7, 0x7A, 0x49, 0x8B, 0x28, 0x83, 0x48, 0x8B, 0x89, 0x93, 0x89, 0x93,
    0xAA, 0x9B, 0xEB, 0xA3, 0xC7, 0x72, 0x48, 0x8B, 0xCA, 0x9B, 0xCA, 0x9B, 0x48, 0x83, 0x69, 0x8B,
    0x48, 0x83, 0xE7, 0x7A, 0x08, 0x7B, 0xC7, 0x72, 0xA7, 0x6A, 0x8A, 0x8B, 0xAA, 0x93, 0x0B, 0x9C,
    0xCB, 0x93, 0xCB, 0x93, 0xAA, 0x8B, 0xAA, 0x8B, 0xCB, 0x93, 0x0B, 0x9C, 0xEB, 0x9B, 0xCB, 0x93,
    0x8A, 0x8B, 0x69, 0x83, 0x49, 0x83, 0x09, 0x73, 0xC8, 0x6A, 0x87, 0x5A, 0x47, 0x52, 0x48, 0x52,
    0x89, 0x52, 0x69, 0x4A, 0x28, 0x4A, 0x89, 0x52, 0xAA, 0x5A, 0x69, 0x4A, 0x10, 0x84, 0x50, 0x84,
    0x89, 0x52, 0x85, 0x31, 0x07, 0x42, 0x07, 0x42, 0xEB, 0x62, 0xAE, 0x73, 0x4C, 0x6B, 0x06, 0x52,
    0x83, 0x41, 0xC4, 0x51, 0xE4, 0x51, 0x25, 0x5A, 0x45, 0x62, 0x45, 0x62, 0xA7, 0x72, 0xA7, 0x72,
    0x86, 0x72, 0xA7, 0x72, 0x66, 0x6A, 0x86, 0x72, 0xA6, 0x72, 0xA6, 0x72, 0x86, 0x72, 0xA6, 0x7A,
    0xC7, 0x7A, 0xC6, 0x7A, 0xA6, 0x7A, 0xE7, 0x82, 0x06, 0x8B, 0x06, 0x93, 0xE6, 0x8A, 0x06, 0x8B,
    0x07, 0x93, 0x06, 0x93, 0x07, 0x8B, 0x27, 0x93, 0x07, 0x8B, 0xC7, 0x7A, 0xC7, 0x7A, 0x28, 0x93,
    0x28, 0x93, 0x68, 0xA3, 0xC9, 0xAB, 0xE9, 0xB3, 0x88, 0xA3, 0x28, 0x8B, 0xAA, 0xA3, 0x07, 0x8B,
    0x48, 0x93, 0x28, 0x93, 0xEA, 0xB3, 0x89, 0xA3, 0xA9, 0xA3, 0x2B, 0xBC, 0x28, 0x8B, 0x68, 0x93,
    0x28, 0x8B, 0xAA, 0xA3, 0xEA, 0xAB, 0x2B, 0xB4, 0x89, 0x9B, 0xA9, 0xA3, 0x68, 0x9B, 0x88, 0x9B,
    0x68, 0x9B, 0xA9, 0xA3, 0xC9, 0xA3, 0x89, 0x9B, 0x07, 0x8B, 0x89, 0x9B, 0x28, 0x8B, 0xC7, 0x7A,
    0x88, 0x9B, 0x68, 0x9B, 0x48, 0x93, 0x28, 0x8B, 0xE7, 0x82, 0x48, 0x93, 0x68, 0x93, 0xC7, 0x7A,
    0x65, 0x6A, 0xE7, 0x82, 0xEA, 0xA3, 0x89, 0x9B, 0x28, 0x8B, 0x68, 0x93, 0xC6, 0x7A, 0x28, 0x8B,
    0x89, 0x9B, 0xC6, 0x7A, 0xE7, 0x7A, 0x69, 0x8B, 0x28, 0x8B, 0x48, 0x8B, 0x69, 0x93, 0x89, 0x9B,
    0x2B, 0xAC, 0x89, 0x93, 0x86, 0x6A, 0xA9, 0x9B, 0xCA, 0x9B, 0x89, 0x93, 0x28, 0x83, 0x69, 0x8B,
    0x07, 0x7B, 0x86, 0x72, 0x28, 0x83, 0xC7, 0x72, 0xA6, 0x6A, 0x69, 0x83, 0x8A, 0x8B, 0xEB, 0x9B,
    0xCB, 0x9B, 0xAA, 0x93, 0xCB, 0x93, 0x0C, 0x9C, 0x0B, 0x9C, 0x0B, 0x9C, 0x2C, 0xA4, 0x0C, 0xA4,
    0xEB, 0x93, 0x8A, 0x8B, 0x6A, 0x83, 0x29, 0x7B, 0xC8, 0x6A, 0x88, 0x5A, 0x47, 0x52, 0x68, 0x52,
    0x69, 0x52, 0x48, 0x4A, 0xCA, 0x5A, 0x48, 0x4A, 0xAE, 0x73, 0x71, 0x8C, 0xAA, 0x52, 0x85, 0x31,
    0xE6, 0x41, 0xE6, 0x41, 0x69, 0x52, 0x2C, 0x6B, 0xAE, 0x7B, 0x68, 0x5A, 0x83, 0x41, 0xC4, 0x51,
    0x04, 0x5A, 0x04, 0x5A, 0x45, 0x6A, 0x66, 0x6A, 0xC7, 0x72, 0xC7, 0x72, 0xA7, 0x72, 0xC7, 0x7A,
    0xC7, 0x7A, 0x66, 0x6A, 0xC7, 0x7A, 0xE7, 0x82, 0xC6, 0x7A, 0xC6, 0x7A, 0xC6, 0x7A, 0xE7, 0x82,
    0x07, 0x83, 0xE7, 0x82, 0xE7, 0x82, 0x27, 0x93, 0x06, 0x93, 0x06, 0x93, 0x27, 0x93, 0x27, 0x93,
    0x27, 0x93, 0x27, 0x93, 0x48, 0x9B, 0x28, 0x93, 0x27, 0x93, 0xE7, 0x82, 0x28, 0x93, 0x28, 0x93,
    0x48, 0x9B, 0xA9, 0xAB, 0xEA, 0xB3, 0x0A, 0xBC, 0x68, 0xA3, 0x89, 0x9B, 0xA9, 0xA3, 0x27, 0x8B,
    0x89, 0x9B, 0x69, 0x9B, 0x0B, 0xBC, 0x69, 0x9B, 0x4B, 0xBC, 0xA9, 0xA3, 0x48, 0x8B, 0x48, 0x93,
    0x89, 0x9B, 0xEA, 0xAB, 0x2B, 0xB4, 0xA9, 0xA3, 0xA9, 0xA3, 0xC9, 0xAB, 0x88, 0xA3, 0x88, 0xA3,
    0xC9, 0xA3, 0xEA, 0xAB, 0x89, 0x9B, 0x48, 0x93, 0x68, 0x9B, 0x69, 0x9B, 0xC6, 0x82, 0x48, 0x93,
    0x88, 0x9B, 0x27, 0x93, 0x48, 0x93, 0x07, 0x8B, 0x07, 0x8B, 0x68, 0x93, 0xC6, 0x7A, 0x86, 0x72,
    0xA6, 0x72, 0xA9, 0x9B, 0xA9, 0x9B, 0x68, 0x93, 0x48, 0x8B, 0x28, 0x93, 0xC7, 0x7A, 0xA9, 0xA3,
    0xE7, 0x82, 0xA6, 0x72, 0xE7, 0x82, 0x48, 0x8B, 0x48, 0x8B, 0x28, 0x8B, 0x69, 0x93, 0xCA, 0xA3,
    0x0B, 0xAC, 0x66, 0x6A, 0x08, 0x83, 0x89, 0x93, 0x89, 0x93, 0x08, 0x83, 0x28, 0x83, 0x28, 0x83,
    0xC7, 0x72, 0xA6, 0x72, 0x08, 0x7B, 0x05, 0x5A, 0xE7, 0x72, 0x8A, 0x8B, 0x49, 0x83, 0x8A, 0x8B,
    0xCB, 0x9B, 0x69, 0x83, 0x8A, 0x8B, 0x2C, 0xA4, 0x2C, 0xA4, 0x0C, 0x9C, 0x2C, 0xA4, 0x2C, 0xA4,
    0xEB, 0x93, 0xAA, 0x8B, 0x49, 0x83, 0x09, 0x7B, 0xC8, 0x6A, 0xA8, 0x62, 0x47, 0x52, 0x07, 0x4A,
    0xAA, 0x5A, 0x89, 0x52, 0x0B, 0x63, 0x91, 0x94, 0x2C, 0x63, 0x84, 0x31, 0xC6, 0x41, 0xE6, 0x41,
    0x27, 0x4A, 0xAA, 0x5A, 0x6D, 0x73, 0x0B, 0x6B, 0xE5, 0x51, 0xE4, 0x51, 0x04, 0x5A, 0x25, 0x62,
    0x65, 0x6A, 0x86, 0x72, 0xC7, 0x72, 0xE7, 0x7A, 0xE7, 0x7A, 0xE7, 0x7A, 0xE7, 0x82, 0xE7, 0x7A,
    0x86, 0x72, 0x07, 0x8B, 0xE7, 0x82, 0xE7, 0x82, 0xE7, 0x82, 0xE7, 0x82, 0x27, 0x8B, 0x07, 0x8B,
    0x27, 0x93, 0x07, 0x8B, 0x07, 0x93, 0x27, 0x9B, 0x27, 0x93, 0x47, 0x9B, 0x47, 0x9B, 0x48, 0x9B,
    0x47, 0x9B, 0x68, 0xA3, 0x48, 0x9B, 0x48, 0x9B, 0x48, 0x9B, 0x48, 0x93, 0x48, 0x9B, 0x48, 0x9B,
    0x68, 0xA3, 0xEA, 0xB3, 0x2A, 0xC4, 0xEA, 0xB3, 0x48, 0x9B, 0xEA, 0xAB, 0x89, 0x9B, 0x69, 0x9B,
    0x28, 0x93, 0xCA, 0xAB, 0xCA, 0xAB, 0x89, 0xA3, 0x4B, 0xBC, 0x49, 0x93, 0x89, 0x9B, 0x48, 0x93,
    0x0B, 0xAC, 0x0B, 0xB4, 0xEA, 0xAB, 0xA9, 0x9B, 0xC9, 0xAB, 0xA9, 0xAB, 0xC9, 0xAB, 0xA9, 0xA3,
    0x2B, 0xB4, 0xA9, 0xA3, 0x48, 0x9B, 0x48, 0x93, 0x88, 0x9B, 0x28, 0x93, 0x07, 0x8B, 0x88, 0xA3,
    0x47, 0x9B, 0x27, 0x93, 0x07, 0x8B, 0x07, 0x8B, 0x48, 0x93, 0xC6, 0x7A, 0x65, 0x6A, 0x66, 0x72,
    0x48, 0x93, 0x89, 0x9B, 0x88, 0x9B, 0x28, 0x8B, 0xA9, 0xA3, 0xA6, 0x7A, 0x68, 0x93, 0x68, 0x9B,
    0xC7, 0x7A, 0xE7, 0x7A, 0x08, 0x8B, 0x68, 0x93, 0x07, 0x8B, 0x48, 0x8B, 0x68, 0x93, 0x2B, 0xAC,
    0x28, 0x8B, 0x04, 0x62, 0x89, 0x93, 0x68, 0x93, 0x28, 0x83, 0xA6, 0x72, 0x07, 0x7B, 0xA6, 0x72,
    0x65, 0x62, 0xA6, 0x72, 0x86, 0x6A, 0x25, 0x5A, 0x48, 0x83, 0x89, 0x8B, 0x69, 0x8B, 0x69, 0x8B,
    0x8A, 0x8B, 0x69, 0x83, 0xCB, 0x93, 0x4C, 0xA4, 0x6D, 0xAC, 0x2C, 0xA4, 0xEC, 0x9B, 0x0C, 0x9C,
    0xEB, 0x93, 0xCB, 0x93, 0x6A, 0x83, 0x29, 0x7B, 0x09, 0x73, 0xA8, 0x5A, 0x27, 0x4A, 0xCA, 0x5A,
    0x8A, 0x52, 0x0F, 0x84, 0xEF, 0x7B, 0x85, 0x31, 0xA5, 0x39, 0x06, 0x42, 0x07, 0x4A, 0x68, 0x52,
    0xEA, 0x62, 0x4C, 0x6B, 0x47, 0x5A, 0x25, 0x5A, 0x04, 0x62, 0x25, 0x62, 0x65, 0x6A, 0xA6, 0x72,
    0xC7, 0x7A, 0xE7, 0x82, 0x08, 0x83, 0x08, 0x83, 0x07, 0x83, 0x28, 0x8B, 0x08, 0x83, 0xC7, 0x7A,
    0x48, 0x93, 0x07, 0x8B, 0x07, 0x8B, 0x28, 0x8B, 0x07, 0x8B, 0x68, 0x93, 0x48, 0x93, 0x47, 0x9B,
    0x68, 0x9B, 0x28, 0x93, 0x48, 0x9B, 0x67, 0x9B, 0x67, 0x9B, 0x68, 0x9B, 0x68, 0xA3, 0x68, 0xA3,
    0xA9, 0xA3, 0x68, 0xA3, 0x68, 0x9B, 0x89, 0xA3, 0x88, 0xA3, 0x68, 0xA3, 0x48, 0x9B, 0x48, 0x9B,
    0xC9, 0xB3, 0x0A, 0xBC, 0x2B, 0xC4, 0x68, 0xA3, 0xC9, 0xAB, 0xEA, 0xAB, 0x69, 0x9B, 0xCA, 0xAB,
    0x27, 0x93, 0x2B, 0xB4, 0x89, 0xA3, 0x4C, 0xBC, 0x69, 0x93, 0xAA, 0xA3, 0x69, 0x9B, 0xCA, 0xAB,
    0xEB, 0xAB, 0x0B, 0xB4, 0xA9, 0x9B, 0x0A, 0xB4, 0xE9, 0xB3, 0xEA, 0xAB, 0xEA, 0xAB, 0x0A, 0xB4,
    0xEA, 0xB3, 0x68, 0x9B, 0x68, 0x9B, 0x89, 0x9B, 0x68, 0xA3, 0x07, 0x8B, 0xA9, 0xA3, 0x47, 0x9B,
    0x47, 0x9B, 0x48, 0x9B, 0xE6, 0x82, 0x27, 0x93, 0xE7, 0x82, 0x85, 0x72, 0x45, 0x6A, 0xE7, 0x82,
    0xA9, 0x9B, 0x68, 0x9B, 0x48, 0x93, 0x89, 0x9B, 0x48, 0x93, 0x07, 0x83, 0x48, 0x93, 0xE7, 0x82,
    0xC6, 0x7A, 0xE7, 0x82, 0x27, 0x8B, 0x69, 0x9B, 0x07, 0x83, 0x48, 0x8B, 0x89, 0x9B, 0xEA, 0xA3,
    0x24, 0x62, 0xA6, 0x72, 0x68, 0x93, 0x28, 0x8B, 0xA6, 0x7A, 0xC6, 0x72, 0xC7, 0x72, 0x45, 0x62,
    0x86, 0x6A, 0xE7, 0x7A, 0x46, 0x62, 0xA6, 0x6A, 0x49, 0x83, 0x89, 0x8B, 0x89, 0x8B, 0x69, 0x8B,
    0x8A, 0x8B, 0x49, 0x83, 0xEB, 0x9B, 0x2C, 0xA4, 0x6D, 0xA4, 0x4D, 0xA4, 0x0C, 0x9C, 0x0B, 0x9C,
    0xEB, 0x9B, 0xAA, 0x8B, 0x69, 0x83, 0x29, 0x7B, 0xE9, 0x6A, 0xC8, 0x62, 0x69, 0x4A, 0x6D, 0x6B,
    0x71, 0x8C, 0x07, 0x42, 0x44, 0x31, 0xE6, 0x41, 0xC5, 0x41, 0x48, 0x52, 0xA9, 0x5A, 0x0B, 0x63,
    0xC9, 0x62, 0x46, 0x5A, 0x45, 0x6A, 0x45, 0x6A, 0x65, 0x72, 0xA6, 0x7A, 0xC7, 0x7A, 0x07, 0x83,
    0x07, 0x83, 0x28, 0x83, 0x28, 0x83, 0x28, 0x8B, 0x48, 0x93, 0x08, 0x83, 0xE7, 0x7A, 0x68, 0x93,
    0x28, 0x8B, 0x48, 0x8B, 0x48, 0x93, 0x48, 0x93, 0x89, 0x9B, 0x89, 0x9B, 0x68, 0xA3, 0x88, 0xA3,
    0x88, 0xA3, 0x68, 0x9B, 0x88, 0xA3, 0x88, 0xA3, 0x88, 0xA3, 0x88, 0xA3, 0xA8, 0xAB, 0xA9, 0xAB,
    0xC9, 0xAB, 0x68, 0x9B, 0xA9, 0xA3, 0x89, 0xA3, 0xC9, 0xB3, 0xA9, 0xAB, 0x48, 0x9B, 0x89, 0xAB,
    0x0A, 0xBC, 0x2A, 0xC4, 0x0A, 0xBC, 0x89, 0xA3, 0x0B, 0xB4, 0x89, 0xA3, 0xCA, 0xAB, 0x89, 0xA3,
    0x69, 0x9B, 0x0B, 0xB4, 0x0B, 0xB4, 0xEB, 0xAB, 0x69, 0x9B, 0x89, 0xA3, 0xCA, 0xA3, 0x0B, 0xAC,
    0x2B, 0xBC, 0xCA, 0xA3, 0x2B, 0xB4, 0x2A, 0xBC, 0x0A, 0xB4, 0x0B, 0xB4, 0x2B, 0xBC, 0x4B, 0xBC,
    0x88, 0xA3, 0x89, 0xA3, 0xA9, 0xA3, 0xA9, 0xA3, 0x68, 0x9B, 0x68, 0x9B, 0xC9, 0xAB, 0x27, 0x9B,
    0x88, 0xA3, 0x07, 0x93, 0xE7, 0x8A, 0x07, 0x8B, 0xA6, 0x7A, 0x65, 0x6A, 0xC6, 0x7A, 0x68, 0x9B,
    0x88, 0x9B, 0x68, 0x9B, 0x68, 0x93, 0xA9, 0xA3, 0xE7, 0x7A, 0x28, 0x93, 0xE7, 0x82, 0x07, 0x8B,
    0xE7, 0x82, 0xE6, 0x82, 0x27, 0x8B, 0x48, 0x93, 0x07, 0x83, 0x27, 0x8B, 0x89, 0x9B, 0x27, 0x8B,
    0xE4, 0x59, 0x48, 0x8B, 0x28, 0x8B, 0x07, 0x83, 0x65, 0x6A, 0xA6, 0x72, 0x65, 0x6A, 0x25, 0x5A,
    0xA6, 0x72, 0xA6, 0x6A, 0x25, 0x5A, 0x07, 0x7B, 0x08, 0x7B, 0x89, 0x93, 0x8A, 0x93, 0x69, 0x8B,
    0x8A, 0x8B, 0xAA, 0x93, 0x0B, 0x9C, 0x0B, 0x9C, 0x0C, 0x9C, 0x0C, 0x9C, 0x0B, 0x9C, 0xEB, 0x9B,
    0xAA, 0x93, 0x8A, 0x8B, 0x8A, 0x8B, 0x29, 0x7B, 0xC8, 0x6A, 0xAA, 0x52, 0x50, 0x84, 0xAA, 0x52,
    0x03, 0x21, 0x06, 0x4A, 0xC5, 0x41, 0x06, 0x4A, 0x88, 0x5A, 0xEA, 0x62, 0xC9, 0x62, 0x87, 0x62,
    0x66, 0x6A, 0x65, 0x6A, 0x86, 0x72, 0xA6, 0x7A, 0xE7, 0x7A, 0x07, 0x83, 0x07, 0x83, 0x08, 0x83,
    0x48, 0x8B, 0x28, 0x8B, 0x48, 0x8B, 0x89, 0x93, 0x28, 0x83, 0x08, 0x83, 0x68, 0x9B, 0x68, 0x93,
    0x68, 0x93, 0x68, 0x93, 0x68, 0x9B, 0xA9, 0xA3, 0xA9, 0xA3, 0x88, 0xA3, 0xA8, 0xAB, 0xA8, 0xAB,
    0xA9, 0xA3, 0x68, 0x9B, 0xA9, 0xA3, 0xA9, 0xAB, 0x88, 0xAB, 0xA9, 0xAB, 0xC9, 0xAB, 0xE9, 0xB3,
    0xA9, 0xA3, 0xA9, 0xA3, 0xA9, 0xAB, 0xA9, 0xAB, 0x0A, 0xBC, 0xA9, 0xAB, 0x27, 0x9B, 0xA9, 0xAB,
    0x0A, 0xBC, 0x4B, 0xC4, 0xCA, 0xAB, 0xAA, 0xAB, 0x0B, 0xB4, 0xA9, 0xA3, 0xCA, 0xAB, 0x07, 0x93,
    0xCA, 0xAB, 0xEA, 0xB3, 0x2B, 0xBC, 0x49, 0x9B, 0xA9, 0xA3, 0xAA, 0xA3, 0xEB, 0xAB, 0x2B, 0xB4,
    0xEA, 0xAB, 0x2B, 0xB4, 0x6B, 0xC4, 0x2B, 0xBC, 0x0A, 0xB4, 0x4B, 0xBC, 0x6B, 0xBC, 0xE9, 0xAB,
    0xA9, 0xA3, 0x89, 0xA3, 0xA9, 0xA3, 0x0A, 0xBC, 0x48, 0x9B, 0xC9, 0xAB, 0x88, 0xA3, 0x68, 0xA3,
    0x68, 0x9B, 0xC6, 0x82, 0x27, 0x93, 0xE7, 0x82, 0x45, 0x62, 0xA6, 0x7A, 0x48, 0x93, 0x89, 0x9B,
    0x89, 0x9B, 0x48, 0x93, 0xCA, 0xAB, 0x28, 0x8B, 0xA6, 0x7A, 0x07, 0x8B, 0xE7, 0x82, 0x07, 0x8B,
    0xE6, 0x82, 0xE7, 0x8A, 0x89, 0x9B, 0xE7, 0x82, 0x07, 0x8B, 0x48, 0x93, 0x89, 0x9B, 0x04, 0x5A,
    0x45, 0x6A, 0x48, 0x8B, 0xE7, 0x7A, 0x66, 0x6A, 0x65, 0x6A, 0x86, 0x6A, 0x04, 0x5A, 0x25, 0x5A,
    0x86, 0x6A, 0x25, 0x5A, 0x66, 0x62, 0x08, 0x83, 0xE7, 0x7A, 0x89, 0x8B, 0x28, 0x83, 0x48, 0x83,
    0x49, 0x83, 0xAA, 0x93, 0xCB, 0x9B, 0xEB, 0x9B, 0xCA, 0x93, 0x8A, 0x8B, 0xAA, 0x93, 0xEB, 0x9B,
    0xCA, 0x93, 0x8A, 0x8B, 0x69, 0x8B, 0x08, 0x7B, 0xCE, 0x7B, 0x4D, 0x6B, 0x03, 0x21, 0x84, 0x39,
    0x06, 0x4A, 0xA5, 0x41, 0x47, 0x52, 0xA9, 0x5A, 0x0A, 0x6B, 0x88, 0x62, 0xA7, 0x6A, 0xA6, 0x72,
    0x86, 0x72, 0xA6, 0x7A, 0xE7, 0x82, 0x07, 0x83, 0x07, 0x8B, 0x27, 0x8B, 0x28, 0x83, 0x69, 0x8B,
    0x48, 0x8B, 0x68, 0x93, 0x89, 0x9B, 0x49, 0x8B, 0x28, 0x83, 0x89, 0x9B, 0x69, 0x9B, 0x89, 0x9B,
    0x89, 0x9B, 0xA9, 0xA3, 0xA9, 0xA3, 0xCA, 0xAB, 0xA9, 0xAB, 0xC9, 0xAB, 0xC9, 0xAB, 0xC9, 0xAB,
    0xC9, 0xAB, 0xA9, 0xA3, 0xC9, 0xAB, 0xA9, 0xAB, 0xC9, 0xB3, 0xC9, 0xAB, 0xE9, 0xB3, 0xEA, 0xB3,
    0x68, 0xA3, 0xEA, 0xB3, 0xCA, 0xB3, 0x0A, 0xC4, 0x0A, 0xBC, 0x89, 0xAB, 0x48, 0x9B, 0xC9, 0xB3,
    0x4B, 0xC4, 0x0B, 0xBC, 0xAA, 0xAB, 0x0B, 0xB4, 0xCA, 0xB3, 0xEA, 0xB3, 0x69, 0xA3, 0x28, 0x93,
    0x2B, 0xB4, 0x0B, 0xB4, 0xAA, 0xA3, 0xAA, 0xA3, 0xA9, 0xA3, 0xAA, 0xA3, 0x2B, 0xB4, 0xEB, 0xAB,
    0x4B, 0xB4, 0xAC, 0xCC, 0x6C, 0xCC, 0x2B, 0xBC, 0x2B, 0xBC, 0x6C, 0xBC, 0x4B, 0xBC, 0xA9, 0xA3,
    0x89, 0xA3, 0xC9, 0xAB, 0x4B, 0xC4, 0xC9, 0xB3, 0x68, 0x9B, 0xEA, 0xB3, 0x68, 0xA3, 0xA9, 0xAB,
    0x07, 0x93, 0x07, 0x8B, 0x48, 0x9B, 0x45, 0x62, 0x86, 0x72, 0x48, 0x93, 0x89, 0x9B, 0xA9, 0xA3,
    0x69, 0x9B, 0xA9, 0xA3, 0xA9, 0xA3, 0x86, 0x72, 0x07, 0x8B, 0xE7, 0x82, 0x07, 0x8B, 0x27, 0x93,
    0xC6, 0x82, 0x48, 0x9B, 0x48, 0x93, 0xC6, 0x82, 0x07, 0x8B, 0x68, 0x9B, 0xC6, 0x7A, 0xC4, 0x51,
    0xE7, 0x82, 0x07, 0x83, 0xA6, 0x72, 0x25, 0x5A, 0x86, 0x72, 0x25, 0x62, 0xE4, 0x51, 0x66, 0x6A,
    0x25, 0x5A, 0x45, 0x62, 0xC7, 0x72, 0xE7, 0x72, 0x48, 0x83, 0x69, 0x8B, 0x08, 0x7B, 0xE7, 0x72,
    0x28, 0x7B, 0xEB, 0x9B, 0xCB, 0x93, 0xCB, 0x93, 0xAA, 0x93, 0x69, 0x83, 0x6A, 0x8B, 0xCB, 0x93,
    0xEB, 0x9B, 0xAA, 0x8B, 0x49, 0x83, 0xCF, 0x7B, 0xA6, 0x31, 0x23, 0x29, 0xE5, 0x49, 0xC5, 0x41,
    0xC5, 0x41, 0x47, 0x52, 0xC9, 0x62, 0xE9, 0x6A, 0x66, 0x62, 0xA7, 0x72, 0xC6, 0x7A, 0xA6, 0x7A,
    0xC6, 0x7A, 0x07, 0x83, 0x27, 0x8B, 0x28, 0x8B, 0x28, 0x8B, 0x28, 0x8B, 0x89, 0x93, 0x69, 0x93,
    0x69, 0x93, 0xAA, 0x9B, 0x69, 0x8B, 0x29, 0x83, 0x89, 0x9B, 0x89, 0x9B, 0xA9, 0xA3, 0xA9, 0xA3,
    0xA9, 0xA3, 0xCA, 0xAB, 0xEA, 0xAB, 0xC9, 0xAB, 0xE9, 0xB3, 0xE9, 0xB3, 0xC9, 0xB3, 0xE9, 0xB3,
    0xE9, 0xAB, 0xA9, 0xA3, 0xEA, 0xB3, 0xEA, 0xB3, 0x09, 0xB4, 0xE9, 0xB3, 0xEA, 0xB3, 0xEA, 0xB3,
    0xC9, 0xAB, 0x0A, 0xBC, 0xEA, 0xB3, 0x0A, 0xC4, 0x2A, 0xC4, 0xA9, 0xAB, 0x48, 0x9B, 0x0A, 0xBC,
    0x6B, 0xCC, 0xCA, 0xB3, 0xCA, 0xB3, 0x0B, 0xBC, 0xCA, 0xAB, 0xCA, 0xB3, 0x48, 0x9B, 0xAA, 0xA3,
    0x0B, 0xB4, 0xCA, 0xAB, 0xAA, 0xA3, 0xCA, 0xAB, 0x69, 0x9B, 0x2B, 0xB4, 0x0B, 0xB4, 0x2B, 0xB4,
    0xAC, 0xCC, 0xAC, 0xCC, 0x6C, 0xC4, 0x2B, 0xB4, 0x6C, 0xBC, 0x8C, 0xC4, 0x0A, 0xB4, 0x88, 0xA3,
    0xCA, 0xB3, 0x6C, 0xC4, 0x8C, 0xCC, 0x68, 0x9B, 0xEA, 0xB3, 0xC9, 0xAB, 0x88, 0xAB, 0x88, 0xA3,
    0xE7, 0x8A, 0x89, 0xA3, 0xA6, 0x72, 0x45, 0x6A, 0x48, 0x93, 0x88, 0x9B, 0x89, 0xA3, 0x89, 0x9B,
    0xAA, 0xA3, 0xEA, 0xAB, 0xC7, 0x7A, 0xC7, 0x7A, 0x28, 0x8B, 0x07, 0x8B, 0x27, 0x93, 0x27, 0x93,
    0x07, 0x8B, 0x68, 0x9B, 0xE6, 0x82, 0xE6, 0x82, 0x27, 0x93, 0x07, 0x8B, 0xE4, 0x59, 0x45, 0x62,
    0x07, 0x83, 0xC6, 0x7A, 0x25, 0x62, 0x45, 0x62, 0x86, 0x6A, 0xE4, 0x51, 0x45, 0x62, 0x45, 0x62,
    0x25, 0x5A, 0x86, 0x6A, 0xE7, 0x7A, 0xE7, 0x72, 0x69, 0x8B, 0x28, 0x83, 0xE7, 0x72, 0x08, 0x7B,
    0x49, 0x83, 0xAA, 0x93, 0xAA, 0x93, 0xAA, 0x93, 0xAA, 0x8B, 0x69, 0x83, 0x49, 0x83, 0xCB, 0x93,
    0xCB, 0x93, 0x69, 0x83, 0xAA, 0x52, 0xE2, 0x20, 0xA4, 0x41, 0x06, 0x4A, 0xA4, 0x41, 0x05, 0x4A,
    0x67, 0x5A, 0xEA, 0x6A, 0xA8, 0x62, 0x66, 0x6A, 0xC7, 0x72, 0xE7, 0x7A, 0xE6, 0x82, 0xE7, 0x82,
    0x27, 0x8B, 0x27, 0x8B, 0x28, 0x93, 0x28, 0x8B, 0x48, 0x8B, 0x89, 0x93, 0x68, 0x93, 0x89, 0x9B,
    0xAA, 0x9B, 0x8A, 0x93, 0x28, 0x83, 0x89, 0x9B, 0xCA, 0xA3, 0xEA, 0xA3, 0xA9, 0xA3, 0xCA, 0xAB,
    0xEA, 0xAB, 0x0A, 0xB4, 0xE9, 0xB3, 0xE9, 0xB3, 0x0A, 0xB4, 0x0A, 0xB4, 0x0A, 0xB4, 0x0A, 0xBC,
    0x0A, 0xB4, 0xCA, 0xAB, 0x0A, 0xB4, 0x2A, 0xBC, 0x2A, 0xBC, 0x0A, 0xBC, 0x2A, 0xBC, 0xEA, 0xB3,
    0xEA, 0xB3, 0x0A, 0xBC, 0x0A, 0xBC, 0x4B, 0xCC, 0x6B, 0xCC, 0xC9, 0xB3, 0x48, 0xA3, 0x6B, 0xC4,
    0x4B, 0xC4, 0xA9, 0xAB, 0x0B, 0xBC, 0xEA, 0xB3, 0xEA, 0xB3, 0xAA, 0xAB, 0x89, 0x9B, 0x0B, 0xB4,
    0xEA, 0xB3, 0x89, 0x9B, 0xEA, 0xAB, 0x89, 0xA3, 0xAA, 0xA3, 0x2B, 0xB4, 0x4C, 0xBC, 0xCD, 0xD4,
    0xAC, 0xD4, 0xAC, 0xD4, 0x6C, 0xBC, 0x8C, 0xC4, 0x8C, 0xCC, 0x6B, 0xC4, 0xA9, 0xA3, 0xEA, 0xAB,
    0x8C, 0xCC, 0xCD, 0xD4, 0xEA, 0xB3, 0x68, 0x9B, 0x2A, 0xBC, 0xA9, 0xAB, 0xC9, 0xB3, 0x28, 0x93,
    0x89, 0xA3, 0x48, 0x93, 0x46, 0x62, 0x48, 0x93, 0xA9, 0xA3, 0x89, 0xA3, 0xA9, 0xA3, 0xCA, 0xA3,
    0x0B, 0xAC, 0x48, 0x93, 0xA6, 0x72, 0x48, 0x8B, 0x48, 0x8B, 0x48, 0x93, 0x48, 0x9B, 0x07, 0x8B,
    0x68, 0x9B, 0x27, 0x93, 0xC6, 0x82, 0x27, 0x8B, 0x27, 0x8B, 0x65, 0x72, 0xE4, 0x59, 0xE7, 0x82,
    0xC7, 0x7A, 0x65, 0x6A, 0x25, 0x5A, 0xA6, 0x72, 0x05, 0x5A, 0xE4, 0x51, 0x66, 0x62, 0x05, 0x5A,
    0x86, 0x6A, 0xC7, 0x72, 0xE7, 0x7A, 0xE7, 0x7A, 0x49, 0x8B, 0x08, 0x7B, 0x08, 0x7B, 0x08, 0x7B,
    0x69, 0x83, 0xAA, 0x93, 0x8A, 0x8B, 0x69, 0x83, 0x69, 0x8B, 0x69, 0x83, 0x69, 0x83, 0xAA, 0x93,
    0x8A, 0x8B, 0x85, 0x31, 0x02, 0x31, 0xE5, 0x49, 0xC5, 0x49, 0xC4, 0x49, 0x26, 0x52, 0x88, 0x62,
    0xE9, 0x6A, 0x66, 0x62, 0xA6, 0x72, 0xC7, 0x7A, 0x07, 0x83, 0x07, 0x83, 0x28, 0x8B, 0x27, 0x8B,
    0x27, 0x93, 0x48, 0x93, 0x48, 0x93, 0x69, 0x93, 0x89, 0x9B, 0x89, 0x9B, 0xA9, 0x9B, 0xCA, 0xA3,
    0xAA, 0x9B, 0x49, 0x83, 0x69, 0x93, 0xCA, 0xA3, 0xEA, 0xAB, 0xCA, 0xA3, 0x0A, 0xAC, 0x0A, 0xB4,
    0x0A, 0xB4, 0xEA, 0xB3, 0x0A, 0xB4, 0x2A, 0xBC, 0x2A, 0xBC, 0x0A, 0xBC, 0x2A, 0xBC, 0x2A, 0xBC,
    0x2B, 0xBC, 0xEA, 0xB3, 0x2B, 0xBC, 0x4B, 0xC4, 0x2A, 0xBC, 0x0A, 0xBC, 0x4B, 0xBC, 0xCA, 0xAB,
    0xCA, 0xB3, 0x0A, 0xBC, 0x6B, 0xCC, 0x4B, 0xCC, 0x6B, 0xCC, 0xA9, 0xB3, 0x89, 0xA3, 0x6B, 0xC4,
    0xCA, 0xB3, 0xEA, 0xB3, 0x2B, 0xBC, 0xCA, 0xAB, 0xCA, 0xB3, 0x69, 0x9B, 0xAA, 0xAB, 0x0B, 0xBC,
    0xA9, 0xA3, 0xAA, 0xA3, 0xCA, 0xA3, 0x49, 0x93, 0x2C, 0xBC, 0x4C, 0xBC, 0xCD, 0xCC, 0xCD, 0xD4,
    0xED, 0xD4, 0x8C, 0xCC, 0x8C, 0xC4, 0xAD, 0xCC, 0xAC, 0xCC, 0xC9, 0xAB, 0xC9, 0xAB, 0x8C, 0xCC,
    0xAC, 0xD4, 0x8C, 0xCC, 0x49, 0x9B, 0x2A, 0xBC, 0xEA, 0xB3, 0xEA, 0xB3, 0x89, 0xAB, 0x68, 0x9B,
    0xCA, 0xAB, 0x86, 0x6A, 0x08, 0x83, 0xCA, 0xA3, 0x89, 0x9B, 0xC9, 0xA3, 0xA9, 0xA3, 0x0B, 0xAC,
    0xCA, 0xAB, 0xC7, 0x7A, 0x28, 0x8B, 0x28, 0x8B, 0x48, 0x93, 0x48, 0x9B, 0x48, 0x93, 0x48, 0x93,
    0x68, 0x9B, 0xC6, 0x82, 0x07, 0x8B, 0xE7, 0x7A, 0xC6, 0x82, 0xE4, 0x59, 0x86, 0x72, 0xE7, 0x7A,
    0xA6, 0x72, 0x25, 0x62, 0x66, 0x6A, 0x45, 0x62, 0xC4, 0x51, 0x45, 0x62, 0x25, 0x5A, 0x66, 0x62,
    0x86, 0x6A, 0xC7, 0x72, 0xA7, 0x72, 0x48, 0x83, 0x08, 0x7B, 0xC7, 0x72, 0x08, 0x7B, 0x08, 0x7B,
    0x6A, 0x8B, 0x8A, 0x8B, 0x89, 0x8B, 0x28, 0x7B, 0x49, 0x83, 0x49, 0x83, 0x49, 0x83, 0xAA, 0x8B,
    0xE2, 0x28, 0x83, 0x41, 0x06, 0x52, 0xA4, 0x41, 0xE5, 0x51, 0x26, 0x5A, 0xA8, 0x62, 0xA8, 0x6A,
    0x66, 0x6A, 0xC7, 0x7A, 0xE7, 0x7A, 0x28, 0x83, 0x28, 0x8B, 0x27, 0x8B, 0x27, 0x8B, 0x27, 0x93,
    0x48, 0x93, 0x68, 0x93, 0x69, 0x93, 0xAA, 0x9B, 0xA9, 0x9B, 0xCA, 0xA3, 0xCA, 0xA3, 0xCA, 0xA3,
    0x69, 0x93, 0x69, 0x93, 0xEB, 0xA3, 0x0B, 0xB4, 0xCA, 0xA3, 0x2B, 0xB4, 0x0A, 0xB4, 0x2B, 0xB4,
    0x0A, 0xB4, 0x2A, 0xBC, 0x2B, 0xBC, 0x2A, 0xBC, 0x2A, 0xBC, 0x4B, 0xC4, 0x4B, 0xC4, 0x4B, 0xC4,
    0x4B, 0xC4, 0x0A, 0xB4, 0x2B, 0xBC, 0x6B, 0xC4, 0x4B, 0xC4, 0x2A, 0xBC, 0x2B, 0xBC, 0xCA, 0xAB,
    0x2B, 0xC4, 0x4B, 0xCC, 0x6B, 0xCC, 0x6B, 0xCC, 0x8C, 0xCC, 0xA9, 0xAB, 0xC9, 0xB3, 0x6C, 0xCC,
    0xCA, 0xAB, 0x0B, 0xBC, 0x0B, 0xBC, 0xEA, 0xB3, 0xA9, 0xAB, 0x48, 0x9B, 0x4C, 0xC4, 0xEA, 0xAB,
    0x69, 0x9B, 0xCA, 0xA3, 0x69, 0x9B, 0xEB, 0xAB, 0x4C, 0xBC, 0xAD, 0xCC, 0x0E, 0xDD, 0xED, 0xDC,
    0xCD, 0xD4, 0xAD, 0xC4, 0xCD, 0xCC, 0xCD, 0xD4, 0x2B, 0xB4, 0xCA, 0xAB, 0xAC, 0xCC, 0xCC, 0xD4,
    0xCD, 0xD4, 0x0B, 0xB4, 0xA9, 0xA3, 0x4B, 0xC4, 0xCA, 0xB3, 0x2B, 0xBC, 0x68, 0x9B, 0xEA, 0xAB,
    0xE8, 0x82, 0xC7, 0x72, 0xEA, 0xA3, 0xAA, 0xA3, 0xEA, 0xAB, 0xCA, 0xA3, 0x0B, 0xAC, 0x0B, 0xAC,
    0x49, 0x93, 0x08, 0x83, 0x69, 0x93, 0x48, 0x93, 0x68, 0x9B, 0x68, 0x9B, 0x28, 0x8B, 0x68, 0x9B,
    0x07, 0x8B, 0x07, 0x8B, 0xA6, 0x7A, 0xC6, 0x82, 0x45, 0x6A, 0x45, 0x6A, 0xC7, 0x7A, 0xC7, 0x72,
    0x65, 0x6A, 0x46, 0x62, 0x66, 0x6A, 0x25, 0x5A, 0x05, 0x52, 0x66, 0x62, 0x25, 0x5A, 0x86, 0x6A,
    0x86, 0x6A, 0xE7, 0x72, 0xC7, 0x72, 0x48, 0x8B, 0xE7, 0x72, 0x28, 0x7B, 0x08, 0x7B, 0x08, 0x7B,
    0x69, 0x8B, 0xAA, 0x93, 0x69, 0x8B, 0xE8, 0x72, 0x69, 0x83, 0x29, 0x7B, 0x69, 0x83, 0xE2, 0x28,
    0xE5, 0x51, 0xE5, 0x51, 0xA4, 0x49, 0x05, 0x5A, 0x46, 0x5A, 0xA8, 0x6A, 0xA7, 0x6A, 0xA6, 0x72,
    0xC7, 0x7A, 0x08, 0x83, 0x48, 0x8B, 0x48, 0x8B, 0x27, 0x93, 0x27, 0x93, 0x47, 0x93, 0x48, 0x93,
    0x69, 0x93, 0x89, 0x93, 0xAA, 0x9B, 0xA9, 0x9B, 0xCA, 0xA3, 0xEA, 0xA3, 0xEB, 0xA3, 0xAA, 0x9B,
    0x69, 0x8B, 0xEB, 0xA3, 0x2B, 0xB4, 0xEA, 0xAB, 0x2B, 0xB4, 0x2B, 0xB4, 0x4B, 0xBC, 0x2B, 0xBC,
    0x2B, 0xBC, 0x4B, 0xBC, 0x4B, 0xBC, 0x4B, 0xC4, 0x4B, 0xC4, 0x4B, 0xC4, 0x4B, 0xC4, 0x6B, 0xC4,
    0x6B, 0xC4, 0x2B, 0xBC, 0x4B, 0xBC, 0x6B, 0xC4, 0x6B, 0xC4, 0x2A, 0xBC, 0x0A, 0xBC, 0xCA, 0xB3,
    0x6B, 0xCC, 0x6B, 0xCC, 0x6B, 0xCC, 0x8C, 0xCC, 0x8C, 0xCC, 0x89, 0xAB, 0x0A, 0xBC, 0x6C, 0xC4,
    0xEA, 0xB3, 0x2B, 0xBC, 0xEA, 0xB3, 0xEB, 0xB3, 0x08, 0x93, 0xEA, 0xB3, 0x4B, 0xBC, 0xAA, 0xA3,
    0x8A, 0xA3, 0xEB, 0xAB, 0xAA, 0xA3, 0x6C, 0xBC, 0x8D, 0xC4, 0x0E, 0xDD, 0x0E, 0xDD, 0xEE, 0xD4,
    0xAD, 0xCC, 0xEE, 0xCC, 0x0E, 0xDD, 0x6C, 0xC4, 0xEA, 0xAB, 0xAC, 0xD4, 0xED, 0xDC, 0xCD, 0xD4,
    0xCD, 0xCC, 0xAA, 0xA3, 0x6C, 0xC4, 0xEA, 0xB3, 0x4B, 0xC4, 0xEA, 0xB3, 0xCA, 0xA3, 0xCA, 0xA3,
    0xA7, 0x6A, 0xCB, 0xA3, 0xCA, 0xA3, 0xEA, 0xAB, 0x0B, 0xAC, 0x2C, 0xAC, 0x2B, 0xB4, 0xAA, 0xA3,
    0x28, 0x8B, 0x89, 0x93, 0x28, 0x8B, 0x68, 0x9B, 0x68, 0x9B, 0x48, 0x93, 0x68, 0x9B, 0x48, 0x93,
    0xE7, 0x82, 0xC6, 0x7A, 0xA6, 0x7A, 0x66, 0x72, 0x86, 0x6A, 0xC7, 0x72, 0x86, 0x72, 0xA6, 0x72,
    0x45, 0x62, 0x66, 0x62, 0x45, 0x62, 0x25, 0x5A, 0x66, 0x62, 0x66, 0x62, 0x86, 0x6A, 0xA7, 0x6A,
    0xE8, 0x7A, 0xA7, 0x6A, 0x49, 0x8B, 0x28, 0x7B, 0xE8, 0x72, 0x29, 0x83, 0x28, 0x7B, 0x29, 0x83,
    0x69, 0x83, 0x69, 0x8B, 0x28, 0x83, 0xE8, 0x72, 0x49, 0x83, 0x09, 0x7B, 0x42, 0x39, 0x26, 0x5A,
    0xC4, 0x49, 0xC4, 0x51, 0x25, 0x5A, 0x66, 0x62, 0xA8, 0x6A, 0xA6, 0x6A, 0xC6, 0x7A, 0xE7, 0x82,
    0x28, 0x8B, 0x48, 0x8B, 0x47, 0x93, 0x27, 0x93, 0x47, 0x93, 0x48, 0x93, 0x68, 0x93, 0x89, 0x9B,
    0x89, 0x93, 0xCA, 0x9B, 0xAA, 0x9B, 0xCA, 0xAB, 0xEA, 0xAB, 0xEB, 0xA3, 0xEB, 0xA3, 0xAA, 0x9B,
    0xCA, 0x9B, 0x4C, 0xB4, 0x2B, 0xB4, 0x2B, 0xB4, 0x4B, 0xBC, 0x4B, 0xBC, 0x2B, 0xBC, 0x4B, 0xBC,
    0x4B, 0xC4, 0x4B, 0xC4, 0x4B, 0xC4, 0x4B, 0xC4, 0x6B, 0xC4, 0x6B, 0xC4, 0x6B, 0xC4, 0x8C, 0xCC,
    0x8C, 0xCC, 0x4B, 0xBC, 0x4B, 0xC4, 0x8C, 0xCC, 0x8C, 0xCC, 0x4B, 0xC4, 0xCA, 0xB3, 0x2B, 0xBC,
    0xAC, 0xD4, 0x6B, 0xCC, 0x8C, 0xCC, 0xCC, 0xD4, 0x8C, 0xCC, 0x89, 0xAB, 0x4B, 0xC4, 0x6C, 0xC4,
    0x0B, 0xBC, 0x2B, 0xBC, 0x2B, 0xBC, 0x69, 0xA3, 0x48, 0x9B, 0x8D, 0xCC, 0x0B, 0xB4, 0x49, 0x93,
    0xEB, 0xAB, 0xAA, 0xA3, 0x4C, 0xBC, 0x8D, 0xC4, 0x2E, 0xDD, 0x4F, 0xE5, 0x2E, 0xDD, 0xEE, 0xD4,
    0xEE, 0xCC, 0x2F, 0xDD, 0xCD, 0xD4, 0x2B, 0xB4, 0xAC, 0xCC, 0x0E, 0xDD, 0xED, 0xD4, 0xEE, 0xDC,
    0x2B, 0xBC, 0x0B, 0xB4, 0x8C, 0xCC, 0x2B, 0xBC, 0xAD, 0xCC, 0xAA, 0xA3, 0x4C, 0xB4, 0xE8, 0x7A,
    0x8A, 0x93, 0xEA, 0xA3, 0x2B, 0xB4, 0x4C, 0xB4, 0x4C, 0xB4, 0x4C, 0xB4, 0x2B, 0xB4, 0x8A, 0x93,
    0xAA, 0x9B, 0x49, 0x8B, 0x69, 0x93, 0x89, 0x9B, 0x69, 0x93, 0x48, 0x93, 0x48, 0x9B, 0x07, 0x8B,
    0xE7, 0x7A, 0x86, 0x72, 0xC6, 0x7A, 0x86, 0x72, 0xC7, 0x7A, 0xC7, 0x72, 0xC7, 0x7A, 0x66, 0x6A,
    0x46, 0x62, 0x66, 0x62, 0x46, 0x62, 0x46, 0x5A, 0xA7, 0x6A, 0x66, 0x62, 0xA7, 0x6A, 0x08, 0x7B,
    0xA7, 0x72, 0x08, 0x7B, 0x8A, 0x8B, 0xE8, 0x72, 0x08, 0x7B, 0x29, 0x83, 0x29, 0x83, 0x28, 0x83,
    0x29, 0x83, 0x49, 0x83, 0x28, 0x7B, 0x28, 0x7B, 0x49, 0x7B, 0x83, 0x41, 0x46, 0x5A, 0xC4, 0x49,
    0x04, 0x5A, 0x45, 0x62, 0x86, 0x6A, 0xA8, 0x6A, 0xA6, 0x72, 0xE7, 0x7A, 0x08, 0x83, 0x48, 0x8B,
    0x27, 0x8B, 0x47, 0x93, 0x47, 0x93, 0x47, 0x93, 0x68, 0x9B, 0x68, 0x9B, 0x89, 0x9B, 0xA9, 0x9B,
    0xCA, 0x9B, 0xCA, 0xA3, 0xCA, 0xA3, 0x0A, 0xAC, 0xEB, 0xAB, 0xEB, 0xA3, 0xEB, 0xA3, 0x8A, 0x93,
    0x4C, 0xB4, 0x2C, 0xB4, 0x4B, 0xBC, 0x6C, 0xBC, 0x4B, 0xBC, 0x4B, 0xBC, 0x4B, 0xBC, 0x6B, 0xC4,
    0x4B, 0xC4, 0x6B, 0xC4, 0x6B, 0xC4, 0x6B, 0xCC, 0x6B, 0xCC, 0x8C, 0xCC, 0x8C, 0xCC, 0x8C, 0xCC,
    0xAC, 0xCC, 0x6C, 0xC4, 0x6C, 0xC4, 0x8C, 0xCC, 0x8C, 0xCC, 0x4B, 0xC4, 0xEA, 0xB3, 0x2B, 0xC4,
    0xAC, 0xD4, 0x8C, 0xCC, 0xAC, 0xD4, 0xCD, 0xD4, 0x4B, 0xC4, 0xCA, 0xB3, 0x6C, 0xC4, 0x2B, 0xBC,
    0x2B, 0xBC, 0x2B, 0xBC, 0x0B, 0xBC, 0xE7, 0x8A, 0x2B, 0xBC, 0xAD, 0xCC, 0x8A, 0xA3, 0x8A, 0xA3,
    0xAA, 0xA3, 0xEB, 0xAB, 0xAD, 0xCC, 0xEE, 0xD4, 0x6F, 0xE5, 0x4F, 0xE5, 0x2F, 0xDD, 0xEE, 0xD4,
    0x0E, 0xD5, 0x2F, 0xDD, 0x8D, 0xC4, 0x8C, 0xC4, 0x2E, 0xDD, 0x0E, 0xDD, 0x0E, 0xDD, 0xCD, 0xD4,
    0xCA, 0xAB, 0xCD, 0xCC, 0x6C, 0xC4, 0xAD, 0xCC, 0x4C, 0xBC, 0x6D, 0xB4, 0xCB, 0x9B, 0x49, 0x8B,
    0x0B, 0xAC, 0x2C, 0xB4, 0x4C, 0xB4, 0x6D, 0xBC, 0x4C, 0xB4, 0x6C, 0xBC, 0xEB, 0xA3, 0xAA, 0x9B,
    0xAA, 0x9B, 0x69, 0x8B, 0x89, 0x9B, 0x69, 0x93, 0x69, 0x93, 0x68, 0x9B, 0x07, 0x8B, 0x07, 0x83,
    0x66, 0x6A, 0xE7, 0x82, 0xA7, 0x72, 0xC7, 0x7A, 0xE8, 0x7A, 0xC7, 0x72, 0xC7, 0x72, 0x66, 0x62,
    0x86, 0x6A, 0x66, 0x62, 0x87, 0x62, 0xA7, 0x6A, 0xC8, 0x72, 0xA7, 0x6A, 0xE8, 0x72, 0x08, 0x7B,
    0xA7, 0x72, 0xAA, 0x93, 0x49, 0x83, 0xE8, 0x72, 0x28, 0x7B, 0x49, 0x83, 0x49, 0x83, 0x08, 0x7B,
    0x49, 0x83, 0x29, 0x7B, 0xE8, 0x7A, 0x49, 0x83, 0xE4, 0x51, 0x46, 0x62, 0xC4, 0x51, 0x24, 0x5A,
    0x65, 0x6A, 0xA7, 0x6A, 0xA7, 0x72, 0xC6, 0x7A, 0xE7, 0x82, 0x28, 0x8B, 0x48, 0x8B, 0x27, 0x8B,
    0x48, 0x93, 0x47, 0x93, 0x68, 0x9B, 0x68, 0x9B, 0x68, 0x9B, 0xA9, 0x9B, 0x89, 0x9B, 0xCA, 0x9B,
    0xEA, 0xA3, 0xEA, 0xAB, 0x0A, 0xAC, 0x0B, 0xAC, 0xEB, 0xA3, 0x2B, 0xAC, 0xEB, 0xA3, 0x0B, 0xA4,
    0x6C, 0xBC, 0x4B, 0xBC, 0x6B, 0xC4, 0x4B, 0xBC, 0x6B, 0xC4, 0x4B, 0xC4, 0x6C, 0xC4, 0x6B, 0xC4,
    0x6C, 0xCC, 0x6B, 0xC4, 0x8C, 0xCC, 0x8C, 0xCC, 0x8C, 0xCC, 0xAC, 0xCC, 0xAC, 0xCC, 0xAC, 0xCC,
    0xCD, 0xCC, 0xAD, 0xCC, 0x6C, 0xC4, 0x8C, 0xCC, 0xCD, 0xD4, 0x8C, 0xCC, 0xA9, 0xAB, 0x6C, 0xCC,
    0xCD, 0xDC, 0xAC, 0xD4, 0xAC, 0xD4, 0xAC, 0xD4, 0x2B, 0xBC, 0x0B, 0xBC, 0x4C, 0xC4, 0x4C, 0xBC,
    0x4C, 0xC4, 0x4C, 0xC4, 0x89, 0xA3, 0x69, 0x9B, 0xCE, 0xD4, 0x2C, 0xBC, 0x69, 0x9B, 0x2C, 0xB4,
    0x8A, 0x9B, 0x8D, 0xC4, 0xCE, 0xCC, 0x70, 0xE5, 0x6F, 0xE5, 0x4F, 0xDD, 0x0E, 0xD5, 0x0E, 0xD5,
    0x4F, 0xDD, 0xEE, 0xD4, 0x8C, 0xC4, 0x2F, 0xDD, 0x2F, 0xDD, 0x0F, 0xDD, 0x4F, 0xE5, 0x4C, 0xBC,
    0x6C, 0xBC, 0xEE, 0xD4, 0x8C, 0xC4, 0xCD, 0xCC, 0x2C, 0xB4, 0x8E, 0xBC, 0x49, 0x8B, 0xEC, 0xA3,
    0x4D, 0xB4, 0xAE, 0xBC, 0x6D, 0xBC, 0x8D, 0xBC, 0x8D, 0xBC, 0x4C, 0xB4, 0xEB, 0xA3, 0xEB, 0xA3,
    0x8A, 0x93, 0x8A, 0x93, 0x8A, 0x93, 0x89, 0x93, 0x89, 0xA3, 0x48, 0x93, 0x07, 0x83, 0xA7, 0x72,
    0x08, 0x83, 0xE8, 0x7A, 0xE7, 0x7A, 0x08, 0x83, 0xE8, 0x7A, 0xE7, 0x7A, 0xA7, 0x6A, 0x87, 0x6A,
    0x86, 0x6A, 0xA7, 0x6A, 0xC8, 0x6A, 0x08, 0x73, 0xC8, 0x72, 0xE8, 0x72, 0x49, 0x83, 0xC8, 0x72,
    0x6A, 0x8B, 0xCB, 0x93, 0x08, 0x73, 0x29, 0x7B, 0x49, 0x83, 0x49, 0x8B, 0x29, 0x83, 0x49, 0x83,
    0x49, 0x83, 0x08, 0x7B, 0x08, 0x7B, 0x25, 0x5A, 0x46, 0x62, 0xE4, 0x51, 0x24, 0x62, 0x66, 0x6A,
    0xA7, 0x72, 0xA6, 0x72, 0xC6, 0x7A, 0x07, 0x83, 0x48, 0x8B, 0x48, 0x93, 0x27, 0x93, 0x47, 0x93,
    0x47, 0x9B, 0x47, 0x9B, 0x68, 0x9B, 0x88, 0x9B, 0xA9, 0x9B, 0xAA, 0x9B, 0xCA, 0x9B, 0x0B, 0xAC,
    0xEA, 0xAB, 0x2B, 0xAC, 0x2B, 0xB4, 0x0B, 0xAC, 0x2B, 0xAC, 0x4C, 0xB4, 0x0B, 0xA4, 0x6C, 0xBC,
    0x4C, 0xBC, 0x6B, 0xC4, 0x6C, 0xC4, 0x6C, 0xC4, 0x6B, 0xC4, 0x8C, 0xC4, 0x8C, 0xC4, 0x8C, 0xCC,
    0x8C, 0xCC, 0x8C, 0xCC, 0xAC, 0xCC, 0x8C, 0xCC, 0xAC, 0xCC, 0xAC, 0xCC, 0xAD, 0xCC, 0xAD, 0xCC,
    0xCD, 0xD4, 0xAD, 0xCC, 0x6C, 0xC4, 0xAD, 0xCC, 0xCD, 0xD4, 0x6C, 0xC4, 0xEA, 0xB3, 0xAC, 0xD4,
    0xED, 0xDC, 0x8C, 0xD4, 0xAC, 0xD4, 0x8C, 0xCC, 0x4B, 0xC4, 0x4B, 0xC4, 0x6C, 0xC4, 0x4C, 0xC4,
    0x4C, 0xC4, 0x4C, 0xBC, 0x28, 0x93, 0x6C, 0xC4, 0x0E, 0xDD, 0x8A, 0xA3, 0x2C, 0xB4, 0x0B, 0xAC,
    0x2C, 0xB4, 0xCE, 0xCC, 0x4F, 0xDD, 0x70, 0xE5, 0x70, 0xE5, 0x4F, 0xDD, 0x0E, 0xD5, 0x50, 0xDD,
    0x2F, 0xD5, 0xCD, 0xCC, 0x4F, 0xDD, 0x4F, 0xE5, 0x2F, 0xDD, 0x4F, 0xE5, 0x2F, 0xDD, 0x2C, 0xB4,
    0x0E, 0xD5, 0xAD, 0xCC, 0x0E, 0xD5, 0x8D, 0xBC, 0xCE, 0xC4, 0xEC, 0xA3, 0xAB, 0x9B, 0x4D, 0xAC,
    0xEF, 0xC4, 0xAE, 0xBC, 0xAE, 0xC4, 0x8D, 0xBC, 0xAE, 0xC4, 0x2C, 0xAC, 0x2C, 0xAC, 0xCB, 0x9B,
    0xAB, 0x9B, 0xCB, 0x9B, 0x8A, 0x93, 0xAA, 0xA3, 0xA9, 0xA3, 0x48, 0x8B, 0xE7, 0x7A, 0x08, 0x83,
    0x69, 0x8B, 0xE8, 0x7A, 0x28, 0x83, 0x29, 0x83, 0x28, 0x83, 0xE8, 0x7A, 0xA7, 0x6A, 0xE8, 0x72,
    0xC7, 0x6A, 0x09, 0x73, 0xE8, 0x6A, 0x09, 0x73, 0x09, 0x73, 0x29, 0x7B, 0x29, 0x7B, 0x09, 0x7B,
    0xEB, 0x9B, 0x29, 0x7B, 0x08, 0x7B, 0x49, 0x83, 0x69, 0x8B, 0x49, 0x83, 0x29, 0x7B, 0x8A, 0x8B,
    0x49, 0x7B, 0x08, 0x7B, 0x65, 0x62, 0x25, 0x62, 0x04, 0x5A, 0x24, 0x62, 0x86, 0x72, 0xA7, 0x72,
    0xC6, 0x7A, 0xE6, 0x82, 0x27, 0x8B, 0x68, 0x93, 0x27, 0x93, 0x27, 0x93, 0x47, 0x93, 0x47, 0x93,
    0x68, 0x9B, 0x68, 0x9B, 0x89, 0x9B, 0xAA, 0x9B, 0xCA, 0xA3, 0xEA, 0xA3, 0x0B, 0xAC, 0xEA, 0xAB,
    0x2B, 0xB4, 0x4B, 0xB4, 0x2B, 0xAC, 0x2B, 0xB4, 0x4C, 0xB4, 0x4C, 0xB4, 0x0B, 0xAC, 0x6C, 0xBC,
    0x6C, 0xC4, 0x6C, 0xC4, 0x6C, 0xC4, 0x6C, 0xC4, 0x8C, 0xC4, 0x8C, 0xC4, 0x8C, 0xC4, 0x8C, 0xCC,
    0x8C, 0xCC, 0x8C, 0xCC, 0xAC, 0xCC, 0xCD, 0xD4, 0xCD, 0xD4, 0xCD, 0xD4, 0xCD, 0xD4, 0xCD, 0xD4,
    0xCD, 0xD4, 0xAD, 0xCC, 0x8C, 0xCC, 0xAD, 0xC4, 0xCD, 0xCC, 0x2B, 0xBC, 0xCA, 0xB3, 0xAC, 0xD4,
    0xED, 0xDC, 0xAD, 0xD4, 0xCD, 0xD4, 0x8C, 0xCC, 0x6C, 0xC4, 0x4C, 0xC4, 0x6C, 0xC4, 0x4C, 0xC4,
    0x2C, 0xBC, 0xCA, 0xAB, 0x8A, 0xA3, 0x2F, 0xDD, 0x4C, 0xBC, 0xAA, 0xA3, 0xAE, 0xC4, 0xCB, 0xA3,
    0xCE, 0xCC, 0x0F, 0xD5, 0x90, 0xE5, 0x70, 0xE5, 0x90, 0xE5, 0x2F, 0xD5, 0x2F, 0xD5, 0x70, 0xE5,
    0x0E, 0xD5, 0x4F, 0xDD, 0x70, 0xE5, 0x70, 0xE5, 0x50, 0xDD, 0x90, 0xE5, 0x8D, 0xBC, 0x8D, 0xC4,
    0x2F, 0xDD, 0x0E, 0xD5, 0x0F, 0xD5, 0xCE, 0xC4, 0xAE, 0xBC, 0xAB, 0x93, 0x4D, 0xAC, 0xCF, 0xC4,
    0xEF, 0xC4, 0xCE, 0xC4, 0xCE, 0xC4, 0xEF, 0xCC, 0x6D, 0xB4, 0x4D, 0xAC, 0x2C, 0xAC, 0xEB, 0x9B,
    0xEB, 0x9B, 0xAB, 0x93, 0xCB, 0xA3, 0xEA, 0xAB, 0x69, 0x93, 0x28, 0x83, 0x08, 0x83, 0x8A, 0x93,
    0x29, 0x83, 0x49, 0x8B, 0x6A, 0x8B, 0x29, 0x83, 0x29, 0x83, 0xC8, 0x72, 0xE8, 0x72, 0x09, 0x73,
    0x2A, 0x7B, 0x2A, 0x73, 0x29, 0x73, 0x2A, 0x73, 0x09, 0x73, 0x8A, 0x83, 0x29, 0x7B, 0xAB, 0x93,
    0x8A, 0x8B, 0x09, 0x7B, 0x49, 0x83, 0x69, 0x83, 0x69, 0x8B, 0x49, 0x83, 0x8A, 0x8B, 0x8A, 0x83,
    0x29, 0x7B, 0x65, 0x6A, 0x25, 0x62, 0x25, 0x62, 0x45, 0x6A, 0xA6, 0x7A, 0xC6, 0x7A, 0xC7, 0x7A,
    0xE6, 0x82, 0x48, 0x93, 0x68, 0x93, 0x47, 0x93, 0x27, 0x93, 0x47, 0x93, 0x48, 0x93, 0x68, 0x9B,
    0x68, 0x9B, 0xA9, 0x9B, 0xCA, 0x9B, 0xCA, 0xA3, 0xEA, 0xA3, 0x0B, 0xAC, 0x0B, 0xAC, 0x2B, 0xB4,
    0x4B, 0xB4, 0x4B, 0xB4, 0x4B, 0xB4, 0x4C, 0xBC, 0x4C, 0xB4, 0x2C, 0xB4, 0x2B, 0xB4, 0x8C, 0xC4,
    0x6C, 0xC4, 0x8C, 0xC4, 0x8C, 0xC4, 0x8C, 0xCC, 0xAC, 0xCC, 0xAD, 0xCC, 0xCD, 0xD4, 0xCD, 0xD4,
    0xCD, 0xD4, 0xCD, 0xD4, 0xCD, 0xD4, 0xCD, 0xD4, 0xCD, 0xD4, 0xED, 0xD4, 0xED, 0xD4, 0xED, 0xD4,
    0xCD, 0xD4, 0xCD, 0xD4, 0xCD, 0xCC, 0xCD, 0xCC, 0xCD, 0xCC, 0x2B, 0xBC, 0xCA, 0xB3, 0xAD, 0xD4,
    0xCD, 0xDC, 0xED, 0xDC, 0xCD, 0xD4, 0x8C, 0xCC, 0x8C, 0xCC, 0x6C, 0xC4, 0xAD, 0xCC, 0x2B, 0xBC,
    0x0B, 0xBC, 0x69, 0x9B, 0x8D, 0xC4, 0x30, 0xDD, 0x69, 0x9B, 0x6D, 0xBC, 0x4C, 0xB4, 0x6D, 0xBC,
    0xEF, 0xD4, 0x70, 0xE5, 0x90, 0xE5, 0x90, 0xE5, 0x50, 0xDD, 0x0F, 0xCD, 0x91, 0xE5, 0x4F, 0xDD,
    0x4F, 0xDD, 0x70, 0xE5, 0x90, 0xE5, 0x70, 0xDD, 0x91, 0xE5, 0x50, 0xD5, 0x2C, 0xB4, 0x70, 0xDD,
    0x0F, 0xD5, 0x50, 0xDD, 0xEF, 0xCC, 0x10, 0xCD, 0xEC, 0x9B, 0x2D, 0xA4, 0x8E, 0xB4, 0x30, 0xCD,
    0xEF, 0xC4, 0xEF, 0xC4, 0x0F, 0xCD, 0xCE, 0xC4, 0x8D, 0xBC, 0x4D, 0xB4, 0x0C, 0xA4, 0x0C, 0x9C,
    0xEC, 0x9B, 0xCB, 0x9B, 0x2B, 0xAC, 0xAA, 0x9B, 0x49, 0x8B, 0x08, 0x83, 0xAA, 0x93, 0xAA, 0x93,
    0x6A, 0x8B, 0x8A, 0x8B, 0x8A, 0x8B, 0x6A, 0x8B, 0xE8, 0x72, 0x09, 0x73, 0x29, 0x7B, 0x4A, 0x7B,
    0x6B, 0x7B, 0x4A, 0x7B, 0x4A, 0x7B, 0x4A, 0x7B, 0x4A, 0x7B, 0x4A, 0x83, 0x6A, 0x83, 0xCB, 0x93,
    0x29, 0x7B, 0x29, 0x83, 0x49, 0x83, 0x69, 0x8B, 0x49, 0x83, 0x6A, 0x83, 0xAB, 0x8B, 0x69, 0x83,
    0x65, 0x6A, 0x45, 0x62, 0x45, 0x62, 0x65, 0x6A, 0xE7, 0x7A, 0xC7, 0x7A, 0xE7, 0x82, 0x07, 0x8B,
    0x89, 0x93, 0x68, 0x93, 0x27, 0x93, 0x47, 0x93, 0x47, 0x93, 0x68, 0x9B, 0x68, 0x9B, 0x68, 0x9B,
    0xA9, 0x9B, 0xCA, 0x9B, 0xEA, 0xA3, 0xEA, 0xA3, 0x0B, 0xAC, 0x2B, 0xAC, 0x4B, 0xB4, 0x4B, 0xB4,
    0x4B, 0xB4, 0x4C, 0xB4, 0x6C, 0xBC, 0x6C, 0xBC, 0x8D, 0xBC, 0x4C, 0xB4, 0x6C, 0xC4, 0xAD, 0xCC,
    0x8C, 0xCC, 0xAC, 0xCC, 0xAD, 0xCC, 0xCD, 0xCC, 0xCD, 0xCC, 0xCD, 0xD4, 0xCD, 0xD4, 0xCD, 0xD4,
    0xCD, 0xD4, 0xED, 0xD4, 0xED, 0xD4, 0xED, 0xD4, 0xED, 0xD4, 0xEE, 0xD4, 0xED, 0xD4, 0xED, 0xD4,
    0xED, 0xD4, 0xEE, 0xD4, 0xEE, 0xD4, 0xAD, 0xCC, 0x0E, 0xD5, 0x8C, 0xCC, 0xCA, 0xAB, 0x8D, 0xD4,
    0x0E, 0xE5, 0x0E, 0xDD, 0xAD, 0xCC, 0xCD, 0xD4, 0xAD, 0xCC, 0x4C, 0xBC, 0xAD, 0xCC, 0x0B, 0xBC,
    0xCB, 0xAB, 0xAA, 0xA3, 0x50, 0xE5, 0x6D, 0xBC, 0xAA, 0xA3, 0xCE, 0xCC, 0x2C, 0xB4, 0x0F, 0xD5,
    0x0F, 0xD5, 0xD1, 0xED, 0xD1, 0xED, 0x91, 0xE5, 0xEF, 0xCC, 0x71, 0xDD, 0x90, 0xE5, 0x50, 0xDD,
    0x90, 0xE5, 0x91, 0xE5, 0x91, 0xE5, 0x91, 0xE5, 0xB1, 0xE5, 0xAE, 0xC4, 0xEF, 0xCC, 0x70, 0xE5,
    0x70, 0xDD, 0x50, 0xD5, 0x51, 0xD5, 0xAE, 0xB4, 0x0C, 0x9C, 0xAF, 0xB4, 0x10, 0xCD, 0x30, 0xCD,
    0x30, 0xCD, 0x30, 0xCD, 0x0F, 0xCD, 0xCF, 0xC4, 0xAE, 0xBC, 0x4D, 0xAC, 0x0D, 0xA4, 0x0D, 0x9C,
    0xEC, 0x9B, 0x6C, 0xB4, 0xEB, 0xA3, 0x89, 0x93, 0x69, 0x8B, 0x8A, 0x93, 0xEB, 0x9B, 0x8A, 0x8B,
    0x8A, 0x8B, 0xAB, 0x93, 0x6A, 0x8B, 0x29, 0x7B, 0x29, 0x7B, 0x4A, 0x7B, 0x6A, 0x83, 0x8B, 0x83,
    0x8B, 0x83, 0x6B, 0x7B, 0x6B, 0x83, 0x4A, 0x7B, 0x8A, 0x83, 0x2A, 0x7B, 0xEC, 0x93, 0x6A, 0x83,
    0x29, 0x7B, 0x6A, 0x83, 0x6A, 0x8B, 0x89, 0x8B, 0x6A, 0x83, 0xAB, 0x8B, 0xAB, 0x8B, 0x85, 0x6A,
    0x65, 0x6A, 0x65, 0x6A, 0x85, 0x72, 0x07, 0x83, 0xE7, 0x7A, 0xE7, 0x82, 0x27, 0x8B, 0xAA, 0x9B,
    0x47, 0x93, 0x27, 0x9B, 0x47, 0x93, 0x47, 0x93, 0x68, 0x9B, 0x68, 0x9B, 0x68, 0x9B, 0xA9, 0x9B,
    0xCA, 0x9B, 0xEA, 0xA3, 0xEB, 0xA3, 0x0B, 0xA4, 0x2C, 0xAC, 0x2B, 0xB4, 0x6C, 0xBC, 0x6C, 0xBC,
    0x4B, 0xB4, 0x8C, 0xBC, 0x8C, 0xC4, 0x6C, 0xBC, 0x8D, 0xC4, 0x4C, 0xB4, 0xAD, 0xCC, 0xAD, 0xCC,
    0xAC, 0xCC, 0xCD, 0xD4, 0xCD, 0xD4, 0xCD, 0xD4, 0xCD, 0xD4, 0xCD, 0xD4, 0xED, 0xD4, 0xED, 0xD4,
    0xED, 0xD4, 0x0E, 0xD5, 0x0E, 0xD5, 0xED, 0xD4, 0x0E, 0xDD, 0xEE, 0xD4, 0xED, 0xDC, 0xEE, 0xD4,
    0x0E, 0xD5, 0x0E, 0xDD, 0x0E, 0xDD, 0xCE, 0xCC, 0x2F, 0xD5, 0xAD, 0xCC, 0xEA, 0xB3, 0xAD, 0xCC,
    0x2F, 0xE5, 0x0E, 0xDD, 0x8D, 0xC4, 0x2F, 0xDD, 0xCE, 0xD4, 0x6D, 0xC4, 0x6C, 0xC4, 0x2C, 0xB4,
    0xAA, 0xA3, 0x8D, 0xC4, 0x50, 0xDD, 0x8A, 0x9B, 0x8E, 0xC4, 0x8D, 0xC4, 0xEF, 0xCC, 0x2F, 0xD5,
    0x70, 0xDD, 0xD1, 0xED, 0xD1, 0xED, 0x70, 0xDD, 0x70, 0xD5, 0xB1, 0xE5, 0x91, 0xDD, 0xB1, 0xE5,
    0xB1, 0xE5, 0xD2, 0xE5, 0xB1, 0xE5, 0xD2, 0xED, 0x71, 0xDD, 0x8E, 0xBC, 0xB1, 0xE5, 0x71, 0xDD,
    0x91, 0xDD, 0x51, 0xD5, 0x71, 0xD5, 0x2D, 0xA4, 0x8F, 0xB4, 0x30, 0xCD, 0x71, 0xD5, 0x51, 0xD5,
    0x51, 0xD5, 0x50, 0xD5, 0x10, 0xC5, 0xEF, 0xC4, 0x8E, 0xB4, 0x4E, 0xA4, 0x4D, 0xA4, 0x0C, 0x9C,
    0x8D, 0xB4, 0x6C, 0xB4, 0xAA, 0x9B, 0xCA, 0x9B, 0x8A, 0x93, 0x0C, 0xA4, 0xAB, 0x93, 0xAB, 0x93,
    0xCB, 0x93, 0xAB, 0x93, 0x6A, 0x83, 0x6A, 0x83, 0x6A, 0x83, 0x6A, 0x83, 0x8B, 0x83, 0xAC, 0x83,
    0x8B, 0x83, 0xAB, 0x83, 0x6A, 0x83, 0x8B, 0x83, 0x4A, 0x7B, 0xAB, 0x8B, 0xCB, 0x93, 0x29, 0x7B,
    0x6A, 0x83, 0x8A, 0x8B, 0xAA, 0x8B, 0x8A, 0x83, 0x8B, 0x83, 0xCB, 0x8B, 0x65, 0x6A, 0x65, 0x6A,
    0x86, 0x72, 0xA6, 0x72, 0x07, 0x83, 0xE7, 0x82, 0xE7, 0x82, 0x48, 0x93, 0x89, 0x93, 0x27, 0x93,
    0x27, 0x9B, 0x47, 0x9B, 0x47, 0x93, 0x48, 0x93, 0x68, 0x9B, 0x68, 0x93, 0xCA, 0x9B, 0xCA, 0x9B,
    0xEA, 0xA3, 0x0B, 0xAC, 0xEB, 0xA3, 0x2B, 0xAC, 0x2B, 0xB4, 0x6C, 0xB4, 0x6C, 0xBC, 0x4B, 0xB4,
    0x8C, 0xBC, 0xAD, 0xC4, 0x6C, 0xC4, 0x8C, 0xBC, 0xAD, 0xC4, 0x4C, 0xBC, 0xAD, 0xCC, 0xAD, 0xCC,
    0xCD, 0xD4, 0xCD, 0xD4, 0xCD, 0xD4, 0xED, 0xD4, 0xED, 0xD4, 0xED, 0xD4, 0xED, 0xD4, 0xED, 0xD4,
    0xEE, 0xD4, 0x0E, 0xD5, 0xEE, 0xD4, 0x0E, 0xDD, 0x0E, 0xDD, 0x0E, 0xDD, 0x0E, 0xD5, 0x0E, 0xD5,
    0x0E, 0xDD, 0x0E, 0xDD, 0x2E, 0xDD, 0xEE, 0xD4, 0xEE, 0xD4, 0xAD, 0xCC, 0x0B, 0xBC, 0xAD, 0xCC,
    0x4F, 0xE5, 0xEE, 0xD4, 0xAD, 0xCC, 0x4F, 0xE5, 0x6D, 0xC4, 0x8D, 0xC4, 0x6C, 0xC4, 0x0B, 0xB4,
    0xEB, 0xAB, 0x50, 0xDD, 0x2C, 0xB4, 0xEB, 0xAB, 0x0F, 0xD5, 0x6D, 0xBC, 0x50, 0xDD, 0x0F, 0xCD,
    0xD1, 0xED, 0xF2, 0xED, 0xB1, 0xE5, 0x71, 0xDD, 0xB2, 0xE5, 0xB1, 0xDD, 0x91, 0xDD, 0xB2, 0xE5,
    0xF2, 0xED, 0xD2, 0xE5, 0xD2, 0xED, 0xF3, 0xED, 0xCF, 0xC4, 0x30, 0xCD, 0xB2, 0xE5, 0xB2, 0xE5,
    0x92, 0xDD, 0x92, 0xDD, 0xF0, 0xBC, 0x6E, 0xAC, 0x31, 0xC5, 0x92, 0xD5, 0x72, 0xD5, 0x71, 0xD5,
    0x71, 0xD5, 0x30, 0xCD, 0x10, 0xCD, 0xCF, 0xBC, 0x6E, 0xAC, 0x6E, 0xAC, 0x2D, 0xA4, 0x6D, 0xB4,
    0xAD, 0xC4, 0xEB, 0xA3, 0xEB, 0xA3, 0xCB, 0x9B, 0x0C, 0xA4, 0xCB, 0x9B, 0xEB, 0x9B, 0x0C, 0xA4,
    0xEC, 0x9B, 0xAC, 0x8B, 0xAB, 0x8B, 0x8B, 0x8B, 0x8B, 0x8B, 0xCC, 0x93, 0xCC, 0x8B, 0xAC, 0x83,
    0xAC, 0x83, 0x8B, 0x83, 0x6A, 0x83, 0x8B, 0x8B, 0x6A, 0x83, 0xEB, 0x93, 0x6A, 0x83, 0x6B, 0x7B,
    0x8B, 0x83, 0xAB, 0x8B, 0x8A, 0x8B, 0x6B, 0x83, 0xCC, 0x8B, 0x65, 0x6A, 0x65, 0x72, 0xA6, 0x72,
    0xA6, 0x72, 0x28, 0x83, 0xE7, 0x82, 0xE6, 0x82, 0x89, 0x93, 0x68, 0x93, 0x26, 0x93, 0x47, 0x9B,
    0x47, 0x9B, 0x47, 0x9B, 0x68, 0x93, 0x88, 0x9B, 0x68, 0x9B, 0xCA, 0xA3, 0xCA, 0x9B, 0xEA, 0xA3,
    0x0B, 0xAC, 0xEB, 0xA3, 0x2C, 0xAC, 0x4C, 0xB4, 0x6C, 0xB4, 0x6C, 0xBC, 0x6C, 0xBC, 0x8C, 0xBC,
    0xAD, 0xC4, 0xAD, 0xC4, 0x6C, 0xC4, 0xAD, 0xC4, 0x8D, 0xC4, 0x6C, 0xBC, 0xCD, 0xD4, 0xCD, 0xD4,
    0xED, 0xD4, 0xED, 0xD4, 0xED, 0xD4, 0xED, 0xD4, 0xEE, 0xD4, 0xEE, 0xD4, 0xEE, 0xD4, 0x0E, 0xDD,
    0x0E, 0xDD, 0x0E, 0xDD, 0x0E, 0xDD, 0x0E, 0xDD, 0x0E, 0xDD, 0x0E, 0xDD, 0x0E, 0xDD, 0x0E, 0xDD,
    0x2E, 0xDD, 0x2E, 0xDD, 0x2E, 0xDD, 0xEE, 0xD4, 0xEE, 0xD4, 0xEE, 0xD4, 0x2C, 0xBC, 0x6C, 0xC4,
    0x0E, 0xDD, 0xCE, 0xD4, 0xEE, 0xD4, 0x2F, 0xDD, 0x8D, 0xC4, 0xCE, 0xCC, 0x2C, 0xB4, 0xEB, 0xAB,
    0x8D, 0xC4, 0x0F, 0xD5, 0x8A, 0x9B, 0xEF, 0xD4, 0xAE, 0xC4, 0x30, 0xD5, 0x91, 0xDD, 0x70, 0xDD,
    0x13, 0xF6, 0xD2, 0xED, 0x91, 0xDD, 0xB2, 0xE5, 0xD2, 0xE5, 0xD2, 0xE5, 0xB2, 0xE5, 0xF3, 0xED,
    0xF3, 0xE5, 0xF3, 0xED, 0xF3, 0xED, 0xB2, 0xE5, 0xAF, 0xBC, 0xD3, 0xE5, 0xD3, 0xE5, 0xD2, 0xDD,
    0xB2, 0xDD, 0x92, 0xD5, 0x8F, 0xB4, 0xF0, 0xBC, 0xB2, 0xD5, 0xB2, 0xD5, 0x92, 0xD5, 0x92, 0xDD,
    0x71, 0xD5, 0x71, 0xCD, 0x10, 0xC5, 0x8F, 0xB4, 0x8E, 0xAC, 0x8E, 0xAC, 0x8E, 0xB4, 0xEE, 0xC4,
    0x4C, 0xAC, 0x0C, 0xA4, 0x2C, 0xAC, 0x0C, 0xA4, 0x2C, 0xA4, 0x0C, 0xA4, 0x2C, 0xA4, 0x2C, 0xA4,
    0x0D, 0x94, 0xEC, 0x8B, 0xCC, 0x8B, 0xCC, 0x93, 0xEC, 0x93, 0xED, 0x93, 0xED, 0x8B, 0xCD, 0x83,
    0xCC, 0x83, 0x8B, 0x83, 0x8A, 0x8B, 0x6A, 0x83, 0xCC, 0x93, 0xAA, 0x8B, 0x6A, 0x7B, 0xAC, 0x8B,
    0xAB, 0x8B, 0x8B, 0x8B, 0x8B, 0x83, 0xEC, 0x8B, 0x45, 0x6A, 0x85, 0x72, 0xA6, 0x72, 0xA6, 0x72,
    0x28, 0x83, 0x07, 0x83, 0x07, 0x8B, 0x8A, 0x93, 0x48, 0x93, 0x26, 0x93, 0x47, 0x9B, 0x47, 0x9B,
    0x68, 0x9B, 0x68, 0x93, 0x89, 0x9B, 0x88, 0x9B, 0xCA, 0xA3, 0xCA, 0xA3, 0xEA, 0xAB, 0x0A, 0xAC,
    0x0B, 0xAC, 0x0B, 0xAC, 0x4C, 0xB4, 0x4C, 0xB4, 0x6C, 0xBC, 0x6C, 0xBC, 0x6C, 0xBC, 0x8D, 0xC4,
    0xAD, 0xC4, 0xAD, 0xCC, 0x8C, 0xC4, 0xCD, 0xCC, 0x8D, 0xC4, 0x8C, 0xC4, 0xED, 0xD4, 0xEE, 0xD4,
    0x0E, 0xD5, 0xED, 0xD4, 0xED, 0xD4, 0x0E, 0xD5, 0x0E, 0xD5, 0xED, 0xD4, 0x0E, 0xD5, 0x0E, 0xD5,
    0x0E, 0xDD, 0x2E, 0xDD, 0x2E, 0xDD, 0x0E, 0xDD, 0x0E, 0xDD, 0x2E, 0xDD, 0x2F, 0xDD, 0x2E, 0xDD,
    0x2E, 0xDD, 0x2E, 0xDD, 0x2E, 0xDD, 0x0E, 0xDD, 0xEE, 0xD4, 0x0E, 0xD5, 0x8D, 0xC4, 0x6C, 0xC4,
    0x2F, 0xDD, 0xAD, 0xCC, 0x2F, 0xDD, 0x2F, 0xDD, 0xAE, 0xCC, 0xAD, 0xC4, 0x4C, 0xBC, 0x4C, 0xBC,
    0x2F, 0xDD, 0xEB, 0xAB, 0x4D, 0xBC, 0x91, 0xE5, 0xAE, 0xC4, 0xD2, 0xED, 0x71, 0xD5, 0xF2, 0xED,
    0xF2, 0xED, 0xB2, 0xE5, 0xD2, 0xE5, 0xD2, 0xE5, 0xF3, 0xE5, 0xD2, 0xE5, 0xF3, 0xED, 0x13, 0xEE,
    0xF3, 0xED, 0x13, 0xEE, 0x34, 0xEE, 0x30, 0xCD, 0x51, 0xD5, 0x34, 0xEE, 0xF3, 0xE5, 0xB3, 0xDD,
    0xB3, 0xDD, 0x31, 0xC5, 0xAF, 0xAC, 0x92, 0xD5, 0xD3, 0xDD, 0xB3, 0xD5, 0xB3, 0xDD, 0x92, 0xDD,
    0x92, 0xD5, 0x71, 0xCD, 0xF0, 0xC4, 0x8E, 0xAC, 0xAF, 0xB4, 0xAF, 0xB4, 0x0F, 0xC5, 0x8E, 0xBC,
    0x4D, 0xAC, 0x6D, 0xB4, 0x2C, 0xA4, 0x4D, 0xAC, 0x2C, 0xA4, 0x2C, 0xAC, 0x4D, 0xAC, 0x2D, 0x9C,
    0x0D, 0x94, 0xED, 0x93, 0xEC, 0x9B, 0x0C, 0x9C, 0x0D, 0x94, 0x0E, 0x94, 0xED, 0x8B, 0xCD, 0x8B,
    0xAC, 0x8B, 0x8A, 0x8B, 0x8A, 0x8B, 0xAB, 0x8B, 0xEB, 0x93, 0x6A, 0x83, 0xCC, 0x8B, 0xCB, 0x8B,
    0xAB, 0x8B, 0xAB, 0x8B, 0xCC, 0x8B, 0x64, 0x6A, 0x85, 0x72, 0xA6, 0x7A, 0xC6, 0x7A, 0x28, 0x83,
    0x07, 0x83, 0x27, 0x8B, 0xAA, 0x93, 0x27, 0x93, 0x26, 0x9B, 0x47, 0x9B, 0x67, 0x9B, 0x68, 0x9B,
    0x68, 0x93, 0x89, 0x9B, 0x88, 0x9B, 0xCA, 0xA3, 0xCA, 0xA3, 0xEA, 0xAB, 0x0A, 0xAC, 0x2B, 0xB4,
    0xEB, 0xA3, 0x4C, 0xB4, 0x4C, 0xB4, 0x6C, 0xBC, 0x6C, 0xBC, 0x6C, 0xBC, 0xAD, 0xC4, 0x8C, 0xC4,
    0xAD, 0xCC, 0xAD, 0xCC, 0xAD, 0xCC, 0xCD, 0xCC, 0x8D, 0xC4, 0x8D, 0xC4, 0x0E, 0xD5, 0x0E, 0xD5,
    0x0E, 0xD5, 0xED, 0xD4, 0xEE, 0xD4, 0x0E, 0xDD, 0x0E, 0xD5, 0x0E, 0xD5, 0x0E, 0xD5, 0x2E, 0xDD,
    0x2F, 0xDD, 0x2E, 0xDD, 0x2E, 0xDD, 0x2E, 0xDD, 0x2F, 0xDD, 0x2F, 0xDD, 0x2F, 0xDD, 0x2F, 0xDD,
    0x2E, 0xDD, 0x2E, 0xDD, 0x2F, 0xDD, 0x2F, 0xDD, 0x2F, 0xD5, 0x50, 0xDD, 0xEE, 0xD4, 0x4C, 0xBC,
    0xEF, 0xD4, 0x8D, 0xC4, 0x30, 0xDD, 0x0F, 0xD5, 0xEF, 0xD4, 0x8D, 0xC4, 0x2C, 0xB4, 0x0F, 0xD5,
    0xEF, 0xCC, 0xAB, 0xA3, 0x91, 0xE5, 0x10, 0xCD, 0x50, 0xD5, 0xF2, 0xED, 0xB2, 0xDD, 0x13, 0xEE,
    0xD2, 0xE5, 0xD2, 0xE5, 0xF3, 0xE5, 0xF3, 0xED, 0xF3, 0xE5, 0x13, 0xEE, 0x14, 0xEE, 0xF4, 0xE5,
    0x14, 0xEE, 0x34, 0xEE, 0x14, 0xE6, 0xF0, 0xC4, 0xF4, 0xE5, 0x34, 0xEE, 0xD3, 0xDD, 0xD3, 0xDD,
    0xB3, 0xDD, 0xD0, 0xB4, 0x52, 0xC5, 0xF4, 0xE5, 0xD3, 0xDD, 0xD3, 0xDD, 0xB2, 0xDD, 0xB2, 0xD5,
    0xB2, 0xD5, 0x51, 0xCD, 0xCF, 0xBC, 0xD0, 0xB4, 0xD0, 0xB4, 0x30, 0xC5, 0x0F, 0xCD, 0x6D, 0xB4,
    0xAE, 0xBC, 0x6D, 0xAC, 0x6D, 0xAC, 0x4D, 0xAC, 0x6D, 0xAC, 0x4D, 0xAC, 0x4D, 0x9C, 0x2E, 0x94,
    0x2E, 0x94, 0x0D, 0x9C, 0x2D, 0xA4, 0x0D, 0x9C, 0x0D, 0x94, 0x2E, 0x94, 0xED, 0x8B, 0xED, 0x8B,
    0x6A, 0x83, 0xAB, 0x93, 0xAB, 0x8B, 0x0C, 0x9C, 0x8B, 0x8B, 0xCC, 0x8B, 0xEC, 0x93, 0xCC, 0x93,
    0xCB, 0x8B, 0xED, 0x83, 0x44, 0x72, 0x85, 0x72, 0xA6, 0x7A, 0xC6, 0x7A, 0x07, 0x83, 0x28, 0x8B,
    0x48, 0x8B, 0x89, 0x93, 0x26, 0x93, 0x26, 0x9B, 0x47, 0x9B, 0x67, 0x9B, 0x68, 0x9B, 0x68, 0x93,
    0x89, 0x9B, 0x88, 0x9B, 0xCA, 0xA3, 0xC9, 0xA3, 0xEA, 0xAB, 0x0A, 0xAC, 0x2B, 0xB4, 0x0B, 0xAC,
    0x2C, 0xAC, 0x6C, 0xB4, 0x4C, 0xBC, 0x6C, 0xBC, 0x8C, 0xBC, 0x8C, 0xC4, 0xAD, 0xC4, 0xAD, 0xC4,
    0xCD, 0xCC, 0xAD, 0xCC, 0xAD, 0xCC, 0xCD, 0xCC, 0xAD, 0xC4, 0x8D, 0xC4, 0xEE, 0xD4, 0x0E, 0xDD,
    0xEE, 0xD4, 0xEE, 0xD4, 0x0E, 0xDD, 0x0E, 0xDD, 0x2E, 0xDD, 0x0E, 0xDD, 0x2F, 0xDD, 0x2F, 0xDD,
    0x2E, 0xDD, 0x2E, 0xDD, 0x2F, 0xDD, 0x2F, 0xDD, 0x2F, 0xDD, 0x2F, 0xDD, 0x2F, 0xDD, 0x4F, 0xDD,
    0x2F, 0xDD, 0x2F, 0xDD, 0x2F, 0xDD, 0x4F, 0xDD, 0x2F, 0xDD, 0x4F, 0xDD, 0x2F, 0xD5, 0x8D, 0xC4,
    0x6D, 0xC4, 0x8D, 0xC4, 0x70, 0xE5, 0x0F, 0xD5, 0xAE, 0xC4, 0xAE, 0xC4, 0x8D, 0xC4, 0x70, 0xE5,
    0xEB, 0xAB, 0xAE, 0xC4, 0xB2, 0xE5, 0xEF, 0xC4, 0xF3, 0xED, 0xF3, 0xE5, 0xF3, 0xE5, 0x13, 0xEE,
    0xD2, 0xE5, 0xF3, 0xE5, 0xD3, 0xE5, 0x14, 0xEE, 0x13, 0xEE, 0x34, 0xEE, 0x34, 0xEE, 0x14, 0xE6,
    0x14, 0xEE, 0x55, 0xEE, 0x93, 0xD5, 0x72, 0xCD, 0x55, 0xEE, 0xF4, 0xDD, 0xF4, 0xE5, 0xF4, 0xDD,
    0x52, 0xC5, 0x11, 0xBD, 0xF4, 0xDD, 0x14, 0xE6, 0xD3, 0xDD, 0xD3, 0xDD, 0xB3, 0xDD, 0xB3, 0xDD,
    0x92, 0xD5, 0x11, 0xC5, 0xF0, 0xB4, 0xF0, 0xBC, 0x30, 0xC5, 0x50, 0xD5, 0x8E, 0xB4, 0xAE, 0xBC,
    0x8E, 0xB4, 0x6D, 0xAC, 0x6D, 0xAC, 0x8D, 0xB4, 0x6D, 0xB4, 0x4E, 0xA4, 0x4E, 0x9C, 0x4E, 0x9C,
    0x2D, 0x9C, 0x4D, 0xAC, 0x2D, 0x9C, 0x0D, 0x94, 0x2E, 0x94, 0x2E, 0x8C, 0x0D, 0x94, 0xAB, 0x8B,
    0xAB, 0x8B, 0xCB, 0x93, 0xEC, 0x93, 0xCC, 0x93, 0xAC, 0x8B, 0x0D, 0x94, 0xEC, 0x93, 0xCB, 0x93,
    0x0D, 0x8C, 0x44, 0x72, 0x84, 0x72, 0xA5, 0x7A, 0xE7, 0x82, 0x07, 0x83, 0x28, 0x8B, 0x69, 0x8B,
    0x68, 0x93, 0x26, 0x93, 0x26, 0x9B, 0x47, 0x9B, 0x67, 0x9B, 0x68, 0x9B, 0x68, 0x93, 0x89, 0x9B,
    0xA9, 0x9B, 0xCA, 0xA3, 0xCA, 0xA3, 0xEA, 0xAB, 0x0A, 0xB4, 0x0A, 0xB4, 0x4B, 0xB4, 0x2B, 0xAC,
    0x6C, 0xB4, 0x4C, 0xB4, 0x6C, 0xBC, 0x8D, 0xBC, 0x8C, 0xBC, 0xAD, 0xC4, 0xAD, 0xCC, 0xCD, 0xCC,
    0xCD, 0xCC, 0xAD, 0xCC, 0xEE, 0xD4, 0xED, 0xD4, 0xAD, 0xC4, 0x6C, 0xBC, 0x0E, 0xD5, 0x2F, 0xDD,
    0xEE, 0xD4, 0x0E, 0xDD, 0x2E, 0xDD, 0x0E, 0xDD, 0x2E, 0xDD, 0x2F, 0xDD, 0x4F, 0xDD, 0x4F, 0xDD,
    0x4F, 0xDD, 0x4F, 0xDD, 0x4F, 0xDD, 0x4F, 0xDD, 0x4F, 0xDD, 0x4F, 0xDD, 0x4F, 0xDD, 0x2F, 0xDD,
    0x4F, 0xDD, 0x4F, 0xDD, 0x4F, 0xDD, 0x50, 0xE5, 0x2F, 0xDD, 0x50, 0xDD, 0x70, 0xDD, 0xAE, 0xC4,
    0x2C, 0xB4, 0xEF, 0xCC, 0x91, 0xE5, 0x0F, 0xD5, 0xCE, 0xCC, 0x8E, 0xC4, 0x2F, 0xD5, 0x0F, 0xCD,
    0xAA, 0x9B, 0x92, 0xE5, 0x51, 0xD5, 0xB2, 0xDD, 0x13, 0xEE, 0xD2, 0xE5, 0x34, 0xEE, 0xD2, 0xE5,
    0xD3, 0xE5, 0xD3, 0xE5, 0x34, 0xEE, 0xF3, 0xE5, 0x34, 0xEE, 0x55, 0xEE, 0x35, 0xEE, 0x35, 0xEE,
    0x35, 0xEE, 0x76, 0xEE, 0x52, 0xC5, 0x35, 0xE6, 0x15, 0xE6, 0xF4, 0xE5, 0xF4, 0xDD, 0xD3, 0xDD,
    0xF0, 0xBC, 0xD3, 0xD5, 0x35, 0xE6, 0xF4, 0xDD, 0xF4, 0xDD, 0xF4, 0xDD, 0xD3, 0xDD, 0xB3, 0xDD,
    0x72, 0xCD, 0x11, 0xBD, 0x11, 0xBD, 0x30, 0xC5, 0x71, 0xD5, 0xCF, 0xC4, 0xAE, 0xBC, 0xCE, 0xBC,
    0x8E, 0xB4, 0x6D, 0xB4, 0xAE, 0xBC, 0x8D, 0xB4, 0x6E, 0xAC, 0x4E, 0x9C, 0x6F, 0xA4, 0x4E, 0x9C,
    0x6D, 0xAC, 0x2D, 0xA4, 0x2E, 0x9C, 0x2E, 0x94, 0x6F, 0x94, 0x0E, 0x94, 0x0D, 0x94, 0xAB, 0x8B,
    0xEC, 0x93, 0xEC, 0x93, 0x0C, 0x94, 0xCC, 0x8B, 0x0D, 0x94, 0x0D, 0x94, 0xEC, 0x93, 0x0D, 0x8C,
    0x44, 0x72, 0x84, 0x7A, 0x85, 0x7A, 0xE7, 0x82, 0x28, 0x83, 0x48, 0x8B, 0x69, 0x93, 0x48, 0x93,
    0x26, 0x93, 0x46, 0x9B, 0x47, 0x9B, 0x67, 0x9B, 0x88, 0xA3, 0x68, 0x93, 0xA9, 0x9B, 0xA9, 0xA3,
    0xCA, 0xA3, 0xEA, 0xA3, 0xEA, 0xAB, 0x0A, 0xB4, 0x0A, 0xB4, 0x4B, 0xB4, 0x2B, 0xB4, 0x4C, 0xB4,
    0x4C, 0xB4, 0x6C, 0xBC, 0x8D, 0xC4, 0x8D, 0xC4, 0xAD, 0xC4, 0xAD, 0xCC, 0xCD, 0xCC, 0xCD, 0xCC,
    0xCD, 0xCC, 0xED, 0xD4, 0xED, 0xD4, 0xED, 0xD4, 0xCD, 0xCC, 0x6C, 0xBC, 0xEE, 0xCC, 0x2F, 0xDD,
    0x0E, 0xD5, 0x2E, 0xDD, 0x0E, 0xDD, 0x2E, 0xDD, 0x4F, 0xDD, 0x4F, 0xDD, 0x4F, 0xDD, 0x4F, 0xDD,
    0x4F, 0xDD, 0x4F, 0xDD, 0x4F, 0xDD, 0x4F, 0xDD, 0x4F, 0xDD, 0x4F, 0xE5, 0x4F, 0xDD, 0x4F, 0xDD,
    0x4F, 0xDD, 0x4F, 0xDD, 0x4F, 0xE5, 0x70, 0xE5, 0x4F, 0xDD, 0x70, 0xDD, 0x91, 0xE5, 0xCE, 0xCC,
    0x4D, 0xB4, 0x0F, 0xD5, 0xB2, 0xED, 0xEF, 0xCC, 0xEF, 0xCC, 0xAE, 0xC4, 0x71, 0xDD, 0x0C, 0xAC,
    0xAF, 0xC4, 0xD3, 0xED, 0x51, 0xD5, 0x34, 0xF6, 0xF3, 0xE5, 0x34, 0xEE, 0x14, 0xE6, 0xD3, 0xE5,
    0xD3, 0xE5, 0x34, 0xEE, 0x14, 0xE6, 0x34, 0xEE, 0x55, 0xEE, 0x55, 0xEE, 0x55, 0xEE, 0x35, 0xEE,
    0x76, 0xEE, 0xF4, 0xDD, 0xB3, 0xD5, 0x55, 0xEE, 0xF4, 0xE5, 0x15, 0xE6, 0xF4, 0xDD, 0x72, 0xCD,
    0x52, 0xCD, 0x55, 0xEE, 0x14, 0xE6, 0xF4, 0xDD, 0x14, 0xE6, 0xD3, 0xDD, 0xD3, 0xDD, 0x92, 0xD5,
    0x52, 0xCD, 0x11, 0xBD, 0x31, 0xC5, 0x71, 0xD5, 0x10, 0xCD, 0xCF, 0xBC, 0xCF, 0xBC, 0xAE, 0xB4,
    0x8E, 0xB4, 0xCE, 0xBC, 0xAE, 0xBC, 0x8E, 0xAC, 0x6F, 0x9C, 0x6F, 0xA4, 0x6F, 0x9C, 0x6D, 0xAC,
    0x6D, 0xAC, 0x2D, 0x9C, 0x2E, 0x94, 0x70, 0x94, 0x6F, 0x94, 0x2D, 0x9C, 0xAB, 0x8B, 0xEC, 0x93,
    0xEC, 0x93, 0x0D, 0x9C, 0xCC, 0x8B, 0xED, 0x8B, 0x2E, 0x94, 0x0D, 0x94, 0x0E, 0x8C, 0x44, 0x72,
    0x84, 0x7A, 0x84, 0x7A, 0xE6, 0x82, 0x28, 0x8B, 0x49, 0x8B, 0x48, 0x93, 0x27, 0x93, 0x26, 0x93,
    0x46, 0x9B, 0x47, 0x9B, 0x67, 0x9B, 0x88, 0xA3, 0x88, 0x9B, 0xA9, 0x9B, 0xC9, 0xA3, 0xCA, 0xA3,
    0xCA, 0xA3, 0xEA, 0xAB, 0x0A, 0xB4, 0x2A, 0xB4, 0x2B, 0xB4, 0x4B, 0xB4, 0x4C, 0xB4, 0x4C, 0xB4,
    0x6C, 0xBC, 0xAD, 0xC4, 0x8D, 0xC4, 0xAD, 0xC4, 0xCD, 0xCC, 0xCD, 0xCC, 0xED, 0xD4, 0xED, 0xD4,
    0xCD, 0xCC, 0xED, 0xD4, 0xED, 0xD4, 0xED, 0xD4, 0x0E, 0xD5, 0xAD, 0xCC, 0xCE, 0xC4, 0x0E, 0xD5,
    0x4F, 0xDD, 0x2E, 0xDD, 0x2E, 0xDD, 0x4F, 0xDD, 0x4F, 0xDD, 0x4F, 0xDD, 0x4F, 0xDD, 0x4F, 0xDD,
    0x6F, 0xDD, 0x6F, 0xE5, 0x4F, 0xDD, 0x4F, 0xDD, 0x4F, 0xDD, 0x4F, 0xE5, 0x4F, 0xDD, 0x4F, 0xDD,
    0x4F, 0xE5, 0x4F, 0xE5, 0x4F, 0xE5, 0x70, 0xE5, 0x70, 0xDD, 0x70, 0xE5, 0xB1, 0xED, 0x0F, 0xCD,
    0x2C, 0xB4, 0x0F, 0xD5, 0xB1, 0xE5, 0xCF, 0xC4, 0xEF, 0xCC, 0x30, 0xD5, 0x30, 0xD5, 0xEC, 0xA3,
    0xB2, 0xE5, 0x91, 0xDD, 0xF3, 0xE5, 0x34, 0xEE, 0xF3, 0xE5, 0x55, 0xEE, 0xF3, 0xE5, 0xD3, 0xDD,
    0x14, 0xE6, 0x34, 0xEE, 0x34, 0xEE, 0x55, 0xEE, 0x55, 0xEE, 0x55, 0xEE, 0x76, 0xEE, 0x35, 0xE6,
    0x56, 0xEE, 0x92, 0xCD, 0x35, 0xE6, 0x15, 0xE6, 0x35, 0xE6, 0xF4, 0xDD, 0xF4, 0xDD, 0x11, 0xC5,
    0x35, 0xE6, 0x35, 0xEE, 0xF4, 0xDD, 0xF4, 0xDD, 0xF4, 0xDD, 0xF3, 0xE5, 0xB2, 0xDD, 0x92, 0xD5,
    0x52, 0xC5, 0x31, 0xBD, 0x51, 0xCD, 0x50, 0xD5, 0x10, 0xC5, 0xCF, 0xBC, 0xAE, 0xBC, 0xAE, 0xB4,
    0xCE, 0xBC, 0xAE, 0xBC, 0x8E, 0xB4, 0x6F, 0xA4, 0x6F, 0xA4, 0x90, 0xA4, 0x6E, 0xAC, 0x8E, 0xAC,
    0x2D, 0xA4, 0x2E, 0x9C, 0x70, 0x94, 0x70, 0x94, 0x2D, 0x9C, 0xEC, 0x93, 0xEC, 0x93, 0x0D, 0x9C,
    0x0D, 0x94, 0xEC, 0x93, 0x0D, 0x94, 0x2E, 0x94, 0x0D, 0x94, 0x0E, 0x8C, 0x64, 0x72, 0x84, 0x7A,
    0x84, 0x7A, 0xE6, 0x82, 0x28, 0x8B, 0x49, 0x8B, 0x48, 0x8B, 0x26, 0x93, 0x26, 0x93, 0x47, 0x9B,
    0x47, 0x9B, 0x67, 0x9B, 0x88, 0xA3, 0x88, 0x9B, 0xA9, 0x9B, 0xCA, 0xA3, 0xEA, 0xA3, 0xEA, 0xA3,
    0xEA, 0xAB, 0x0A, 0xB4, 0x2A, 0xB4, 0x2B, 0xBC, 0x4B, 0xBC, 0x4C, 0xB4, 0x6C, 0xB4, 0x4C, 0xB4,
    0x8D, 0xC4, 0xAD, 0xC4, 0x8D, 0xC4, 0xAD, 0xC4, 0xCD, 0xCC, 0xED, 0xD4, 0xED, 0xD4, 0xCD, 0xD4,
    0xCD, 0xCC, 0xEE, 0xD4, 0xED, 0xD4, 0x0E, 0xD5, 0x0E, 0xDD, 0xEE, 0xCC, 0xAD, 0xC4, 0xEE, 0xCC,
    0x4F, 0xDD, 0x4F, 0xDD, 0x4F, 0xDD, 0x4F, 0xDD, 0x4F, 0xDD, 0x4F, 0xE5, 0x6F, 0xE5, 0x70, 0xE5,
    0x70, 0xE5, 0x70, 0xE5, 0x4F, 0xDD, 0x4F, 0xDD, 0x70, 0xE5, 0x4F, 0xDD, 0x4F, 0xDD, 0x4F, 0xDD,
    0x70, 0xE5, 0x6F, 0xE5, 0x70, 0xE5, 0x70, 0xE5, 0x70, 0xE5, 0x71, 0xE5, 0xB1, 0xE5, 0x10, 0xD5,
    0x0C, 0xAC, 0x50, 0xDD, 0x71, 0xDD, 0x0F, 0xCD, 0x30, 0xD5, 0x71, 0xD5, 0x6E, 0xB4, 0xCF, 0xC4,
    0xD3, 0xE5, 0xB2, 0xDD, 0x34, 0xEE, 0x14, 0xEE, 0x34, 0xEE, 0x34, 0xEE, 0xD3, 0xDD, 0xF3, 0xE5,
    0x35, 0xEE, 0x34, 0xEE, 0x55, 0xEE, 0x55, 0xEE, 0x55, 0xEE, 0x76, 0xEE, 0x76, 0xEE, 0x55, 0xEE,
    0xF4, 0xDD, 0xB3, 0xD5, 0x35, 0xE6, 0x35, 0xE6, 0xF4, 0xDD, 0x15, 0xE6, 0x92, 0xCD, 0xD4, 0xD5,
    0x55, 0xEE, 0x15, 0xE6, 0xF4, 0xDD, 0xD3, 0xDD, 0xF3, 0xE5, 0xD3, 0xDD, 0xB3, 0xD5, 0x72, 0xCD,
    0x11, 0xBD, 0x71, 0xCD, 0x71, 0xD5, 0x30, 0xC5, 0xCF, 0xBC, 0xCE, 0xBC, 0xAF, 0xB4, 0xEF, 0xC4,
    0xAE, 0xBC, 0xAE, 0xB4, 0x8F, 0xA4, 0x6F, 0xA4, 0x8F, 0xA4, 0x8F, 0xAC, 0x8E, 0xAC, 0x6D, 0xAC,
    0x2D, 0x9C, 0x4F, 0x94, 0xB0, 0x9C, 0x4E, 0x9C, 0x2D, 0x9C, 0xEC, 0x93, 0x0D, 0x9C, 0x0D, 0x94,
    0x0D, 0x9C, 0x0D, 0x94, 0x2E, 0x94, 0x2E, 0x94, 0x2E, 0x94, 0x64, 0x72, 0x84, 0x7A, 0xA5, 0x7A,
    0xE6, 0x82, 0x48, 0x8B, 0x48, 0x8B, 0x47, 0x8B, 0x26, 0x93, 0x46, 0x93, 0x47, 0x9B, 0x67, 0x9B,
    0x67, 0xA3, 0x88, 0xA3, 0xA8, 0x9B, 0xA9, 0x9B, 0xCA, 0xA3, 0xCA, 0xA3, 0xEA, 0xA3, 0x0A, 0xAC,
    0x0A, 0xB4, 0x2A, 0xB4, 0x2B, 0xBC, 0x4B, 0xBC, 0x4B, 0xBC, 0x4C, 0xB4, 0x6C, 0xB4, 0x8C, 0xBC,
    0xAD, 0xC4, 0xAD, 0xC4, 0xCD, 0xC4, 0xCE, 0xCC, 0xCD, 0xCC, 0xED, 0xD4, 0xED, 0xD4, 0xCD, 0xD4,
    0xCD, 0xD4, 0x0E, 0xDD, 0x0E, 0xDD, 0x0E, 0xD5, 0x2F, 0xDD, 0x2F, 0xDD, 0xEE, 0xCC, 0xCE, 0xCC,
    0x0F, 0xD5, 0x70, 0xDD, 0x70, 0xE5, 0x70, 0xE5, 0x70, 0xDD, 0x70, 0xE5, 0x70, 0xE5, 0x70, 0xE5,
    0x70, 0xE5, 0x70, 0xE5, 0x70, 0xDD, 0x70, 0xE5, 0x70, 0xE5, 0x70, 0xE5, 0x4F, 0xDD, 0x70, 0xE5,
    0x70, 0xE5, 0x70, 0xE5, 0x70, 0xE5, 0x90, 0xE5, 0x70, 0xE5, 0x71, 0xE5, 0xB1, 0xED, 0x10, 0xD5,
    0x4D, 0xB4, 0x91, 0xDD, 0x0F, 0xCD, 0x50, 0xD5, 0x71, 0xD5, 0x0F, 0xCD, 0x2D, 0xAC, 0xB2, 0xE5,
    0xD3, 0xE5, 0x14, 0xE6, 0x55, 0xEE, 0x34, 0xEE, 0x35, 0xEE, 0xF3, 0xE5, 0xF3, 0xE5, 0x35, 0xEE,
    0x35, 0xEE, 0x55, 0xEE, 0x56, 0xEE, 0x55, 0xEE, 0x76, 0xEE, 0x76, 0xEE, 0x56, 0xEE, 0x55, 0xE6,
    0xB3, 0xD5, 0x15, 0xE6, 0x35, 0xE6, 0x35, 0xE6, 0x15, 0xDE, 0x15, 0xE6, 0x93, 0xCD, 0x55, 0xEE,
    0x35, 0xE6, 0xF4, 0xDD, 0xD3, 0xDD, 0xF4, 0xE5, 0xF4, 0xE5, 0xD3, 0xDD, 0x92, 0xD5, 0x31, 0xBD,
    0x72, 0xCD, 0x71, 0xD5, 0x50, 0xCD, 0xEF, 0xBC, 0xCF, 0xBC, 0xCF, 0xBC, 0xEF, 0xC4, 0xCE, 0xBC,
    0xCE, 0xBC, 0x8F, 0xAC, 0x6F, 0xA4, 0x8F, 0xA4, 0xB0, 0xAC, 0x8E, 0xB4, 0x8E, 0xAC, 0x4D, 0xA4,
    0x4E, 0x94, 0x90, 0x9C, 0x6F, 0x9C, 0x4E, 0x9C, 0x0D, 0x94, 0x0D, 0x94, 0x2D, 0x9C, 0x0D, 0x9C,
    0x2D, 0x94, 0x2E, 0x94, 0x4E, 0x94, 0x4F, 0x94, 0x64, 0x72, 0x84, 0x7A, 0xA5, 0x82, 0xC6, 0x82,
    0x48, 0x8B, 0x48, 0x8B, 0x27, 0x93, 0x26, 0x93, 0x47, 0x93, 0x67, 0x9B, 0x67, 0x9B, 0x87, 0xA3,
    0x88, 0xA3, 0x88, 0x9B, 0xA9, 0x9B, 0xEA, 0xA3, 0xEA, 0xA3, 0xC9, 0xA3, 0x0A, 0xAC, 0x2A, 0xB4,
    0x2A, 0xB4, 0x2B, 0xBC, 0x4B, 0xBC, 0x6B, 0xBC, 0x6C, 0xBC, 0x6C, 0xBC, 0x6C, 0xBC, 0xAD, 0xC4,
    0x8D, 0xC4, 0xCE, 0xC4, 0xEE, 0xCC, 0xCD, 0xCC, 0xED, 0xD4, 0xCD, 0xD4, 0xEE, 0xD4, 0xCD, 0xD4,
    0xED, 0xD4, 0x2E, 0xDD, 0x2E, 0xDD, 0x0E, 0xDD, 0x2F, 0xDD, 0x4F, 0xDD, 0x4F, 0xDD, 0x0E, 0xD5,
    0xEE, 0xCC, 0x2F, 0xD5, 0x70, 0xDD, 0x70, 0xE5, 0x90, 0xE5, 0x90, 0xE5, 0x70, 0xE5, 0x70, 0xE5,
    0x90, 0xE5, 0x90, 0xE5, 0x70, 0xE5, 0x70, 0xE5, 0x70, 0xE5, 0x70, 0xE5, 0x70, 0xE5, 0x70, 0xE5,
    0x70, 0xE5, 0x70, 0xE5, 0x70, 0xE5, 0x91, 0xE5, 0x91, 0xE5, 0x91, 0xE5, 0xD2, 0xED, 0x10, 0xCD,
    0x8E, 0xBC, 0x71, 0xDD, 0xCF, 0xC4, 0x91, 0xDD, 0x30, 0xCD, 0x8E, 0xB4, 0xF0, 0xC4, 0xD3, 0xE5,
    0xB3, 0xDD, 0x35, 0xEE, 0x35, 0xEE, 0x35, 0xEE, 0x14, 0xE6, 0xD3, 0xDD, 0x14, 0xE6, 0x55, 0xEE,
    0x55, 0xEE, 0x55, 0xEE, 0x55, 0xEE, 0x76, 0xEE, 0x76, 0xEE, 0x76, 0xEE, 0x56, 0xEE, 0xF4, 0xDD,
    0xD3, 0xD5, 0x35, 0xE6, 0x55, 0xE6, 0xF4, 0xDD, 0x35, 0xEE, 0xB3, 0xD5, 0x14, 0xE6, 0x55, 0xEE,
    0x14, 0xE6, 0xD4, 0xDD, 0x14, 0xE6, 0xF4, 0xE5, 0xD3, 0xDD, 0xD3, 0xDD, 0x52, 0xC5, 0x51, 0xC5,
    0x92, 0xD5, 0x71, 0xD5, 0xF0, 0xC4, 0xCF, 0xBC, 0xEF, 0xBC, 0x0F, 0xC5, 0xEF, 0xC4, 0xEE, 0xC4,
    0xAF, 0xAC, 0xAF, 0xAC, 0x6F, 0xA4, 0xB0, 0xB4, 0xAF, 0xAC, 0x8E, 0xB4, 0x4D, 0xA4, 0x2E, 0x9C,
    0x90, 0x9C, 0x90, 0x9C, 0x4E, 0x9C, 0x2E, 0x9C, 0x2D, 0x9C, 0x4E, 0x9C, 0x2D, 0x9C, 0x2D, 0x9C,
    0x2E, 0x94, 0x0E, 0x94, 0x4E, 0x94, 0x64, 0x72, 0x84, 0x7A, 0xA4, 0x7A, 0xC6, 0x82, 0x48, 0x8B,
    0x48, 0x8B, 0x27, 0x93, 0x26, 0x93, 0x47, 0x9B, 0x67, 0x9B, 0x67, 0x9B, 0x87, 0xA3, 0x88, 0xA3,
    0xA8, 0xA3, 0xA9, 0x9B, 0xCA, 0xA3, 0xEA, 0xA3, 0xC9, 0xA3, 0xE9, 0xAB, 0x0A, 0xB4, 0x2A, 0xB4,
    0x2B, 0xBC, 0x4B, 0xBC, 0x6C, 0xBC, 0x6C, 0xBC, 0x6C, 0xBC, 0x8D, 0xBC, 0x8D, 0xBC, 0xAD, 0xC4,
    0xAD, 0xC4, 0xEE, 0xCC, 0xED, 0xD4, 0xCD, 0xD4, 0xED, 0xD4, 0xED, 0xD4, 0x0E, 0xD5, 0xCD, 0xD4,
    0x0E, 0xD5, 0x2F, 0xDD, 0x2F, 0xDD, 0x2F, 0xDD, 0x2F, 0xDD, 0x4F, 0xDD, 0x4F, 0xDD, 0x4F, 0xDD,
    0x4F, 0xDD, 0x2F, 0xD5, 0x2F, 0xD5, 0x50, 0xDD, 0x70, 0xE5, 0x91, 0xE5, 0x91, 0xE5, 0x91, 0xE5,
    0x91, 0xE5, 0x90, 0xE5, 0x70, 0xE5, 0x70, 0xE5, 0x70, 0xE5, 0x70, 0xE5, 0x70, 0xE5, 0x70, 0xE5,
    0x90, 0xE5, 0x70, 0xE5, 0x91, 0xE5, 0xB1, 0xE5, 0x91, 0xE5, 0x91, 0xE5, 0xD2, 0xED, 0xEF, 0xC4,
    0xAF, 0xBC, 0x30, 0xCD, 0x10, 0xCD, 0xB2, 0xDD, 0xEF, 0xC4, 0xAF, 0xBC, 0x92, 0xDD, 0xB2, 0xDD,
    0xB2, 0xDD, 0x14, 0xE6, 0x14, 0xE6, 0xF4, 0xE5, 0xD3, 0xDD, 0xF4, 0xE5, 0x35, 0xEE, 0x35, 0xEE,
    0x55, 0xEE, 0x76, 0xEE, 0x76, 0xEE, 0x76, 0xEE, 0x76, 0xEE, 0x56, 0xEE, 0x35, 0xE6, 0xD4, 0xDD,
    0xF4, 0xDD, 0x56, 0xE6, 0xF4, 0xDD, 0x14, 0xE6, 0x14, 0xE6, 0xB3, 0xD5, 0x55, 0xEE, 0x35, 0xE6,
    0xF4, 0xDD, 0xF4, 0xDD, 0xF4, 0xE5, 0xD3, 0xE5, 0xF3, 0xE5, 0x92, 0xCD, 0x51, 0xC5, 0x92, 0xD5,
    0x91, 0xD5, 0x30, 0xC5, 0xCF, 0xBC, 0xEF, 0xBC, 0x0F, 0xC5, 0x2F, 0xCD, 0x0F, 0xCD, 0xAF, 0xB4,
    0xAF, 0xAC, 0x6F, 0xA4, 0xAF, 0xAC, 0xCF, 0xB4, 0x6E, 0xAC, 0x6D, 0xAC, 0x4E, 0x9C, 0x70, 0x94,
    0xB0, 0xA4, 0x6E, 0xA4, 0x6E, 0x9C, 0x4E, 0x9C, 0x4E, 0x9C, 0x2D, 0x9C, 0x2D, 0x9C, 0x2E, 0x94,
    0x0E, 0x8C, 0x2E, 0x94, 0x64, 0x7A, 0x84, 0x7A, 0xA5, 0x82, 0xE6, 0x82, 0x48, 0x8B, 0x27, 0x8B,
    0x27, 0x93, 0x26, 0x93, 0x47, 0x9B, 0x67, 0x9B, 0x67, 0xA3, 0x87, 0xA3, 0x88, 0xA3, 0xA8, 0xA3,
    0xA9, 0x9B, 0xCA, 0x9B, 0xEA, 0xA3, 0xC9, 0xA3, 0xE9, 0xAB, 0xEA, 0xAB, 0x2A, 0xB4, 0x2B, 0xBC,
    0x4B, 0xBC, 0x6C, 0xBC, 0x8C, 0xBC, 0x8C, 0xC4, 0x6C, 0xBC, 0xAE, 0xC4, 0x8D, 0xBC, 0x8D, 0xC4,
    0x8D, 0xC4, 0xEE, 0xD4, 0xCD, 0xD4, 0xED, 0xD4, 0xED, 0xD4, 0xED, 0xD4, 0x0E, 0xDD, 0xED, 0xD4,
    0x0E, 0xD5, 0x2F, 0xDD, 0x2F, 0xDD, 0x2F, 0xDD, 0x4F, 0xDD, 0x4F, 0xDD, 0x4F, 0xDD, 0x70, 0xE5,
    0x70, 0xE5, 0x70, 0xDD, 0x70, 0xDD, 0x50, 0xDD, 0x70, 0xDD, 0x70, 0xDD, 0x70, 0xDD, 0x90, 0xDD,
    0x91, 0xE5, 0x91, 0xE5, 0x91, 0xE5, 0x91, 0xE5, 0x91, 0xE5, 0x90, 0xE5, 0x70, 0xE5, 0x91, 0xE5,
    0x91, 0xE5, 0x91, 0xE5, 0xB1, 0xE5, 0xB1, 0xED, 0xB1, 0xE5, 0xB1, 0xE5, 0xF2, 0xED, 0xAE, 0xBC,
    0xEF, 0xC4, 0xEF, 0xC4, 0x91, 0xDD, 0x92, 0xDD, 0xAF, 0xBC, 0x10, 0xC5, 0xF3, 0xE5, 0xF3, 0xE5,
    0x34, 0xEE, 0x55, 0xF6, 0x55, 0xEE, 0xF4, 0xE5, 0xF4, 0xE5, 0x14, 0xE6, 0x35, 0xEE, 0x55, 0xEE,
    0x56, 0xEE, 0x76, 0xEE, 0x76, 0xEE, 0x76, 0xEE, 0x76, 0xEE, 0x56, 0xEE, 0x15, 0xE6, 0xD4, 0xDD,
    0x35, 0xE6, 0x15, 0xE6, 0xF4, 0xDD, 0x55, 0xEE, 0xB3, 0xD5, 0x14, 0xE6, 0x35, 0xE6, 0x14, 0xE6,
    0xD3, 0xDD, 0x14, 0xE6, 0xF3, 0xE5, 0x13, 0xE6, 0xB2, 0xD5, 0x72, 0xCD, 0x92, 0xCD, 0xB2, 0xDD,
    0x51, 0xCD, 0xEF, 0xBC, 0xCF, 0xBC, 0x30, 0xCD, 0x50, 0xD5, 0x0F, 0xCD, 0xCF, 0xBC, 0xB0, 0xAC,
    0x8F, 0xAC, 0x8F, 0xA4, 0xF0, 0xBC, 0x6E, 0xAC, 0x8E, 0xAC, 0x4D, 0xA4, 0x4F, 0x94, 0xB1, 0x9C,
    0x8F, 0xA4, 0x6E, 0xA4, 0x6F, 0xA4, 0x4E, 0x9C, 0x2D, 0xA4, 0x2D, 0x9C, 0x2E, 0x94, 0x2E, 0x8C,
    0x2E, 0x94, 0x84, 0x7A, 0xA4, 0x7A, 0xA5, 0x82, 0xE6, 0x82, 0x69, 0x8B, 0x27, 0x8B, 0x27, 0x93,
    0x47, 0x93, 0x47, 0x9B, 0x67, 0x9B, 0x67, 0xA3, 0x87, 0xA3, 0x88, 0xA3, 0xA8, 0xA3, 0xA9, 0x9B,
    0xCA, 0x9B, 0xEB, 0xA3, 0xC9, 0xA3, 0xEA, 0xAB, 0x0A, 0xB4, 0x0A, 0xB4, 0x2A, 0xBC, 0x4B, 0xBC,
    0x6C, 0xBC, 0x8C, 0xC4, 0xAD, 0xC4, 0x8C, 0xBC, 0x8D, 0xBC, 0xAE, 0xC4, 0xAD, 0xC4, 0xAD, 0xC4,
    0xCD, 0xCC, 0xCD, 0xD4, 0xED, 0xD4, 0xED, 0xD4, 0xED, 0xD4, 0xEE, 0xD4, 0x2E, 0xDD, 0x0E, 0xD5,
    0x0E, 0xD5, 0x2F, 0xDD, 0x2F, 0xDD, 0x4F, 0xDD, 0x4F, 0xDD, 0x4F, 0xDD, 0x70, 0xE5, 0x70, 0xDD,
    0x70, 0xE5, 0x90, 0xE5, 0x90, 0xE5, 0x90, 0xE5, 0x90, 0xDD, 0x70, 0xDD, 0x70, 0xDD, 0x70, 0xDD,
    0x70, 0xDD, 0x70, 0xDD, 0x70, 0xDD, 0x70, 0xDD, 0x70, 0xDD, 0x70, 0xE5, 0x70, 0xE5, 0x70, 0xE5,
    0x70, 0xDD, 0x90, 0xE5, 0x91, 0xE5, 0xB1, 0xE5, 0xB1, 0xE5, 0xB1, 0xE5, 0xB1, 0xE5, 0x8E, 0xBC,
    0x51, 0xD5, 0xEF, 0xC4, 0xB2, 0xDD, 0x71, 0xD5, 0xCF, 0xBC, 0x72, 0xD5, 0x14, 0xEE, 0x14, 0xE6,
    0x55, 0xF6, 0x75, 0xF6, 0x55, 0xEE, 0xF4, 0xE5, 0x14, 0xE6, 0x35, 0xEE, 0x55, 0xEE, 0x56, 0xEE,
    0x56, 0xEE, 0x76, 0xEE, 0x76, 0xEE, 0x76, 0xEE, 0x56, 0xEE, 0x35, 0xEE, 0xF4, 0xDD, 0xD4, 0xDD,
    0x15, 0xE6, 0xF4, 0xDD, 0x55, 0xEE, 0xF4, 0xDD, 0xF4, 0xDD, 0x35, 0xEE, 0x34, 0xE6, 0xD3, 0xDD,
    0xF4, 0xE5, 0xF4, 0xE5, 0x13, 0xEE, 0xB2, 0xDD, 0x92, 0xD5, 0x72, 0xCD, 0xB2, 0xDD, 0x71, 0xCD,
    0x30, 0xC5, 0xCF, 0xB4, 0x30, 0xCD, 0x50, 0xD5, 0x2F, 0xCD, 0xCF, 0xBC, 0xB0, 0xAC, 0xD0, 0xB4,
    0x6E, 0xAC, 0xF0, 0xBC, 0x8E, 0xAC, 0x6D, 0xAC, 0x4D, 0xA4, 0x4E, 0x94, 0xB1, 0x9C, 0xB0, 0xA4,
    0x6E, 0xA4, 0x8F, 0xA4, 0x6E, 0xA4, 0x4D, 0xA4, 0x2D, 0x9C, 0x2E, 0x94, 0x2E, 0x8C, 0x2E, 0x94,
    0xA5, 0x7A, 0xA4, 0x7A, 0xC5, 0x82, 0xE6, 0x82, 0x69, 0x93, 0x27, 0x8B, 0x27, 0x8B, 0x47, 0x93,
    0x47, 0x9B, 0x46, 0x9B, 0x67, 0xA3, 0x67, 0xA3, 0x88, 0xA3, 0x88, 0xA3, 0xA9, 0x9B, 0xCA, 0x9B,
    0x0B, 0xA4, 0xCA, 0xA3, 0xEA, 0xAB, 0x0A, 0xB4, 0x0A, 0xB4, 0x2A, 0xB4, 0x4B, 0xBC, 0x6C, 0xBC,
    0x6C, 0xC4, 0x8C, 0xC4, 0xAD, 0xC4, 0x8C, 0xBC, 0xAD, 0xC4, 0xAD, 0xC4, 0xCE, 0xCC, 0xAD, 0xC4,
    0xCD, 0xCC, 0xED, 0xD4, 0xED, 0xD4, 0xED, 0xD4, 0x0E, 0xD5, 0x0E, 0xD5, 0x2E, 0xDD, 0x0E, 0xD5,
    0x2F, 0xDD, 0x4F, 0xDD, 0x4F, 0xDD, 0x4F, 0xDD, 0x4F, 0xDD, 0x70, 0xE5, 0x70, 0xE5, 0x70, 0xE5,
    0x90, 0xE5, 0x90, 0xE5, 0x91, 0xE5, 0x90, 0xE5, 0xB1, 0xE5, 0xB1, 0xE5, 0xB1, 0xE5, 0xB1, 0xE5,
    0xB1, 0xE5, 0x91, 0xE5, 0x91, 0xE5, 0xB1, 0xE5, 0xB1, 0xE5, 0xB1, 0xE5, 0x91, 0xE5, 0x91, 0xE5,
    0xB1, 0xE5, 0xB1, 0xED, 0xB1, 0xE5, 0xD2, 0xED, 0xD2, 0xED, 0xD2, 0xED, 0x91, 0xDD, 0xCF, 0xC4,
    0x31, 0xCD, 0xEF, 0xC4, 0xB2, 0xDD, 0x51, 0xCD, 0x10, 0xC5, 0xF3, 0xE5, 0x14, 0xE6, 0x55, 0xEE,
    0x55, 0xF6, 0x55, 0xF6, 0x14, 0xE6, 0x14, 0xE6, 0x55, 0xEE, 0x55, 0xEE, 0x76, 0xF6, 0x76, 0xF6,
    0x76, 0xEE, 0x76, 0xEE, 0x76, 0xEE, 0x76, 0xEE, 0x35, 0xE6, 0x35, 0xE6, 0xD3, 0xD5, 0x14, 0xE6,
    0xF4, 0xE5, 0x35, 0xE6, 0x55, 0xEE, 0xD3, 0xDD, 0x35, 0xEE, 0x14, 0xE6, 0x14, 0xE6, 0xD3, 0xDD,
    0xF3, 0xE5, 0x13, 0xE6, 0xD2, 0xE5, 0xB2, 0xDD, 0x72, 0xCD, 0xB2, 0xD5, 0x92, 0xD5, 0x30, 0xC5,
    0xEF, 0xBC, 0x30, 0xCD, 0x70, 0xDD, 0x50, 0xD5, 0xCF, 0xBC, 0xAF, 0xB4, 0xEF, 0xBC, 0x8E, 0xB4,
    0xCF, 0xB4, 0xCF, 0xB4, 0x6D, 0xAC, 0x6D, 0xAC, 0x2E, 0x94, 0xB1, 0x9C, 0xB0, 0xA4, 0x8F, 0xA4,
    0x90, 0xA4, 0x6F, 0xA4, 0x4D, 0xA4, 0x4D, 0x9C, 0x2E, 0x94, 0x2E, 0x8C, 0x4E, 0x94, 0xC5, 0x82,
    0xA4, 0x82, 0xA5, 0x82, 0xE6, 0x82, 0x69, 0x93, 0x27, 0x8B, 0x27, 0x8B, 0x47, 0x93, 0x46, 0x9B,
    0x47, 0x9B, 0x67, 0x9B, 0x67, 0xA3, 0x88, 0xA3, 0x88, 0x9B, 0xA9, 0x9B, 0xCA, 0x9B, 0xEB, 0xA3,
    0xEA, 0xAB, 0xEA, 0xAB, 0x0A, 0xB4, 0x2A, 0xB4, 0x2B, 0xBC, 0x4B, 0xBC, 0x6C, 0xBC, 0x6C, 0xC4,
    0x8C, 0xC4, 0xAD, 0xC4, 0xAD, 0xC4, 0x6C, 0xBC, 0xAD, 0xC4, 0xCE, 0xC4, 0xCD, 0xC4, 0x8D, 0xC4,
    0xEE, 0xD4, 0xEE, 0xD4, 0xEE, 0xD4, 0x0E, 0xD5, 0x0E, 0xDD, 0x2F, 0xDD, 0x0E, 0xD5, 0x2F, 0xDD,
    0x4F, 0xDD, 0x4F, 0xDD, 0x4F, 0xDD, 0x6F, 0xE5, 0x70, 0xE5, 0x70, 0xE5, 0x70, 0xE5, 0x90, 0xE5,
    0x90, 0xE5, 0x91, 0xE5, 0x91, 0xE5, 0x91, 0xE5, 0xB1, 0xE5, 0x91, 0xE5, 0x91, 0xE5, 0xB1, 0xE5,
    0xB1, 0xE5, 0x91, 0xE5, 0xB1, 0xE5, 0xB1, 0xE5, 0xB1, 0xE5, 0xB1, 0xE5, 0x91, 0xE5, 0xB1, 0xE5,
    0xB1, 0xE5, 0xB1, 0xE5, 0xB1, 0xE5, 0xD2, 0xED, 0xD2, 0xE5, 0xF2, 0xED, 0x50, 0xD5, 0xF0, 0xC4,
    0xF0, 0xC4, 0x10, 0xC5, 0x92, 0xD5, 0xF0, 0xC4, 0x92, 0xD5, 0x34, 0xEE, 0x14, 0xE6, 0x55, 0xF6,
    0x55, 0xEE, 0x55, 0xEE, 0x14, 0xE6, 0x14, 0xE6, 0x55, 0xEE, 0x55, 0xEE, 0x76, 0xEE, 0x76, 0xF6,
    0x76, 0xF6, 0x76, 0xF6, 0x76, 0xF6, 0x55, 0xEE, 0x35, 0xEE, 0xF4, 0xDD, 0xB3, 0xD5, 0xF4, 0xDD,
    0x14, 0xE6, 0x75, 0xF6, 0xF4, 0xDD, 0xF4, 0xE5, 0x34, 0xE6, 0x14, 0xE6, 0xD3, 0xDD, 0xF3, 0xE5,
    0x13, 0xE6, 0xF3, 0xE5, 0xB2, 0xDD, 0x92, 0xD5, 0x92, 0xD5, 0x92, 0xD5, 0x51, 0xCD, 0xCF, 0xBC,
    0x30, 0xCD, 0x70, 0xD5, 0x50, 0xD5, 0x0F, 0xC5, 0xCF, 0xB4, 0xEF, 0xC4, 0xCE, 0xC4, 0xAE, 0xB4,
    0xF0, 0xBC, 0x6D, 0xAC, 0x6D, 0xAC, 0x4E, 0x9C, 0x90, 0x9C, 0xB0, 0xA4, 0xAF, 0xAC, 0x8F, 0xA4,
    0x8F, 0xA4, 0x4D, 0xA4, 0x4E, 0xA4, 0x2E, 0x94, 0x2E, 0x8C, 0x4E, 0x94, 0xC5, 0x82, 0xA5, 0x82,
    0xC5, 0x82, 0x06, 0x8B, 0xA9, 0x93, 0x27, 0x8B, 0x27, 0x8B, 0x47, 0x93, 0x67, 0x9B, 0x67, 0x9B,
    0x67, 0xA3, 0x67, 0xA3, 0x88, 0xA3, 0x88, 0x9B, 0xA9, 0xA3, 0xCA, 0x9B, 0xEB, 0xA3, 0x0B, 0xAC,
    0xEA, 0xAB, 0x0A, 0xB4, 0x2A, 0xB4, 0x2A, 0xBC, 0x4B, 0xBC, 0x6C, 0xBC, 0x8C, 0xC4, 0x8C, 0xC4,
    0x8D, 0xC4, 0xAD, 0xC4, 0xCD, 0xCC, 0x8C, 0xBC, 0xAD, 0xC4, 0xEE, 0xCC, 0xAD, 0xC4, 0xAD, 0xC4,
    0x0E, 0xD5, 0x0E, 0xD5, 0x0E, 0xD5, 0x0E, 0xDD, 0x0E, 0xDD, 0x2E, 0xDD, 0x2F, 0xDD, 0x4F, 0xDD,
    0x4F, 0xDD, 0x4F, 0xDD, 0x70, 0xE5, 0x70, 0xE5, 0x70, 0xE5, 0x90, 0xE5, 0x90, 0xE5, 0x90, 0xE5,
    0xB1, 0xE5, 0xB1, 0xE5, 0xB1, 0xE5, 0xB1, 0xE5, 0xB1, 0xE5, 0xB1, 0xE5, 0xB1, 0xE5, 0xB1, 0xE5,
    0xB1, 0xE5, 0xB1, 0xE5, 0xB1, 0xE5, 0xB1, 0xE5, 0xB1, 0xE5, 0xB1, 0xE5, 0xB1, 0xE5, 0xB1, 0xE5,
    0xD1, 0xED, 0xD1, 0xED, 0xD2, 0xED, 0xD2, 0xED, 0xD2, 0xED, 0xF2, 0xED, 0x30, 0xCD, 0x31, 0xCD,
    0xCF, 0xBC, 0x71, 0xD5, 0x51, 0xCD, 0x31, 0xCD, 0xF3, 0xE5, 0x14, 0xE6, 0x34, 0xEE, 0x55, 0xF6,
    0x75, 0xF6, 0x55, 0xEE, 0xF4, 0xDD, 0x35, 0xE6, 0x55, 0xEE, 0x76, 0xEE, 0x76, 0xF6, 0x76, 0xF6,
    0x76, 0xF6, 0x76, 0xF6, 0x76, 0xEE, 0x55, 0xEE, 0x35, 0xE6, 0xB3, 0xDD, 0xB3, 0xD5, 0xD3, 0xDD,
    0x55, 0xEE, 0x55, 0xEE, 0xD3, 0xDD, 0x55, 0xEE, 0x14, 0xE6, 0xD3, 0xDD, 0xD3, 0xE5, 0xF3, 0xE5,
    0x13, 0xE6, 0xB2, 0xDD, 0xB2, 0xDD, 0x92, 0xD5, 0x92, 0xD5, 0x71, 0xD5, 0xF0, 0xC4, 0xEF, 0xC4,
    0x71, 0xDD, 0x70, 0xD5, 0x0F, 0xCD, 0xCF, 0xB4, 0xF0, 0xC4, 0xEF, 0xC4, 0xAE, 0xBC, 0xCF, 0xBC,
    0x8E, 0xAC, 0x6D, 0xAC, 0x4E, 0xA4, 0x6F, 0x9C, 0xD1, 0xA4, 0xAF, 0xAC, 0xAF, 0xAC, 0xB0, 0xA4,
    0x4D, 0xA4, 0x4D, 0xA4, 0x2E, 0x94, 0x2E, 0x8C, 0x2E, 0x94, 0xC5, 0x82, 0xC5, 0x82, 0xC5, 0x82,
    0x06, 0x8B, 0xA9, 0x93, 0x27, 0x8B, 0x27, 0x8B, 0x47, 0x93, 0x47, 0x9B, 0x67, 0x9B, 0x67, 0x9B,
    0x87, 0xA3, 0x88, 0xA3, 0xA8, 0x9B, 0xA8, 0xA3, 0xCA, 0xA3, 0xEA, 0xA3, 0x0B, 0xAC, 0xEA, 0xAB,
    0x2A, 0xB4, 0x2A, 0xB4, 0x2A, 0xBC, 0x4B, 0xBC, 0x6B, 0xBC, 0x8C, 0xC4, 0x8C, 0xC4, 0x8D, 0xC4,
    0xAC, 0xC4, 0xAD, 0xCC, 0xCD, 0xCC, 0xAD, 0xC4, 0xCD, 0xC4, 0xEE, 0xCC, 0xAD, 0xC4, 0xEE, 0xCC,
    0x0E, 0xD5, 0x0E, 0xD5, 0x0E, 0xD5, 0x0E, 0xDD, 0x0E, 0xDD, 0x2F, 0xDD, 0x4F, 0xDD, 0x4F, 0xDD,
    0x70, 0xDD, 0x70, 0xDD, 0x70, 0xE5, 0x70, 0xE5, 0x90, 0xE5, 0x90, 0xE5, 0x91, 0xE5, 0x91, 0xE5,
    0x91, 0xE5, 0xB1, 0xE5, 0xB1, 0xE5, 0xB1, 0xE5, 0xB1, 0xE5, 0xB1, 0xE5, 0xD1, 0xE5, 0xB1, 0xE5,
    0xB1, 0xE5, 0xB1, 0xE5, 0xB1, 0xE5, 0xB1, 0xE5, 0xB1, 0xE5, 0xB1, 0xE5, 0xB1, 0xE5, 0xB1, 0xE5,
    0xD1, 0xED, 0xD1, 0xE5, 0xD2, 0xED, 0xD2, 0xED, 0xF2, 0xED, 0xD2, 0xE5, 0x30, 0xCD, 0x51, 0xD5,
    0xCF, 0xBC, 0x92, 0xD5, 0x10, 0xCD, 0xB2, 0xDD, 0x34, 0xEE, 0x14, 0xE6, 0x55, 0xEE, 0x75, 0xF6,
    0x75, 0xF6, 0x35, 0xEE, 0x14, 0xE6, 0x35, 0xEE, 0x55, 0xEE, 0x76, 0xF6, 0x96, 0xF6, 0x76, 0xF6,
    0x76, 0xEE, 0x76, 0xF6, 0x56, 0xEE, 0x55, 0xEE, 0xF4, 0xDD, 0xB3, 0xD5, 0x92, 0xD5, 0x14, 0xE6,
    0x55, 0xEE, 0xF4, 0xDD, 0x34, 0xE6, 0x14, 0xE6, 0xF3, 0xE5, 0xF3, 0xE5, 0xF3, 0xE5, 0xF3, 0xE5,
    0xD2, 0xDD, 0xB2, 0xDD, 0xB2, 0xD5, 0x91, 0xD5, 0x91, 0xD5, 0x71, 0xCD, 0xEF, 0xBC, 0x30, 0xCD,
    0x91, 0xDD, 0x30, 0xCD, 0xEF, 0xBC, 0xF0, 0xC4, 0x0F, 0xCD, 0xEE, 0xCC, 0xCF, 0xBC, 0xAF, 0xB4,
    0x4D, 0xAC, 0x6E, 0xAC, 0x4E, 0x94, 0xD1, 0xA4, 0xAF, 0xAC, 0xAF, 0xAC, 0x8F, 0xA4, 0x4D, 0xA4,
    0x4D, 0xA4, 0x2E, 0x9C, 0x2E, 0x8C, 0x2E, 0x8C, 0xC4, 0x82, 0xC5, 0x82, 0xC5, 0x82, 0x06, 0x8B,
    0xA9, 0x93, 0x27, 0x8B, 0x06, 0x8B, 0x47, 0x93, 0x47, 0x9B, 0x47, 0x9B, 0x67, 0x9B, 0x67, 0xA3,
    0x88, 0xA3, 0xA8, 0xA3, 0xA9, 0xA3, 0xEA, 0xA3, 0xEA, 0xA3, 0x0B, 0xAC, 0x0A, 0xAC, 0x0A, 0xB4,
    0x2A, 0xB4, 0x2A, 0xB4, 0x4B, 0xBC, 0x6B, 0xBC, 0x6C, 0xC4, 0x8C, 0xC4, 0xAC, 0xC4, 0xAC, 0xC4,
    0xAD, 0xCC, 0xCD, 0xCC, 0xED, 0xCC, 0xAD, 0xC4, 0xCD, 0xC4, 0x0E, 0xCD, 0xCD, 0xC4, 0x0E, 0xD5,
    0x0E, 0xD5, 0x0E, 0xD5, 0x2E, 0xDD, 0x2E, 0xDD, 0x2F, 0xDD, 0x70, 0xDD, 0x6F, 0xDD, 0x70, 0xDD,
    0x70, 0xDD, 0x90, 0xE5, 0x90, 0xE5, 0x90, 0xE5, 0x90, 0xE5, 0xB1, 0xE5, 0xB1, 0xE5, 0xB1, 0xE5,
    0xB1, 0xE5, 0xB1, 0xE5, 0xB1, 0xE5, 0xD1, 0xE5, 0xD1, 0xE5, 0xD1, 0xE5, 0xD1, 0xE5, 0xD1, 0xE5,
    0xD1, 0xE5, 0xD1, 0xE5, 0xB1, 0xE5, 0xB1, 0xE5, 0xD1, 0xE5, 0xD2, 0xED, 0xD1, 0xE5, 0xD2, 0xED,
    0xD2, 0xED, 0xD2, 0xED, 0xF2, 0xED, 0xF2, 0xED, 0x13, 0xEE, 0xB2, 0xDD, 0x92, 0xDD, 0x10, 0xC5,
    0xF0, 0xC4, 0x92, 0xDD, 0x51, 0xCD, 0xF3, 0xE5, 0x34, 0xEE, 0x34, 0xEE, 0x55, 0xEE, 0x76, 0xF6,
    0x75, 0xF6, 0x35, 0xE6, 0x35, 0xEE, 0x35, 0xEE, 0x55, 0xEE, 0x76, 0xF6, 0x96, 0xF6, 0x76, 0xEE,
    0x76, 0xF6, 0x76, 0xF6, 0x55, 0xEE, 0x35, 0xEE, 0xB3, 0xDD, 0x92, 0xD5, 0xB3, 0xD5, 0x55, 0xEE,
    0x14, 0xE6, 0x14, 0xE6, 0x14, 0xEE, 0xF3, 0xE5, 0xF3, 0xE5, 0xF3, 0xE5, 0xF3, 0xE5, 0xF3, 0xE5,
    0xB2, 0xDD, 0xB2, 0xDD, 0x92, 0xD5, 0x91, 0xDD, 0x71, 0xCD, 0x31, 0xCD, 0xCF, 0xBC, 0x71, 0xD5,
    0x50, 0xD5, 0xEF, 0xBC, 0xEF, 0xBC, 0x2F, 0xCD, 0x0F, 0xCD, 0xCF, 0xBC, 0xAF, 0xB4, 0x6D, 0xAC,
    0x6E, 0xAC, 0x2E, 0x9C, 0xB0, 0x9C, 0x8F, 0xA4, 0xAF, 0xAC, 0x8F, 0xA4, 0x6E, 0xA4, 0x4D, 0xA4,
    0x2E, 0x9C, 0x0E, 0x8C, 0x2E, 0x8C, 0xC4, 0x82, 0xC5, 0x8A, 0xE5, 0x8A, 0xE5, 0x8A, 0x89, 0x93,
    0x27, 0x8B, 0x06, 0x8B, 0x47, 0x93, 0x67, 0x9B, 0x67, 0x9B, 0x67, 0x9B, 0x68, 0x9B, 0x88, 0xA3,
    0xA8, 0xA3, 0xA9, 0xA3, 0xEA, 0xA3, 0xCA, 0xA3, 0x0B, 0xA4, 0x0B, 0xAC, 0x0A, 0xB4, 0x2A, 0xB4,
    0x2A, 0xBC, 0x4B, 0xBC, 0x4B, 0xBC, 0x6C, 0xBC, 0x8C, 0xC4, 0xAD, 0xC4, 0xAD, 0xC4, 0xAD, 0xCC,
    0xAD, 0xCC, 0xCD, 0xCC, 0xEE, 0xD4, 0x8D, 0xBC, 0xCD, 0xC4, 0x0E, 0xCD, 0xCD, 0xC4, 0x0E, 0xD5,
    0x0E, 0xD5, 0x0E, 0xDD, 0x2E, 0xDD, 0x2F, 0xDD, 0x4F, 0xDD, 0x70, 0xDD, 0x70, 0xDD, 0x70, 0xE5,
    0x90, 0xE5, 0x90, 0xE5, 0x90, 0xE5, 0x91, 0xE5, 0xB1, 0xE5, 0xB1, 0xE5, 0xB1, 0xE5, 0xB1, 0xE5,
    0xD1, 0xE5, 0xD1, 0xE5, 0xD2, 0xE5, 0xD2, 0xE5, 0xB1, 0xE5, 0xD2, 0xE5, 0xD2, 0xE5, 0xD2, 0xE5,
    0xD1, 0xE5, 0xB1, 0xE5, 0xD2, 0xE5, 0xD1, 0xE5, 0xD1, 0xE5, 0xD2, 0xED, 0xD2, 0xED, 0xD2, 0xED,
    0xD2, 0xED, 0xF2, 0xED, 0xF2, 0xED, 0xF3, 0xED, 0xF3, 0xED, 0xB2, 0xDD, 0xB2, 0xDD, 0xD0, 0xBC,
    0x31, 0xCD, 0x72, 0xD5, 0x72, 0xD5, 0x34, 0xEE, 0x34, 0xEE, 0x35, 0xEE, 0x75, 0xF6, 0x76, 0xF6,
    0x35, 0xEE, 0x35, 0xEE, 0x75, 0xF6, 0x35, 0xEE, 0x55, 0xEE, 0x76, 0xF6, 0x96, 0xF6, 0x76, 0xEE,
    0x76, 0xF6, 0x55, 0xEE, 0x55, 0xEE, 0xF4, 0xE5, 0x92, 0xD5, 0x72, 0xCD, 0x14, 0xE6, 0x55, 0xEE,
    0xF4, 0xE5, 0x34, 0xEE, 0xF3, 0xE5, 0xF3, 0xE5, 0xF3, 0xE5, 0xD3, 0xE5, 0xD2, 0xE5, 0xB2, 0xDD,
    0xD2, 0xDD, 0x92, 0xD5, 0xB1, 0xDD, 0x71, 0xD5, 0x50, 0xCD, 0xCF, 0xBC, 0x10, 0xCD, 0x71, 0xD5,
    0x10, 0xC5, 0xCF, 0xBC, 0x2F, 0xD5, 0x0F, 0xCD, 0xEF, 0xC4, 0xAF, 0xB4, 0x4D, 0xA4, 0x4D, 0xAC,
    0x2E, 0x9C, 0x6F, 0x9C, 0x8F, 0xA4, 0xAF, 0xAC, 0x8F, 0xA4, 0x6E, 0xA4, 0x2D, 0xA4, 0x2D, 0x9C,
    0x0E, 0x8C, 0x0E, 0x8C, 0xC4, 0x8A, 0xE5, 0x8A, 0xE5, 0x8A, 0xE5, 0x8A, 0x89, 0x93, 0x27, 0x8B,
    0x06, 0x8B, 0x47, 0x93, 0x47, 0x9B, 0x67, 0x9B, 0x67, 0x9B, 0x88, 0x9B, 0xA8, 0xA3, 0xA8, 0xA3,
    0xA9, 0xA3, 0xEA, 0xAB, 0xCA, 0xA3, 0xEB, 0xA3, 0x4B, 0xAC, 0x0A, 0xB4, 0x2B, 0xB4, 0x2B, 0xBC,
    0x4B, 0xBC, 0x6B, 0xBC, 0x6C, 0xBC, 0x8C, 0xC4, 0xAD, 0xC4, 0xAD, 0xC4, 0xAD, 0xCC, 0xCD, 0xCC,
    0xCD, 0xCC, 0xEE, 0xCC, 0x0E, 0xD5, 0xAD, 0xC4, 0xCD, 0xC4, 0xEE, 0xCC, 0xCD, 0xC4, 0x2E, 0xD5,
    0x2E, 0xDD, 0x2F, 0xDD, 0x4F, 0xDD, 0x4F, 0xDD, 0x70, 0xDD, 0x70, 0xE5, 0x70, 0xE5, 0x90, 0xE5,
    0x90, 0xE5, 0xB1, 0xE5, 0xB1, 0xE5, 0xB1, 0xE5, 0xB1, 0xE5, 0xD1, 0xE5, 0xD1, 0xE5, 0xD1, 0xE5,
    0xD1, 0xE5, 0xD2, 0xE5, 0xD2, 0xE5, 0xB1, 0xE5, 0xD2, 0xE5, 0xD2, 0xE5, 0xD2, 0xE5, 0xD2, 0xE5,
    0xD2, 0xE5, 0xD2, 0xE5, 0xD2, 0xE5, 0xD2, 0xE5, 0xD2, 0xE5, 0xD2, 0xED, 0xD2, 0xED, 0xD2, 0xED,
    0xF2, 0xED, 0xF2, 0xED, 0xF3, 0xED, 0x13, 0xEE, 0xF3, 0xE5, 0xD3, 0xE5, 0x72, 0xD5, 0x8F, 0xB4,
    0x72, 0xD5, 0x51, 0xD5, 0xD3, 0xDD, 0x35, 0xEE, 0x55, 0xEE, 0x55, 0xEE, 0x76, 0xF6, 0x75, 0xF6,
    0x35, 0xEE, 0x75, 0xF6, 0x76, 0xF6, 0x55, 0xEE, 0x55, 0xEE, 0x76, 0xF6, 0x76, 0xEE, 0x76, 0xF6,
    0x76, 0xF6, 0x55, 0xEE, 0x35, 0xEE, 0xD3, 0xDD, 0x72, 0xCD, 0x92, 0xD5, 0x75, 0xF6, 0x14, 0xE6,
    0x14, 0xE6, 0x13, 0xE6, 0xF3, 0xE5, 0x13, 0xEE, 0xF3, 0xE5, 0xD2, 0xE5, 0xD2, 0xDD, 0xD2, 0xE5,
    0xB2, 0xDD, 0xB2, 0xDD, 0x91, 0xDD, 0x50, 0xCD, 0x30, 0xCD, 0xF0, 0xC4, 0x51, 0xCD, 0x10, 0xC5,
    0xCF, 0xBC, 0x2F, 0xD5, 0x0F, 0xCD, 0x0F, 0xCD, 0xCE, 0xBC, 0x8E, 0xAC, 0x4D, 0xA4, 0x4E, 0xA4,
    0x4F, 0x94, 0x90, 0xA4, 0x8E, 0xA4, 0xAF, 0xAC, 0x4D, 0x9C, 0x2D, 0x9C, 0x2D, 0x9C, 0x0E, 0x8C,
    0x2E, 0x8C, 0xE4, 0x8A, 0xE5, 0x8A, 0xE5, 0x8A, 0xE5, 0x8A, 0x48, 0x8B, 0x27, 0x8B, 0x26, 0x93,
    0x47, 0x93, 0x47, 0x9B, 0x67, 0x9B, 0x67, 0x9B, 0xA8, 0xA3, 0xA8, 0xA3, 0xA8, 0xA3, 0xA8, 0xA3,
    0xEA, 0xAB, 0xCA, 0xA3, 0xCA, 0xA3, 0x4C, 0xAC, 0x2B, 0xAC, 0x2A, 0xB4, 0x4B, 0xBC, 0x4B, 0xBC,
    0x6B, 0xBC, 0x6C, 0xC4, 0x8C, 0xBC, 0xAD, 0xC4, 0xAD, 0xC4, 0xAD, 0xCC, 0xCD, 0xCC, 0xCD, 0xCC,
    0xED, 0xCC, 0xEE, 0xCC, 0x0E, 0xD5, 0xCD, 0xC4, 0xCD, 0xC4, 0x0E, 0xCD, 0xEE, 0xCC, 0x2F, 0xDD,
    0x2F, 0xDD, 0x4F, 0xDD, 0x4F, 0xDD, 0x70, 0xDD, 0x70, 0xDD, 0x90, 0xE5, 0x90, 0xE5, 0x90, 0xE5,
    0x91, 0xE5, 0xB1, 0xE5, 0xB1, 0xE5, 0xD1, 0xE5, 0xD1, 0xE5, 0xD1, 0xE5, 0xD2, 0xE5, 0xD2, 0xE5,
    0xD2, 0xED, 0xF2, 0xED, 0xD2, 0xE5, 0xD2, 0xE5, 0xD2, 0xE5, 0xD2, 0xE5, 0xD2, 0xE5, 0xD2, 0xE5,
    0xD2, 0xE5, 0xD2, 0xE5, 0xD2, 0xE5, 0xD2, 0xE5, 0xD2, 0xED, 0xD2, 0xE5, 0xF2, 0xED, 0xD2, 0xED,
    0xF2, 0xED, 0xF3, 0xED, 0x13, 0xEE, 0x13, 0xEE, 0xF3, 0xE5, 0xF3, 0xED, 0x31, 0xCD, 0xF0, 0xBC,
    0xB2, 0xDD, 0x51, 0xCD, 0x14, 0xEE, 0x55, 0xF6, 0x55, 0xEE, 0x55, 0xEE, 0x75, 0xF6, 0x75, 0xEE,
    0x55, 0xEE, 0x76, 0xF6, 0x76, 0xF6, 0x55, 0xEE, 0x55, 0xEE, 0x55, 0xEE, 0x75, 0xEE, 0x75, 0xEE,
    0x55, 0xEE, 0x55, 0xEE, 0x34, 0xEE, 0xB3, 0xD5, 0x51, 0xC5, 0x14, 0xE6, 0x75, 0xF6, 0xF3, 0xDD,
    0x13, 0xE6, 0xF3, 0xE5, 0x13, 0xEE, 0xF3, 0xE5, 0xF3, 0xE5, 0xD2, 0xDD, 0xF3, 0xE5, 0xB2, 0xDD,
    0xD2, 0xDD, 0xB1, 0xDD, 0x71, 0xD5, 0x50, 0xCD, 0x10, 0xC5, 0x31, 0xCD, 0x30, 0xCD, 0xCF, 0xBC,
    0x0F, 0xCD, 0x2F, 0xD5, 0x0F, 0xCD, 0xEF, 0xC4, 0x8E, 0xAC, 0x6D, 0xA4, 0x4D, 0xA4, 0x2E, 0x94,
    0x90, 0x9C, 0x8E, 0xA4, 0x8E, 0xAC, 0x6E, 0xA4, 0x2D, 0x9C, 0x2D, 0x9C, 0x0D, 0x8C, 0x0E, 0x8C,
    0xE5, 0x8A, 0xE5, 0x8A, 0xE5, 0x8A, 0x05, 0x93, 0x27, 0x8B, 0x27, 0x8B, 0x26, 0x93, 0x47, 0x93,
    0x67, 0x9B, 0x47, 0x9B, 0x67, 0x9B, 0xA8, 0xA3, 0xA8, 0xA3, 0xC8, 0xAB, 0xA8, 0xA3, 0xEA, 0xAB,
    0xCA, 0xA3, 0xCA, 0xA3, 0x0B, 0xAC, 0x4C, 0xB4, 0x2A, 0xB4, 0x4B, 0xBC, 0x6B, 0xBC, 0x6C, 0xBC,
    0x6C, 0xC4, 0x8C, 0xC4, 0xAD, 0xC4, 0xAC, 0xC4, 0xCD, 0xCC, 0xCD, 0xCC, 0xCD, 0xCC, 0xED, 0xCC,
    0xED, 0xCC, 0xEE, 0xD4, 0x0E, 0xD5, 0xCD, 0xC4, 0xCE, 0xC4, 0x2F, 0xD5, 0x0F, 0xD5, 0x4F, 0xDD,
    0x4F, 0xDD, 0x4F, 0xDD, 0x90, 0xE5, 0x70, 0xDD, 0x90, 0xE5, 0x90, 0xE5, 0xB1, 0xE5, 0x91, 0xE5,
    0xB1, 0xE5, 0xD2, 0xE5, 0xD2, 0xE5, 0xD2, 0xE5, 0xD2, 0xE5, 0xD2, 0xE5, 0xD2, 0xE5, 0xD2, 0xE5,
    0xF2, 0xED, 0xF2, 0xE5, 0xD2, 0xE5, 0xF2, 0xE5, 0xF2, 0xE5, 0xF2, 0xE5, 0xD2, 0xE5, 0xD2, 0xE5,
    0xD2, 0xE5, 0xD2, 0xED, 0xD2, 0xED, 0xF2, 0xED, 0xF2, 0xED, 0xF2, 0xED, 0xD2, 0xED, 0xF2, 0xED,
    0xF3, 0xED, 0x13, 0xEE, 0x13, 0xEE, 0x13, 0xEE, 0x13, 0xEE, 0xF3, 0xE5, 0xD0, 0xBC, 0x71, 0xD5,
    0x71, 0xD5, 0x71, 0xD5, 0x55, 0xEE, 0x75, 0xF6, 0x55, 0xEE, 0x76, 0xF6, 0x96, 0xF6, 0x55, 0xEE,
    0x75, 0xF6, 0x96, 0xF6, 0x75, 0xEE, 0x75, 0xEE, 0x76, 0xF6, 0x75, 0xEE, 0x75, 0xEE, 0x55, 0xEE,
    0x35, 0xEE, 0x55, 0xEE, 0x14, 0xE6, 0x51, 0xCD, 0x72, 0xCD, 0x76, 0xF6, 0x14, 0xE6, 0xF3, 0xE5,
    0xF3, 0xE5, 0x33, 0xEE, 0x13, 0xEE, 0xF3, 0xE5, 0xD2, 0xE5, 0xF3, 0xE5, 0xD2, 0xE5, 0xB2, 0xDD,
    0xD2, 0xDD, 0x91, 0xDD, 0x50, 0xCD, 0x10, 0xC5, 0x30, 0xC5, 0x31, 0xCD, 0xCF, 0xBC, 0x0F, 0xCD,
    0x4F, 0xD5, 0x0E, 0xCD, 0x0F, 0xCD, 0x8E, 0xB4, 0x6E, 0xAC, 0x4D, 0xA4, 0x4E, 0x9C, 0x6F, 0x9C,
    0x6E, 0xA4, 0x6D, 0xA4, 0x4D, 0xA4, 0x2D, 0x9C, 0x2D, 0x9C, 0x0D, 0x94, 0x0D, 0x8C, 0xE5, 0x8A,
    0xE5, 0x8A, 0xE5, 0x8A, 0x06, 0x93, 0x27, 0x8B, 0x27, 0x93, 0x26, 0x93, 0x47, 0x9B, 0x67, 0x9B,
    0x67, 0x9B, 0x88, 0xA3, 0xA8, 0xA3, 0xA8, 0xA3, 0xC8, 0xAB, 0xC9, 0xAB, 0xEA, 0xAB, 0xEA, 0xAB,
    0xEA, 0xAB, 0xEA, 0xA3, 0x4C, 0xAC, 0x2B, 0xB4, 0x4B, 0xBC, 0x4B, 0xBC, 0x6C, 0xBC, 0x6C, 0xBC,
    0x8D, 0xC4, 0xAD, 0xC4, 0xAD, 0xC4, 0xCD, 0xCC, 0xCD, 0xCC, 0xCD, 0xCC, 0xEE, 0xCC, 0xED, 0xD4,
    0xEE, 0xD4, 0x0E, 0xD5, 0x2E, 0xD5, 0xEE, 0xCC, 0xCD, 0xC4, 0x2F, 0xD5, 0x2F, 0xD5, 0x50, 0xDD,
    0x70, 0xDD, 0x70, 0xDD, 0x70, 0xDD, 0x90, 0xE5, 0xB1, 0xE5, 0xB1, 0xE5, 0xB1, 0xE5, 0xD1, 0xE5,
    0xD2, 0xE5, 0xD2, 0xE5, 0xD2, 0xE5, 0xF2, 0xED, 0xD2, 0xED, 0xD2, 0xE5, 0xF2, 0xED, 0xF2, 0xED,
    0xF2, 0xE5, 0xF2, 0xE5, 0xF2, 0xED, 0xF2, 0xE5, 0xF2, 0xED, 0xD2, 0xE5, 0xF2, 0xE5, 0xF2, 0xE5,
    0xF2, 0xED, 0xF2, 0xE5, 0xF2, 0xED, 0xF2, 0xED, 0xF2, 0xED, 0xF2, 0xED, 0xF3, 0xED, 0xF3, 0xED,
    0x13, 0xEE, 0x13, 0xEE, 0x13, 0xEE, 0x13, 0xEE, 0x13, 0xEE, 0x92, 0xDD, 0xF0, 0xBC, 0x92, 0xDD,
    0x30, 0xCD, 0xD3, 0xE5, 0x75, 0xF6, 0x55, 0xEE, 0x55, 0xEE, 0x96, 0xF6, 0x75, 0xEE, 0x55, 0xEE,
    0x96, 0xF6, 0x76, 0xF6, 0x55, 0xEE, 0x76, 0xF6, 0x76, 0xF6, 0x75, 0xF6, 0x55, 0xEE, 0x55, 0xEE,
    0x55, 0xEE, 0x55, 0xEE, 0xD3, 0xDD, 0x11, 0xC5, 0xD3, 0xDD, 0x55, 0xEE, 0xF3, 0xDD, 0xF3, 0xE5,
    0x13, 0xEE, 0x13, 0xEE, 0xF3, 0xE5, 0xF3, 0xE5, 0xD2, 0xE5, 0xD2, 0xE5, 0xB2, 0xDD, 0xD2, 0xE5,
    0xB1, 0xDD, 0x71, 0xD5, 0x10, 0xCD, 0xF0, 0xC4, 0x30, 0xC5, 0xCF, 0xBC, 0xEE, 0xC4, 0x4F, 0xDD,
    0x0F, 0xCD, 0x0F, 0xCD, 0xAE, 0xBC, 0x6E, 0xAC, 0x4D, 0xA4, 0x6E, 0xA4, 0x4F, 0x94, 0x6E, 0xA4,
    0x4D, 0xA4, 0x4D, 0xA4, 0x4D, 0x9C, 0x0D, 0x9C, 0x2D, 0x9C, 0x0E, 0x8C, 0xE5, 0x8A, 0x05, 0x8B,
    0x06, 0x93, 0x26, 0x93, 0x27, 0x8B, 0x47, 0x93, 0x27, 0x93, 0x47, 0x9B, 0x67, 0x9B, 0x67, 0x9B,
    0xA8, 0xA3, 0xA8, 0xA3, 0xA8, 0xAB, 0xC9, 0xAB, 0xC9, 0xAB, 0xEA, 0xAB, 0x0A, 0xAC, 0xEA, 0xAB,
    0xEA, 0xAB, 0x2B, 0xAC, 0x6C, 0xB4, 0x4B, 0xB4, 0x6B, 0xBC, 0x6C, 0xBC, 0x6C, 0xBC, 0x8D, 0xC4,
    0xAD, 0xC4, 0xCD, 0xC4, 0xCD, 0xCC, 0xCD, 0xCC, 0xCD, 0xCC, 0xED, 0xCC, 0xEE, 0xD4, 0xEE, 0xD4,
    0x0E, 0xD5, 0x0E, 0xD5, 0x4F, 0xDD, 0x0E, 0xCD, 0xAD, 0xBC, 0x2F, 0xCD, 0x50, 0xD5, 0x70, 0xDD,
    0x70, 0xE5, 0x91, 0xE5, 0x91, 0xE5, 0xB1, 0xE5, 0xB1, 0xE5, 0xD1, 0xE5, 0xD2, 0xE5, 0xD2, 0xE5,
    0xF2, 0xE5, 0xD2, 0xE5, 0xD2, 0xE5, 0xF2, 0xE5, 0xD2, 0xE5, 0xF2, 0xE5, 0xF2, 0xED, 0xF3, 0xED,
    0xF2, 0xED, 0xF2, 0xED, 0xF3, 0xED, 0xF3, 0xED, 0xF2, 0xED, 0xF2, 0xE5, 0xF2, 0xED, 0xF2, 0xED,
    0xF2, 0xED, 0xD2, 0xED, 0xF2, 0xED, 0xF2, 0xED, 0xF2, 0xED, 0xF2, 0xED, 0xF3, 0xED, 0xF3, 0xED,
    0x13, 0xEE, 0x13, 0xEE, 0x13, 0xEE, 0x14, 0xEE, 0x14, 0xEE, 0x10, 0xC5, 0x31, 0xCD, 0x92, 0xDD,
    0x71, 0xD5, 0x14, 0xE6, 0x75, 0xF6, 0x55, 0xEE, 0x76, 0xF6, 0x96, 0xF6, 0x55, 0xEE, 0x75, 0xF6,
    0x76, 0xF6, 0x75, 0xF6, 0x75, 0xEE, 0x75, 0xF6, 0x75, 0xF6, 0x75, 0xF6, 0x55, 0xF6, 0x55, 0xEE,
    0x55, 0xF6, 0x34, 0xEE, 0xB2, 0xDD, 0x30, 0xC5, 0x34, 0xEE, 0xF3, 0xDD, 0xD3, 0xDD, 0x13, 0xEE,
    0x13, 0xEE, 0xF3, 0xE5, 0x13, 0xEE, 0xF3, 0xE5, 0xF2, 0xE5, 0xD2, 0xE5, 0xD2, 0xE5, 0xD2, 0xE5,
    0x91, 0xD5, 0x30, 0xCD, 0xF0, 0xC4, 0x10, 0xC5, 0xEF, 0xC4, 0xCE, 0xBC, 0x4F, 0xDD, 0x2F, 0xD5,
    0x0F, 0xCD, 0xEF, 0xC4, 0x6E, 0xAC, 0x4D, 0xA4, 0x4E, 0xA4, 0x2E, 0x94, 0x6E, 0xA4, 0x4E, 0xA4,
    0x6E, 0xA4, 0x4D, 0x9C, 0x0D, 0x9C, 0x0C, 0x9C, 0x0D, 0x8C, 0x05, 0x8B, 0x06, 0x93, 0x06, 0x93,
    0x26, 0x93, 0x47, 0x93, 0x47, 0x93, 0x47, 0x9B, 0x67, 0x9B, 0x67, 0x9B, 0x88, 0xA3, 0xA8, 0xA3,
    0xA8, 0xA3, 0xC9, 0xAB, 0xC9, 0xAB, 0xC9, 0xAB, 0x0A, 0xAC, 0x0A, 0xAC, 0xEA, 0xAB, 0x0A, 0xAC,
    0x0B, 0xAC, 0x6C, 0xB4, 0x4C, 0xB4, 0x6B, 0xBC, 0x6B, 0xBC, 0x6C, 0xBC, 0x8D, 0xC4, 0xAD, 0xC4,
    0xCD, 0xCC, 0xCD, 0xCC, 0xCD, 0xCC, 0xED, 0xCC, 0xEE, 0xCC, 0xEE, 0xD4, 0xEE, 0xD4, 0x0E, 0xD5,
    0x0E, 0xD5, 0x2E, 0xD5, 0x4F, 0xDD, 0x4F, 0xD5, 0xCE, 0xC4, 0x0F, 0xCD, 0x70, 0xDD, 0x91, 0xDD,
    0x91, 0xE5, 0xB1, 0xE5, 0xB1, 0xE5, 0xD1, 0xE5, 0xD2, 0xE5, 0xD2, 0xE5, 0xD2, 0xE5, 0xF2, 0xE5,
    0xF2, 0xE5, 0xF2, 0xE5, 0xF2, 0xE5, 0xF2, 0xED, 0xF2, 0xE5, 0xF2, 0xED, 0x13, 0xEE, 0xF3, 0xED,
    0xF2, 0xED, 0xF3, 0xED, 0xF3, 0xED, 0xF3, 0xED, 0xF2, 0xE5, 0xF2, 0xED, 0xF2, 0xED, 0xF2, 0xED,
    0xF2, 0xED, 0xF2, 0xED, 0xF2, 0xED, 0xF2, 0xED, 0xF2, 0xED, 0xF2, 0xED, 0xF2, 0xED, 0x13, 0xEE,
    0x13, 0xEE, 0x13, 0xEE, 0x13, 0xEE, 0x34, 0xEE, 0xD3, 0xE5, 0x10, 0xC5, 0x92, 0xD5, 0x92, 0xD5,
    0x92, 0xD5, 0x55, 0xEE, 0x55, 0xF6, 0x75, 0xEE, 0x96, 0xF6, 0x75, 0xF6, 0x75, 0xF6, 0x96, 0xF6,
    0x75, 0xF6, 0x55, 0xEE, 0x75, 0xF6, 0x75, 0xF6, 0x75, 0xF6, 0x75, 0xF6, 0x55, 0xEE, 0x54, 0xEE,
    0x55, 0xF6, 0x34, 0xEE, 0x71, 0xCD, 0x92, 0xD5, 0x34, 0xEE, 0xB2, 0xDD, 0xF3, 0xE5, 0x33, 0xEE,
    0xF3, 0xE5, 0x13, 0xE6, 0x13, 0xEE, 0xF2, 0xE5, 0xD2, 0xE5, 0xB2, 0xDD, 0xD2, 0xE5, 0x91, 0xDD,
    0x50, 0xCD, 0x10, 0xC5, 0x10, 0xC5, 0x10, 0xC5, 0xCF, 0xBC, 0x2F, 0xD5, 0x4F, 0xDD, 0xEF, 0xC4,
    0x0F, 0xCD, 0x8E, 0xB4, 0x4D, 0xA4, 0x2D, 0xA4, 0x4E, 0x9C, 0x4E, 0x9C, 0x6E, 0xA4, 0x4D, 0xA4,
    0x4E, 0x9C, 0x0D, 0x94, 0x0C, 0x94, 0xED, 0x8B, 0x06, 0x93, 0x26, 0x93, 0x26, 0x93, 0x47, 0x93,
    0x47, 0x93, 0x67, 0x93, 0x67, 0x9B, 0x67, 0x9B, 0x88, 0x9B, 0xA8, 0xA3, 0xC8, 0xA3, 0xC9, 0xAB,
    0xC9, 0xAB, 0xE9, 0xAB, 0xE9, 0xAB, 0x0A, 0xAC, 0x0A, 0xAC, 0x0A, 0xAC, 0x0A, 0xAC, 0x2A, 0xB4,
    0x4C, 0xAC, 0x6D, 0xB4, 0x4C, 0xBC, 0x8C, 0xC4, 0x6C, 0xBC, 0x8D, 0xC4, 0xCD, 0xC4, 0xCD, 0xCC,
    0xCD, 0xCC, 0xCD, 0xCC, 0xED, 0xCC, 0xEE, 0xD4, 0xEE, 0xD4, 0x0E, 0xD5, 0x0E, 0xD5, 0x0E, 0xD5,
    0x2E, 0xD5, 0x2F, 0xDD, 0x6F, 0xDD, 0x70, 0xDD, 0x0E, 0xCD, 0x0F, 0xCD, 0x70, 0xDD, 0x91, 0xDD,
    0xB1, 0xE5, 0xD2, 0xE5, 0xD2, 0xE5, 0xD2, 0xE5, 0xD2, 0xED, 0xD2, 0xE5, 0xF2, 0xE5, 0xF2, 0xED,
    0xF2, 0xED, 0xF2, 0xED, 0xF2, 0xED, 0xF2, 0xE5, 0xF3, 0xED, 0xF3, 0xED, 0x13, 0xEE, 0xF2, 0xE5,
    0x13, 0xEE, 0xF3, 0xED, 0xF3, 0xE5, 0x13, 0xEE, 0xF2, 0xED, 0xF2, 0xED, 0xF2, 0xED, 0xF2, 0xED,
    0xF2, 0xED, 0xF2, 0xED, 0xF2, 0xED, 0xF2, 0xED, 0xF2, 0xED, 0xF2, 0xED, 0x13, 0xEE, 0x13, 0xEE,
    0x33, 0xEE, 0x13, 0xEE, 0x13, 0xEE, 0x34, 0xEE, 0x71, 0xD5, 0x30, 0xCD, 0x92, 0xD5, 0x92, 0xD5,
    0xB2, 0xDD, 0x55, 0xF6, 0x75, 0xEE, 0x96, 0xF6, 0x96, 0xF6, 0x75, 0xF6, 0x96, 0xF6, 0x96, 0xF6,
    0x75, 0xF6, 0x55, 0xEE, 0x75, 0xF6, 0x75, 0xF6, 0x75, 0xF6, 0x75, 0xF6, 0x54, 0xEE, 0x74, 0xF6,
    0x34, 0xEE, 0xF3, 0xE5, 0x31, 0xC5, 0xF3, 0xDD, 0xD3, 0xDD, 0xB2, 0xDD, 0x33, 0xEE, 0x13, 0xEE,
    0xF3, 0xE5, 0x13, 0xEE, 0x12, 0xEE, 0xD2, 0xE5, 0xD2, 0xE5, 0xD2, 0xE5, 0xB1, 0xE5, 0x70, 0xD5,
    0x10, 0xCD, 0x10, 0xC5, 0xEF, 0xC4, 0xCF, 0xBC, 0x2F, 0xCD, 0x4F, 0xDD, 0x0F, 0xCD, 0x0F, 0xC5,
    0xCF, 0xBC, 0x4D, 0xA4, 0x2D, 0x9C, 0x4E, 0x9C, 0x4E, 0x9C, 0x4E, 0xA4, 0x4D, 0xA4, 0x4D, 0x9C,
    0x0D, 0x9C, 0x0D, 0x94, 0xED, 0x8B, 0x26, 0x93, 0x26, 0x93, 0x47, 0x93, 0x67, 0x9B, 0x67, 0x93,
    0x68, 0x9B, 0x47, 0x9B, 0x68, 0x9B, 0xC9, 0xA3, 0xC9, 0xA3, 0xC9, 0xAB, 0xE9, 0xAB, 0xE9, 0xAB,
    0x0A, 0xB4, 0x0A, 0xB4, 0x0A, 0xB4, 0x0A, 0xB4, 0x0A, 0xB4, 0x2A, 0xB4, 0x2B, 0xB4, 0x2B, 0xB4,
    0x6C, 0xB4, 0x6D, 0xBC, 0x6C, 0xBC, 0x8C, 0xC4, 0xAD, 0xC4, 0xCD, 0xC4, 0xCD, 0xCC, 0xCD, 0xCC,
    0xED, 0xCC, 0xEE, 0xD4, 0xEE, 0xD4, 0xEE, 0xD4, 0x0E, 0xD5, 0x0E, 0xD5, 0x0E, 0xD5, 0x2F, 0xDD,
    0x2F, 0xDD, 0x4F, 0xDD, 0x70, 0xDD, 0x70, 0xDD, 0x4F, 0xD5, 0x0F, 0xCD, 0x50, 0xD5, 0xB2, 0xE5,
    0xD2, 0xE5, 0xD2, 0xE5, 0xF2, 0xED, 0xF2, 0xED, 0xF2, 0xED, 0xF2, 0xED, 0xF2, 0xED, 0xF2, 0xE5,
    0xF2, 0xE5, 0xF2, 0xED, 0xF2, 0xE5, 0x13, 0xEE, 0xF3, 0xE5, 0x13, 0xEE, 0x13, 0xEE, 0x13, 0xEE,
    0x13, 0xEE, 0xF3, 0xE5, 0x13, 0xEE, 0xF3, 0xED, 0xD2, 0xED, 0xF2, 0xED, 0xF2, 0xED, 0xD2, 0xED,
    0xF2, 0xED, 0xF2, 0xED, 0xF2, 0xED, 0xF2, 0xED, 0xF2, 0xED, 0x13, 0xEE, 0x13, 0xEE, 0x13, 0xEE,
    0x13, 0xEE, 0x13, 0xEE, 0x34, 0xEE, 0xF3, 0xE5, 0x10, 0xC5, 0x92, 0xD5, 0x92, 0xD5, 0x92, 0xD5,
    0xD3, 0xE5, 0x96, 0xF6, 0x75, 0xEE, 0x96, 0xF6, 0x75, 0xF6, 0x76, 0xF6, 0x96, 0xF6, 0x96, 0xF6,
    0x55, 0xEE, 0x75, 0xF6, 0x96, 0xF6, 0x75, 0xF6, 0x75, 0xF6, 0x54, 0xF6, 0x54, 0xF6, 0x54, 0xF6,
    0x34, 0xEE, 0x92, 0xD5, 0x51, 0xCD, 0xF3, 0xE5, 0x92, 0xDD, 0xF3, 0xE5, 0x13, 0xEE, 0xF2, 0xE5,
    0x13, 0xEE, 0x12, 0xEE, 0xF2, 0xE5, 0xD2, 0xE5, 0xF2, 0xE5, 0xD2, 0xE5, 0x70, 0xDD, 0x2F, 0xCD,
    0x10, 0xC5, 0x10, 0xC5, 0xCF, 0xBC, 0xEF, 0xCC, 0x4F, 0xDD, 0x4F, 0xD5, 0xEE, 0xC4, 0xEF, 0xC4,
    0x4D, 0xAC, 0x4D, 0xA4, 0x0E, 0x94, 0x4E, 0x9C, 0x4E, 0xA4, 0x4D, 0xA4, 0x2D, 0x9C, 0x0D, 0x9C,
    0xEC, 0x93, 0x0D, 0x8C, 0x26, 0x93, 0x47, 0x93, 0x47, 0x9B, 0x88, 0x9B, 0x68, 0x93, 0x68, 0x9B,
    0x68, 0x9B, 0xA9, 0xA3, 0xC9, 0xAB, 0xC9, 0xAB, 0xE9, 0xAB, 0x0A, 0xAC, 0x0A, 0xB4, 0x0A, 0xB4,
    0x2A, 0xB4, 0x2B, 0xB4, 0x2B, 0xB4, 0x0A, 0xB4, 0x2B, 0xB4, 0x2B, 0xB4, 0x4B, 0xBC, 0x4B, 0xB4,
    0x8D, 0xBC, 0x8D, 0xBC, 0x8C, 0xBC, 0xAD, 0xC4, 0xAD, 0xC4, 0xCD, 0xCC, 0xCD, 0xCC, 0xEE, 0xCC,
    0xEE, 0xCC, 0xEE, 0xD4, 0x0E, 0xD5, 0x0E, 0xD5, 0x2F, 0xD5, 0x2F, 0xD5, 0x2F, 0xDD, 0x2F, 0xDD,
    0x4F, 0xDD, 0x70, 0xDD, 0x70, 0xDD, 0x90, 0xDD, 0x70, 0xDD, 0x2F, 0xCD, 0x2F, 0xCD, 0xB1, 0xDD,
    0xD2, 0xE5, 0xF2, 0xE5, 0xF2, 0xED, 0xF2, 0xED, 0xF2, 0xE5, 0xF2, 0xED, 0xF2, 0xED, 0xF2, 0xE5,
    0xF3, 0xED, 0xF3, 0xED, 0xF3, 0xED, 0x13, 0xEE, 0x13, 0xEE, 0x13, 0xEE, 0x13, 0xEE, 0x13, 0xEE,
    0x13, 0xEE, 0xF3, 0xED, 0xF3, 0xED, 0xF2, 0xED, 0xF2, 0xED, 0xF2, 0xED, 0xF2, 0xED, 0xF2, 0xED,
    0xF2, 0xED, 0xF2, 0xED, 0xF2, 0xED, 0xF2, 0xED, 0xF2, 0xED, 0x13, 0xEE, 0x13, 0xEE, 0x33, 0xEE,
    0x33, 0xEE, 0x33, 0xEE, 0x34, 0xEE, 0x72, 0xD5, 0x92, 0xD5, 0x92, 0xD5, 0x92, 0xDD, 0xB2, 0xDD,
    0x34, 0xEE, 0x75, 0xF6, 0x75, 0xEE, 0x96, 0xF6, 0x76, 0xF6, 0x96, 0xF6, 0x96, 0xF6, 0x96, 0xF6,
    0x55, 0xEE, 0x75, 0xF6, 0x75, 0xF6, 0x75, 0xF6, 0x75, 0xF6, 0x54, 0xF6, 0x54, 0xF6, 0x54, 0xF6,
    0x34, 0xEE, 0x51, 0xCD, 0x92, 0xD5, 0xD2, 0xDD, 0xB2, 0xDD, 0x13, 0xEE, 0xF2, 0xE5, 0x13, 0xEE,
    0x13, 0xEE, 0xF2, 0xED, 0xD2, 0xE5, 0xD2, 0xE5, 0xD2, 0xE5, 0xB1, 0xDD, 0x50, 0xD5, 0x10, 0xC5,
    0x30, 0xCD, 0xEF, 0xC4, 0xEF, 0xC4, 0x2F, 0xCD, 0x4F, 0xDD, 0xEE, 0xC4, 0x0F, 0xC5, 0x8E, 0xB4,
    0x4D, 0xA4, 0x0D, 0x94, 0x4E, 0x9C, 0x2D, 0x9C, 0x4D, 0xA4, 0x2D, 0xA4, 0x0D, 0x9C, 0xEC, 0x93,
    0x0D, 0x8C, 0x47, 0x93, 0x68, 0x9B, 0x68, 0x9B, 0x88, 0x9B, 0x89, 0x9B, 0x68, 0x93, 0x89, 0x9B,
    0xEA, 0xAB, 0xE9, 0xAB, 0x0A, 0xAC, 0x0A, 0xB4, 0x2A, 0xB4, 0x2B, 0xB4, 0x2B, 0xB4, 0x4B, 0xB4,
    0x2B, 0xB4, 0x4B, 0xB4, 0x2B, 0xB4, 0x4B, 0xBC, 0x4B, 0xBC, 0x4B, 0xBC, 0x4B, 0xBC, 0x6C, 0xBC,
    0x8D, 0xBC, 0x8D, 0xBC, 0x8D, 0xC4, 0xCD, 0xC4, 0xCE, 0xCC, 0xCD, 0xCC, 0xEE, 0xCC, 0xEE, 0xCC,
    0x0E, 0xD5, 0x0E, 0xD5, 0x0E, 0xD5, 0x2F, 0xD5, 0x2F, 0xDD, 0x4F, 0xDD, 0x4F, 0xDD, 0x4F, 0xDD,
    0x70, 0xDD, 0x70, 0xDD, 0x90, 0xDD, 0x91, 0xE5, 0xB1, 0xE5, 0x70, 0xD5, 0x2F, 0xCD, 0x71, 0xD5,
    0xF2, 0xE5, 0xF3, 0xED, 0xF2, 0xE5, 0xF2, 0xE5, 0xF2, 0xED, 0xF2, 0xED, 0xF2, 0xED, 0xF2, 0xE5,
    0xF3, 0xED, 0x13, 0xEE, 0xF3, 0xED, 0x13, 0xEE, 0x13, 0xEE, 0x13, 0xEE, 0x13, 0xEE, 0x13, 0xEE,
    0xF3, 0xED, 0xF2, 0xED, 0xF2, 0xED, 0xF2, 0xED, 0xF2, 0xED, 0xF2, 0xED, 0xD2, 0xED, 0xD2, 0xED,
    0xF2, 0xED, 0xF2, 0xED, 0xF2, 0xED, 0xF2, 0xED, 0x13, 0xEE, 0x13, 0xEE, 0x13, 0xEE, 0x33, 0xEE,
    0x33, 0xEE, 0x34, 0xEE, 0x13, 0xEE, 0x51, 0xCD, 0x13, 0xE6, 0x71, 0xD5, 0xD3, 0xDD, 0xB2, 0xDD,
    0x75, 0xF6, 0x55, 0xEE, 0x96, 0xF6, 0x96, 0xF6, 0x96, 0xF6, 0x96, 0xF6, 0x96, 0xF6, 0x75, 0xF6,
    0x55, 0xEE, 0x75, 0xF6, 0x75, 0xF6, 0x75, 0xF6, 0x75, 0xF6, 0x54, 0xF6, 0x54, 0xF6, 0x54, 0xF6,
    0xD2, 0xE5, 0x10, 0xC5, 0xF3, 0xE5, 0x91, 0xD5, 0xF3, 0xE5, 0x13, 0xE6, 0x13, 0xEE, 0x13, 0xEE,
    0xF2, 0xED, 0xF2, 0xE5, 0xD2, 0xE5, 0xD2, 0xE5, 0xD2, 0xE5, 0x70, 0xD5, 0x30, 0xCD, 0x0F, 0xC5,
    0x30, 0xCD, 0x0F, 0xC5, 0x0F, 0xCD, 0x2F, 0xD5, 0x0F, 0xCD, 0x0F, 0xC5, 0xAE, 0xBC, 0x4D, 0xAC,
    0x0D, 0x94, 0x4E, 0x9C, 0x2D, 0x9C, 0x2D, 0x9C, 0x2D, 0x9C, 0x0D, 0x9C, 0xEC, 0x93, 0xED, 0x8B,
    0x68, 0x9B, 0x88, 0x9B, 0x88, 0x9B, 0xA9, 0x9B, 0xA9, 0x9B, 0x68, 0x9B, 0xEA, 0xAB, 0xEA, 0xAB,
    0x0A, 0xAC, 0x2A, 0xB4, 0x2B, 0xB4, 0x4B, 0xB4, 0x4B, 0xB4, 0x4B, 0xBC, 0x4B, 0xBC, 0x6B, 0xBC,
    0x6C, 0xBC, 0x4B, 0xB4, 0x6C, 0xBC, 0x6C, 0xBC, 0x6C, 0xBC, 0x6C, 0xBC, 0x6C, 0xBC, 0x8D, 0xBC,
    0x8D, 0xBC, 0xAD, 0xC4, 0xCD, 0xC4, 0xCE, 0xC4, 0xCE, 0xCC, 0xEE, 0xCC, 0xEE, 0xCC, 0x0E, 0xD5,
    0x0E, 0xD5, 0x0E, 0xD5, 0x2F, 0xD5, 0x2F, 0xDD, 0x4F, 0xDD, 0x4F, 0xDD, 0x4F, 0xDD, 0x70, 0xDD,
    0x70, 0xDD, 0x90, 0xE5, 0x91, 0xE5, 0x91, 0xE5, 0xD1, 0xE5, 0xB1, 0xE5, 0x50, 0xD5, 0x30, 0xCD,
    0xD2, 0xE5, 0x13, 0xEE, 0xF2, 0xE5, 0xF2, 0xED, 0xF2, 0xED, 0xF2, 0xED, 0xF2, 0xED, 0xF3, 0xED,
    0x13, 0xEE, 0xF3, 0xED, 0x13, 0xEE, 0x13, 0xEE, 0x13, 0xEE, 0x13, 0xEE, 0x13, 0xEE, 0xF3, 0xED,
    0xF2, 0xED, 0xF2, 0xED, 0xF2, 0xE5, 0xF2, 0xED, 0xF2, 0xED, 0xF2, 0xED, 0xD2, 0xE5, 0xD2, 0xED,
    0xF2, 0xED, 0xF2, 0xED, 0xF2, 0xED, 0x13, 0xEE, 0x13, 0xEE, 0x12, 0xEE, 0x13, 0xEE, 0x34, 0xEE,
    0x34, 0xEE, 0x34, 0xEE, 0x92, 0xDD, 0x92, 0xD5, 0xF3, 0xE5, 0x92, 0xD5, 0xD3, 0xDD, 0xB2, 0xDD,
    0x55, 0xEE, 0x55, 0xEE, 0x96, 0xF6, 0x96, 0xF6, 0x96, 0xF6, 0x96, 0xF6, 0x96, 0xF6, 0x55, 0xEE,
    0x55, 0xF6, 0x75, 0xF6, 0x75, 0xF6, 0x75, 0xF6, 0x54, 0xF6, 0x54, 0xF6, 0x54, 0xF6, 0x54, 0xF6,
    0x91, 0xD5, 0x71, 0xCD, 0xD2, 0xDD, 0xB2, 0xDD, 0x13, 0xEE, 0x12, 0xEE, 0x33, 0xF6, 0x12, 0xEE,
    0xF2, 0xED, 0xD2, 0xE5, 0xD2, 0xE5, 0xD2, 0xE5, 0x91, 0xDD, 0x50, 0xD5, 0xEF, 0xC4, 0x30, 0xCD,
    0x0F, 0xC5, 0x2F, 0xCD, 0x0F, 0xD5, 0x0F, 0xCD, 0xEE, 0xC4, 0xAE, 0xBC, 0x6E, 0xAC, 0x2D, 0x9C,
    0x2D, 0x9C, 0x4D, 0xA4, 0x2D, 0x9C, 0x2D, 0xA4, 0x2D, 0x9C, 0x0C, 0x9C, 0xEC, 0x93, 0x88, 0x9B,
    0x89, 0x9B, 0xA9, 0x9B, 0xCA, 0xA3, 0xCA, 0xA3, 0xC9, 0xA3, 0x0B, 0xAC, 0x0B, 0xAC, 0x2B, 0xB4,
    0x2B, 0xB4, 0x4C, 0xB4, 0x6C, 0xBC, 0x6C, 0xBC, 0x6C, 0xBC, 0x8C, 0xBC, 0x8C, 0xBC, 0x8C, 0xBC,
    0x6C, 0xBC, 0x8C, 0xC4, 0x8C, 0xC4, 0x8C, 0xC4, 0x8C, 0xC4, 0x8C, 0xC4, 0x8D, 0xC4, 0xAD, 0xC4,
    0xAD, 0xC4, 0xCD, 0xC4, 0xCE, 0xCC, 0xCD, 0xCC, 0xEE, 0xCC, 0xEE, 0xD4, 0x0E, 0xD5, 0x0E, 0xD5,
    0x2F, 0xD5, 0x2F, 0xD5, 0x4F, 0xDD, 0x4F, 0xDD, 0x4F, 0xDD, 0x50, 0xDD, 0x70, 0xDD, 0x90, 0xDD,
    0x90, 0xE5, 0xB1, 0xE5, 0xB1, 0xE5, 0xB1, 0xE5, 0xD2, 0xE5, 0xD2, 0xE5, 0x91, 0xDD, 0x30, 0xCD,
    0x91, 0xDD, 0x13, 0xEE, 0x13, 0xEE, 0xF2, 0xED, 0xF3, 0xED, 0xF2, 0xED, 0xF3, 0xED, 0x13, 0xEE,
    0x13, 0xEE, 0x13, 0xEE, 0x13, 0xEE, 0x13, 0xEE, 0x13, 0xEE, 0x13, 0xEE, 0x13, 0xEE, 0x13, 0xEE,
    0xF2, 0xED, 0xF2, 0xED, 0xD2, 0xED, 0xD2, 0xED, 0xF2, 0xED, 0xD2, 0xED, 0xD1, 0xED, 0xD1, 0xED,
    0xF2, 0xED, 0xF2, 0xED, 0xF2, 0xED, 0xF2, 0xED, 0x12, 0xEE, 0x13, 0xEE, 0x13, 0xEE, 0x33, 0xEE,
    0x34, 0xEE, 0x14, 0xEE, 0x72, 0xD5, 0xF3, 0xE5, 0xD3, 0xE5, 0xD3, 0xDD, 0xB2, 0xDD, 0xD3, 0xDD,
    0x55, 0xEE, 0x76, 0xEE, 0x96, 0xF6, 0x96, 0xF6, 0x96, 0xF6, 0x96, 0xF6, 0x96, 0xF6, 0x55, 0xEE,
    0x75, 0xF6, 0x75, 0xF6, 0x75, 0xF6, 0x75, 0xF6, 0x75, 0xF6, 0x54, 0xF6, 0x54, 0xF6, 0x34, 0xF6,
    0x71, 0xD5, 0x92, 0xD5, 0xB2, 0xDD, 0xF3, 0xED, 0x13, 0xEE, 0x13, 0xEE, 0x13, 0xEE, 0x12, 0xEE,
    0xF2, 0xED, 0xD2, 0xE5, 0xD2, 0xE5, 0xB1, 0xDD, 0x91, 0xDD, 0x0F, 0xCD, 0x0F, 0xCD, 0x0F, 0xCD,
    0x0F, 0xC5, 0x4F, 0xD5, 0x0F, 0xCD, 0xEE, 0xC4, 0xCE, 0xBC, 0x8E, 0xB4, 0x2D, 0x9C, 0x2D, 0x9C,
    0x4D, 0xA4, 0x0D, 0x9C, 0x2D, 0x9C, 0x2D, 0xA4, 0x0D, 0x9C, 0x0D, 0x94, 0xA9, 0x9B, 0xC9, 0xA3,
    0xEA, 0xA3, 0x0B, 0xA4, 0xEB, 0xA3, 0xEB, 0xA3, 0x0B, 0xAC, 0x2B, 0xAC, 0x4C, 0xB4, 0x6C, 0xB4,
    0x6C, 0xBC, 0x8D, 0xBC, 0x8D, 0xBC, 0xAD, 0xBC, 0xAD, 0xC4, 0xAD, 0xC4, 0xAD, 0xC4, 0x8D, 0xBC,
    0xAD, 0xC4, 0xAD, 0xC4, 0xAD, 0xC4, 0xAD, 0xC4, 0xAD, 0xC4, 0xAD, 0xC4, 0xAD, 0xC4, 0xCE, 0xC4,
    0xCD, 0xC4, 0xEE, 0xCC, 0xEE, 0xCC, 0x0E, 0xD5, 0x0E, 0xD5, 0x0E, 0xD5, 0x2F, 0xD5, 0x2F, 0xD5,
    0x2F, 0xD5, 0x4F, 0xDD, 0x4F, 0xDD, 0x4F, 0xDD, 0x4F, 0xDD, 0x70, 0xDD, 0x90, 0xDD, 0x90, 0xDD,
    0xB1, 0xE5, 0x91, 0xE5, 0xB1, 0xE5, 0xB1, 0xE5, 0xB1, 0xE5, 0xD2, 0xE5, 0xD2, 0xE5, 0x70, 0xD5,
    0x50, 0xD5, 0xD2, 0xE5, 0xF3, 0xED, 0xF3, 0xED, 0xF3, 0xED, 0x13, 0xEE, 0x13, 0xEE, 0x13, 0xEE,
    0x13, 0xEE, 0x13, 0xEE, 0x13, 0xEE, 0x13, 0xEE, 0xF3, 0xED, 0x13, 0xEE, 0xF3, 0xED, 0xF2, 0xED,
    0xF2, 0xED, 0xF2, 0xED, 0xF2, 0xED, 0xD2, 0xED, 0xD2, 0xED, 0xD1, 0xED, 0xD2, 0xED, 0xF2, 0xED,
    0xF2, 0xED, 0xF2, 0xED, 0xF2, 0xED, 0xF2, 0xED, 0x13, 0xEE, 0x13, 0xEE, 0x13, 0xEE, 0x34, 0xEE,
    0x54, 0xF6, 0xD3, 0xDD, 0x92, 0xD5, 0x34, 0xEE, 0xF3, 0xE5, 0x14, 0xE6, 0x71, 0xD5, 0xD3, 0xE5,
    0x55, 0xEE, 0x96, 0xF6, 0xB6, 0xF6, 0x96, 0xF6, 0x96, 0xF6, 0xB6, 0xF6, 0x76, 0xF6, 0x55, 0xEE,
    0x75, 0xF6, 0x75, 0xF6, 0x75, 0xF6, 0x75, 0xF6, 0x74, 0xF6, 0x54, 0xF6, 0x34, 0xEE, 0x13, 0xEE,
    0x30, 0xC5, 0xB2, 0xDD, 0xF3, 0xE5, 0x13, 0xEE, 0x33, 0xF6, 0x33, 0xEE, 0x12, 0xEE, 0x12, 0xEE,
    0xD2, 0xE5, 0xD2, 0xE5, 0xD2, 0xE5, 0x91, 0xDD, 0x2F, 0xCD, 0x0F, 0xCD, 0x2F, 0xCD, 0xEE, 0xC4,
    0x2F, 0xD5, 0x4F, 0xD5, 0x0F, 0xCD, 0xCE, 0xC4, 0xAE, 0xB4, 0x4D, 0xAC, 0xED, 0x93, 0x2D, 0xA4,
    0x0C, 0x9C, 0x2D, 0x9C, 0x2D, 0xA4, 0x0C, 0x9C, 0x0D, 0x94, 0xCA, 0x9B, 0xEA, 0xA3, 0xEB, 0xA3,
    0x0B, 0xAC, 0x0B, 0xA4, 0x0B, 0xA4, 0x2B, 0xAC, 0x4C, 0xB4, 0x6D, 0xB4, 0x8D, 0xBC, 0x8D, 0xBC,
    0x8D, 0xBC, 0xAD, 0xC4, 0xAD, 0xC4, 0xCD, 0xC4, 0xCD, 0xC4, 0xCE, 0xC4, 0xAD, 0xC4, 0xAD, 0xC4,
    0xAD, 0xC4, 0xAD, 0xC4, 0xAD, 0xC4, 0xCD, 0xC4, 0xCE, 0xC4, 0xAE, 0xC4, 0xCE, 0xC4, 0xEE, 0xCC,
    0xEE, 0xCC, 0xEE, 0xCC, 0x0E, 0xD5, 0x0E, 0xD5, 0x0E, 0xD5, 0x0E, 0xD5, 0x2F, 0xD5, 0x2F, 0xDD,
    0x4F, 0xDD, 0x4F, 0xDD, 0x4F, 0xDD, 0x70, 0xDD, 0x70, 0xDD, 0x90, 0xDD, 0x90, 0xE5, 0xB1, 0xE5,
    0xB1, 0xE5, 0x91, 0xE5, 0xB1, 0xE5, 0xB1, 0xE5, 0xB1, 0xE5, 0xD2, 0xE5, 0xF2, 0xED, 0xB1, 0xDD,
    0x50, 0xD5, 0xB1, 0xDD, 0xF3, 0xE5, 0x13, 0xEE, 0x13, 0xEE, 0x13, 0xEE, 0x13, 0xEE, 0x13, 0xEE,
    0x13, 0xEE, 0xF3, 0xED, 0x13, 0xEE, 0x13, 0xEE, 0xF2, 0xED, 0xF3, 0xED, 0xF2, 0xED, 0xF2, 0xED,
    0xF2, 0xED, 0xF2, 0xED, 0xF2, 0xED, 0xF2, 0xED, 0xF2, 0xED, 0xD2, 0xED, 0xD2, 0xED, 0xF2, 0xED,
    0xF2, 0xED, 0xF2, 0xED, 0xF2, 0xED, 0x12, 0xEE, 0x13, 0xEE, 0x13, 0xEE, 0x13, 0xEE, 0x54, 0xF6,
    0x33, 0xEE, 0x71, 0xD5, 0xF3, 0xE5, 0x55, 0xEE, 0x14, 0xE6, 0x14, 0xE6, 0x51, 0xCD, 0x14, 0xE6,
    0x75, 0xF6, 0x96, 0xF6, 0xB6, 0xF6, 0x96, 0xF6, 0x96, 0xF6, 0x96, 0xF6, 0x55, 0xEE, 0x75, 0xF6,
    0x75, 0xF6, 0x75, 0xF6, 0x95, 0xF6, 0x75, 0xF6, 0x75, 0xF6, 0x54, 0xF6, 0x74, 0xF6, 0x13, 0xE6,
    0x30, 0xC5, 0xF3, 0xE5, 0x33, 0xEE, 0x33, 0xF6, 0x33, 0xF6, 0x33, 0xF6, 0x33, 0xEE, 0xF2, 0xED,
    0xD2, 0xE5, 0xD2, 0xE5, 0xD1, 0xE5, 0x50, 0xD5, 0x0F, 0xCD, 0x50, 0xD5, 0xEF, 0xC4, 0x0F, 0xCD,
    0x4F, 0xD5, 0x4F, 0xD5, 0xEE, 0xC4, 0x8E, 0xBC, 0x6D, 0xB4, 0x0C, 0x94, 0x2D, 0x9C, 0x0D, 0x9C,
    0x0D, 0x9C, 0x2D, 0xA4, 0x0C, 0x9C, 0x0C, 0x94, 0xEA, 0xA3, 0xEB, 0xA3, 0x0B, 0xAC, 0x2C, 0xAC,
    0x0B, 0xA4, 0x0B, 0xA4, 0x2C, 0xAC, 0x6D, 0xB4, 0x6D, 0xB4, 0x6D, 0xB4, 0x8D, 0xBC, 0xAD, 0xBC,
    0xAD, 0xBC, 0xCE, 0xC4, 0xCE, 0xC4, 0xCE, 0xC4, 0xEE, 0xC4, 0xAD, 0xC4, 0xCE, 0xC4, 0xCE, 0xCC,
    0xCD, 0xCC, 0xCD, 0xCC, 0xCE, 0xCC, 0xEE, 0xC4, 0xCE, 0xC4, 0xCE, 0xC4, 0xEE, 0xCC, 0x0E, 0xCD,
    0x0E, 0xCD, 0x0E, 0xD5, 0x0E, 0xD5, 0x0F, 0xD5, 0x2F, 0xD5, 0x2F, 0xD5, 0x2F, 0xD5, 0x4F, 0xD5,
    0x4F, 0xDD, 0x50, 0xDD, 0x70, 0xDD, 0x70, 0xDD, 0x90, 0xDD, 0x90, 0xDD, 0x91, 0xE5, 0xB1, 0xE5,
    0x91, 0xE5, 0xB1, 0xE5, 0xB1, 0xE5, 0xD1, 0xE5, 0xD1, 0xE5, 0xD2, 0xE5, 0xD2, 0xE5, 0xF2, 0xE5,
    0xB1, 0xDD, 0x91, 0xDD, 0xB2, 0xDD, 0xF3, 0xE5, 0x34, 0xEE, 0x13, 0xEE, 0xF3, 0xED, 0x13, 0xEE,
    0x13, 0xEE, 0xF3, 0xED, 0x13, 0xEE, 0xF2, 0xED, 0xF2, 0xED, 0xF2, 0xED, 0xF2, 0xED, 0xF2, 0xED,
    0xF2, 0xED, 0xF2, 0xED, 0xF2, 0xED, 0xF2, 0xED, 0xF2, 0xED, 0xF2, 0xED, 0xF2, 0xED, 0xF2, 0xED,
    0xF2, 0xED, 0xF2, 0xED, 0xF2, 0xED, 0x12, 0xEE, 0x13, 0xEE, 0x13, 0xEE, 0x34, 0xEE, 0x54, 0xF6,
    0xD3, 0xDD, 0x92, 0xD5, 0x55, 0xEE, 0x55, 0xEE, 0x34, 0xEE, 0xF3, 0xE5, 0x71, 0xD5, 0x14, 0xEE,
    0x75, 0xF6, 0x96, 0xF6, 0xB6, 0xFE, 0x96, 0xF6, 0x96, 0xF6, 0x96, 0xF6, 0x55, 0xEE, 0x55, 0xEE,
    0x55, 0xEE, 0x95, 0xF6, 0x75, 0xF6, 0x75, 0xF6, 0x54, 0xF6, 0x54, 0xEE, 0x75, 0xF6, 0xB2, 0xDD,
    0x50, 0xCD, 0x34, 0xF6, 0x33, 0xEE, 0x53, 0xF6, 0x33, 0xF6, 0x33, 0xF6, 0x12, 0xEE, 0xF2, 0xED,
    0xF2, 0xE5, 0xD2, 0xE5, 0x91, 0xDD, 0x10, 0xCD, 0x50, 0xD5, 0x0E, 0xCD, 0xEE, 0xC4, 0x2F, 0xD5,
    0x4F, 0xD5, 0xEE, 0xC4, 0xAE, 0xBC, 0x8D, 0xB4, 0x0C, 0x9C, 0xEC, 0x93, 0x2D, 0xA4, 0x0C, 0x9C,
    0x2C, 0xA4, 0x0C, 0x9C, 0xEC, 0x93, 0x8A, 0x93, 0xAA, 0x93, 0xAA, 0x93, 0xAA, 0x93, 0x6A, 0x8B,
    0xAB, 0x93, 0x0C, 0xA4, 0x2C, 0xAC, 0x4D, 0xAC, 0x8D, 0xB4, 0xAE, 0xBC, 0xCE, 0xBC, 0xEE, 0xC4,
    0xEF, 0xC4, 0xEF, 0xC4, 0x0F, 0xCD, 0xEF, 0xCC, 0xCE, 0xC4, 0xEE, 0xCC, 0xEE, 0xCC, 0xCE, 0xCC,
    0xCE, 0xCC, 0xCE, 0xCC, 0xEE, 0xCC, 0xEE, 0xCC, 0xEE, 0xCC, 0xEE, 0xCC, 0x0F, 0xCD, 0x0F, 0xCD,
    0x0F, 0xD5, 0x0F, 0xD5, 0x2F, 0xD5, 0x2F, 0xD5, 0x2F, 0xD5, 0x2F, 0xDD, 0x4F, 0xDD, 0x4F, 0xDD,
    0x50, 0xDD, 0x70, 0xDD, 0x70, 0xDD, 0x91, 0xDD, 0x90, 0xDD, 0x90, 0xDD, 0xB1, 0xE5, 0xB1, 0xE5,
    0xB1, 0xE5, 0xB1, 0xE5, 0xD2, 0xE5, 0xD1, 0xE5, 0xD2, 0xE5, 0xD2, 0xE5, 0xF2, 0xE5, 0xF2, 0xE5,
    0xF3, 0xE5, 0xD2, 0xE5, 0x91, 0xDD, 0xB2, 0xDD, 0xF3, 0xE5, 0x13, 0xEE, 0x13, 0xEE, 0x13, 0xEE,
    0xF3, 0xED, 0xF3, 0xED, 0xF3, 0xED, 0xF3, 0xED, 0xF2, 0xED, 0xF2, 0xE5, 0xF2, 0xED, 0xF3, 0xED,
    0xF2, 0xED, 0xF2, 0xED, 0xF2, 0xED, 0xF2, 0xED, 0xF2, 0xED, 0xF2, 0xED, 0xF2, 0xED, 0xF2, 0xED,
    0xF2, 0xED, 0xF2, 0xED, 0xF2, 0xED, 0x13, 0xEE, 0x13, 0xEE, 0x33, 0xEE, 0x34, 0xEE, 0x34, 0xEE,
    0x92, 0xDD, 0xF3, 0xE5, 0x75, 0xEE, 0x14, 0xE6, 0x55, 0xEE, 0xF3, 0xE5, 0x50, 0xCD, 0x34, 0xEE,
    0x76, 0xF6, 0xB6, 0xF6, 0xB6, 0xF6, 0xB6, 0xF6, 0xB6, 0xF6, 0x96, 0xF6, 0x55, 0xEE, 0x75, 0xF6,
    0x75, 0xF6, 0x96, 0xF6, 0x75, 0xF6, 0x75, 0xF6, 0x54, 0xEE, 0x54, 0xEE, 0x74, 0xF6, 0x91, 0xD5,
    0xB2, 0xDD, 0x54, 0xF6, 0x33, 0xF6, 0x33, 0xF6, 0x33, 0xF6, 0x13, 0xF6, 0x12, 0xEE, 0xF2, 0xED,
    0xD1, 0xE5, 0xB1, 0xE5, 0x30, 0xCD, 0x2F, 0xD5, 0x2F, 0xCD, 0xEE, 0xCC, 0x2F, 0xCD, 0x4F, 0xD5,
    0x0F, 0xCD, 0xCE, 0xC4, 0x8D, 0xBC, 0x2C, 0xA4, 0xCC, 0x93, 0x2D, 0xA4, 0xEC, 0x9B, 0x0C, 0x9C,
    0x2D, 0xA4, 0xEC, 0x93, 0xE8, 0x72, 0xC8, 0x72, 0x87, 0x6A, 0x66, 0x62, 0x67, 0x62, 0xA8, 0x6A,
    0x29, 0x7B, 0xAB, 0x8B, 0xEC, 0x9B, 0x2D, 0xA4, 0x4D, 0xAC, 0x6D, 0xB4, 0x8D, 0xB4, 0x8E, 0xB4,
    0xAE, 0xBC, 0xAE, 0xBC, 0xAE, 0xBC, 0x8D, 0xBC, 0xCE, 0xC4, 0xCE, 0xC4, 0xCD, 0xCC, 0xCE, 0xCC,
    0xEE, 0xCC, 0xEE, 0xCC, 0x0F, 0xCD, 0xEF, 0xCC, 0xEF, 0xCC, 0xEE, 0xCC, 0x0F, 0xCD, 0x2F, 0xD5,
    0x0F, 0xD5, 0x2F, 0xD5, 0x2F, 0xD5, 0x2F, 0xD5, 0x2F, 0xD5, 0x4F, 0xDD, 0x4F, 0xDD, 0x50, 0xDD,
    0x70, 0xDD, 0x90, 0xDD, 0x90, 0xDD, 0xB1, 0xE5, 0x91, 0xDD, 0x91, 0xE5, 0x91, 0xE5, 0xB1, 0xE5,
    0xB1, 0xE5, 0xB1, 0xE5, 0xD2, 0xE5, 0xD2, 0xE5, 0xF2, 0xE5, 0xF2, 0xE5, 0xF2, 0xE5, 0xF3, 0xE5,
    0x13, 0xEE, 0x13, 0xEE, 0xD2, 0xDD, 0x92, 0xDD, 0xB2, 0xDD, 0x13, 0xEE, 0x13, 0xEE, 0x13, 0xEE,
    0xF3, 0xED, 0xF2, 0xED, 0xF2, 0xED, 0xF2, 0xED, 0xF2, 0xED, 0xD2, 0xE5, 0xF2, 0xE5, 0x13, 0xEE,
    0xF2, 0xED, 0xF2, 0xED, 0xD2, 0xED, 0xD2, 0xED, 0xD1, 0xE5, 0xD2, 0xE5, 0xD2, 0xE5, 0xF2, 0xE5,
    0xF2, 0xED, 0xF2, 0xED, 0xF2, 0xED, 0x13, 0xEE, 0x34, 0xEE, 0x34, 0xEE, 0x34, 0xEE, 0xF3, 0xE5,
    0xB2, 0xDD, 0x34, 0xEE, 0x75, 0xEE, 0x14, 0xE6, 0x75, 0xF6, 0xD2, 0xDD, 0x51, 0xCD, 0x34, 0xEE,
    0x96, 0xF6, 0xB6, 0xF6, 0xB6, 0xF6, 0xB6, 0xF6, 0x96, 0xF6, 0x96, 0xF6, 0x75, 0xEE, 0x75, 0xEE,
    0x75, 0xF6, 0x96, 0xF6, 0x95, 0xF6, 0x54, 0xF6, 0x54, 0xF6, 0x54, 0xEE, 0x54, 0xEE, 0x91, 0xD5,
    0x13, 0xE6, 0x54, 0xF6, 0x53, 0xF6, 0x53, 0xF6, 0x33, 0xF6, 0x12, 0xEE, 0x12, 0xEE, 0xF2, 0xE5,
    0xB1, 0xE5, 0x70, 0xD5, 0x2F, 0xCD, 0x2F, 0xD5, 0x0E, 0xCD, 0x0F, 0xCD, 0x4F, 0xD5, 0x0F, 0xCD,
    0xCE, 0xC4, 0xCE, 0xBC, 0x4D, 0xAC, 0xCC, 0x93, 0x0C, 0x9C, 0x0C, 0x9C, 0xCC, 0x93, 0x2C, 0xA4,
    0xCB, 0x93, 0xA7, 0x6A, 0xA7, 0x6A, 0x87, 0x62, 0x46, 0x62, 0x46, 0x5A, 0x87, 0x62, 0xA8, 0x6A,
    0xE9, 0x72, 0x4A, 0x83, 0x8A, 0x8B, 0xEB, 0x9B, 0x2C, 0xA4, 0x4D, 0xAC, 0x8D, 0xB4, 0xCE, 0xBC,
    0xCE, 0xC4, 0xCE, 0xC4, 0xCE, 0xC4, 0xEF, 0xCC, 0xEE, 0xCC, 0xEE, 0xCC, 0xEE, 0xCC, 0xEE, 0xCC,
    0xEE, 0xCC, 0xEE, 0xCC, 0x0F, 0xCD, 0xEF, 0xCC, 0x0F, 0xCD, 0xEF, 0xCC, 0xEF, 0xCC, 0x2F, 0xD5,
    0x2F, 0xD5, 0x2F, 0xD5, 0x2F, 0xD5, 0x4F, 0xD5, 0x50, 0xDD, 0x4F, 0xDD, 0x70, 0xDD, 0x70, 0xDD,
    0x70, 0xDD, 0x90, 0xDD, 0x91, 0xDD, 0xB1, 0xE5, 0x91, 0xDD, 0x91, 0xDD, 0xB1, 0xE5, 0xB1, 0xE5,
    0xB1, 0xE5, 0xD2, 0xE5, 0xD2, 0xE5, 0xD2, 0xE5, 0xF2, 0xE5, 0xF3, 0xED, 0xF3, 0xE5, 0xF3, 0xE5,
    0x13, 0xEE, 0x13, 0xEE, 0x13, 0xEE, 0xD2, 0xE5, 0x91, 0xDD, 0xB2, 0xDD, 0xD2, 0xE5, 0xF3, 0xED,
    0xF3, 0xED, 0xF2, 0xED, 0xD2, 0xE5, 0xD2, 0xED, 0xF2, 0xED, 0xF3, 0xED, 0xF2, 0xE5, 0xF2, 0xED,
    0xD2, 0xE5, 0xD2, 0xE5, 0xD2, 0xE5, 0xB1, 0xE5, 0xD2, 0xE5, 0xB2, 0xE5, 0xB2, 0xE5, 0xD2, 0xE5,
    0xD2, 0xE5, 0xF2, 0xE5, 0xF3, 0xED, 0x13, 0xEE, 0x34, 0xEE, 0x34, 0xEE, 0x14, 0xEE, 0xB2, 0xDD,
    0xD3, 0xDD, 0x35, 0xEE, 0x55, 0xEE, 0x34, 0xE6, 0x55, 0xEE, 0x92, 0xD5, 0x51, 0xD5, 0x55, 0xEE,
    0x96, 0xF6, 0x96, 0xF6, 0x96, 0xF6, 0x96, 0xF6, 0xB6, 0xF6, 0x75, 0xF6, 0x55, 0xEE, 0x75, 0xEE,
    0x55, 0xEE, 0x95, 0xF6, 0x75, 0xF6, 0x54, 0xF6, 0x54, 0xF6, 0x54, 0xEE, 0x34, 0xEE, 0x71, 0xD5,
    0x33, 0xEE, 0x54, 0xF6, 0x54, 0xF6, 0x53, 0xF6, 0x33, 0xF6, 0x12, 0xEE, 0x12, 0xEE, 0xB1, 0xE5,
    0xB1, 0xDD, 0x30, 0xCD, 0x2F, 0xD5, 0x2F, 0xD5, 0x0E, 0xCD, 0x4F, 0xD5, 0x2F, 0xD5, 0xEE, 0xC4,
    0xCE, 0xC4, 0x6D, 0xAC, 0xCC, 0x93, 0xEC, 0x9B, 0x2C, 0xA4, 0xCB, 0x93, 0x0C, 0xA4, 0xEB, 0x9B,
    0x66, 0x62, 0x87, 0x62, 0x87, 0x62, 0xA8, 0x6A, 0xC8, 0x6A, 0xA8, 0x62, 0xC8, 0x6A, 0xE9, 0x72,
    0x2A, 0x7B, 0x6A, 0x8B, 0xAB, 0x93, 0x0C, 0xA4, 0x4D, 0xAC, 0x6D, 0xB4, 0x6D, 0xB4, 0xAD, 0xBC,
    0xAE, 0xBC, 0xAE, 0xC4, 0xCE, 0xC4, 0xEE, 0xCC, 0xEE, 0xCC, 0xEE, 0xCC, 0xEE, 0xCC, 0xEE, 0xCC,
    0xEE, 0xCC, 0x0E, 0xD5, 0x0F, 0xD5, 0x0F, 0xCD, 0x0F, 0xCD, 0x0F, 0xCD, 0xEE, 0xCC, 0x0F, 0xCD,
    0x2F, 0xD5, 0x4F, 0xD5, 0x4F, 0xD5, 0x4F, 0xDD, 0x4F, 0xDD, 0x70, 0xDD, 0x70, 0xDD, 0x70, 0xDD,
    0x70, 0xDD, 0x90, 0xDD, 0x91, 0xDD, 0xB1, 0xDD, 0x91, 0xDD, 0x91, 0xE5, 0xB1, 0xE5, 0x91, 0xE5,
    0xB1, 0xE5, 0xD2, 0xE5, 0xD2, 0xE5, 0xD2, 0xE5, 0xF2, 0xED, 0xF2, 0xE5, 0xF3, 0xED, 0xF3, 0xED,
    0xF3, 0xE5, 0x13, 0xEE, 0x13, 0xEE, 0x13, 0xEE, 0xD2, 0xE5, 0x71, 0xD5, 0x50, 0xD5, 0x91, 0xDD,
    0xF2, 0xE5, 0xF2, 0xE5, 0xD2, 0xE5, 0xD2, 0xE5, 0xD2, 0xE5, 0xD2, 0xE5, 0xD2, 0xE5, 0xD2, 0xE5,
    0xB1, 0xE5, 0xB1, 0xE5, 0xB1, 0xE5, 0xB1, 0xE5, 0xB1, 0xE5, 0xB1, 0xE5, 0xB2, 0xE5, 0xB2, 0xE5,
    0xB2, 0xE5, 0xD2, 0xE5, 0xD2, 0xE5, 0xD3, 0xE5, 0x14, 0xE6, 0x14, 0xEE, 0xF3, 0xE5, 0x92, 0xD5,
    0xD3, 0xDD, 0x55, 0xEE, 0x55, 0xEE, 0x14, 0xE6, 0x34, 0xEE, 0x51, 0xCD, 0x51, 0xCD, 0x14, 0xE6,
    0x55, 0xEE, 0x76, 0xF6, 0x76, 0xEE, 0x75, 0xEE, 0x76, 0xF6, 0x55, 0xEE, 0x35, 0xEE, 0x55, 0xEE,
    0x54, 0xEE, 0x75, 0xF6, 0x54, 0xEE, 0x74, 0xF6, 0x34, 0xEE, 0x75, 0xF6, 0x13, 0xEE, 0x71, 0xD5,
    0x54, 0xF6, 0x54, 0xF6, 0x53, 0xF6, 0x33, 0xF6, 0x33, 0xEE, 0x12, 0xEE, 0xF2, 0xE5, 0xB1, 0xDD,
    0x50, 0xD5, 0x0F, 0xCD, 0x2F, 0xD5, 0x2F, 0xD5, 0x2F, 0xD5, 0x4F, 0xD5, 0x0E, 0xCD, 0xCE, 0xC4,
    0x8D, 0xB4, 0xEC, 0x93, 0xEC, 0x9B, 0x2C, 0xA4, 0xEB, 0x9B, 0xCB, 0x93, 0xEC, 0x9B, 0x46, 0x5A,
    0x67, 0x62, 0x46, 0x5A, 0x87, 0x62, 0xC8, 0x6A, 0x0A, 0x73, 0x2A, 0x7B, 0x4A, 0x7B, 0x6B, 0x83,
    0x8B, 0x8B, 0xAB, 0x8B, 0xEC, 0x9B, 0x2D, 0xA4, 0x6D, 0xAC, 0x6D, 0xB4, 0x6D, 0xB4, 0x8D, 0xB4,
    0x8D, 0xBC, 0xAE, 0xC4, 0xCE, 0xC4, 0xCE, 0xCC, 0xCE, 0xCC, 0xEE, 0xCC, 0xEE, 0xCC, 0xEE, 0xCC,
    0xEE, 0xCC, 0x0E, 0xCD, 0x0F, 0xD5, 0xEF, 0xCC, 0x2F, 0xCD, 0x2F, 0xD5, 0x0E, 0xCD, 0xEE, 0xCC,
    0x2F, 0xCD, 0x4F, 0xD5, 0x4F, 0xDD, 0x4F, 0xDD, 0x50, 0xDD, 0x70, 0xDD, 0x70, 0xDD, 0x70, 0xDD,
    0x90, 0xDD, 0x90, 0xDD, 0x91, 0xDD, 0x91, 0xE5, 0x91, 0xE5, 0x91, 0xE5, 0xB1, 0xE5, 0xB1, 0xE5,
    0xB1, 0xE5, 0xD2, 0xE5, 0xD2, 0xE5, 0xD2, 0xE5, 0xF2, 0xE5, 0xF2, 0xE5, 0xF3, 0xED, 0xF3, 0xED,
    0xF3, 0xED, 0xF2, 0xED, 0xF2, 0xED, 0xF3, 0xED, 0xF3, 0xED, 0xD2, 0xE5, 0x91, 0xDD, 0x30, 0xCD,
    0x50, 0xCD, 0x71, 0xD5, 0xB2, 0xDD, 0xB2, 0xE5, 0xB2, 0xE5, 0x91, 0xDD, 0x71, 0xDD, 0x91, 0xDD,
    0x91, 0xDD, 0x91, 0xDD, 0x70, 0xDD, 0x50, 0xD5, 0x70, 0xDD, 0x71, 0xDD, 0x71, 0xDD, 0x71, 0xDD,
    0x91, 0xDD, 0x92, 0xDD, 0xB2, 0xDD, 0xD3, 0xDD, 0xD3, 0xDD, 0xF4, 0xE5, 0xB3, 0xDD, 0x51, 0xCD,
    0xD3, 0xDD, 0x35, 0xE6, 0x55, 0xEE, 0x14, 0xE6, 0x13, 0xE6, 0x10, 0xC5, 0x51, 0xCD, 0x14, 0xE6,
    0x34, 0xE6, 0x55, 0xEE, 0x34, 0xEE, 0x14, 0xE6, 0x55, 0xEE, 0x14, 0xE6, 0x34, 0xE6, 0x34, 0xEE,
    0x54, 0xEE, 0x75, 0xF6, 0x54, 0xEE, 0x54, 0xEE, 0x34, 0xEE, 0x95, 0xF6, 0x13, 0xE6, 0xB2, 0xDD,
    0x74, 0xF6, 0x54, 0xF6, 0x53, 0xF6, 0x33, 0xF6, 0x13, 0xEE, 0x12, 0xEE, 0xB1, 0xE5, 0x90, 0xDD,
    0x0F, 0xCD, 0x2F, 0xD5, 0x4F, 0xDD, 0x4F, 0xD5, 0x2F, 0xD5, 0x2F, 0xCD, 0xCE, 0xC4, 0xAE, 0xBC,
    0xEB, 0x93, 0x0C, 0xA4, 0x0C, 0xA4, 0x0C, 0xA4, 0xAB, 0x93, 0xEC, 0x9B, 0x87, 0x62, 0x87, 0x62,
    0x67, 0x62, 0x87, 0x62, 0xC8, 0x6A, 0x09, 0x73, 0x2A, 0x7B, 0x4B, 0x7B, 0x6B, 0x83, 0x6B, 0x83,
    0xAB, 0x8B, 0xEC, 0x93, 0xEC, 0x9B, 0x2D, 0xAC, 0x6D, 0xB4, 0x8D, 0xB4, 0x6D, 0xB4, 0x4D, 0xB4,
    0xAE, 0xC4, 0xAE, 0xC4, 0xCE, 0xC4, 0xCE, 0xC4, 0xCE, 0xCC, 0xCE, 0xCC, 0xEE, 0xCC, 0xEE, 0xCC,
    0xEE, 0xCC, 0x0E, 0xCD, 0x0F, 0xD5, 0x0F, 0xCD, 0x0F, 0xCD, 0x2F, 0xD5, 0x0F, 0xD5, 0x0E, 0xCD,
    0x0E, 0xCD, 0x2F, 0xD5, 0x50, 0xDD, 0x50, 0xDD, 0x50, 0xDD, 0x70, 0xDD, 0x70, 0xDD, 0x70, 0xDD,
    0x91, 0xDD, 0x91, 0xE5, 0x70, 0xDD, 0x90, 0xE5, 0x90, 0xE5, 0x91, 0xE5, 0xB1, 0xE5, 0xB1, 0xE5,
    0xB1, 0xE5, 0xD1, 0xE5, 0xD2, 0xE5, 0xD2, 0xE5, 0xF2, 0xED, 0xF2, 0xE5, 0xF2, 0xED, 0xF2, 0xED,
    0xD2, 0xE5, 0xD2, 0xE5, 0xD2, 0xE5, 0xD2, 0xE5, 0xB1, 0xE5, 0xD2, 0xE5, 0xB1, 0xE5, 0x70, 0xDD,
    0x0F, 0xCD, 0xAE, 0xBC, 0xCE, 0xBC, 0xEF, 0xCC, 0x2F, 0xD5, 0x50, 0xD5, 0x50, 0xD5, 0x2F, 0xD5,
    0xEE, 0xCC, 0x0F, 0xCD, 0xEE, 0xC4, 0xCE, 0xC4, 0xCE, 0xC4, 0xCE, 0xC4, 0xCE, 0xC4, 0xCE, 0xC4,
    0xAE, 0xBC, 0xCF, 0xC4, 0x10, 0xC5, 0x51, 0xCD, 0x72, 0xCD, 0x92, 0xD5, 0x51, 0xCD, 0x51, 0xCD,
    0x92, 0xD5, 0x14, 0xE6, 0xF4, 0xDD, 0xD3, 0xDD, 0xD3, 0xDD, 0xEF, 0xC4, 0x30, 0xCD, 0xF4, 0xE5,
    0x14, 0xE6, 0x14, 0xE6, 0xF4, 0xE5, 0xD3, 0xDD, 0x14, 0xE6, 0xD3, 0xDD, 0x14, 0xE6, 0x14, 0xE6,
    0x34, 0xEE, 0x34, 0xEE, 0x54, 0xEE, 0x34, 0xEE, 0x34, 0xEE, 0x75, 0xF6, 0xF3, 0xE5, 0xD2, 0xE5,
    0x74, 0xF6, 0x54, 0xF6, 0x54, 0xF6, 0x33, 0xF6, 0x13, 0xEE, 0xF2, 0xE5, 0xB1, 0xE5, 0x50, 0xD5,
    0xEE, 0xCC, 0x6F, 0xDD, 0x70, 0xDD, 0x4F, 0xD5, 0x4F, 0xD5, 0xEE, 0xC4, 0xCE, 0xC4, 0x0C, 0xA4,
    0x0C, 0x9C, 0x0C, 0xA4, 0x0C, 0xA4, 0xAB, 0x93, 0xEB, 0x9B, 0xC4, 0x49, 0xA4, 0x49, 0xC5, 0x49,
    0x26, 0x52, 0x87, 0x62, 0xA8, 0x6A, 0xA8, 0x6A, 0xE9, 0x72, 0x4A, 0x7B, 0x6B, 0x83, 0x8B, 0x8B,
    0xAB, 0x93, 0xEC, 0x9B, 0xEC, 0x9B, 0x0C, 0xA4, 0x2C, 0xAC, 0x4C, 0xAC, 0x2C, 0xAC, 0x4D, 0xB4,
    0xAD, 0xBC, 0xAD, 0xBC, 0xAD, 0xC4, 0xCE, 0xC4, 0xCE, 0xCC, 0xCE, 0xCC, 0xCE, 0xCC, 0xEE, 0xCC,
    0xEE, 0xCC, 0x0E, 0xCD, 0x0F, 0xD5, 0x0F, 0xCD, 0xEE, 0xCC, 0x0E, 0xCD, 0x2F, 0xD5, 0x2F, 0xD5,
    0x2F, 0xD5, 0x2F, 0xD5, 0x2F, 0xD5, 0x50, 0xDD, 0x70, 0xDD, 0x70, 0xDD, 0x70, 0xDD, 0x70, 0xDD,
    0x70, 0xDD, 0x70, 0xDD, 0x90, 0xE5, 0x90, 0xE5, 0x91, 0xE5, 0xB1, 0xE5, 0xB1, 0xE5, 0x91, 0xE5,
    0xB1, 0xE5, 0xD1, 0xE5, 0xD2, 0xE5, 0xD2, 0xE5, 0xD2, 0xE5, 0xD2, 0xE5, 0xD2, 0xE5, 0xB2, 0xE5,
    0xB1, 0xE5, 0xB1, 0xE5, 0xB1, 0xE5, 0x91, 0xE5, 0x91, 0xE5, 0x91, 0xDD, 0x91, 0xDD, 0x91, 0xDD,
    0x70, 0xDD, 0x0F, 0xCD, 0xAE, 0xBC, 0x6D, 0xBC, 0x0B, 0xAC, 0x2C, 0xB4, 0x2B, 0xB4, 0x6C, 0xBC,
    0x8D, 0xBC, 0xAE, 0xC4, 0xAD, 0xBC, 0x8D, 0xBC, 0x6D, 0xBC, 0x4C, 0xB4, 0x4C, 0xB4, 0x0C, 0xAC,
    0x0C, 0xA4, 0xEB, 0xA3, 0xCB, 0x9B, 0x0C, 0xA4, 0x2D, 0xAC, 0x4D, 0xAC, 0x2D, 0xAC, 0x8E, 0xB4,
    0x10, 0xC5, 0x72, 0xCD, 0x92, 0xD5, 0xB3, 0xDD, 0xB2, 0xD5, 0xCF, 0xBC, 0x31, 0xCD, 0x14, 0xE6,
    0x14, 0xE6, 0xF4, 0xE5, 0xF3, 0xE5, 0xD3, 0xDD, 0xD3, 0xDD, 0xB3, 0xDD, 0xD3, 0xDD, 0xF4, 0xE5,
    0x34, 0xEE, 0x14, 0xEE, 0x34, 0xEE, 0x34, 0xEE, 0x54, 0xF6, 0x75, 0xF6, 0xD2, 0xDD, 0xF3, 0xE5,
    0x74, 0xF6, 0x54, 0xF6, 0x53, 0xF6, 0x13, 0xEE, 0x12, 0xEE, 0xD2, 0xE5, 0x90, 0xDD, 0xEE, 0xCC,
    0x4F, 0xDD, 0x70, 0xDD, 0x4F, 0xDD, 0x4F, 0xDD, 0x0F, 0xCD, 0xEE, 0xC4, 0x2C, 0xAC, 0xEB, 0x9B,
    0x4C, 0xAC, 0xEB, 0xA3, 0xEB, 0x9B, 0xCB, 0x93, 0x05, 0x52, 0x05, 0x52, 0x06, 0x52, 0x46, 0x5A,
    0x67, 0x62, 0xA8, 0x6A, 0xE9, 0x72, 0x09, 0x7B, 0x2A, 0x7B, 0x4A, 0x83, 0x6B, 0x83, 0x8B, 0x8B,
    0xAB, 0x93, 0xCB, 0x93, 0xCB, 0x9B, 0xEC, 0xA3, 0x0C, 0xA4, 0x2C, 0xAC, 0x2C, 0xAC, 0x4C, 0xB4,
    0x8E, 0xBC, 0x8D, 0xBC, 0x8D, 0xBC, 0xCE, 0xC4, 0xCE, 0xC4, 0xCD, 0xC4, 0xEE, 0xCC, 0xEE, 0xCC,
    0xEE, 0xCC, 0x0E, 0xCD, 0x0E, 0xCD, 0x0E, 0xD5, 0xEE, 0xCC, 0x0E, 0xCD, 0x2F, 0xD5, 0x4F, 0xDD,
    0x2F, 0xD5, 0x2F, 0xD5, 0x4F, 0xD5, 0x50, 0xD5, 0x50, 0xD5, 0x70, 0xDD, 0x70, 0xDD, 0x70, 0xDD,
    0x70, 0xDD, 0x70, 0xDD, 0x90, 0xDD, 0x90, 0xDD, 0x90, 0xE5, 0xB1, 0xE5, 0xB1, 0xE5, 0xB1, 0xE5,
    0xB1, 0xE5, 0xB1, 0xE5, 0xD1, 0xE5, 0xD2, 0xE5, 0xD1, 0xE5, 0xD1, 0xE5, 0xB1, 0xE5, 0xB1, 0xE5,
    0xB1, 0xE5, 0x91, 0xE5, 0x91, 0xDD, 0x70, 0xDD, 0x71, 0xDD, 0x71, 0xDD, 0x50, 0xD5, 0x50, 0xD5,
    0x50, 0xD5, 0x71, 0xDD, 0x30, 0xD5, 0xEF, 0xCC, 0xAE, 0xC4, 0x6D, 0xB4, 0x2C, 0xB4, 0xCB, 0xA3,
    0xAA, 0x9B, 0xAA, 0x9B, 0xCB, 0xA3, 0xCB, 0xA3, 0x0C, 0xA4, 0xEC, 0xA3, 0xCB, 0x9B, 0xAB, 0x9B,
    0x8A, 0x9B, 0x8A, 0x9B, 0xCB, 0x9B, 0xAB, 0x9B, 0xCB, 0x9B, 0xCB, 0x9B, 0xEB, 0x9B, 0x4D, 0xAC,
    0x6E, 0xB4, 0xEF, 0xBC, 0x51, 0xCD, 0xB2, 0xD5, 0xB2, 0xD5, 0x10, 0xC5, 0x31, 0xC5, 0xF4, 0xE5,
    0x14, 0xE6, 0xF4, 0xE5, 0x14, 0xE6, 0xF4, 0xE5, 0xD3, 0xDD, 0x92, 0xDD, 0xB2, 0xDD, 0xF3, 0xE5,
    0xF3, 0xE5, 0x34, 0xEE, 0x34, 0xEE, 0x34, 0xEE, 0x54, 0xF6, 0x54, 0xF6, 0xB1, 0xDD, 0x33, 0xEE,
    0x74, 0xF6, 0x54, 0xF6, 0x33, 0xEE, 0x12, 0xEE, 0xF2, 0xE5, 0xB1, 0xDD, 0x0F, 0xCD, 0x0F, 0xCD,
    0x90, 0xE5, 0x4F, 0xDD, 0x6F, 0xDD, 0x2F, 0xD5, 0xEE, 0xCC, 0x6D, 0xB4, 0xCB, 0x93, 0x4D, 0xAC,
    0xEB, 0xA3, 0xEB, 0xA3, 0xAB, 0x93, 0xA4, 0x49, 0xC4, 0x49, 0xE5, 0x51, 0x05, 0x52, 0x26, 0x5A,
    0x67, 0x62, 0xA8, 0x6A, 0xE9, 0x72, 0x09, 0x7B, 0x2A, 0x7B, 0x4A, 0x7B, 0x6A, 0x83, 0x6A, 0x83,
    0x6A, 0x8B, 0x8B, 0x93, 0xAB, 0x93, 0xAA, 0x9B, 0xCB, 0x9B, 0x4C, 0xB4, 0x2C, 0xAC, 0x4C, 0xB4,
    0x8D, 0xBC, 0x8D, 0xBC, 0x8D, 0xBC, 0xAE, 0xC4, 0xAD, 0xC4, 0xCE, 0xCC, 0xCE, 0xCC, 0xEE, 0xCC,
    0xEE, 0xCC, 0xEE, 0xCC, 0xEE, 0xCC, 0x0E, 0xD5, 0xEE, 0xCC, 0x0E, 0xCD, 0x0F, 0xD5, 0x2F, 0xD5,
    0x4F, 0xDD, 0x50, 0xDD, 0x50, 0xDD, 0x50, 0xDD, 0x50, 0xDD, 0x50, 0xDD, 0x70, 0xDD, 0x70, 0xDD,
    0x70, 0xDD, 0x90, 0xDD, 0x91, 0xDD, 0xB1, 0xE5, 0xB1, 0xE5, 0xB1, 0xE5, 0xB1, 0xE5, 0xB1, 0xE5,
    0xB1, 0xE5, 0xB1, 0xE5, 0xB1, 0xE5, 0xD1, 0xE5, 0xB1, 0xE5, 0x91, 0xE5, 0xB1, 0xE5, 0x91, 0xE5,
    0x70, 0xDD, 0x70, 0xDD, 0x71, 0xDD, 0x70, 0xD5, 0x50, 0xD5, 0x30, 0xD5, 0x0F, 0xCD, 0x30, 0xD5,
    0x0F, 0xCD, 0x30, 0xCD, 0x0F, 0xCD, 0x50, 0xD5, 0x10, 0xCD, 0xEF, 0xC4, 0xCF, 0xBC, 0xCE, 0xBC,
    0x8D, 0xBC, 0x2C, 0xAC, 0xEC, 0xA3, 0x0C, 0xA4, 0xEB, 0xA3, 0xEC, 0xA3, 0x8B, 0x93, 0x8A, 0x93,
    0x6A, 0x8B, 0xCB, 0x93, 0xEC, 0x9B, 0xEC, 0x9B, 0x2D, 0xA4, 0xEC, 0x9B, 0x2D, 0xA4, 0x6E, 0xAC,
    0xAE, 0xB4, 0xAF, 0xBC, 0xEF, 0xBC, 0x51, 0xCD, 0xB3, 0xD5, 0x72, 0xCD, 0x72, 0xCD, 0x14, 0xE6,
    0x14, 0xE6, 0x14, 0xE6, 0x35, 0xE6, 0x14, 0xE6, 0xF4, 0xE5, 0xB3, 0xDD, 0xB2, 0xD5, 0xF3, 0xE5,
    0xF3, 0xE5, 0x13, 0xE6, 0x13, 0xEE, 0x34, 0xEE, 0x54, 0xF6, 0x33, 0xEE, 0xB2, 0xDD, 0x34, 0xEE,
    0x74, 0xF6, 0x54, 0xF6, 0x12, 0xEE, 0x12, 0xEE, 0xD2, 0xE5, 0x50, 0xD5, 0x0F, 0xCD, 0x90, 0xDD,
    0x6F, 0xDD, 0x6F, 0xDD, 0x4F, 0xDD, 0x0E, 0xCD, 0xAD, 0xBC, 0xCC, 0x9B, 0x4D, 0xAC, 0x2C, 0xAC,
    0xEB, 0xA3, 0xCB, 0x9B, 0x66, 0x6A, 0x66, 0x6A, 0x66, 0x62, 0x66, 0x62, 0x66, 0x62, 0x87, 0x6A,
    0xA7, 0x6A, 0xC8, 0x72, 0xE8, 0x72, 0x09, 0x7B, 0xE8, 0x7A, 0x29, 0x7B, 0x29, 0x83, 0x29, 0x83,
    0x29, 0x83, 0x6A, 0x93, 0x8A, 0x93, 0x89, 0x93, 0xCB, 0x9B, 0x6C, 0xB4, 0x2C, 0xAC, 0x4C, 0xAC,
    0x6D, 0xB4, 0x8D, 0xBC, 0x8D, 0xBC, 0x8D, 0xBC, 0xAD, 0xC4, 0xCD, 0xC4, 0xCD, 0xCC, 0xCD, 0xCC,
    0xEE, 0xCC, 0xEE, 0xCC, 0xEE, 0xCC, 0x0E, 0xCD, 0x0E, 0xD5, 0x0E, 0xCD, 0x0E, 0xD5, 0x2F, 0xD5,
    0x2F, 0xD5, 0x4F, 0xDD, 0x4F, 0xDD, 0x70, 0xDD, 0x70, 0xDD, 0x70, 0xDD, 0x70, 0xDD, 0x70, 0xDD,
    0x90, 0xDD, 0x90, 0xDD, 0x91, 0xE5, 0xB1, 0xE5, 0xB1, 0xE5, 0xB1, 0xE5, 0xB1, 0xE5, 0xD2, 0xE5,
    0xD2, 0xE5, 0xB2, 0xE5, 0xB2, 0xE5, 0xB1, 0xE5, 0xB1, 0xE5, 0x91, 0xE5, 0x91, 0xDD, 0x90, 0xDD,
    0x70, 0xDD, 0x70, 0xDD, 0x50, 0xD5, 0x50, 0xD5, 0x0F, 0xCD, 0x0F, 0xCD, 0x30, 0xD5, 0x0F, 0xCD,
    0xEF, 0xCC, 0x0F, 0xCD, 0xEF, 0xCC, 0x0F, 0xCD, 0x10, 0xCD, 0x30, 0xCD, 0x0F, 0xCD, 0xAE, 0xBC,
    0xAF, 0xBC, 0xCF, 0xBC, 0xCF, 0xBC, 0x8E, 0xB4, 0x2D, 0xA4, 0x2D, 0xA4, 0x6E, 0xAC, 0x8F, 0xB4,
    0xAF, 0xB4, 0xAF, 0xB4, 0xAF, 0xB4, 0x8E, 0xB4, 0x6E, 0xAC, 0x4E, 0xAC, 0xAE, 0xB4, 0xCF, 0xBC,
    0x10, 0xC5, 0x72, 0xD5, 0x72, 0xCD, 0x72, 0xCD, 0x92, 0xD5, 0x72, 0xCD, 0x72, 0xCD, 0x14, 0xE6,
    0x35, 0xEE, 0x35, 0xE6, 0x55, 0xEE, 0x35, 0xE6, 0x34, 0xE6, 0xF3, 0xDD, 0x92, 0xD5, 0x13, 0xE6,
    0x13, 0xE6, 0x13, 0xE6, 0x13, 0xEE, 0x54, 0xEE, 0x74, 0xF6, 0x13, 0xEE, 0xD2, 0xE5, 0x54, 0xF6,
    0x74, 0xF6, 0x33, 0xEE, 0xF2, 0xE5, 0xF2, 0xED, 0x91, 0xDD, 0x0F, 0xCD, 0x70, 0xDD, 0x8F, 0xE5,
    0x6F, 0xDD, 0x6F, 0xDD, 0x2E, 0xD5, 0xEE, 0xCC, 0x2C, 0xA4, 0x2C, 0xA4, 0x6D, 0xB4, 0xEB, 0x9B,
    0xEB, 0x9B, 0xA6, 0x72, 0xC7, 0x7A, 0xC7, 0x7A, 0xC7, 0x72, 0xC7, 0x72, 0xC7, 0x72, 0xC7, 0x72,
    0xE8, 0x7A, 0xE8, 0x7A, 0xE8, 0x7A, 0xE7, 0x7A, 0xE7, 0x7A, 0x08, 0x7B, 0x08, 0x83, 0x29, 0x83,
    0x28, 0x8B, 0x49, 0x8B, 0x69, 0x93, 0x89, 0x93, 0xEB, 0xA3, 0x2C, 0xAC, 0x2C, 0xAC, 0x4C, 0xB4,
    0x6C, 0xB4, 0x6C, 0xBC, 0x6D, 0xBC, 0x8D, 0xBC, 0xAD, 0xC4, 0xAD, 0xC4, 0xCD, 0xC4, 0xCD, 0xCC,
    0xCE, 0xCC, 0xCE, 0xCC, 0xEE, 0xCC, 0x0E, 0xD5, 0x0E, 0xD5, 0x0E, 0xD5, 0x0E, 0xD5, 0x0F, 0xD5,
    0x2F, 0xD5, 0x2F, 0xD5, 0x4F, 0xDD, 0x4F, 0xDD, 0x4F, 0xDD, 0x70, 0xDD, 0x70, 0xDD, 0x90, 0xE5,
    0x90, 0xDD, 0x91, 0xDD, 0x91, 0xDD, 0x91, 0xDD, 0xB1, 0xE5, 0xB1, 0xE5, 0xB1, 0xE5, 0xB1, 0xE5,
    0xB2, 0xE5, 0xB2, 0xE5, 0xB1, 0xE5, 0xB1, 0xE5, 0x91, 0xDD, 0x91, 0xDD, 0x91, 0xDD, 0x70, 0xDD,
    0x50, 0xD5, 0x50, 0xD5, 0x50, 0xD5, 0xEE, 0xCC, 0x2F, 0xD5, 0x0F, 0xCD, 0xCE, 0xC4, 0xEF, 0xCC,
    0xEE, 0xC4, 0xEF, 0xCC, 0xEF, 0xCC, 0xEF, 0xCC, 0xAE, 0xC4, 0x4D, 0xB4, 0xEF, 0xC4, 0x10, 0xCD,
    0xCF, 0xC4, 0x8E, 0xBC, 0x2D, 0xAC, 0xCF, 0xBC, 0x10, 0xC5, 0x8E, 0xB4, 0x0C, 0xA4, 0x0C, 0xA4,
    0x2D, 0xAC, 0x0C, 0xA4, 0xEC, 0x9B, 0x4D, 0xA4, 0x0C, 0x9C, 0x2C, 0xA4, 0x8E, 0xB4, 0xCF, 0xBC,
    0x31, 0xCD, 0xB3, 0xD5, 0x15, 0xE6, 0xF4, 0xDD, 0x92, 0xD5, 0x71, 0xCD, 0x71, 0xD5, 0x35, 0xEE,
    0x55, 0xEE, 0x55, 0xEE, 0x76, 0xEE, 0x34, 0xE6, 0x55, 0xEE, 0xD3, 0xDD, 0xB2, 0xDD, 0x14, 0xE6,
    0xF3, 0xE5, 0xF3, 0xE5, 0x13, 0xE6, 0x54, 0xF6, 0x34, 0xEE, 0xF3, 0xE5, 0xF2, 0xE5, 0x54, 0xF6,
    0x54, 0xF6, 0x13, 0xEE, 0xF2, 0xE5, 0xD1, 0xE5, 0x2F, 0xCD, 0x4F, 0xD5, 0x90, 0xE5, 0x6F, 0xDD,
    0x6F, 0xDD, 0x4F, 0xD5, 0x0E, 0xCD, 0x6D, 0xB4, 0xEB, 0x9B, 0xAD, 0xBC, 0xCB, 0x9B, 0x0B, 0xA4,
    0x49, 0x93, 0x48, 0x8B, 0x28, 0x8B, 0x49, 0x8B, 0x69, 0x8B, 0x28, 0x83, 0x28, 0x83, 0x28, 0x83,
    0x28, 0x83, 0x28, 0x83, 0xE7, 0x82, 0xE7, 0x82, 0xE7, 0x7A, 0xE7, 0x7A, 0xE7, 0x82, 0x07, 0x83,
    0x07, 0x83, 0x48, 0x8B, 0x89, 0x93, 0xA9, 0x9B, 0xEB, 0xA3, 0x0B, 0xA4, 0x0B, 0xAC, 0x2C, 0xB4,
    0x4C, 0xB4, 0x6C, 0xB4, 0x6C, 0xBC, 0x8C, 0xC4, 0x8D, 0xC4, 0xAD, 0xC4, 0xAD, 0xC4, 0xCD, 0xC4,
    0xCD, 0xCC, 0xEE, 0xCC, 0xEE, 0xCC, 0xEE, 0xCC, 0x0E, 0xD5, 0x0E, 0xD5, 0x2F, 0xD5, 0x2F, 0xD5,
    0x2F, 0xD5, 0x4F, 0xDD, 0x4F, 0xDD, 0x4F, 0xDD, 0x4F, 0xDD, 0x50, 0xDD, 0x70, 0xDD, 0x70, 0xDD,
    0x70, 0xDD, 0x91, 0xDD, 0x70, 0xDD, 0x91, 0xE5, 0x91, 0xDD, 0x91, 0xDD, 0xB1, 0xDD, 0xB1, 0xE5,
    0xD2, 0xE5, 0xB1, 0xE5, 0x91, 0xDD, 0x91, 0xDD, 0xB1, 0xDD, 0x91, 0xDD, 0x70, 0xDD, 0x2F, 0xD5,
    0x50, 0xD5, 0x2F, 0xD5, 0xEF, 0xCC, 0x30, 0xD5, 0xEE, 0xC4, 0xEF, 0xCC, 0xCE, 0xCC, 0xEF, 0xCC,
    0xEE, 0xCC, 0xEF, 0xCC, 0xAE, 0xC4, 0x6D, 0xBC, 0x0F, 0xCD, 0x0F, 0xCD, 0xAE, 0xC4, 0xCE, 0xBC,
    0x8E, 0xB4, 0x51, 0xD5, 0xEF, 0xC4, 0x2C, 0xA4, 0x8E, 0xB4, 0xAF, 0xBC, 0x4D, 0xAC, 0xCB, 0x9B,
    0xAB, 0x9B, 0xCB, 0x9B, 0x0C, 0xA4, 0x4D, 0xAC, 0x2D, 0xA4, 0x8E, 0xB4, 0xAE, 0xB4, 0x10, 0xC5,
    0x51, 0xCD, 0x92, 0xD5, 0x14, 0xE6, 0x56, 0xEE, 0x14, 0xE6, 0xD3, 0xDD, 0xB3, 0xD5, 0x35, 0xE6,
    0x55, 0xEE, 0x55, 0xEE, 0x76, 0xF6, 0x35, 0xEE, 0x35, 0xEE, 0xD3, 0xDD, 0xD3, 0xDD, 0x13, 0xE6,
    0xF3, 0xE5, 0xF3, 0xE5, 0xF3, 0xE5, 0x34, 0xEE, 0x33, 0xEE, 0xF2, 0xE5, 0xF2, 0xE5, 0x33, 0xF6,
    0x54, 0xF6, 0xF2, 0xE5, 0xD1, 0xE5, 0x70, 0xD5, 0x2F, 0xCD, 0x90, 0xE5, 0x90, 0xDD, 0x6F, 0xDD,
    0x4F, 0xD5, 0x4F, 0xD5, 0xCE, 0xC4, 0xEB, 0x9B, 0x8D, 0xBC, 0x2C, 0xAC, 0xEA, 0xA3, 0xEB, 0xA3,
    0x0B, 0xA4, 0x0B, 0xA4, 0xCB, 0x9B, 0xCA, 0x9B, 0xCB, 0x9B, 0xCA, 0x9B, 0xAA, 0x9B, 0x8A, 0x93,
    0x89, 0x93, 0x68, 0x93, 0x28, 0x8B, 0x07, 0x8B, 0x07, 0x83, 0xE7, 0x82, 0x07, 0x83, 0xE6, 0x82,
    0x27, 0x8B, 0x48, 0x93, 0x69, 0x9B, 0x89, 0x9B, 0xCA, 0xA3, 0xEA, 0xA3, 0x0B, 0xAC, 0x2B, 0xB4,
    0x4B, 0xB4, 0x4C, 0xB4, 0x6C, 0xBC, 0x6C, 0xBC, 0x8C, 0xC4, 0xAD, 0xC4, 0xAD, 0xC4, 0xCD, 0xC4,
    0xCD, 0xCC, 0xEE, 0xCC, 0xEE, 0xCC, 0x0E, 0xD5, 0x0E, 0xD5, 0x0E, 0xD5, 0x2F, 0xD5, 0x2F, 0xD5,
    0x2F, 0xD5, 0x4F, 0xDD, 0x4F, 0xDD, 0x50, 0xDD, 0x70, 0xDD, 0x70, 0xDD, 0x70, 0xDD, 0x70, 0xDD,
    0x91, 0xDD, 0x91, 0xDD, 0x91, 0xDD, 0xB1, 0xE5, 0x91, 0xDD, 0xB1, 0xDD, 0xB1, 0xDD, 0xB2, 0xE5,
    0xB1, 0xE5, 0x91, 0xDD, 0x91, 0xDD, 0x91, 0xDD, 0x91, 0xDD, 0x50, 0xD5, 0x2F, 0xCD, 0x70, 0xD5,
    0x0F, 0xCD, 0x50, 0xD5, 0x0F, 0xCD, 0x0F, 0xCD, 0xEE, 0xCC, 0x0F, 0xCD, 0x0F, 0xCD, 0x0F, 0xD5,
    0xAE, 0xC4, 0xAD, 0xC4, 0x0F, 0xCD, 0x0F, 0xCD, 0x8D, 0xBC, 0xAE, 0xC4, 0xAE, 0xBC, 0x30, 0xCD,
    0x8D, 0xB4, 0x2C, 0xAC, 0xEF, 0xC4, 0x2D, 0xAC, 0xEC, 0x9B, 0x2D, 0xA4, 0x6E, 0xAC, 0xAF, 0xB4,
    0xAE, 0xB4, 0x8E, 0xB4, 0xAF, 0xBC, 0xAF, 0xB4, 0x8E, 0xB4, 0xF0, 0xBC, 0xAE, 0xB4, 0x10, 0xC5,
    0x72, 0xD5, 0x92, 0xD5, 0xB3, 0xD5, 0xF4, 0xDD, 0x35, 0xE6, 0xF4, 0xDD, 0xB3, 0xD5, 0x35, 0xEE,
    0x56, 0xEE, 0x55, 0xEE, 0x76, 0xF6, 0x55, 0xEE, 0x55, 0xEE, 0xB2, 0xDD, 0xF3, 0xE5, 0x14, 0xE6,
    0x13, 0xE6, 0xD2, 0xE5, 0xF3, 0xE5, 0x33, 0xEE, 0x13, 0xEE, 0xF2, 0xE5, 0xF3, 0xE5, 0x33, 0xEE,
    0x33, 0xEE, 0xD2, 0xE5, 0xB1, 0xE5, 0x2F, 0xD5, 0x90, 0xDD, 0x90, 0xE5, 0x90, 0xDD, 0x4F, 0xDD,
    0x4F, 0xDD, 0xEE, 0xC4, 0x4C, 0xAC, 0x2C, 0xAC, 0xCE, 0xC4, 0xCA, 0x9B, 0x2C, 0xAC, 0x4C, 0xAC,
    0x4D, 0xAC, 0x6D, 0xB4, 0x6D, 0xAC, 0x2C, 0xAC, 0x2C, 0xA4, 0x2C, 0xAC, 0x0B, 0xA4, 0xCA, 0x9B,
    0xAA, 0x9B, 0xA9, 0x9B, 0x68, 0x93, 0x47, 0x93, 0x27, 0x8B, 0x07, 0x8B, 0x07, 0x8B, 0x06, 0x8B,
    0x27, 0x93, 0x68, 0x93, 0x68, 0x9B, 0x89, 0x9B, 0xA9, 0xA3, 0xCA, 0xA3, 0xEA, 0xAB, 0x0A, 0xAC,
    0x2B, 0xB4, 0x2B, 0xB4, 0x4B, 0xBC, 0x6C, 0xBC, 0x6C, 0xBC, 0xAD, 0xC4, 0xAD, 0xC4, 0xCD, 0xC4,
    0xEE, 0xCC, 0xEE, 0xCC, 0xEE, 0xCC, 0x0E, 0xCD, 0x0E, 0xD5, 0x0E, 0xD5, 0x2E, 0xD5, 0x2F, 0xD5,
    0x4F, 0xD5, 0x4F, 0xDD, 0x4F, 0xDD, 0x70, 0xDD, 0x70, 0xDD, 0x70, 0xDD, 0x90, 0xDD, 0x91, 0xDD,
    0x91, 0xDD, 0x91, 0xDD, 0x91, 0xDD, 0xB2, 0xDD, 0xB2, 0xDD, 0x91, 0xDD, 0xB2, 0xDD, 0xB1, 0xDD,
    0xB1, 0xDD, 0x91, 0xDD, 0x91, 0xDD, 0x91, 0xDD, 0x50, 0xD5, 0x50, 0xD5, 0x50, 0xD5, 0x0F, 0xCD,
    0x4F, 0xD5, 0x0F, 0xCD, 0x2F, 0xD5, 0x0F, 0xCD, 0x4F, 0xD5, 0x50, 0xD5, 0xEE, 0xCC, 0xEE, 0xCC,
    0x2F, 0xD5, 0x0F, 0xD5, 0x0E, 0xCD, 0x0F, 0xCD, 0x0F, 0xCD, 0x30, 0xCD, 0xAE, 0xBC, 0x8E, 0xBC,
    0xAE, 0xBC, 0x0C, 0xA4, 0x4D, 0xAC, 0xAE, 0xBC, 0xCF, 0xBC, 0xEF, 0xC4, 0xAF, 0xBC, 0xAE, 0xBC,
    0xCF, 0xBC, 0xEF, 0xBC, 0xEF, 0xC4, 0xCF, 0xBC, 0x10, 0xC5, 0x10, 0xC5, 0xAE, 0xBC, 0x51, 0xCD,
    0x92, 0xD5, 0xB3, 0xDD, 0xB2, 0xD5, 0xB3, 0xDD, 0x14, 0xE6, 0x14, 0xE6, 0xD3, 0xDD, 0x35, 0xE6,
    0x55, 0xEE, 0x55, 0xF6, 0x76, 0xF6, 0x75, 0xF6, 0x35, 0xEE, 0xD3, 0xDD, 0x13, 0xE6, 0xF3, 0xE5,
    0x13, 0xEE, 0xB2, 0xDD, 0x13, 0xEE, 0x33, 0xEE, 0x13, 0xEE, 0x13, 0xE6, 0x13, 0xEE, 0x33, 0xEE,
    0xF2, 0xED, 0xD1, 0xE5, 0x70, 0xD5, 0x70, 0xDD, 0x90, 0xE5, 0x90, 0xDD, 0x6F, 0xDD, 0x4F, 0xDD,
    0xEE, 0xCC, 0xAD, 0xBC, 0xEB, 0x9B, 0xEE, 0xC4, 0x0B, 0xAC, 0x8E, 0xB4, 0x8E, 0xB4, 0x8E, 0xB4,
    0xAE, 0xBC, 0xCF, 0xBC, 0xCF, 0xBC, 0x8E, 0xB4, 0x8D, 0xB4, 0x6D, 0xB4, 0x4C, 0xAC, 0x0B, 0xA4,
    0xEA, 0xA3, 0xA9, 0x9B, 0x88, 0x9B, 0x68, 0x93, 0x27, 0x93, 0x27, 0x93, 0x27, 0x93, 0x27, 0x93,
    0x47, 0x93, 0x48, 0x93, 0x68, 0x9B, 0x88, 0x9B, 0xA9, 0xA3, 0xA9, 0xA3, 0xC9, 0xAB, 0x0A, 0xAC,
    0x2B, 0xB4, 0x2B, 0xB4, 0x4B, 0xBC, 0x6B, 0xBC, 0x8C, 0xC4, 0x8C, 0xC4, 0xAD, 0xC4, 0xCD, 0xCC,
    0xED, 0xCC, 0xEE, 0xCC, 0x0E, 0xD5, 0x0E, 0xD5, 0x0E, 0xD5, 0x0E, 0xD5, 0x2F, 0xD5, 0x4F, 0xD5,
    0x4F, 0xD5, 0x70, 0xDD, 0x70, 0xDD, 0x70, 0xDD, 0x70, 0xDD, 0x70, 0xDD, 0x90, 0xDD, 0x91, 0xDD,
    0x91, 0xDD, 0x91, 0xDD, 0x91, 0xDD, 0xB1, 0xDD, 0xB1, 0xDD, 0x91, 0xDD, 0xB1, 0xDD, 0x91, 0xDD,
    0x91, 0xDD, 0x91, 0xDD, 0x70, 0xDD, 0x50, 0xD5, 0x70, 0xDD, 0x4F, 0xD5, 0x4F, 0xD5, 0x2F, 0xD5,
    0x2F, 0xD5, 0x2F, 0xD5, 0x4F, 0xD5, 0x50, 0xD5, 0x0F, 0xCD, 0x0F, 0xCD, 0x50, 0xDD, 0x2F, 0xD5,
    0x50, 0xD5, 0x50, 0xD5, 0x2F, 0xD5, 0x2F, 0xCD, 0x0F, 0xCD, 0xEE, 0xC4, 0xAE, 0xBC, 0x6D, 0xB4,
    0xEF, 0xC4, 0x0F, 0xC5, 0xAE, 0xBC, 0x0F, 0xC5, 0x30, 0xCD, 0x30, 0xCD, 0x30, 0xCD, 0x51, 0xCD,
    0x51, 0xCD, 0x91, 0xD5, 0x71, 0xD5, 0x30, 0xCD, 0x71, 0xCD, 0xEF, 0xC4, 0x30, 0xCD, 0x71, 0xD5,
    0xB2, 0xDD, 0xF3, 0xE5, 0xF4, 0xE5, 0xD3, 0xDD, 0xD3, 0xDD, 0xF4, 0xE5, 0xF3, 0xDD, 0xF4, 0xE5,
    0x55, 0xEE, 0x55, 0xEE, 0x76, 0xF6, 0x75, 0xF6, 0x34, 0xEE, 0xF3, 0xE5, 0xF3, 0xE5, 0x13, 0xEE,
    0xF3, 0xE5, 0xD2, 0xDD, 0x33, 0xEE, 0x13, 0xEE, 0xF2, 0xE5, 0x13, 0xE6, 0x13, 0xEE, 0xF2, 0xED,
    0xF2, 0xE5, 0x91, 0xDD, 0x4F, 0xD5, 0x90, 0xDD, 0x90, 0xDD, 0x70, 0xDD, 0x6F, 0xDD, 0x2F, 0xD5,
    0xCD, 0xC4, 0xEB, 0xA3, 0x6C, 0xB4, 0xAD, 0xC4, 0xEF, 0xC4, 0x0F, 0xC5, 0x0F, 0xC5, 0x0F, 0xC5,
    0x0F, 0xC5, 0x0F, 0xC5, 0x10, 0xC5, 0xEF, 0xC4, 0xEF, 0xC4, 0xCE, 0xBC, 0x8E, 0xB4, 0x4C, 0xB4,
    0x2C, 0xAC, 0xEA, 0xA3, 0xC9, 0xA3, 0x89, 0x9B, 0x68, 0x9B, 0x67, 0x9B, 0x47, 0x93, 0x47, 0x93,
    0x47, 0x9B, 0x47, 0x9B, 0x68, 0x9B, 0x88, 0x9B, 0x88, 0xA3, 0xC9, 0xA3, 0xC9, 0xAB, 0xEA, 0xAB,
    0x0A, 0xAC, 0x2B, 0xB4, 0x4B, 0xBC, 0x6C, 0xBC, 0x8C, 0xC4, 0xAD, 0xC4, 0xCD, 0xCC, 0xCD, 0xCC,
    0xED, 0xCC, 0xEE, 0xCC, 0xEE, 0xD4, 0x0E, 0xD5, 0x0E, 0xD5, 0x2F, 0xD5, 0x2F, 0xD5, 0x4F, 0xD5,
    0x70, 0xDD, 0x70, 0xDD, 0x70, 0xDD, 0x70, 0xDD, 0x70, 0xDD, 0x70, 0xDD, 0x91, 0xDD, 0x91, 0xDD,
    0x91, 0xDD, 0x91, 0xDD, 0x91, 0xDD, 0xB1, 0xDD, 0x91, 0xDD, 0x91, 0xDD, 0x91, 0xDD, 0x70, 0xDD,
    0x91, 0xDD, 0x70, 0xDD, 0x4F, 0xD5, 0x50, 0xD5, 0x4F, 0xD5, 0x50, 0xD5, 0x2F, 0xD5, 0x50, 0xDD,
    0x2F, 0xD5, 0x70, 0xDD, 0x50, 0xD5, 0x0F, 0xD5, 0x70, 0xDD, 0x70, 0xDD, 0x70, 0xDD, 0x70, 0xDD,
    0x70, 0xDD, 0x50, 0xD5, 0x50, 0xD5, 0x0F, 0xCD, 0xCE, 0xC4, 0x0F, 0xCD, 0x50, 0xD5, 0x30, 0xCD,
    0x50, 0xCD, 0xB1, 0xDD, 0xB1, 0xDD, 0x91, 0xD5, 0xB1, 0xDD, 0xD2, 0xDD, 0xD2, 0xE5, 0xD3, 0xE5,
    0xF2, 0xE5, 0xD2, 0xE5, 0xD2, 0xDD, 0xD2, 0xDD, 0xB2, 0xDD, 0xEF, 0xC4, 0xD3, 0xE5, 0xF3, 0xE5,
    0xF3, 0xE5, 0x14, 0xEE, 0x35, 0xEE, 0x34, 0xEE, 0x14, 0xE6, 0x14, 0xE6, 0xF3, 0xE5, 0xD3, 0xDD,
    0x14, 0xE6, 0x75, 0xF6, 0x75, 0xF6, 0x55, 0xEE, 0x34, 0xEE, 0x34, 0xEE, 0xD3, 0xE5, 0xD2, 0xE5,
    0xD2, 0xDD, 0xD2, 0xDD, 0x13, 0xEE, 0xF2, 0xED, 0x13, 0xEE, 0xF2, 0xE5, 0xF2, 0xED, 0xF2, 0xE5,
    0xB1, 0xE5, 0x50, 0xD5, 0x70, 0xDD, 0x90, 0xE5, 0x90, 0xDD, 0x70, 0xDD, 0x6F, 0xDD, 0x0E, 0xCD,
    0x4C, 0xB4, 0xCB, 0x9B, 0x4F, 0xD5, 0x0F, 0xC5, 0x0F, 0xCD, 0x2F, 0xCD, 0x30, 0xCD, 0x50, 0xD5,
    0x50, 0xD5, 0x50, 0xCD, 0x50, 0xCD, 0x50, 0xCD, 0x30, 0xCD, 0x0F, 0xC5, 0xCE, 0xBC, 0x8E, 0xBC,
    0x6D, 0xB4, 0x2B, 0xAC, 0x0B, 0xAC, 0xC9, 0xA3, 0x88, 0xA3, 0x68, 0x9B, 0x47, 0x9B, 0x67, 0x9B,
    0x68, 0x9B, 0x67, 0x9B, 0x88, 0x9B, 0x88, 0xA3, 0x88, 0xA3, 0xA9, 0xA3, 0xC9, 0xA3, 0xC9, 0xAB,
    0x0A, 0xB4, 0x2B, 0xB4, 0x4B, 0xBC, 0x6C, 0xBC, 0x8C, 0xC4, 0xAD, 0xC4, 0xCD, 0xCC, 0xCD, 0xCC,
    0xED, 0xCC, 0xEE, 0xCC, 0x0E, 0xD5, 0x0E, 0xD5, 0x0E, 0xD5, 0x2F, 0xD5, 0x4F, 0xD5, 0x50, 0xDD,
    0x70, 0xDD, 0x70, 0xDD, 0x70, 0xDD, 0x70, 0xDD, 0x91, 0xDD, 0x70, 0xDD, 0x91, 0xDD, 0x91, 0xDD,
    0x91, 0xDD, 0x91, 0xDD, 0xB1, 0xDD, 0xB1, 0xDD, 0x91, 0xDD, 0x70, 0xDD, 0x91, 0xDD, 0x91, 0xDD,
    0x70, 0xDD, 0x70, 0xDD, 0x4F, 0xD5, 0x70, 0xDD, 0x50, 0xD5, 0x4F, 0xD5, 0x4F, 0xD5, 0x50, 0xD5,
    0x70, 0xDD, 0x4F, 0xD5, 0x70, 0xDD, 0x90, 0xDD, 0x90, 0xDD, 0x90, 0xDD, 0x70, 0xDD, 0x70, 0xD5,
    0x70, 0xDD, 0x4F, 0xD5, 0x2F, 0xCD, 0x70, 0xD5, 0x70, 0xD5, 0x71, 0xD5, 0xB1, 0xDD, 0xB1, 0xDD,
    0x91, 0xDD, 0xB1, 0xDD, 0xD1, 0xE5, 0xD2, 0xE5, 0xD2, 0xE5, 0xF2, 0xE5, 0xF2, 0xE5, 0xF3, 0xE5,
    0x13, 0xE6, 0x13, 0xEE, 0xF3, 0xE5, 0x33, 0xEE, 0xB2, 0xDD, 0x92, 0xD5, 0x75, 0xF6, 0x34, 0xEE,
    0x54, 0xEE, 0x55, 0xEE, 0x55, 0xEE, 0x55, 0xEE, 0x34, 0xEE, 0x14, 0xE6, 0x34, 0xEE, 0xF3, 0xE5,
    0x14, 0xE6, 0x55, 0xEE, 0x75, 0xF6, 0x35, 0xEE, 0x34, 0xEE, 0x13, 0xEE, 0xD2, 0xDD, 0xD2, 0xE5,
    0xB2, 0xDD, 0xD2, 0xE5, 0xF3, 0xE5, 0x13, 0xEE, 0x13, 0xEE, 0xF2, 0xE5, 0xF2, 0xE5, 0xD1, 0xE5,
    0x70, 0xDD, 0x50, 0xD5, 0x90, 0xE5, 0x90, 0xDD, 0x6F, 0xDD, 0x90, 0xDD, 0x2F, 0xD5, 0xAD, 0xC4,
    0x89, 0x93, 0xEE, 0xCC, 0x0F, 0xCD, 0x2F, 0xCD, 0x50, 0xD5, 0x50, 0xD5, 0x71, 0xD5, 0x71, 0xD5,
    0x91, 0xDD, 0x91, 0xDD, 0x91, 0xDD, 0x71, 0xD5, 0x71, 0xD5, 0x30, 0xCD, 0xEF, 0xC4, 0xCE, 0xC4,
    0x8D, 0xBC, 0x6C, 0xB4, 0x2B, 0xB4, 0xEA, 0xAB, 0xC9, 0xA3, 0xA8, 0xA3, 0x88, 0xA3, 0x88, 0xA3,
    0x88, 0xA3, 0x88, 0x9B, 0x88, 0x9B, 0x88, 0xA3, 0xA8, 0xA3, 0xA8, 0xA3, 0xA8, 0xA3, 0xE9, 0xAB,
    0x0A, 0xB4, 0x2B, 0xB4, 0x4B, 0xBC, 0x6C, 0xBC, 0x8C, 0xC4, 0xAC, 0xC4, 0xCD, 0xCC, 0xCD, 0xCC,
    0xED, 0xCC, 0xED, 0xCC, 0x0E, 0xD5, 0x0E, 0xD5, 0x2F, 0xD5, 0x4F, 0xDD, 0x4F, 0xD5, 0x70, 0xDD,
    0x70, 0xDD, 0x70, 0xDD, 0x70, 0xDD, 0x90, 0xDD, 0x91, 0xDD, 0x70, 0xDD, 0x91, 0xDD, 0xB1, 0xDD,
    0x91, 0xDD, 0x91, 0xDD, 0xB1, 0xDD, 0xB1, 0xDD, 0x70, 0xDD, 0x70, 0xDD, 0x91, 0xDD, 0x70, 0xDD,
    0x70, 0xDD, 0x50, 0xD5, 0x70, 0xDD, 0x50, 0xDD, 0x50, 0xDD, 0x50, 0xDD, 0x70, 0xDD, 0x70, 0xDD,
    0x70, 0xDD, 0x90, 0xDD, 0x90, 0xDD, 0x90, 0xDD, 0x90, 0xDD, 0x90, 0xDD, 0x90, 0xDD, 0x70, 0xDD,
    0x70, 0xD5, 0x90, 0xDD, 0x70, 0xD5, 0x91, 0xDD, 0xB1, 0xDD, 0xB1, 0xDD, 0xB1, 0xE5, 0xB1, 0xDD,
    0xD1, 0xE5, 0xD2, 0xE5, 0xF2, 0xE5, 0xF2, 0xE5, 0xF2, 0xE5, 0xF3, 0xE5, 0x13, 0xEE, 0x13, 0xEE,
    0x34, 0xEE, 0x13, 0xE6, 0x13, 0xE6, 0x54, 0xF6, 0x92, 0xD5, 0xD3, 0xDD, 0x75, 0xF6, 0x75, 0xEE,
    0x76, 0xF6, 0x76, 0xF6, 0x76, 0xF6, 0x76, 0xF6, 0x75, 0xF6, 0x54, 0xEE, 0x54, 0xEE, 0x34, 0xEE,
    0x34, 0xEE, 0x34, 0xEE, 0x55, 0xEE, 0x34, 0xEE, 0x34, 0xEE, 0xF3, 0xE5, 0xF2, 0xE5, 0xD2, 0xDD,
    0x91, 0xDD, 0xB2, 0xDD, 0xF3, 0xE5, 0x12, 0xEE, 0xF2, 0xED, 0xF2, 0xE5, 0xF2, 0xE5, 0xB1, 0xDD,
    0x2F, 0xCD, 0x90, 0xDD, 0xB0, 0xE5, 0x6F, 0xDD, 0x90, 0xE5, 0x6F, 0xDD, 0x0E, 0xCD, 0xCA, 0x9B,
    0x2C, 0xB4, 0x0F, 0xCD, 0x2F, 0xCD, 0x50, 0xD5, 0x70, 0xD5, 0x91, 0xDD, 0x91, 0xDD, 0xB1, 0xDD,
    0xB2, 0xDD, 0xB2, 0xE5, 0xB2, 0xDD, 0xB2, 0xDD, 0x91, 0xDD, 0x71, 0xD5, 0x30, 0xD5, 0x0F, 0xCD,
    0xCE, 0xC4, 0x8D, 0xBC, 0x4C, 0xB4, 0x0B, 0xAC, 0xEA, 0xAB, 0xC9, 0xA3, 0xA8, 0xA3, 0x88, 0xA3,
    0x88, 0xA3, 0x88, 0xA3, 0x67, 0xA3, 0x88, 0xA3, 0x88, 0xA3, 0xA8, 0xA3, 0xC9, 0xAB, 0xE9, 0xAB,
    0x0A, 0xB4, 0x2B, 0xB4, 0x4B, 0xBC, 0x6C, 0xBC, 0x8C, 0xC4, 0xAD, 0xC4, 0xCD, 0xCC, 0xED, 0xCC,
    0xEE, 0xCC, 0xEE, 0xD4, 0x0E, 0xD5, 0x0E, 0xD5, 0x2F, 0xD5, 0x4F, 0xD5, 0x70, 0xDD, 0x70, 0xDD,
    0x70, 0xDD, 0x90, 0xDD, 0x90, 0xDD, 0x90, 0xDD, 0x91, 0xDD, 0x91, 0xDD, 0x91, 0xDD, 0x91, 0xDD,
    0x91, 0xDD, 0x91, 0xDD, 0x91, 0xDD, 0x91, 0xDD, 0x70, 0xDD, 0x90, 0xDD, 0x90, 0xDD, 0x70, 0xDD,
    0x70, 0xDD, 0x70, 0xDD, 0x70, 0xDD, 0x70, 0xDD, 0x50, 0xDD, 0x70, 0xDD, 0x70, 0xDD, 0x70, 0xDD,
    0x90, 0xDD, 0x90, 0xDD, 0x90, 0xDD, 0x70, 0xDD, 0x70, 0xDD, 0x70, 0xDD, 0x70, 0xDD, 0x70, 0xDD,
    0x70, 0xDD, 0x91, 0xDD, 0x91, 0xDD, 0x91, 0xDD, 0xB1, 0xDD, 0xB1, 0xDD, 0xD2, 0xE5, 0xD2, 0xE5,
    0xF2, 0xE5, 0xF2, 0xE5, 0xF3, 0xE5, 0x13, 0xE6, 0x13, 0xEE, 0x34, 0xEE, 0x54, 0xEE, 0x54, 0xEE,
    0x75, 0xEE, 0x13, 0xE6, 0x34, 0xEE, 0x55, 0xEE, 0x92, 0xD5, 0x34, 0xEE, 0xB6, 0xF6, 0xB6, 0xF6,
    0x96, 0xF6, 0x96, 0xF6, 0x96, 0xF6, 0xB6, 0xFE, 0x96, 0xF6, 0x55, 0xEE, 0x55, 0xF6, 0x75, 0xF6,
    0x54, 0xEE, 0x34, 0xEE, 0x34, 0xEE, 0x34, 0xEE, 0x34, 0xEE, 0xF2, 0xE5, 0xD2, 0xE5, 0x71, 0xD5,
    0x91, 0xD5, 0xD2, 0xE5, 0xF2, 0xED, 0xF2, 0xED, 0x12, 0xEE, 0xD2, 0xE5, 0xD1, 0xE5, 0x70, 0xDD,
    0x0F, 0xCD, 0xB1, 0xE5, 0x70, 0xDD, 0x70, 0xDD, 0x90, 0xE5, 0x2F, 0xD5, 0x4C, 0xB4, 0xAA, 0x9B,
    0x0E, 0xCD, 0x2F, 0xCD, 0x50, 0xD5, 0x70, 0xD5, 0x91, 0xDD, 0x91, 0xDD, 0xB2, 0xDD, 0xD2, 0xE5,
    0xD2, 0xE5, 0xF3, 0xE5, 0xF3, 0xE5, 0xD3, 0xE5, 0xD2, 0xE5, 0xB2, 0xDD, 0x71, 0xD5, 0x50, 0xD5,
    0xEF, 0xCC, 0xCE, 0xC4, 0x6C, 0xBC, 0x2B, 0xB4, 0x0B, 0xAC, 0xEA, 0xAB, 0xC9, 0xA3, 0xA8, 0xA3,
    0x88, 0xA3, 0x88, 0xA3, 0x88, 0xA3, 0x88, 0xA3, 0xA8, 0xA3, 0xA8, 0xA3, 0xC9, 0xAB, 0xEA, 0xAB,
    0x2A, 0xB4, 0x4B, 0xBC, 0x6B, 0xBC, 0x6C, 0xBC, 0x8C, 0xC4, 0xAD, 0xC4, 0xCD, 0xCC, 0xED, 0xCC,
    0xEE, 0xCC, 0x0E, 0xD5, 0x0E, 0xD5, 0x2F, 0xD5, 0x4F, 0xD5, 0x70, 0xDD, 0x70, 0xDD, 0x70, 0xDD,
    0x90, 0xDD, 0x90, 0xDD, 0x90, 0xDD, 0x91, 0xDD, 0xB1, 0xDD, 0x91, 0xDD, 0x91, 0xDD, 0x91, 0xDD,
    0xB1, 0xDD, 0x91, 0xDD, 0x91, 0xDD, 0x91, 0xDD, 0x90, 0xDD, 0x90, 0xDD, 0x90, 0xDD, 0x70, 0xDD,
    0x70, 0xDD, 0x70, 0xDD, 0x70, 0xDD, 0x70, 0xDD, 0x90, 0xDD, 0x90, 0xDD, 0x90, 0xDD, 0x90, 0xDD,
    0x90, 0xDD, 0x90, 0xDD, 0x90, 0xDD, 0x70, 0xDD, 0x70, 0xDD, 0x70, 0xDD, 0x70, 0xDD, 0x91, 0xDD,
    0x91, 0xDD, 0x91, 0xDD, 0xB1, 0xDD, 0xD2, 0xE5, 0xD2, 0xE5, 0xF2, 0xE5, 0xF2, 0xE5, 0xF2, 0xE5,
    0xF3, 0xED, 0x13, 0xEE, 0x13, 0xEE, 0x34, 0xEE, 0x34, 0xEE, 0x33, 0xEE, 0x34, 0xEE, 0x54, 0xEE,
    0x55, 0xEE, 0x14, 0xE6, 0x75, 0xF6, 0x54, 0xEE, 0x92, 0xD5, 0x75, 0xF6, 0xB7, 0xF6, 0xB7, 0xF6,
    0x96, 0xF6, 0x96, 0xF6, 0xB7, 0xF6, 0xB7, 0xFE, 0x96, 0xF6, 0x75, 0xF6, 0x75, 0xF6, 0x55, 0xF6,
    0x75, 0xF6, 0x54, 0xF6, 0x14, 0xEE, 0x14, 0xEE, 0x13, 0xE6, 0xF3, 0xE5, 0x91, 0xDD, 0x91, 0xD5,
    0xB2, 0xDD, 0xD2, 0xE5, 0xF2, 0xED, 0xF2, 0xED, 0x12, 0xEE, 0xB1, 0xE5, 0x91, 0xDD, 0x50, 0xD5,
    0x2F, 0xD5, 0x90, 0xDD, 0x90, 0xDD, 0xB0, 0xE5, 0x4F, 0xD5, 0xCD, 0xC4, 0xAA, 0x9B, 0xEE, 0xC4,
    0x0F, 0xCD, 0x2F, 0xD5, 0x70, 0xD5, 0x91, 0xDD, 0x91, 0xDD, 0xB1, 0xDD, 0xD2, 0xE5, 0xF3, 0xE5,
    0x13, 0xE6, 0x13, 0xE6, 0x14, 0xE6, 0x13, 0xE6, 0xF3, 0xE5, 0xD2, 0xDD, 0xB2, 0xDD, 0x71, 0xD5,
    0x0F, 0xCD, 0xCE, 0xC4, 0x8D, 0xBC, 0x4C, 0xB4, 0x2B, 0xB4, 0xEA, 0xAB, 0xC9, 0xAB, 0xC9, 0xA3,
    0xA8, 0xA3, 0xA8, 0xA3, 0xA8, 0xA3, 0xA8, 0xA3, 0xA8, 0xA3, 0xC9, 0xAB, 0xE9, 0xAB, 0x0A, 0xB4,
    0x2A, 0xB4, 0x4B, 0xBC, 0x6B, 0xBC, 0x6C, 0xBC, 0x8C, 0xC4, 0xCD, 0xC4, 0xCD, 0xCC, 0xEE, 0xCC,
    0x0E, 0xD5, 0x0E, 0xD5, 0x2F, 0xD5, 0x4F, 0xD5, 0x70, 0xD5, 0x70, 0xDD, 0x90, 0xDD, 0x90, 0xDD,
    0x90, 0xDD, 0xB1, 0xDD, 0xB1, 0xDD, 0xB1, 0xDD, 0xB1, 0xE5, 0xB1, 0xDD, 0x91, 0xDD, 0xB1, 0xDD,
    0xB1, 0xDD, 0x91, 0xDD, 0x90, 0xDD, 0x91, 0xDD, 0x91, 0xDD, 0x90, 0xDD, 0x90, 0xDD, 0x90, 0xDD,
    0x90, 0xDD, 0x90, 0xDD, 0x90, 0xDD, 0x90, 0xE5, 0x90, 0xDD, 0x90, 0xDD, 0x90, 0xDD, 0x90, 0xDD,
    0x90, 0xDD, 0x70, 0xDD, 0x70, 0xDD, 0x70, 0xDD, 0x70, 0xDD, 0x90, 0xDD, 0x90, 0xDD, 0x90, 0xDD,
    0x91, 0xDD, 0xB1, 0xDD, 0xD2, 0xE5, 0xD2, 0xE5, 0xF2, 0xE5, 0xF2, 0xE5, 0xF3, 0xED, 0x13, 0xEE,
    0x33, 0xEE, 0x33, 0xEE, 0x13, 0xEE, 0x13, 0xEE, 0x34, 0xEE, 0x55, 0xEE, 0x55, 0xEE, 0x55, 0xEE,
    0x55, 0xEE, 0x34, 0xEE, 0xB6, 0xFE, 0x14, 0xE6, 0xD3, 0xDD, 0xB6, 0xFE, 0xB7, 0xFE, 0xB7, 0xFE,
    0xB7, 0xF6, 0x97, 0xF6, 0x96, 0xF6, 0x96, 0xFE, 0xB6, 0xFE, 0x96, 0xF6, 0x75, 0xF6, 0x75, 0xF6,
    0x95, 0xF6, 0x75, 0xF6, 0x34, 0xEE, 0x34, 0xEE, 0xF3, 0xE5, 0xD2, 0xE5, 0x91, 0xDD, 0x91, 0xDD,
    0xB2, 0xDD, 0xD2, 0xE5, 0xF2, 0xED, 0xF2, 0xED, 0xF2, 0xED, 0x91, 0xDD, 0x70, 0xD5, 0x2F, 0xD5,
    0x2F, 0xD5, 0x90, 0xDD, 0xB0, 0xE5, 0x90, 0xDD, 0x0E, 0xCD, 0xEB, 0xA3, 0xAD, 0xC4, 0xCE, 0xC4,
    0x0F, 0xCD, 0x50, 0xD5, 0x70, 0xDD, 0x91, 0xDD, 0xB1, 0xDD, 0xD2, 0xE5, 0xF3, 0xE5, 0x13, 0xE6,
    0x34, 0xE6, 0x34, 0xE6, 0x34, 0xEE, 0x34, 0xEE, 0x14, 0xE6, 0xF3, 0xE5, 0xD2, 0xDD, 0x71, 0xD5,
    0x30, 0xCD, 0xEF, 0xC4, 0xAD, 0xC4, 0x4C, 0xB4, 0x2B, 0xB4, 0x0A, 0xAC, 0xEA, 0xAB, 0xC9, 0xA3,
    0xA9, 0xA3, 0xA8, 0xA3, 0xA8, 0xA3, 0xA8, 0xA3, 0xC9, 0xA3, 0xC9, 0xAB, 0xE9, 0xAB, 0x0A, 0xB4,
    0x2A, 0xB4, 0x4B, 0xBC, 0x6B, 0xBC, 0x6C, 0xBC, 0xAD, 0xC4, 0xED, 0xCC, 0xEE, 0xCC, 0x0E, 0xCD,
    0x2F, 0xD5, 0x2F, 0xD5, 0x4F, 0xD5, 0x70, 0xDD, 0x70, 0xDD, 0x70, 0xDD, 0x91, 0xDD, 0xB1, 0xDD,
    0xB1, 0xDD, 0xB1, 0xDD, 0xB1, 0xDD, 0xB1, 0xDD, 0xB1, 0xDD, 0xB1, 0xDD, 0xB1, 0xDD, 0xB1, 0xDD,
    0x91, 0xDD, 0x91, 0xDD, 0xB1, 0xDD, 0x91, 0xDD, 0x90, 0xDD, 0x91, 0xDD, 0x91, 0xDD, 0x90, 0xDD,
    0x91, 0xDD, 0x91, 0xDD, 0x91, 0xDD, 0x91, 0xDD, 0x90, 0xDD, 0x90, 0xDD, 0x90, 0xDD, 0x70, 0xDD,
    0x70, 0xDD, 0x70, 0xDD, 0x70, 0xDD, 0x70, 0xDD, 0x70, 0xDD, 0x70, 0xDD, 0x90, 0xDD, 0x91, 0xDD,
    0xB1, 0xE5, 0xB1, 0xE5, 0xD2, 0xE5, 0xF2, 0xE5, 0xF2, 0xED, 0x13, 0xEE, 0x13, 0xE6, 0x13, 0xE6,
    0x34, 0xEE, 0x34, 0xEE, 0x34, 0xEE, 0x34, 0xEE, 0x55, 0xEE, 0x75, 0xF6, 0x75, 0xEE, 0x95, 0xF6,
    0x75, 0xEE, 0x55, 0xEE, 0x95, 0xF6, 0xF3, 0xDD, 0xF3, 0xDD, 0xB6, 0xF6, 0xD7, 0xFE, 0xD7, 0xFE,
    0xD7, 0xFE, 0xB7, 0xF6, 0xB7, 0xF6, 0xB6, 0xF6, 0xB6, 0xFE, 0x96, 0xF6, 0x95, 0xF6, 0x75, 0xF6,
    0x75, 0xF6, 0x75, 0xF6, 0x54, 0xF6, 0x33, 0xEE, 0xD2, 0xE5, 0xD2, 0xE5, 0x91, 0xDD, 0x91, 0xD5,
    0xD2, 0xE5, 0xF2, 0xE5, 0xF2, 0xE5, 0xF2, 0xE5, 0xD1, 0xE5, 0x90, 0xDD, 0x70, 0xDD, 0x0E, 0xCD,
    0x2F, 0xD5, 0x90, 0xE5, 0xB0, 0xE5, 0x4F, 0xD5, 0x6C, 0xBC, 0x8C, 0xBC, 0xAC, 0xC4, 0xCD, 0xCC,
    0x0E, 0xD5, 0x2E, 0xD5, 0x4F, 0xDD, 0x90, 0xDD, 0xD1, 0xE5, 0xF2, 0xE5, 0x13, 0xE6, 0x13, 0xE6,
    0x34, 0xEE, 0x55, 0xEE, 0x55, 0xEE, 0x55, 0xEE, 0x34, 0xE6, 0x14, 0xE6, 0xD3, 0xDD, 0x71, 0xD5,
    0x30, 0xCD, 0xEF, 0xC4, 0x8D, 0xBC, 0x6C, 0xB4, 0x2B, 0xB4, 0x0A, 0xAC, 0xEA, 0xAB, 0xC9, 0xA3,
    0xA9, 0xA3, 0xA8, 0xA3, 0xA8, 0xA3, 0xA9, 0xA3, 0xC9, 0xA3, 0xC9, 0xAB, 0xEA, 0xAB, 0x0A, 0xB4,
    0x2B, 0xB4, 0x4B, 0xBC, 0x6C, 0xBC, 0xAD, 0xC4, 0xCD, 0xC4, 0xEE, 0xCC, 0x0E, 0xD5, 0x2F, 0xD5,
    0x4F, 0xD5, 0x4F, 0xD5, 0x70, 0xDD, 0x70, 0xDD, 0x90, 0xDD, 0x90, 0xDD, 0xB1, 0xDD, 0xB1, 0xDD,
    0xB1, 0xDD, 0xB1, 0xDD, 0xB1, 0xDD, 0xB1, 0xE5, 0xB1, 0xE5, 0xB1, 0xE5, 0xB1, 0xE5, 0xB1, 0xDD,
    0xB1, 0xDD, 0x91, 0xDD, 0x91, 0xDD, 0x91, 0xDD, 0x91, 0xDD, 0x91, 0xDD, 0x91, 0xDD, 0x91, 0xDD,
    0x91, 0xDD, 0x91, 0xDD, 0x91, 0xDD, 0x90, 0xDD, 0x90, 0xDD, 0x90, 0xDD, 0x70, 0xDD, 0x70, 0xDD,
    0x70, 0xDD, 0x4F, 0xDD, 0x4F, 0xDD, 0x70, 0xDD, 0x70, 0xDD, 0x70, 0xDD, 0x90, 0xDD, 0xB1, 0xE5,
    0xB1, 0xE5, 0xD2, 0xE5, 0xF2, 0xE5, 0xF2, 0xE5, 0xF2, 0xE5, 0x13, 0xEE, 0x34, 0xEE, 0x54, 0xEE,
    0x54, 0xEE, 0x54, 0xEE, 0x55, 0xEE, 0x75, 0xF6, 0x75, 0xF6, 0x95, 0xF6, 0x75, 0xEE, 0x96, 0xF6,
    0x75, 0xEE, 0x75, 0xEE, 0x95, 0xF6, 0xB2, 0xDD, 0x14, 0xE6, 0xB7, 0xF6, 0xB7, 0xF6, 0xB7, 0xF6,
    0xB7, 0xF6, 0xB7, 0xF6, 0xB7, 0xF6, 0xB6, 0xF6, 0xB6, 0xF6, 0x96, 0xF6, 0x96, 0xF6, 0x75, 0xF6,
    0x75, 0xF6, 0x75, 0xF6, 0x75, 0xF6, 0x34, 0xEE, 0xF2, 0xE5, 0xF2, 0xE5, 0xD2, 0xE5, 0x91, 0xDD,
    0xB1, 0xE5, 0xD1, 0xE5, 0xB1, 0xE5, 0xB1, 0xE5, 0x90, 0xDD, 0x70, 0xDD, 0x4F, 0xD5, 0x0E, 0xCD,
    0x4F, 0xD5, 0x6F, 0xDD, 0x70, 0xDD, 0x0E, 0xCD, 0x88, 0xA3, 0xA8, 0xA3, 0xC9, 0xAB, 0xE9, 0xB3,
    0x2A, 0xBC, 0x4B, 0xC4, 0x8C, 0xC4, 0xCD, 0xCC, 0x2F, 0xD5, 0x91, 0xDD, 0xF3, 0xE5, 0x34, 0xEE,
    0x55, 0xEE, 0x75, 0xEE, 0x75, 0xEE, 0x55, 0xEE, 0x55, 0xE6, 0x14, 0xE6, 0xD3, 0xDD, 0x92, 0xD5,
    0x30, 0xCD, 0xEF, 0xC4, 0x8D, 0xBC, 0x4C, 0xB4, 0x2B, 0xB4, 0xEA, 0xAB, 0xEA, 0xAB, 0xC9, 0xA3,
    0xA9, 0xA3, 0xA8, 0xA3, 0xA8, 0xA3, 0xA9, 0xA3, 0xC9, 0xAB, 0xE9, 0xAB, 0x0A, 0xAC, 0x2A, 0xB4,
    0x4B, 0xB4, 0x6C, 0xBC, 0x8C, 0xC4, 0xAD, 0xC4, 0xEE, 0xCC, 0x0E, 0xD5, 0x2F, 0xD5, 0x4F, 0xD5,
    0x70, 0xD5, 0x90, 0xDD, 0x90, 0xDD, 0x91, 0xDD, 0x91, 0xDD, 0xB1, 0xDD, 0xB1, 0xDD, 0xB1, 0xDD,
    0xB1, 0xDD, 0xB1, 0xDD, 0xD1, 0xE5, 0xD1, 0xE5, 0xD1, 0xE5, 0xB1, 0xDD, 0xB1, 0xDD, 0xB1, 0xDD,
    0xB1, 0xDD, 0x91, 0xDD, 0x91, 0xDD, 0x91, 0xDD, 0x91, 0xDD, 0x91, 0xDD, 0x91, 0xDD, 0x91, 0xDD,
    0x91, 0xDD, 0x91, 0xDD, 0x91, 0xDD, 0x90, 0xDD, 0x70, 0xDD, 0x70, 0xDD, 0x70, 0xDD, 0x50, 0xDD,
    0x4F, 0xDD, 0x6F, 0xDD, 0x70, 0xDD, 0x70, 0xDD, 0x70, 0xDD, 0x90, 0xDD, 0xB1, 0xE5, 0xB1, 0xE5,
    0xD2, 0xE5, 0xF2, 0xE5, 0xF3, 0xE5, 0x13, 0xEE, 0x34, 0xEE, 0x34, 0xEE, 0x54, 0xEE, 0x55, 0xEE,
    0x75, 0xEE, 0x75, 0xEE, 0x75, 0xF6, 0x96, 0xF6, 0x96, 0xF6, 0x96, 0xF6, 0x96, 0xF6, 0xB6, 0xF6,
    0x75, 0xEE, 0x96, 0xF6, 0x95, 0xF6, 0xB2, 0xD5, 0x14, 0xE6, 0x96, 0xF6, 0xB7, 0xF6, 0xB7, 0xFE,
    0xB7, 0xFE, 0xB7, 0xFE, 0xB7, 0xFE, 0xB6, 0xFE, 0xB6, 0xFE, 0xB6, 0xFE, 0x96, 0xFE, 0x75, 0xF6,
    0x75, 0xF6, 0x95, 0xF6, 0x95, 0xFE, 0x54, 0xF6, 0x13, 0xEE, 0x13, 0xEE, 0xF2, 0xE5, 0xD2, 0xE5,
    0xF2, 0xED, 0xD1, 0xED, 0xB1, 0xE5, 0x90, 0xE5, 0x70, 0xDD, 0x4F, 0xD5, 0x4F, 0xD5, 0x4F, 0xD5,
    0x4F, 0xD5, 0x2F, 0xD5, 0x4F, 0xDD, 0xAA, 0xA3, 0xEB, 0xAB, 0x2C, 0xB4, 0x6D, 0xBC, 0x8D, 0xBC,
    0x8D, 0xBC, 0x8D, 0xBC, 0x8D, 0xC4, 0x8E, 0xC4, 0x8D, 0xC4, 0xAE, 0xCC, 0x50, 0xD5, 0xF3, 0xE5,
    0x55, 0xEE, 0x76, 0xEE, 0x76, 0xEE, 0x76, 0xEE, 0x35, 0xE6, 0xF4, 0xDD, 0xB3, 0xDD, 0x71, 0xD5,
    0x10, 0xCD, 0xAE, 0xC4, 0x8D, 0xBC, 0x4C, 0xB4, 0x0B, 0xAC, 0xEA, 0xAB, 0xCA, 0xA3, 0xC9, 0xA3,
    0xA9, 0xA3, 0xA9, 0xA3, 0xA9, 0xA3, 0xC9, 0xA3, 0xC9, 0xAB, 0xEA, 0xAB, 0x0A, 0xB4, 0x2B, 0xB4,
    0x4B, 0xBC, 0x8C, 0xBC, 0xAD, 0xC4, 0xCD, 0xC4, 0x0E, 0xCD, 0x2F, 0xD5, 0x4F, 0xD5, 0x70, 0xD5,
    0x90, 0xDD, 0x91, 0xDD, 0xB1, 0xDD, 0xB1, 0xDD, 0xB1, 0xDD, 0xD2, 0xDD, 0xD2, 0xDD, 0xD2, 0xDD,
    0xD2, 0xE5, 0xD2, 0xE5, 0xD2, 0xE5, 0xD2, 0xE5, 0xD2, 0xE5, 0xB1, 0xDD, 0xB1, 0xDD, 0xB1, 0xDD,
    0xB1, 0xDD, 0x91, 0xDD, 0x91, 0xDD, 0x90, 0xDD, 0x90, 0xDD, 0x90, 0xDD, 0x90, 0xDD, 0x90, 0xDD,
    0x90, 0xDD, 0x90, 0xDD, 0x70, 0xDD, 0x70, 0xDD, 0x50, 0xDD, 0x50, 0xDD, 0x50, 0xDD, 0x4F, 0xDD,
    0x4F, 0xDD, 0x70, 0xDD, 0x70, 0xDD, 0x90, 0xDD, 0x90, 0xE5, 0xB1, 0xE5, 0xD2, 0xE5, 0xD2, 0xE5,
    0xF2, 0xE5, 0x13, 0xEE, 0x13, 0xEE, 0x34, 0xEE, 0x54, 0xEE, 0x55, 0xEE, 0x75, 0xEE, 0x75, 0xEE,
    0x75, 0xF6, 0x96, 0xF6, 0xB6, 0xF6, 0x96, 0xF6, 0x96, 0xF6, 0xB6, 0xF6, 0xB6, 0xF6, 0xB6, 0xF6,
    0x96, 0xEE, 0xD7, 0xF6, 0x75, 0xF6, 0xD3, 0xDD, 0x55, 0xEE, 0x76, 0xF6, 0x96, 0xF6, 0xB7, 0xF6,
    0xB7, 0xFE, 0xD7, 0xFE, 0xB7, 0xFE, 0xB6, 0xFE, 0xB6, 0xFE, 0xD7, 0xFE, 0x96, 0xFE, 0x95, 0xF6,
    0x95, 0xF6, 0x95, 0xF6, 0x95, 0xF6, 0x75, 0xF6, 0x54, 0xF6, 0x33, 0xEE, 0x13, 0xEE, 0xF2, 0xED,
    0xF2, 0xED, 0xD1, 0xED, 0xB1, 0xE5, 0xB0, 0xE5, 0x70, 0xDD, 0x2F, 0xD5, 0x4F, 0xDD, 0x4F, 0xDD,
    0x4F, 0xD5, 0x2E, 0xD5, 0x2C, 0xAC, 0x4D, 0xAC, 0x6D, 0xB4, 0x6D, 0xB4, 0x6E, 0xB4, 0x8E, 0xBC,
    0xAF, 0xBC, 0xCF, 0xC4, 0x10, 0xCD, 0x10, 0xCD, 0xF0, 0xCC, 0xEF, 0xCC, 0xAE, 0xC4, 0x0F, 0xCD,
    0x14, 0xE6, 0x96, 0xEE, 0x76, 0xEE, 0x56, 0xEE, 0x35, 0xE6, 0xF4, 0xDD, 0x92, 0xD5, 0x30, 0xCD,
    0xEF, 0xC4, 0x8E, 0xBC, 0x4C, 0xB4, 0x2B, 0xB4, 0x0B, 0xAC, 0xEA, 0xAB, 0xC9, 0xA3, 0xA9, 0xA3,
    0xA9, 0xA3, 0xA9, 0xA3, 0xA9, 0xA3, 0xC9, 0xAB, 0xE9, 0xAB, 0x0A, 0xAC, 0x2A, 0xB4, 0x4B, 0xBC,
    0x6C, 0xBC, 0xAD, 0xC4, 0xCD, 0xC4, 0xEE, 0xCC, 0x2F, 0xD5, 0x70, 0xD5, 0x70, 0xDD, 0x91, 0xDD,
    0xB1, 0xDD, 0xB1, 0xDD, 0xD2, 0xDD, 0xD2, 0xDD, 0xD2, 0xE5, 0xD2, 0xE5, 0xD2, 0xE5, 0xD2, 0xE5,
    0xD2, 0xE5, 0xD2, 0xE5, 0xD2, 0xE5, 0xD2, 0xE5, 0xB1, 0xDD, 0x91, 0xDD, 0xB1, 0xDD, 0xB1, 0xDD,
    0x91, 0xDD, 0x91, 0xDD, 0x70, 0xDD, 0x70, 0xDD, 0x70, 0xDD, 0x70, 0xDD, 0x70, 0xDD, 0x70, 0xDD,
    0x70, 0xDD, 0x70, 0xDD, 0x50, 0xDD, 0x4F, 0xD5, 0x4F, 0xD5, 0x2F, 0xD5, 0x4F, 0xD5, 0x4F, 0xDD,
    0x4F, 0xDD, 0x70, 0xDD, 0x70, 0xDD, 0x90, 0xE5, 0xB1, 0xE5, 0xB1, 0xE5, 0xD2, 0xE5, 0xF2, 0xE5,
    0x13, 0xEE, 0x13, 0xEE, 0x34, 0xEE, 0x34, 0xEE, 0x55, 0xEE, 0x55, 0xEE, 0x75, 0xEE, 0x76, 0xEE,
    0x96, 0xF6, 0x96, 0xF6, 0x96, 0xEE, 0xB7, 0xF6, 0xB7, 0xF6, 0xB7, 0xF6, 0xB7, 0xF6, 0xB7, 0xF6,
    0x96, 0xEE, 0xD7, 0xFE, 0x55, 0xEE, 0x14, 0xE6, 0x96, 0xF6, 0x96, 0xF6, 0x96, 0xF6, 0x96, 0xF6,
    0x96, 0xF6, 0xB7, 0xFE, 0xD7, 0xFE, 0xB7, 0xFE, 0xB7, 0xFE, 0xB6, 0xFE, 0x96, 0xF6, 0x96, 0xF6,
    0x95, 0xF6, 0x95, 0xF6, 0x95, 0xFE, 0x95, 0xFE, 0x74, 0xF6, 0x54, 0xF6, 0x33, 0xF6, 0xF2, 0xED,
    0xD1, 0xE5, 0xB1, 0xE5, 0xB0, 0xE5, 0x90, 0xE5, 0x4F, 0xDD, 0x2F, 0xD5, 0x6F, 0xDD, 0x4F, 0xDD,
    0x2E, 0xD5, 0xA8, 0x6A, 0x67, 0x62, 0x67, 0x62, 0xA8, 0x6A, 0x67, 0x62, 0xE6, 0x51, 0x06, 0x5A,
    0x26, 0x5A, 0x67, 0x62, 0xC9, 0x72, 0xAC, 0x93, 0xAF, 0xBC, 0xF0, 0xCC, 0xCF, 0xC4, 0x6D, 0xBC,
    0x92, 0xDD, 0x76, 0xEE, 0x76, 0xEE, 0x56, 0xE6, 0x15, 0xE6, 0xD3, 0xDD, 0x71, 0xD5, 0x0F, 0xC5,
    0xAE, 0xBC, 0x8D, 0xBC, 0x2C, 0xB4, 0x0B, 0xAC, 0xEA, 0xAB, 0xCA, 0xA3, 0xA9, 0xA3, 0xA8, 0xA3,
    0x88, 0xA3, 0xA8, 0xA3, 0xA9, 0xA3, 0xC9, 0xA3, 0xEA, 0xAB, 0x0A, 0xB4, 0x4B, 0xBC, 0x6C, 0xBC,
    0xAD, 0xC4, 0xEE, 0xCC, 0xEE, 0xCC, 0x2F, 0xD5, 0x50, 0xD5, 0x70, 0xDD, 0x91, 0xDD, 0xB1, 0xDD,
    0xD1, 0xE5, 0xD2, 0xE5, 0xD2, 0xE5, 0xD2, 0xE5, 0xF2, 0xE5, 0xF2, 0xE5, 0xF2, 0xE5, 0xD2, 0xE5,
    0xD2, 0xE5, 0xD2, 0xE5, 0xD2, 0xE5, 0xB1, 0xDD, 0xB1, 0xDD, 0x91, 0xDD, 0x91, 0xDD, 0x90, 0xDD,
    0x70, 0xDD, 0x70, 0xDD, 0x50, 0xD5, 0x50, 0xD5, 0x50, 0xD5, 0x50, 0xDD, 0x50, 0xDD, 0x4F, 0xDD,
    0x4F, 0xD5, 0x4F, 0xD5, 0x4F, 0xD5, 0x2F, 0xD5, 0x2F, 0xD5, 0x4F, 0xD5, 0x4F, 0xD5, 0x70, 0xDD,
    0x70, 0xDD, 0x90, 0xDD, 0x90, 0xE5, 0xB1, 0xE5, 0xB1, 0xE5, 0xD2, 0xE5, 0xD2, 0xE5, 0xF3, 0xED,
    0x13, 0xEE, 0x34, 0xEE, 0x34, 0xEE, 0x55, 0xEE, 0x55, 0xEE, 0x75, 0xEE, 0x76, 0xF6, 0x96, 0xF6,
    0x96, 0xF6, 0x96, 0xF6, 0x96, 0xF6, 0xB6, 0xF6, 0xB6, 0xF6, 0xB7, 0xF6, 0xB7, 0xF6, 0xB7, 0xF6,
    0xB7, 0xF6, 0xD7, 0xFE, 0x55, 0xEE, 0x35, 0xEE, 0xD7, 0xFE, 0xD7, 0xFE, 0xD7, 0xFE, 0x96, 0xF6,
    0x96, 0xEE, 0x96, 0xF6, 0xB6, 0xF6, 0xB7, 0xFE, 0xB6, 0xFE, 0xB6, 0xFE, 0x96, 0xF6, 0xB6, 0xFE,
    0x96, 0xFE, 0x95, 0xFE, 0x95, 0xFE, 0x95, 0xF6, 0x74, 0xF6, 0x54, 0xF6, 0x53, 0xF6, 0x12, 0xEE,
    0xD1, 0xED, 0xB1, 0xE5, 0x70, 0xDD, 0x6F, 0xDD, 0x4F, 0xDD, 0x4F, 0xDD, 0x6F, 0xDD, 0x4F, 0xDD,
    0xE6, 0x41, 0xCA, 0x5A, 0x0B, 0x63, 0x89, 0x52, 0x65, 0x31, 0x44, 0x31, 0x03, 0x29, 0xC2, 0x20,
    0xC2, 0x18, 0xC2, 0x18, 0xE2, 0x20, 0x23, 0x31, 0xE6, 0x51, 0x8B, 0x93, 0xEC, 0xAB, 0xCA, 0xAB,
    0x10, 0xCD, 0x55, 0xEE, 0x76, 0xEE, 0x76, 0xEE, 0x15, 0xE6, 0xB3, 0xD5, 0x31, 0xCD, 0xEF, 0xC4,
    0x8E, 0xBC, 0x4C, 0xB4, 0x0B, 0xAC, 0xEA, 0xAB, 0xCA, 0xA3, 0xA9, 0xA3, 0x88, 0xA3, 0x88, 0x9B,
    0x88, 0x9B, 0xA8, 0xA3, 0xA9, 0xA3, 0xEA, 0xAB, 0x0A, 0xB4, 0x4B, 0xB4, 0x6C, 0xBC, 0x8D, 0xC4,
    0xCD, 0xC4, 0x0E, 0xCD, 0x2F, 0xD5, 0x50, 0xD5, 0x90, 0xDD, 0x91, 0xDD, 0xB1, 0xDD, 0xD2, 0xDD,
    0xF2, 0xE5, 0xF2, 0xE5, 0x13, 0xE6, 0x13, 0xE6, 0xF3, 0xE5, 0xF3, 0xE5, 0xF2, 0xE5, 0xF2, 0xE5,
    0xF2, 0xE5, 0xD2, 0xE5, 0xB2, 0xDD, 0xB1, 0xDD, 0x91, 0xDD, 0x91, 0xDD, 0x70, 0xDD, 0x50, 0xDD,
    0x4F, 0xD5, 0x4F, 0xD5, 0x2F, 0xD5, 0x2F, 0xD5, 0x2F, 0xD5, 0x2F, 0xD5, 0x2F, 0xD5, 0x2F, 0xD5,
    0x2F, 0xD5, 0x2F, 0xD5, 0x2F, 0xD5, 0x2F, 0xD5, 0x2F, 0xD5, 0x4F, 0xD5, 0x4F, 0xD5, 0x70, 0xDD,
    0x70, 0xDD, 0x70, 0xDD, 0x91, 0xDD, 0xB1, 0xE5, 0xD2, 0xE5, 0xD2, 0xE5, 0xF3, 0xED, 0x13, 0xEE,
    0x34, 0xEE, 0x54, 0xEE, 0x55, 0xF6, 0x75, 0xF6, 0x75, 0xF6, 0x75, 0xF6, 0x76, 0xF6, 0x96, 0xF6,
    0x96, 0xF6, 0x96, 0xF6, 0x96, 0xF6, 0x97, 0xF6, 0xB7, 0xF6, 0xD7, 0xF6, 0xD7, 0xF6, 0xB7, 0xF6,
    0xB7, 0xF6, 0xD7, 0xF6, 0x34, 0xE6, 0x55, 0xEE, 0xD7, 0xFE, 0xF7, 0xFE, 0xF7, 0xFE, 0xD7, 0xFE,
    0xB6, 0xF6, 0x96, 0xF6, 0x75, 0xF6, 0x75, 0xF6, 0x96, 0xF6, 0x75, 0xF6, 0x75, 0xF6, 0x95, 0xF6,
    0x95, 0xF6, 0x95, 0xF6, 0x75, 0xF6, 0x74, 0xF6, 0x74, 0xF6, 0x54, 0xF6, 0x33, 0xEE, 0xF2, 0xED,
    0xB1, 0xE5, 0x70, 0xDD, 0x6F, 0xDD, 0x6F, 0xDD, 0x4F, 0xDD, 0x8F, 0xE5, 0x6F, 0xE5, 0x0B, 0x63,
    0x4D, 0x6B, 0x0B, 0x63, 0x85, 0x31, 0x65, 0x31, 0xC2, 0x18, 0xA1, 0x18, 0xA1, 0x18, 0xA2, 0x10,
    0xA2, 0x10, 0x61, 0x10, 0xE3, 0x18, 0xC3, 0x18, 0x20, 0x08, 0x23, 0x39, 0x87, 0x7A, 0xE7, 0x8A,
    0xAE, 0xC4, 0x35, 0xE6, 0x76, 0xEE, 0x56, 0xE6, 0xF4, 0xDD, 0x72, 0xD5, 0x10, 0xC5, 0xAE, 0xC4,
    0x6D, 0xBC, 0x4C, 0xB4, 0x0B, 0xAC, 0xCA, 0xA3, 0xA9, 0xA3, 0x88, 0x9B, 0x88, 0x9B, 0x88, 0x9B,
    0x88, 0xA3, 0xA9, 0xA3, 0xC9, 0xA3, 0xEA, 0xAB, 0x2B, 0xB4, 0x4B, 0xBC, 0x8C, 0xBC, 0xAD, 0xC4,
    0xEE, 0xCC, 0x2F, 0xD5, 0x70, 0xDD, 0x91, 0xDD, 0xB1, 0xDD, 0xD2, 0xDD, 0xD2, 0xE5, 0xF3, 0xE5,
    0x13, 0xE6, 0x13, 0xE6, 0x13, 0xE6, 0x13, 0xE6, 0x13, 0xE6, 0xF3, 0xE5, 0xF3, 0xE5, 0xF2, 0xE5,
    0xD2, 0xE5, 0xB2, 0xE5, 0xB1, 0xDD, 0x91, 0xDD, 0x91, 0xDD, 0x70, 0xDD, 0x4F, 0xD5, 0x2F, 0xD5,
    0x2F, 0xD5, 0x2F, 0xD5, 0x2F, 0xD5, 0x0F, 0xD5, 0x0F, 0xD5, 0x0E, 0xD5, 0x0E, 0xD5, 0x0E, 0xD5,
    0xEE, 0xCC, 0x0E, 0xD5, 0x0F, 0xD5, 0x0F, 0xD5, 0x0E, 0xD5, 0x0E, 0xCD, 0x2F, 0xD5, 0x4F, 0xDD,
    0x70, 0xDD, 0x50, 0xDD, 0x2F, 0xDD, 0x0F, 0xDD, 0xEE, 0xD4, 0xEE, 0xD4, 0xEE, 0xD4, 0x0E, 0xD5,
    0x0F, 0xDD, 0x50, 0xDD, 0x91, 0xE5, 0xD2, 0xED, 0x13, 0xEE, 0x54, 0xF6, 0x75, 0xF6, 0x75, 0xF6,
    0x76, 0xF6, 0x96, 0xF6, 0x96, 0xF6, 0x96, 0xF6, 0xB7, 0xF6, 0xD7, 0xFE, 0xD7, 0xFE, 0xB7, 0xF6,
    0xD7, 0xF6, 0xB7, 0xF6, 0x34, 0xE6, 0x96, 0xF6, 0xD7, 0xFE, 0xD7, 0xFE, 0xD7, 0xFE, 0xD7, 0xFE,
    0xD7, 0xFE, 0xB6, 0xFE, 0xB6, 0xF6, 0xB6, 0xF6, 0x75, 0xF6, 0x75, 0xF6, 0x75, 0xF6, 0x75, 0xF6,
    0x75, 0xF6, 0x54, 0xF6, 0x54, 0xF6, 0x54, 0xF6, 0x54, 0xF6, 0x33, 0xEE, 0x12, 0xEE, 0xF2, 0xED,
    0xD1, 0xED, 0x90, 0xE5, 0x90, 0xE5, 0x90, 0xE5, 0x4F, 0xDD, 0x8F, 0xE5, 0x6D, 0x6B, 0x8E, 0x73,
    0xCA, 0x5A, 0x44, 0x29, 0xE3, 0x20, 0xC2, 0x18, 0x81, 0x18, 0xC2, 0x20, 0xC2, 0x18, 0xA2, 0x18,
    0x81, 0x10, 0x86, 0x31, 0x24, 0x21, 0xE4, 0x18, 0x04, 0x19, 0x40, 0x10, 0xE1, 0x40, 0x45, 0x7A,
    0xCF, 0xC4, 0x35, 0xE6, 0x56, 0xE6, 0x36, 0xE6, 0xB3, 0xD5, 0x51, 0xCD, 0xEF, 0xC4, 0x8E, 0xBC,
    0x4C, 0xB4, 0x0B, 0xAC, 0xCA, 0xA3, 0xA9, 0xA3, 0x88, 0x9B, 0x88, 0x9B, 0x68, 0x9B, 0x88, 0x9B,
    0x88, 0xA3, 0xA9, 0xA3, 0xE9, 0xAB, 0x0A, 0xB4, 0x6C, 0xBC, 0x6C, 0xBC, 0xCD, 0xC4, 0xEE, 0xCC,
    0x4F, 0xD5, 0x70, 0xDD, 0x91, 0xDD, 0xB1, 0xE5, 0xD2, 0xE5, 0xF2, 0xE5, 0x13, 0xE6, 0x13, 0xE6,
    0x34, 0xE6, 0x34, 0xE6, 0x33, 0xE6, 0x13, 0xE6, 0x13, 0xE6, 0x13, 0xE6, 0xF3, 0xE5, 0xF2, 0xE5,
    0xD1, 0xDD, 0xB1, 0xDD, 0x91, 0xDD, 0x70, 0xDD, 0x50, 0xD5, 0x2F, 0xD5, 0x0F, 0xD5, 0x0E, 0xD5,
    0x0E, 0xD5, 0x0E, 0xD5, 0x0E, 0xD5, 0xEE, 0xCC, 0xEE, 0xCC, 0xEE, 0xCC, 0xCE, 0xCC, 0xCE, 0xCC,
    0xEE, 0xCC, 0xCE, 0xCC, 0xCD, 0xCC, 0xEE, 0xCC, 0x0E, 0xD5, 0xEE, 0xD4, 0x8C, 0xCC, 0x0B, 0xBC,
    0xCA, 0xB3, 0xAA, 0xB3, 0xCA, 0xBB, 0x0B, 0xBC, 0x2B, 0xBC, 0x2C, 0xC4, 0x2C, 0xC4, 0x2C, 0xC4,
    0x2C, 0xC4, 0x0C, 0xC4, 0xEB, 0xC3, 0x2B, 0xC4, 0x6C, 0xCC, 0xCE, 0xDC, 0x50, 0xE5, 0xF2, 0xF5,
    0x33, 0xF6, 0x54, 0xF6, 0x75, 0xF6, 0x75, 0xF6, 0x96, 0xF6, 0xB6, 0xF6, 0xB7, 0xF6, 0xD7, 0xF6,
    0xF8, 0xFE, 0x96, 0xF6, 0x55, 0xEE, 0xB6, 0xFE, 0xB7, 0xFE, 0xD7, 0xFE, 0xD7, 0xFE, 0xD7, 0xFE,
    0xD6, 0xFE, 0xB6, 0xFE, 0xB6, 0xFE, 0x96, 0xF6, 0x75, 0xF6, 0x95, 0xFE, 0x95, 0xFE, 0x95, 0xFE,
    0x95, 0xFE, 0x95, 0xF6, 0x75, 0xF6, 0x74, 0xF6, 0x54, 0xF6, 0x53, 0xF6, 0x12, 0xF6, 0xF2, 0xED,
    0xB0, 0xED, 0x90, 0xE5, 0x90, 0xE5, 0x4F, 0xDD, 0x6F, 0xDD, 0xEF, 0x7B, 0x10, 0x7C, 0x8A, 0x52,
    0xE3, 0x20, 0xE3, 0x20, 0xA1, 0x18, 0xC2, 0x20, 0x03, 0x29, 0xE2, 0x20, 0xA2, 0x18, 0x82, 0x10,
    0x82, 0x10, 0x20, 0x00, 0x4A, 0x42, 0x36, 0x95, 0xE9, 0x29, 0xA3, 0x10, 0x40, 0x28, 0x66, 0x7A,
    0x71, 0xD5, 0x35, 0xE6, 0x76, 0xEE, 0x15, 0xE6, 0x92, 0xD5, 0x10, 0xCD, 0xCE, 0xC4, 0x6D, 0xB4,
    0x2C, 0xB4, 0xEA, 0xAB, 0xA9, 0xA3, 0x88, 0x9B, 0x88, 0x9B, 0x68, 0x9B, 0x88, 0x9B, 0x88, 0xA3,
    0xA9, 0xA3, 0xEA, 0xAB, 0xEA, 0xAB, 0x4B, 0xBC, 0x8C, 0xC4, 0xCE, 0xCC, 0x0E, 0xCD, 0x50, 0xD5,
    0x91, 0xDD, 0xB1, 0xDD, 0xD2, 0xE5, 0xF2, 0xE5, 0x13, 0xE6, 0x33, 0xE6, 0x34, 0xEE, 0x54, 0xEE,
    0x54, 0xEE, 0x54, 0xEE, 0x34, 0xE6, 0x33, 0xE6, 0x13, 0xE6, 0x13, 0xE6, 0xF3, 0xE5, 0xD2, 0xE5,
    0xB1, 0xDD, 0x91, 0xDD, 0x70, 0xDD, 0x4F, 0xD5, 0x2F, 0xD5, 0x0E, 0xD5, 0xEE, 0xCC, 0xEE, 0xCC,
    0xEE, 0xCC, 0xEE, 0xCC, 0xEE, 0xCC, 0xCD, 0xCC, 0xCD, 0xCC, 0xCD, 0xCC, 0xCD, 0xCC, 0xCD, 0xCC,
    0xCD, 0xCC, 0xCD, 0xCC, 0x8C, 0xC4, 0x89, 0xAB, 0xC6, 0x92, 0xA6, 0x92, 0x07, 0x9B, 0xAA, 0xAB,
    0x0C, 0xB4, 0x4D, 0xBC, 0xAE, 0xBC, 0xCF, 0xC4, 0x10, 0xCD, 0x51, 0xCD, 0x51, 0xD5, 0x72, 0xD5,
    0x93, 0xDD, 0x52, 0xD5, 0x31, 0xCD, 0xAF, 0xC4, 0x2C, 0xBC, 0xCA, 0xBB, 0xA9, 0xBB, 0x0A, 0xCC,
    0xCD, 0xE4, 0xB0, 0xF5, 0x13, 0xF6, 0x54, 0xF6, 0x75, 0xF6, 0x96, 0xF6, 0xB7, 0xF6, 0xD7, 0xF6,
    0xD7, 0xFE, 0x75, 0xEE, 0x55, 0xEE, 0xB6, 0xFE, 0xB6, 0xFE, 0xD7, 0xFE, 0xD7, 0xFE, 0xD6, 0xFE,
    0xB6, 0xFE, 0xB6, 0xFE, 0xB6, 0xFE, 0x95, 0xF6, 0x95, 0xF6, 0xB5, 0xFE, 0x95, 0xFE, 0x95, 0xFE,
    0x95, 0xFE, 0x75, 0xF6, 0x74, 0xF6, 0x54, 0xF6, 0x33, 0xF6, 0x13, 0xEE, 0xF2, 0xED, 0xD1, 0xED,
    0x90, 0xE5, 0x90, 0xE5, 0x70, 0xE5, 0x4F, 0xDD, 0x51, 0x8C, 0x30, 0x84, 0x28, 0x42, 0xE2, 0x18,
    0xC2, 0x18, 0xA1, 0x18, 0x02, 0x29, 0x22, 0x31, 0xE2, 0x28, 0xA1, 0x18, 0x61, 0x10, 0x41, 0x08,
    0x41, 0x08, 0x24, 0x19, 0x4A, 0x3A, 0x0F, 0x43, 0x55, 0x6C, 0x62, 0x08, 0x60, 0x20, 0x28, 0x8B,
    0xB2, 0xDD, 0x76, 0xEE, 0x76, 0xEE, 0xF4, 0xDD, 0x51, 0xCD, 0xEF, 0xC4, 0x8E, 0xBC, 0x4C, 0xB4,
    0x0B, 0xAC, 0xC9, 0xA3, 0x88, 0x9B, 0x88, 0x9B, 0x68, 0x9B, 0x88, 0x9B, 0x88, 0xA3, 0xA8, 0xA3,
    0xC9, 0xAB, 0xEA, 0xAB, 0x4B, 0xBC, 0x8C, 0xC4, 0xCD, 0xCC, 0x2F, 0xD5, 0x70, 0xDD, 0xB1, 0xDD,
    0xD2, 0xE5, 0xF2, 0xE5, 0x13, 0xE6, 0x33, 0xE6, 0x34, 0xEE, 0x55, 0xEE, 0x55, 0xEE, 0x55, 0xEE,
    0x54, 0xEE, 0x55, 0xEE, 0x34, 0xE6, 0x34, 0xE6, 0x33, 0xE6, 0x13, 0xE6, 0xD2, 0xE5, 0xB2, 0xDD,
    0x91, 0xDD, 0x50, 0xDD, 0x2F, 0xD5, 0x0E, 0xD5, 0xEE, 0xCC, 0xCD, 0xCC, 0xCD, 0xCC, 0xCD, 0xCC,
    0xCD, 0xCC, 0xCD, 0xCC, 0xCD, 0xCC, 0xCD, 0xCC, 0xCD, 0xCC, 0xCD, 0xCC, 0xEE, 0xCC, 0xAD, 0xC4,
    0x68, 0x9B, 0x04, 0x72, 0x63, 0x59, 0xC4, 0x59, 0x05, 0x62, 0xC4, 0x59, 0xC5, 0x51, 0xE5, 0x59,
    0xE5, 0x51, 0xE5, 0x59, 0x05, 0x5A, 0x67, 0x6A, 0xE8, 0x7A, 0x29, 0x83, 0xCC, 0x93, 0x2E, 0xA4,
    0xF0, 0xBC, 0x52, 0xC5, 0x15, 0xDE, 0x36, 0xE6, 0xD4, 0xDD, 0x31, 0xCD, 0x4D, 0xBC, 0x28, 0xA3,
    0x27, 0xB3, 0x2A, 0xD4, 0x2F, 0xED, 0xF2, 0xF5, 0x54, 0xF6, 0x75, 0xF6, 0x96, 0xF6, 0xB7, 0xF6,
    0xD7, 0xFE, 0x35, 0xEE, 0x75, 0xEE, 0xB6, 0xFE, 0xB7, 0xFE, 0xD7, 0xFE, 0xD6, 0xFE, 0xD6, 0xFE,
    0xB6, 0xFE, 0xB6, 0xFE, 0xB6, 0xFE, 0x95, 0xF6, 0xB5, 0xFE, 0xB5, 0xFE, 0x95, 0xFE, 0x95, 0xFE,
    0x95, 0xFE, 0x95, 0xFE, 0x74, 0xF6, 0x54, 0xF6, 0x33, 0xF6, 0x12, 0xEE, 0xD1, 0xED, 0xB0, 0xE5,
    0x90, 0xE5, 0x90, 0xE5, 0x6F, 0xE5, 0x91, 0x94, 0x51, 0x8C, 0x27, 0x42, 0xE2, 0x20, 0xE2, 0x20,
    0xC2, 0x20, 0xE1, 0x28, 0xE2, 0x28, 0xC1, 0x20, 0x81, 0x18, 0x40, 0x08, 0x40, 0x08, 0x61, 0x08,
    0x82, 0x10, 0x41, 0x08, 0x0B, 0x2A, 0x5D, 0xAE, 0x2A, 0x3A, 0x00, 0x08, 0x80, 0x28, 0xAA, 0xA3,
    0x34, 0xEE, 0x76, 0xEE, 0x56, 0xE6, 0xB3, 0xDD, 0x30, 0xCD, 0xCF, 0xC4, 0x6D, 0xB4, 0x0B, 0xAC,
    0xCA, 0xA3, 0xA9, 0xA3, 0x88, 0x9B, 0x88, 0x9B, 0x88, 0x9B, 0x88, 0xA3, 0xA8, 0xA3, 0xC9, 0xAB,
    0x0A, 0xAC, 0x4B, 0xBC, 0x8C, 0xC4, 0xEE, 0xCC, 0x2F, 0xD5, 0x70, 0xDD, 0xB1, 0xE5, 0xF2, 0xE5,
    0x13, 0xE6, 0x33, 0xEE, 0x54, 0xEE, 0x54, 0xEE, 0x75, 0xEE, 0x75, 0xEE, 0x75, 0xEE, 0x75, 0xEE,
    0x75, 0xEE, 0x55, 0xE6, 0x34, 0xE6, 0x34, 0xE6, 0x13, 0xE6, 0xF2, 0xE5, 0xB2, 0xDD, 0x91, 0xDD,
    0x70, 0xDD, 0x2F, 0xD5, 0xEE, 0xD4, 0xCD, 0xCC, 0xAD, 0xCC, 0xAC, 0xCC, 0xCD, 0xCC, 0xAD, 0xCC,
    0xAC, 0xCC, 0xAC, 0xCC, 0xCD, 0xCC, 0xCD, 0xCC, 0x0E, 0xD5, 0x4C, 0xBC, 0x65, 0x7A, 0xC4, 0x59,
    0xA4, 0x51, 0xE6, 0x49, 0xA5, 0x39, 0xA1, 0x18, 0x40, 0x08, 0x40, 0x08, 0x40, 0x08, 0x40, 0x08,
    0x40, 0x08, 0x61, 0x10, 0xA1, 0x18, 0xC2, 0x20, 0xE2, 0x20, 0x64, 0x39, 0xA5, 0x41, 0x47, 0x5A,
    0xE9, 0x72, 0xAC, 0x93, 0x8F, 0xB4, 0x72, 0xCD, 0xF5, 0xDD, 0x36, 0xE6, 0xF4, 0xE5, 0xF0, 0xCC,
    0xCB, 0xB3, 0x68, 0xBB, 0xE8, 0xCB, 0xEC, 0xE4, 0xD1, 0xED, 0x33, 0xF6, 0x54, 0xF6, 0x96, 0xFE,
    0xB6, 0xF6, 0x34, 0xEE, 0x76, 0xF6, 0xB6, 0xFE, 0xB6, 0xFE, 0xD7, 0xFE, 0xD6, 0xFE, 0xD6, 0xFE,
    0xB6, 0xFE, 0xB6, 0xFE, 0x95, 0xFE, 0xB5, 0xFE, 0xB6, 0xFE, 0x95, 0xFE, 0x95, 0xFE, 0x95, 0xFE,
    0x95, 0xFE, 0x74, 0xFE, 0x74, 0xFE, 0x53, 0xF6, 0x33, 0xF6, 0x12, 0xEE, 0xD1, 0xED, 0x90, 0xE5,
    0x90, 0xE5, 0x6F, 0xE5, 0xB2, 0x94, 0x92, 0x94, 0x69, 0x52, 0x03, 0x21, 0x23, 0x31, 0x22, 0x31,
    0x22, 0x31, 0x22, 0x31, 0xC1, 0x20, 0x61, 0x10, 0x40, 0x08, 0x40, 0x08, 0x40, 0x08, 0x81, 0x10,
    0xA2, 0x18, 0xA7, 0x29, 0x8C, 0x42, 0xE4, 0x18, 0x41, 0x08, 0x20, 0x10, 0x42, 0x49, 0x0F, 0xCD,
    0x75, 0xEE, 0x76, 0xEE, 0x14, 0xE6, 0x71, 0xD5, 0x0F, 0xC5, 0x8D, 0xBC, 0x2C, 0xB4, 0xEA, 0xAB,
    0xA9, 0xA3, 0x88, 0xA3, 0x88, 0xA3, 0x88, 0xA3, 0x88, 0xA3, 0xA8, 0xA3, 0xC9, 0xAB, 0x0A, 0xB4,
    0x4B, 0xBC, 0x8C, 0xC4, 0xEE, 0xCC, 0x2F, 0xD5, 0x70, 0xDD, 0xB1, 0xE5, 0xF3, 0xE5, 0x13, 0xEE,
    0x34, 0xEE, 0x54, 0xEE, 0x75, 0xEE, 0x95, 0xEE, 0x96, 0xEE, 0x96, 0xEE, 0x96, 0xEE, 0x75, 0xEE,
    0x75, 0xEE, 0x55, 0xEE, 0x34, 0xE6, 0x13, 0xE6, 0xF3, 0xE5, 0xD2, 0xE5, 0x91, 0xDD, 0x70, 0xDD,
    0x2F, 0xD5, 0xEE, 0xD4, 0xCD, 0xCC, 0xAC, 0xCC, 0x8C, 0xCC, 0x8C, 0xCC, 0x8C, 0xCC, 0xAC, 0xCC,
    0xAD, 0xCC, 0xEE, 0xD4, 0x2F, 0xD5, 0x0B, 0xB4, 0x25, 0x72, 0xA4, 0x51, 0x27, 0x52, 0x89, 0x5A,
    0x28, 0x4A, 0xE2, 0x18, 0x40, 0x08, 0x60, 0x10, 0x81, 0x10, 0x81, 0x18, 0x61, 0x10, 0x61, 0x08,
    0x41, 0x08, 0x66, 0x29, 0x2E, 0x5B, 0xE9, 0x31, 0xE8, 0x39, 0x45, 0x29, 0x03, 0x29, 0x64, 0x39,
    0xA5, 0x49, 0x06, 0x5A, 0xE9, 0x7A, 0xEC, 0x9B, 0xF0, 0xBC, 0xB3, 0xD5, 0x35, 0xE6, 0x35, 0xE6,
    0x51, 0xD5, 0x2C, 0xC4, 0x68, 0xBB, 0xE8, 0xCB, 0xED, 0xE4, 0xB1, 0xED, 0x33, 0xF6, 0x95, 0xF6,
    0x75, 0xF6, 0x14, 0xE6, 0x96, 0xF6, 0xB6, 0xFE, 0xB6, 0xFE, 0xD6, 0xFE, 0xD6, 0xFE, 0xD6, 0xFE,
    0xB6, 0xFE, 0xB6, 0xFE, 0xB6, 0xF6, 0xB6, 0xFE, 0x96, 0xFE, 0x95, 0xFE, 0x95, 0xFE, 0x95, 0xFE,
    0x74, 0xFE, 0x74, 0xFE, 0x54, 0xF6, 0x53, 0xF6, 0x13, 0xF6, 0xF1, 0xED, 0xB0, 0xED, 0x90, 0xE5,
    0x6F, 0xE5, 0xD2, 0x9C, 0xD3, 0x9C, 0x6D, 0x6B, 0x03, 0x21, 0xC2, 0x20, 0x01, 0x31, 0x01, 0x31,
    0xE1, 0x30, 0xC1, 0x28, 0xA1, 0x20, 0xA1, 0x18, 0x80, 0x18, 0x81, 0x18, 0xA1, 0x20, 0x03, 0x29,
    0x44, 0x29, 0x24, 0x21, 0xC2, 0x18, 0x40, 0x08, 0x61, 0x18, 0x80, 0x28, 0x07, 0x8B, 0x34, 0xEE,
    0x55, 0xEE, 0x35, 0xE6, 0xB3, 0xDD, 0x30, 0xCD, 0xAE, 0xBC, 0x4C, 0xB4, 0x0A, 0xAC, 0xA9, 0xA3,
    0xA8, 0xA3, 0xA8, 0xA3, 0xA8, 0xA3, 0xA9, 0xA3, 0xC9, 0xAB, 0xE9, 0xAB, 0x2A, 0xB4, 0x4B, 0xBC,
    0xAC, 0xC4, 0xEE, 0xCC, 0x4F, 0xDD, 0x91, 0xDD, 0xD2, 0xE5, 0x13, 0xEE, 0x34, 0xEE, 0x54, 0xEE,
    0x75, 0xEE, 0x95, 0xEE, 0x96, 0xF6, 0x96, 0xF6, 0xB6, 0xEE, 0x96, 0xEE, 0x96, 0xEE, 0x75, 0xEE,
    0x55, 0xEE, 0x34, 0xE6, 0x34, 0xE6, 0x13, 0xE6, 0xD2, 0xE5, 0xB1, 0xDD, 0x70, 0xDD, 0x2F, 0xD5,
    0xED, 0xCC, 0xAD, 0xCC, 0x8C, 0xCC, 0x8C, 0xCC, 0xAC, 0xCC, 0xAC, 0xCC, 0xCD, 0xCC, 0x0E, 0xD5,
    0x70, 0xDD, 0x0B, 0xB4, 0x25, 0x6A, 0x46, 0x6A, 0x88, 0x62, 0x0B, 0x6B, 0x6D, 0x73, 0xE7, 0x39,
    0x40, 0x08, 0x61, 0x10, 0x81, 0x18, 0x81, 0x20, 0x81, 0x18, 0x81, 0x10, 0xC3, 0x18, 0x61, 0x08,
    0x04, 0x19, 0x8B, 0x42, 0xD1, 0x63, 0x7C, 0xB6, 0x17, 0x8D, 0xD1, 0x6B, 0x87, 0x29, 0x85, 0x31,
    0xA5, 0x41, 0xC5, 0x49, 0x06, 0x5A, 0xC8, 0x7A, 0xEC, 0xA3, 0xCF, 0xC4, 0x92, 0xD5, 0x14, 0xE6,
    0x14, 0xE6, 0x92, 0xDD, 0x4C, 0xCC, 0x88, 0xC3, 0x2A, 0xD4, 0x0E, 0xE5, 0xD2, 0xED, 0x54, 0xF6,
    0x34, 0xEE, 0x34, 0xEE, 0x96, 0xF6, 0xB6, 0xF6, 0xB6, 0xFE, 0xD6, 0xFE, 0xD6, 0xFE, 0xB6, 0xFE,
    0xB6, 0xFE, 0xB6, 0xFE, 0x96, 0xFE, 0xB6, 0xFE, 0xB5, 0xFE, 0x95, 0xFE, 0x95, 0xFE, 0x95, 0xFE,
    0x74, 0xFE, 0x74, 0xFE, 0x54, 0xF6, 0x33, 0xF6, 0x12, 0xF6, 0xF1, 0xED, 0xB0, 0xE5, 0x90, 0xE5,
    0xB1, 0x9C, 0xF3, 0x9C, 0x71, 0x8C, 0xC6, 0x39, 0xA1, 0x20, 0xE1, 0x30, 0xE1, 0x30, 0xE1, 0x30,
    0xE1, 0x38, 0xE1, 0x38, 0xE1, 0x30, 0xE1, 0x30, 0xE1, 0x30, 0x22, 0x39, 0x85, 0x39, 0x27, 0x4A,
    0xC6, 0x31, 0xA2, 0x10, 0x61, 0x08, 0xE3, 0x28, 0x02, 0x39, 0x01, 0x49, 0xCE, 0xC4, 0x55, 0xEE,
    0x35, 0xE6, 0xD3, 0xDD, 0x51, 0xCD, 0xCE, 0xC4, 0x4C, 0xB4, 0x0B, 0xAC, 0xC9, 0xA3, 0xA9, 0xA3,
    0xA9, 0xA3, 0xA9, 0xA3, 0xC9, 0xA3, 0xEA, 0xAB, 0xEA, 0xAB, 0x2A, 0xB4, 0x6B, 0xBC, 0xAD, 0xC4,
    0x0E, 0xD5, 0x4F, 0xDD, 0xB1, 0xDD, 0xD2, 0xE5, 0x13, 0xEE, 0x54, 0xEE, 0x75, 0xEE, 0x96, 0xF6,
    0x96, 0xF6, 0xB6, 0xF6, 0xB7, 0xF6, 0xB7, 0xF6, 0xB7, 0xF6, 0xB6, 0xEE, 0x96, 0xEE, 0x75, 0xEE,
    0x55, 0xEE, 0x34, 0xE6, 0x13, 0xE6, 0xF2, 0xE5, 0xD2, 0xDD, 0x91, 0xDD, 0x2F, 0xD5, 0xEE, 0xD4,
    0xAD, 0xCC, 0xAC, 0xCC, 0xAC, 0xCC, 0xAC, 0xCC, 0xED, 0xD4, 0x2E, 0xD5, 0x70, 0xDD, 0x2B, 0xB4,
    0x45, 0x7A, 0x87, 0x72, 0xC9, 0x72, 0xAD, 0x83, 0x91, 0x94, 0xCE, 0x83, 0x24, 0x21, 0x40, 0x08,
    0x81, 0x18, 0xA1, 0x20, 0xA1, 0x28, 0xC1, 0x20, 0x61, 0x10, 0xE4, 0x18, 0x25, 0x19, 0x61, 0x00,
    0x00, 0x00, 0xEA, 0x29, 0x7F, 0xCF, 0xFF, 0xE7, 0xFF, 0xEF, 0x74, 0x7C, 0x46, 0x21, 0x08, 0x42,
    0x45, 0x31, 0x85, 0x39, 0xA5, 0x41, 0x05, 0x5A, 0xC7, 0x7A, 0xCB, 0xA3, 0xCF, 0xCC, 0x91, 0xDD,
    0xF3, 0xE5, 0x35, 0xEE, 0x71, 0xDD, 0x0B, 0xC4, 0xC9, 0xCB, 0x8B, 0xDC, 0x4F, 0xE5, 0x13, 0xF6,
    0x14, 0xEE, 0x34, 0xEE, 0xB6, 0xFE, 0x96, 0xF6, 0xB6, 0xF6, 0xD6, 0xFE, 0xD6, 0xFE, 0xD6, 0xFE,
    0xD6, 0xFE, 0xB6, 0xFE, 0xB6, 0xFE, 0xB6, 0xFE, 0xB5, 0xFE, 0x95, 0xFE, 0x95, 0xFE, 0x95, 0xFE,
    0x74, 0xFE, 0x74, 0xF6, 0x53, 0xF6, 0x33, 0xF6, 0xF2, 0xED, 0xD1, 0xED, 0x90, 0xE5, 0xD2, 0xA4,
    0xD2, 0xA4, 0xD3, 0x9C, 0xAE, 0x73, 0x64, 0x31, 0x80, 0x20, 0xE1, 0x30, 0x01, 0x39, 0x01, 0x39,
    0x01, 0x41, 0x01, 0x39, 0x01, 0x39, 0x21, 0x39, 0x84, 0x41, 0x48, 0x52, 0x69, 0x52, 0x45, 0x29,
    0xA2, 0x10, 0x44, 0x29, 0xA5, 0x39, 0x64, 0x41, 0x40, 0x28, 0x08, 0x93, 0x34, 0xEE, 0x34, 0xE6,
    0xF3, 0xE5, 0x51, 0xD5, 0xCE, 0xC4, 0x4C, 0xBC, 0x0B, 0xAC, 0xCA, 0xAB, 0xC9, 0xA3, 0xA9, 0xA3,
    0xC9, 0xA3, 0xC9, 0xAB, 0xEA, 0xAB, 0x0A, 0xB4, 0x4B, 0xBC, 0x6C, 0xC4, 0xCD, 0xCC, 0x0E, 0xD5,
    0x70, 0xDD, 0xB1, 0xE5, 0xF2, 0xE5, 0x33, 0xEE, 0x75, 0xEE, 0x95, 0xF6, 0x96, 0xF6, 0xB6, 0xF6,
    0xD7, 0xF6, 0xD7, 0xF6, 0xD7, 0xF6, 0xD7, 0xF6, 0xD7, 0xF6, 0xB6, 0xEE, 0x96, 0xEE, 0x75, 0xEE,
    0x55, 0xEE, 0x34, 0xE6, 0x13, 0xE6, 0xD2, 0xE5, 0x91, 0xDD, 0x2F, 0xD5, 0x0E, 0xD5, 0xCD, 0xCC,
    0xAC, 0xCC, 0xAC, 0xCC, 0xED, 0xD4, 0x2E, 0xDD, 0x90, 0xE5, 0x4C, 0xBC, 0xA6, 0x8A, 0xC8, 0x82,
    0x0A, 0x83, 0xCD, 0x8B, 0x91, 0x9C, 0xD2, 0xA4, 0xCE, 0x7B, 0xC2, 0x18, 0x60, 0x10, 0xA1, 0x20,
    0xA1, 0x28, 0xC1, 0x28, 0xE2, 0x28, 0x61, 0x10, 0x41, 0x08, 0x62, 0x08, 0x61, 0x08, 0x41, 0x08,
    0xA2, 0x10, 0x53, 0x74, 0x98, 0xA5, 0xD4, 0x8C, 0xEC, 0x52, 0x04, 0x19, 0x29, 0x3A, 0x31, 0x7C,
    0x0C, 0x5B, 0xA6, 0x31, 0x44, 0x31, 0xC5, 0x49, 0x05, 0x5A, 0xC7, 0x82, 0xCA, 0xB3, 0xCE, 0xCC,
    0x71, 0xDD, 0xF3, 0xE5, 0xD3, 0xE5, 0x50, 0xDD, 0xCE, 0xD4, 0xAD, 0xD4, 0x0E, 0xDD, 0xB1, 0xED,
    0xF3, 0xED, 0x54, 0xF6, 0xB6, 0xFE, 0xB6, 0xFE, 0xB6, 0xF6, 0xB6, 0xFE, 0xB6, 0xFE, 0xD6, 0xFE,
    0xB6, 0xFE, 0xB6, 0xFE, 0xB6, 0xFE, 0xB6, 0xFE, 0xB5, 0xFE, 0x95, 0xFE, 0x95, 0xFE, 0x95, 0xFE,
    0x74, 0xFE, 0x74, 0xF6, 0x53, 0xF6, 0x12, 0xF6, 0xF1, 0xED, 0xB0, 0xED, 0xF1, 0xB4, 0x53, 0xBD,
    0x54, 0xBD, 0x54, 0xB5, 0x0F, 0x8C, 0xA6, 0x41, 0xC1, 0x28, 0xC0, 0x30, 0xC0, 0x30, 0xC0, 0x30,
    0xC0, 0x30, 0xE1, 0x38, 0xE1, 0x30, 0xA5, 0x41, 0x68, 0x52, 0xA6, 0x39, 0x44, 0x29, 0xC6, 0x39,
    0x07, 0x4A, 0xC6, 0x49, 0x23, 0x41, 0x60, 0x38, 0xA9, 0xA3, 0x13, 0xEE, 0xF4, 0xE5, 0xF3, 0xDD,
    0x50, 0xD5, 0xCE, 0xC4, 0x6C, 0xBC, 0x0B, 0xAC, 0xEA, 0xAB, 0xC9, 0xAB, 0xC9, 0xAB, 0xC9, 0xAB,
    0xEA, 0xAB, 0x0A, 0xB4, 0x2A, 0xB4, 0x4B, 0xBC, 0x8C, 0xC4, 0xCD, 0xCC, 0x2E, 0xD5, 0x70, 0xDD,
    0xD1, 0xE5, 0xF2, 0xED, 0x34, 0xEE, 0x75, 0xF6, 0x95, 0xF6, 0xB6, 0xF6, 0xD7, 0xF6, 0xD7, 0xF6,
    0xD7, 0xF6, 0xD7, 0xF6, 0xD7, 0xF6, 0xD7, 0xF6, 0xB7, 0xF6, 0x96, 0xEE, 0x75, 0xEE, 0x55, 0xEE,
    0x34, 0xE6, 0x13, 0xE6, 0xD2, 0xE5, 0xB1, 0xDD, 0x50, 0xDD, 0xEE, 0xD4, 0xCD, 0xD4, 0xCC, 0xD4,
    0xCD, 0xD4, 0x2E, 0xDD, 0xB0, 0xED, 0x8D, 0xCC, 0x27, 0x9B, 0xE8, 0x92, 0x4A, 0x8B, 0xCD, 0x93,
    0x4F, 0x94, 0xD2, 0xA4, 0x33, 0xA5, 0xCE, 0x7B, 0xE2, 0x18, 0x80, 0x18, 0xA1, 0x28, 0xC1, 0x28,
    0xC1, 0x28, 0xE2, 0x28, 0x81, 0x10, 0x20, 0x00, 0x20, 0x08, 0x41, 0x08, 0x61, 0x10, 0xE2, 0x28,
    0x44, 0x39, 0x44, 0x31, 0x03, 0x29, 0x23, 0x29, 0x24, 0x21, 0x8B, 0x42, 0x5A, 0xB6, 0xBC, 0xCE,
    0x72, 0x84, 0xE8, 0x39, 0x65, 0x31, 0x85, 0x39, 0xC5, 0x49, 0x25, 0x72, 0xA6, 0x92, 0x89, 0xB3,
    0x8D, 0xCC, 0x50, 0xDD, 0xD3, 0xE5, 0xF3, 0xED, 0xB2, 0xE5, 0x70, 0xE5, 0x50, 0xE5, 0xB1, 0xE5,
    0xF3, 0xED, 0x34, 0xF6, 0x95, 0xFE, 0xB6, 0xFE, 0x96, 0xF6, 0x96, 0xF6, 0xB6, 0xFE, 0xD7, 0xFE,
    0xB6, 0xFE, 0xB6, 0xFE, 0xB6, 0xFE, 0xB6, 0xFE, 0xB6, 0xFE, 0xB5, 0xFE, 0x95, 0xFE, 0x95, 0xFE,
    0x74, 0xFE, 0x54, 0xF6, 0x33, 0xF6, 0x12, 0xF6, 0xD1, 0xED, 0x4D, 0xB4, 0x6E, 0xB4, 0x8F, 0xB4,
    0xF1, 0xBC, 0x32, 0xC5, 0xD1, 0xB4, 0xED, 0x9B, 0x4B, 0x83, 0x09, 0x7B, 0xE9, 0x7A, 0x09, 0x7B,
    0x2A, 0x83, 0x4B, 0x83, 0xED, 0x9B, 0x0E, 0x9C, 0xED, 0x93, 0x2E, 0xA4, 0xED, 0x9B, 0x4A, 0x8B,
    0x66, 0x72, 0xC4, 0x69, 0x27, 0x9B, 0x91, 0xDD, 0x13, 0xE6, 0xF3, 0xE5, 0xD3, 0xDD, 0x50, 0xD5,
    0xCE, 0xC4, 0x6C, 0xBC, 0x0B, 0xB4, 0xEA, 0xAB, 0xE9, 0xAB, 0xEA, 0xAB, 0xEA, 0xAB, 0x0A, 0xB4,
    0x2A, 0xB4, 0x4B, 0xBC, 0x6B, 0xBC, 0xAC, 0xC4, 0xEE, 0xCC, 0x2F, 0xD5, 0x90, 0xDD, 0xD1, 0xE5,
    0x13, 0xEE, 0x54, 0xEE, 0x75, 0xF6, 0x96, 0xF6, 0xB6, 0xF6, 0xD7, 0xF6, 0xD7, 0xF6, 0xD7, 0xF6,
    0xD8, 0xF6, 0xF8, 0xF6, 0xD8, 0xF6, 0xD7, 0xF6, 0xB6, 0xEE, 0x96, 0xEE, 0x75, 0xEE, 0x54, 0xEE,
    0x13, 0xE6, 0xF2, 0xE5, 0xB1, 0xDD, 0x50, 0xD5, 0x0E, 0xD5, 0xCD, 0xD4, 0xCD, 0xD4, 0x0D, 0xDD,
    0xD0, 0xED, 0x0E, 0xD5, 0x8A, 0xAB, 0xAA, 0xAB, 0x29, 0x93, 0xAC, 0x93, 0x0E, 0x94, 0x70, 0x9C,
    0xF3, 0xA4, 0x34, 0xAD, 0x50, 0x8C, 0x23, 0x29, 0xA1, 0x20, 0xE1, 0x30, 0xC0, 0x30, 0xE1, 0x30,
    0xC1, 0x28, 0x81, 0x18, 0x40, 0x08, 0x40, 0x08, 0x81, 0x18, 0xC1, 0x28, 0x22, 0x39, 0x63, 0x41,
    0x63, 0x41, 0x83, 0x39, 0x84, 0x39, 0x65, 0x29, 0x2D, 0x53, 0xBB, 0xBE, 0x3D, 0xD7, 0x1C, 0xD7,
    0xF4, 0x94, 0xAB, 0x52, 0x85, 0x31, 0x64, 0x31, 0xA4, 0x49, 0xA3, 0x59, 0xE3, 0x79, 0x85, 0x92,
    0x68, 0xAB, 0x6C, 0xCC, 0x2F, 0xDD, 0x91, 0xE5, 0xD2, 0xE5, 0xF2, 0xED, 0xD2, 0xE5, 0xB1, 0xE5,
    0xF3, 0xED, 0x33, 0xF6, 0x75, 0xF6, 0xB6, 0xFE, 0xB6, 0xFE, 0xB6, 0xF6, 0xB6, 0xF6, 0xB6, 0xFE,
    0xB6, 0xFE, 0xB6, 0xFE, 0xB6, 0xFE, 0xB6, 0xFE, 0xB5, 0xFE, 0xB5, 0xFE, 0x95, 0xFE, 0x95, 0xFE,
    0x74, 0xFE, 0x53, 0xF6, 0x32, 0xF6, 0x12, 0xEE, 0xCF, 0xC4, 0xAE, 0xC4, 0x8E, 0xC4, 0x6D, 0xC4,
    0x8E, 0xC4, 0xAE, 0xC4, 0xF0, 0xCC, 0x31, 0xCD, 0x51, 0xD5, 0x92, 0xD5, 0x92, 0xDD, 0xB3, 0xDD,
    0xD4, 0xDD, 0xF4, 0xE5, 0xF4, 0xE5, 0x14, 0xE6, 0xD4, 0xE5, 0x71, 0xD5, 0x8E, 0xC4, 0xCA, 0xAB,
    0x0B, 0xB4, 0x70, 0xDD, 0x13, 0xE6, 0x13, 0xE6, 0xF3, 0xE5, 0xB2, 0xDD, 0x50, 0xD5, 0xCE, 0xC4,
    0x6C, 0xBC, 0x0A, 0xB4, 0xEA, 0xAB, 0xEA, 0xAB, 0xEA, 0xAB, 0x0A, 0xB4, 0x0A, 0xB4, 0x2B, 0xB4,
    0x4B, 0xBC, 0xAC, 0xC4, 0xCD, 0xCC, 0x0E, 0xD5, 0x4F, 0xDD, 0x90, 0xE5, 0xD2, 0xE5, 0x13, 0xEE,
    0x54, 0xEE, 0x75, 0xF6, 0xB6, 0xF6, 0xB7, 0xF6, 0xD7, 0xF6, 0xD7, 0xF6, 0xF8, 0xF6, 0xF8, 0xF6,
    0xF8, 0xF6, 0xF8, 0xF6, 0xD7, 0xF6, 0xB7, 0xF6, 0x96, 0xEE, 0x75, 0xEE, 0x54, 0xEE, 0x13, 0xE6,
    0xF2, 0xE5, 0xB1, 0xDD, 0x70, 0xDD, 0x0E, 0xD5, 0xCD, 0xD4, 0xED, 0xD4, 0x6F, 0xE5, 0xF2, 0xED,
    0x28, 0x9B, 0xEC, 0xB3, 0x4D, 0xBC, 0x8B, 0x9B, 0xAC, 0x9B, 0x2E, 0x9C, 0x90, 0xA4, 0xF3, 0xAC,
    0x34, 0xAD, 0x13, 0xA5, 0x07, 0x42, 0x81, 0x18, 0xE1, 0x28, 0xC0, 0x28, 0xE1, 0x30, 0xE0, 0x30,
    0xC1, 0x28, 0x80, 0x18, 0xA1, 0x20, 0xC1, 0x28, 0xE1, 0x30, 0x22, 0x39, 0x42, 0x41, 0x42, 0x39,
    0x63, 0x39, 0x63, 0x31, 0xE7, 0x31, 0xD4, 0x8C, 0x3E, 0xD7, 0x3D, 0xD7, 0x3D, 0xDF, 0xFC, 0xD6,
    0x76, 0xA5, 0x2C, 0x63, 0x64, 0x31, 0x23, 0x31, 0x83, 0x49, 0x82, 0x59, 0xC2, 0x79, 0x23, 0x8A,
    0xC5, 0xA2, 0x88, 0xBB, 0x2A, 0xCC, 0x8C, 0xD4, 0x0E, 0xDD, 0x90, 0xE5, 0x90, 0xE5, 0xB1, 0xE5,
    0x12, 0xEE, 0x33, 0xEE, 0x74, 0xF6, 0xB6, 0xFE, 0xD6, 0xFE, 0xD6, 0xFE, 0x96, 0xF6, 0x95, 0xF6,
    0xB6, 0xF6, 0xD6, 0xFE, 0xD6, 0xFE, 0xD6, 0xFE, 0xB6, 0xFE, 0xB5, 0xFE, 0x95, 0xFE, 0x94, 0xFE,
    0x74, 0xFE, 0x53, 0xF6, 0xF2, 0xED, 0x0F, 0xCD, 0x30, 0xCD, 0x30, 0xD5, 0x30, 0xD5, 0x30, 0xD5,
    0x30, 0xD5, 0x30, 0xD5, 0x30, 0xD5, 0x51, 0xDD, 0x71, 0xDD, 0x92, 0xDD, 0xB3, 0xDD, 0xD3, 0xE5,
    0xF4, 0xE5, 0xF4, 0xE5, 0xF4, 0xE5, 0xB3, 0xDD, 0x30, 0xD5, 0x8D, 0xC4, 0x6C, 0xC4, 0x0F, 0xD5,
    0xB1, 0xDD, 0x13, 0xE6, 0x13, 0xE6, 0xD2, 0xE5, 0x91, 0xDD, 0x2F, 0xD5, 0xAD, 0xC4, 0x6C, 0xBC,
    0x0A, 0xB4, 0x0A, 0xAC, 0xEA, 0xAB, 0xEA, 0xB3, 0x0A, 0xB4, 0x2B, 0xB4, 0x4B, 0xBC, 0x8C, 0xC4,
    0xAD, 0xC4, 0xED, 0xCC, 0x2E, 0xD5, 0x6F, 0xDD, 0xB1, 0xE5, 0xF2, 0xED, 0x13, 0xEE, 0x54, 0xF6,
    0x95, 0xF6, 0xB6, 0xF6, 0xD7, 0xF6, 0xD7, 0xF6, 0xF8, 0xF6, 0xF8, 0xF6, 0xF8, 0xF6, 0xF8, 0xF6,
    0xF8, 0xF6, 0xD7, 0xF6, 0xB7, 0xF6, 0x96, 0xF6, 0x75, 0xEE, 0x54, 0xEE, 0x33, 0xEE, 0xF3, 0xE5,
    0xB1, 0xE5, 0x50, 0xDD, 0x0E, 0xDD, 0xED, 0xD4, 0xED, 0xD4, 0xB0, 0xED, 0x54, 0xF6, 0xAA, 0xAB,
    0x49, 0x9B, 0x8B, 0xA3, 0x8B, 0xA3, 0x8B, 0x93, 0xCD, 0x93, 0x50, 0x9C, 0xD2, 0xA4, 0x14, 0xAD,
    0x75, 0xB5, 0xEF, 0x83, 0xE2, 0x18, 0xC1, 0x20, 0xC1, 0x28, 0xC0, 0x30, 0xE0, 0x30, 0xC1, 0x30,
    0xA0, 0x28, 0xE1, 0x28, 0x42, 0x39, 0x22, 0x39, 0x62, 0x41, 0x62, 0x41, 0x63, 0x41, 0x63, 0x39,
    0x84, 0x31, 0x6E, 0x63, 0x7B, 0xBE, 0x5E, 0xDF, 0x5E, 0xDF, 0x3D, 0xDF, 0x1C, 0xDF, 0x99, 0xD6,
    0x95, 0xBD, 0xAD, 0x8B, 0x47, 0x62, 0x84, 0x41, 0xE4, 0x61, 0xE3, 0x71, 0x44, 0x8A, 0xA5, 0x9A,
    0xE5, 0xAA, 0x06, 0xB3, 0x66, 0xBB, 0xC8, 0xC3, 0x6B, 0xCC, 0xCD, 0xDC, 0x2E, 0xDD, 0x90, 0xE5,
    0xF2, 0xED, 0x13, 0xF6, 0x74, 0xF6, 0x95, 0xFE, 0xB6, 0xFE, 0xD6, 0xFE, 0xB6, 0xFE, 0x95, 0xF6,
    0x96, 0xF6, 0xB6, 0xFE, 0xB6, 0xFE, 0xB5, 0xFE, 0x95, 0xFE, 0x95, 0xF6, 0x74, 0xF6, 0x54, 0xF6,
    0x33, 0xEE, 0x12, 0xEE, 0xCE, 0xCC, 0xEF, 0xCC, 0x0F, 0xCD, 0x30, 0xD5, 0x30, 0xD5, 0x50, 0xD5,
    0x50, 0xDD, 0x71, 0xDD, 0x71, 0xDD, 0x71, 0xDD, 0x91, 0xDD, 0x92, 0xDD, 0xB2, 0xDD, 0xB2, 0xDD,
    0xB3, 0xDD, 0x92, 0xDD, 0x50, 0xDD, 0xCE, 0xCC, 0xAD, 0xCC, 0xEE, 0xCC, 0x70, 0xDD, 0xD2, 0xE5,
    0x13, 0xE6, 0xF3, 0xE5, 0xB2, 0xDD, 0x70, 0xDD, 0x0F, 0xD5, 0xAD, 0xC4, 0x4B, 0xBC, 0x2A, 0xB4,
    0x0A, 0xB4, 0x0A, 0xB4, 0x0A, 0xB4, 0x2B, 0xB4, 0x4B, 0xBC, 0x6B, 0xC4, 0xAC, 0xC4, 0xCD, 0xCC,
    0x0E, 0xD5, 0x4F, 0xDD, 0x90, 0xE5, 0xD1, 0xE5, 0xF2, 0xED, 0x33, 0xEE, 0x74, 0xF6, 0x95, 0xF6,
    0xB6, 0xF6, 0xD7, 0xF6, 0xF7, 0xFE, 0xF8, 0xFE, 0xF8, 0xFE, 0xF8, 0xFE, 0xF8, 0xFE, 0xF8, 0xF6,
    0xD7, 0xF6, 0xB7, 0xF6, 0xB6, 0xF6, 0x75, 0xEE, 0x55, 0xEE, 0x34, 0xEE, 0x13, 0xE6, 0xB1, 0xE5,
    0x70, 0xDD, 0x2E, 0xDD, 0xED, 0xDC, 0xED, 0xDC, 0x8F, 0xE5, 0x95, 0xF6, 0x13, 0xEE, 0xCE, 0xCC,
    0x2C, 0xBC, 0x0C, 0xBC, 0xCB, 0xB3, 0xEC, 0xAB, 0x2D, 0xAC, 0x6F, 0xAC, 0xD1, 0xAC, 0x13, 0xAD,
    0x14, 0xAD, 0xCA, 0x5A, 0x81, 0x10, 0xA0, 0x18, 0xC0, 0x28, 0xE1, 0x30, 0xE1, 0x30, 0xE1, 0x30,
    0xE1, 0x30, 0x42, 0x41, 0x83, 0x49, 0x83, 0x49, 0x83, 0x41, 0x63, 0x31, 0x84, 0x31, 0x6D, 0x63,
    0x39, 0xBE, 0x3D, 0xDF, 0x3D, 0xDF, 0x1C, 0xDF, 0xBA, 0xDE, 0x37, 0xDE, 0xF5, 0xDD, 0xD4, 0xDD,
    0xB3, 0xDD, 0x31, 0xCD, 0x4E, 0xB4, 0x8A, 0x9B, 0x69, 0xA3, 0x48, 0xA3, 0x88, 0xAB, 0xA9, 0xB3,
    0xC9, 0xBB, 0xE9, 0xC3, 0x09, 0xC4, 0x2A, 0xCC, 0x6B, 0xD4, 0xCC, 0xDC, 0x0E, 0xDD, 0x70, 0xE5,
    0xD2, 0xED, 0x33, 0xF6, 0x74, 0xF6, 0x95, 0xF6, 0xB6, 0xFE, 0xD6, 0xFE, 0xD6, 0xFE, 0xB6, 0xF6,
    0xB6, 0xFE, 0xB6, 0xFE, 0xB5, 0xF6, 0x95, 0xF6, 0x95, 0xF6, 0x74, 0xF6, 0x74, 0xF6, 0x74, 0xF6,
    0x53, 0xF6, 0x6C, 0xC4, 0x8D, 0xCC, 0xAD, 0xCC, 0xCE, 0xCC, 0xEE, 0xD4, 0xEE, 0xD4, 0x0F, 0xD5,
    0x0F, 0xD5, 0x2F, 0xD5, 0x30, 0xD5, 0x30, 0xDD, 0x30, 0xDD, 0x50, 0xDD, 0x50, 0xDD, 0x50, 0xD5,
    0x2F, 0xD5, 0xEE, 0xD4, 0xCD, 0xCC, 0xEE, 0xCC, 0x50, 0xD5, 0xB2, 0xDD, 0xF3, 0xE5, 0xF3, 0xE5,
    0xD2, 0xE5, 0x91, 0xDD, 0x2F, 0xD5, 0xEE, 0xCC, 0x8C, 0xC4, 0x4B, 0xBC, 0x2A, 0xB4, 0x0A, 0xB4,
    0x0A, 0xB4, 0x0A, 0xB4, 0x2B, 0xBC, 0x6B, 0xBC, 0x8C, 0xC4, 0xCD, 0xCC, 0xED, 0xD4, 0x2E, 0xD5,
    0x4F, 0xDD, 0x90, 0xE5, 0xD1, 0xED, 0x12, 0xEE, 0x33, 0xF6, 0x74, 0xF6, 0x95, 0xF6, 0xB6, 0xF6,
    0xD7, 0xF6, 0xF7, 0xFE, 0xF8, 0xFE, 0xF8, 0xFE, 0xF8, 0xFE, 0xF8, 0xFE, 0xF8, 0xF6, 0xF8, 0xF6,
    0xD7, 0xF6, 0xB6, 0xF6, 0x96, 0xEE, 0x75, 0xEE, 0x54, 0xEE, 0x13, 0xE6, 0xD2, 0xE5, 0x90, 0xDD,
    0x2E, 0xDD, 0x0D, 0xDD, 0x0D, 0xDD, 0x4E, 0xDD, 0x13, 0xEE, 0x96, 0xF6, 0x55, 0xEE, 0xB2, 0xE5,
    0x70, 0xE5, 0x2F, 0xDD, 0x0F, 0xDD, 0xEE, 0xD4, 0xCE, 0xCC, 0xAE, 0xC4, 0xAF, 0xBC, 0xD0, 0xBC,
    0xD1, 0xB4, 0xEA, 0x6A, 0x03, 0x29, 0x80, 0x18, 0x80, 0x18, 0x80, 0x20, 0xA0, 0x20, 0xA0, 0x20,
    0xC1, 0x20, 0xE2, 0x20, 0x03, 0x21, 0x65, 0x29, 0x8B, 0x4A, 0x72, 0x84, 0x7A, 0xC6, 0xFC, 0xDE,
    0x99, 0xDE, 0x57, 0xDE, 0x15, 0xDE, 0x15, 0xE6, 0xD4, 0xE5, 0xD3, 0xE5, 0x92, 0xDD, 0x92, 0xE5,
    0x91, 0xE5, 0x91, 0xE5, 0x71, 0xE5, 0x30, 0xDD, 0x0F, 0xD5, 0x0F, 0xD5, 0xEF, 0xD4, 0xEE, 0xD4,
    0xEE, 0xD4, 0xEE, 0xDC, 0xED, 0xDC, 0xCD, 0xDC, 0xED, 0xDC, 0x2E, 0xE5, 0x4F, 0xE5, 0x90, 0xED,
    0xF2, 0xED, 0x54, 0xF6, 0x75, 0xF6, 0x95, 0xF6, 0xB6, 0xFE, 0xD6, 0xFE, 0xD6, 0xFE, 0xB6, 0xFE,
    0xD6, 0xFE, 0xD6, 0xFE, 0xD6, 0xFE, 0xD6, 0xFE, 0xB5, 0xFE, 0x95, 0xFE, 0x74, 0xF6, 0x53, 0xF6,
    0x0A, 0xBC, 0x2B, 0xBC, 0x4B, 0xC4, 0x6C, 0xC4, 0x6C, 0xC4, 0x8C, 0xCC, 0xAD, 0xCC, 0xAD, 0xCC,
    0xCD, 0xCC, 0xCE, 0xD4, 0xCE, 0xD4, 0xCE, 0xD4, 0xCE, 0xD4, 0xEE, 0xD4, 0x0E, 0xD5, 0xEE, 0xCC,
    0xEE, 0xD4, 0x0F, 0xD5, 0x50, 0xD5, 0xB1, 0xDD, 0xF2, 0xE5, 0xF3, 0xE5, 0xF3, 0xE5, 0xB1, 0xDD,
    0x50, 0xDD, 0x0F, 0xD5, 0xCD, 0xCC, 0x8C, 0xC4, 0x4B, 0xBC, 0x2A, 0xB4, 0x0A, 0xB4, 0x2A, 0xB4,
    0x2A, 0xBC, 0x4B, 0xBC, 0x8C, 0xC4, 0xAC, 0xC4, 0xCD, 0xCC, 0x0E, 0xD5, 0x2F, 0xDD, 0x6F, 0xE5,
    0xB0, 0xE5, 0xF1, 0xED, 0x12, 0xEE, 0x53, 0xF6, 0x74, 0xF6, 0x95, 0xF6, 0xB6, 0xF6, 0xD7, 0xF6,
    0xD7, 0xFE, 0xF8, 0xFE, 0xF8, 0xFE, 0xF8, 0xFE, 0x18, 0xFF, 0xF8, 0xFE, 0xF8, 0xF6, 0xD7, 0xF6,
    0xB7, 0xF6, 0x96, 0xF6, 0x95, 0xF6, 0x54, 0xEE, 0x13, 0xEE, 0xF2, 0xE5, 0xB1, 0xE5, 0x4F, 0xDD,
    0x2E, 0xDD, 0x0E, 0xDD, 0x4F, 0xE5, 0xB1, 0xE5, 0x14, 0xEE, 0x35, 0xEE, 0x14, 0xEE, 0xB3, 0xE5,
    0x71, 0xDD, 0x30, 0xDD, 0x2F, 0xDD, 0x0F, 0xDD, 0xEE, 0xD4, 0xEE, 0xD4, 0xCE, 0xCC, 0xEF, 0xCC,
    0x10, 0xCD, 0x6E, 0xB4, 0x8B, 0x8B, 0xC9, 0x72, 0x27, 0x5A, 0x07, 0x52, 0x48, 0x52, 0x8A, 0x5A,
    0x0C, 0x63, 0xEF, 0x83, 0x34, 0xAD, 0x17, 0xCE, 0x78, 0xE6, 0x16, 0xDE, 0xD4, 0xDD, 0xB3, 0xE5,
    0xD3, 0xE5, 0xD3, 0xE5, 0xD3, 0xED, 0xF3, 0xED, 0xF3, 0xED, 0xF3, 0xED, 0xF3, 0xF5, 0xF3, 0xF5,
    0xF3, 0xED, 0xF3, 0xED, 0xF3, 0xED, 0xD2, 0xED, 0xF3, 0xED, 0xF3, 0xED, 0xF3, 0xED, 0xD3, 0xED,
    0xD2, 0xED, 0xB2, 0xED, 0x91, 0xED, 0x90, 0xED, 0x90, 0xED, 0xB0, 0xED, 0xD1, 0xED, 0xF2, 0xED,
    0x33, 0xF6, 0x95, 0xFE, 0x95, 0xF6, 0x95, 0xF6, 0xB6, 0xFE, 0xD6, 0xFE, 0xD6, 0xFE, 0xD6, 0xFE,
    0xD6, 0xFE, 0xD6, 0xFE, 0xD6, 0xFE, 0xB6, 0xFE, 0x95, 0xFE, 0x94, 0xFE, 0x74, 0xF6, 0xC9, 0xB3,
    0xC9, 0xB3, 0xEA, 0xBB, 0x0A, 0xBC, 0x0A, 0xBC, 0x2B, 0xC4, 0x4B, 0xC4, 0x4C, 0xC4, 0x6C, 0xC4,
    0x8C, 0xCC, 0xAD, 0xCC, 0xAD, 0xCC, 0xCE, 0xCC, 0x0F, 0xD5, 0x0F, 0xD5, 0x2F, 0xD5, 0x50, 0xD5,
    0x71, 0xDD, 0x91, 0xDD, 0xD2, 0xE5, 0xF2, 0xE5, 0xD2, 0xE5, 0xB1, 0xE5, 0x90, 0xDD, 0x2F, 0xD5,
    0xED, 0xCC, 0xAC, 0xC4, 0x6B, 0xBC, 0x2B, 0xBC, 0x2A, 0xB4, 0x2A, 0xB4, 0x2A, 0xBC, 0x4B, 0xBC,
    0x6B, 0xBC, 0x8C, 0xC4, 0xAC, 0xCC, 0xED, 0xD4, 0x2E, 0xD5, 0x4F, 0xDD, 0x90, 0xE5, 0xB1, 0xED,
    0xF2, 0xED, 0x32, 0xEE, 0x53, 0xF6, 0x74, 0xF6, 0x95, 0xF6, 0xB6, 0xF6, 0xD7, 0xF6, 0xD7, 0xFE,
    0xF8, 0xFE, 0xF8, 0xFE, 0xF8, 0xFE, 0x18, 0xFF, 0x18, 0xFF, 0xF8, 0xFE, 0xF7, 0xF6, 0xD7, 0xF6,
    0xB6, 0xF6, 0x96, 0xF6, 0x75, 0xEE, 0x34, 0xEE, 0x13, 0xE6, 0xB1, 0xE5, 0x70, 0xE5, 0x4E, 0xDD,
    0x2E, 0xDD, 0x4E, 0xE5, 0x90, 0xE5, 0xD2, 0xED, 0xF3, 0xED, 0xF3, 0xE5, 0xD3, 0xE5, 0x71, 0xDD,
    0x30, 0xDD, 0x0F, 0xDD, 0xEF, 0xD4, 0xEF, 0xD4, 0xEF, 0xD4, 0x0F, 0xD5, 0x0F, 0xD5, 0x0F, 0xD5,
    0x2F, 0xD5, 0x51, 0xDD, 0x51, 0xD5, 0x71, 0xD5, 0x72, 0xD5, 0xB3, 0xD5, 0x93, 0xD5, 0xB3, 0xDD,
    0xB3, 0xDD, 0xD4, 0xDD, 0x92, 0xDD, 0x51, 0xDD, 0x92, 0xDD, 0xB2, 0xE5, 0xD3, 0xED, 0xF3, 0xED,
    0x14, 0xEE, 0x14, 0xEE, 0x34, 0xF6, 0x55, 0xF6, 0x55, 0xF6, 0x55, 0xF6, 0x55, 0xF6, 0x55, 0xF6,
    0x54, 0xF6, 0x54, 0xF6, 0x54, 0xF6, 0x54, 0xF6, 0x55, 0xF6, 0x55, 0xF6, 0x55, 0xF6, 0x55, 0xF6,
    0x54, 0xF6, 0x34, 0xF6, 0x13, 0xF6, 0xF3, 0xF5, 0x12, 0xF6, 0x12, 0xF6, 0x13, 0xF6, 0x34, 0xF6,
    0x74, 0xF6, 0xB5, 0xFE, 0xB6, 0xFE, 0xB6, 0xFE, 0xB6, 0xFE, 0xD6, 0xFE, 0xB6, 0xFE, 0xD6, 0xFE,
    0xD6, 0xFE, 0xD6, 0xFE, 0xD6, 0xFE, 0xB5, 0xFE, 0x95, 0xFE, 0x74, 0xFE, 0x0A, 0xBC, 0x0A, 0xBC,
    0x2B, 0xBC, 0x2B, 0xBC, 0x4B, 0xC4, 0x4C, 0xC4, 0x6C, 0xC4, 0x8D, 0xCC, 0xAD, 0xCC, 0xCE, 0xCC,
    0xEE, 0xD4, 0x0F, 0xD5, 0x2F, 0xD5, 0x70, 0xDD, 0x50, 0xD5, 0x50, 0xDD, 0x91, 0xDD, 0xB1, 0xDD,
    0xD2, 0xE5, 0xD2, 0xE5, 0xD2, 0xE5, 0xB1, 0xE5, 0x90, 0xDD, 0x4F, 0xD5, 0xEE, 0xCC, 0xAD, 0xCC,
    0x8C, 0xC4, 0x4B, 0xBC, 0x2A, 0xBC, 0x2A, 0xB4, 0x2A, 0xB4, 0x4B, 0xBC, 0x4B, 0xBC, 0x6B, 0xC4,
    0xAC, 0xCC, 0xCD, 0xCC, 0x0E, 0xD5, 0x2E, 0xDD, 0x6F, 0xE5, 0x90, 0xE5, 0xD1, 0xED, 0x12, 0xEE,
    0x33, 0xF6, 0x53, 0xF6, 0x74, 0xF6, 0x95, 0xF6, 0xB6, 0xF6, 0xD6, 0xF6, 0xD7, 0xFE, 0xF7, 0xFE,
    0xF8, 0xFE, 0xF8, 0xFE, 0x18, 0xFF, 0xF8, 0xFE, 0xF8, 0xFE, 0xF8, 0xFE, 0xD7, 0xF6, 0xB6, 0xF6,
    0x96, 0xF6, 0x75, 0xEE, 0x54, 0xEE, 0x13, 0xEE, 0xF2, 0xE5, 0x91, 0xE5, 0x6F, 0xE5, 0x2E, 0xDD,
    0x4F, 0xE5, 0x70, 0xE5, 0xB1, 0xE5, 0xD3, 0xE5, 0xD2, 0xE5, 0xB2, 0xE5, 0x71, 0xDD, 0x30, 0xDD,
    0xEF, 0xD4, 0xCE, 0xD4, 0xCE, 0xD4, 0xCE, 0xD4, 0xCE, 0xD4, 0x0F, 0xDD, 0x2F, 0xDD, 0x30, 0xDD,
    0x50, 0xDD, 0x71, 0xDD, 0x71, 0xDD, 0x71, 0xDD, 0x91, 0xDD, 0x92, 0xDD, 0x92, 0xDD, 0xB2, 0xDD,
    0xD3, 0xDD, 0xF4, 0xE5, 0x14, 0xEE, 0x55, 0xEE, 0x55, 0xF6, 0x76, 0xF6, 0x76, 0xF6, 0x96, 0xF6,
    0xB7, 0xF6, 0xB7, 0xF6, 0xB7, 0xF6, 0xB7, 0xF6, 0xB7, 0xF6, 0xB7, 0xF6, 0xB7, 0xF6, 0xB7, 0xF6,
    0xB6, 0xF6, 0xB6, 0xF6, 0xB6, 0xF6, 0xB6, 0xF6, 0xB7, 0xF6, 0xB7, 0xF6, 0xB6, 0xF6, 0xB6, 0xF6,
    0x95, 0xF6, 0x95, 0xFE, 0x75, 0xFE, 0x74, 0xFE, 0x74, 0xFE, 0x74, 0xFE, 0x95, 0xFE, 0x95, 0xFE,
    0x95, 0xF6, 0xB6, 0xFE, 0xD6, 0xFE, 0xD6, 0xFE, 0xB6, 0xFE, 0xB6, 0xFE, 0xD6, 0xFE, 0xD6, 0xFE,
    0xD6, 0xFE, 0xD6, 0xFE, 0xB6, 0xFE, 0xB5, 0xFE, 0x95, 0xFE, 0x6C, 0xBC, 0x6C, 0xC4, 0x8C, 0xC4,
    0x8D, 0xC4, 0xAD, 0xC4, 0xAD, 0xCC, 0xCE, 0xCC, 0xEE, 0xCC, 0x0F, 0xD5, 0x2F, 0xD5, 0x2F, 0xD5,
    0x50, 0xD5, 0x50, 0xDD, 0x91, 0xDD, 0x70, 0xD5, 0x91, 0xDD, 0xB2, 0xE5, 0xD2, 0xE5, 0xD2, 0xE5,
    0xD2, 0xE5, 0xB1, 0xE5, 0x90, 0xDD, 0x4F, 0xDD, 0xEE, 0xD4, 0xAD, 0xCC, 0x8C, 0xC4, 0x6B, 0xBC,
    0x4A, 0xBC, 0x2A, 0xBC, 0x2A, 0xBC, 0x2A, 0xBC, 0x4A, 0xBC, 0x6B, 0xBC, 0x8B, 0xC4, 0xAC, 0xCC,
    0xED, 0xD4, 0x0E, 0xDD, 0x4F, 0xDD, 0x6F, 0xE5, 0xB0, 0xED, 0xF1, 0xED, 0x12, 0xF6, 0x33, 0xF6,
    0x53, 0xF6, 0x74, 0xF6, 0x95, 0xFE, 0xB5, 0xFE, 0xD6, 0xFE, 0xD7, 0xFE, 0xF7, 0xFE, 0xF8, 0xFE,
    0x18, 0xFF, 0xF8, 0xFE, 0xF8, 0xFE, 0xF8, 0xFE, 0xF8, 0xFE, 0xD7, 0xF6, 0xD7, 0xF6, 0xB6, 0xF6,
    0x95, 0xF6, 0x55, 0xEE, 0x34, 0xEE, 0xF3, 0xED, 0xD1, 0xE5, 0x90, 0xE5, 0x6F, 0xE5, 0x4F, 0xE5,
    0x6F, 0xE5, 0x91, 0xE5, 0xB2, 0xE5, 0xD2, 0xE5, 0xB2, 0xE5, 0x50, 0xDD, 0x0F, 0xD5, 0xCE, 0xD4,
    0xAD, 0xD4, 0xAD, 0xD4, 0x8D, 0xD4, 0x8D, 0xD4, 0xAD, 0xD4, 0xCE, 0xD4, 0x0F, 0xDD, 0x30, 0xDD,
    0x71, 0xE5, 0xB2, 0xE5, 0xD2, 0xE5, 0xF3, 0xE5, 0x14, 0xEE, 0x55, 0xEE, 0x55, 0xEE, 0x96, 0xF6,
    0x97, 0xF6, 0xB7, 0xF6, 0xB7, 0xF6, 0xB8, 0xF6, 0xD8, 0xF6, 0xD8, 0xF6, 0xD8, 0xF6, 0xF9, 0xF6,
    0xF9, 0xF6, 0xF9, 0xF6, 0xF8, 0xF6, 0xF8, 0xF6, 0xD8, 0xF6, 0xD8, 0xF6, 0xD8, 0xF6, 0xD8, 0xFE,
    0xD8, 0xFE, 0xD7, 0xFE, 0xD7, 0xFE, 0xD7, 0xFE, 0xD7, 0xFE, 0xD7, 0xFE, 0xD7, 0xFE, 0xD7, 0xFE,
    0xB6, 0xFE, 0xB6, 0xFE, 0xB6, 0xFE, 0xB6, 0xFE, 0xB6, 0xFE, 0xB6, 0xFE, 0xB6, 0xFE, 0xD6, 0xFE,
    0xB6, 0xF6, 0xB6, 0xFE, 0xD7, 0xFE, 0xD7, 0xFE, 0xD6, 0xFE, 0xB6, 0xFE, 0xB6, 0xFE, 0xB6, 0xFE,
    0xD6, 0xFE, 0xD6, 0xFE, 0xB5, 0xFE, 0x95, 0xFE, 0x8D, 0xC4, 0x8D, 0xC4, 0x8D, 0xC4, 0xAD, 0xC4,
    0xCE, 0xC4, 0xCE, 0xCC, 0xEF, 0xCC, 0x0F, 0xD5, 0x30, 0xD5, 0x50, 0xD5, 0x50, 0xD5, 0x71, 0xDD,
    0x71, 0xDD, 0x91, 0xDD, 0x91, 0xDD, 0xB1, 0xDD, 0xD2, 0xE5, 0xB1, 0xE5, 0xB1, 0xE5, 0xB1, 0xE5,
    0x90, 0xDD, 0x4F, 0xDD, 0x0E, 0xD5, 0xCD, 0xCC, 0x8C, 0xC4, 0x6B, 0xC4, 0x4B, 0xBC, 0x2A, 0xB4,
    0x2A, 0xBC, 0x2A, 0xBC, 0x2A, 0xBC, 0x4B, 0xBC, 0x6B, 0xC4, 0xAC, 0xCC, 0xCC, 0xCC, 0xED, 0xD4,
    0x2E, 0xDD, 0x6F, 0xE5, 0x90, 0xE5, 0xD0, 0xED, 0xF1, 0xED, 0x32, 0xF6, 0x53, 0xF6, 0x73, 0xF6,
    0x74, 0xF6, 0x95, 0xFE, 0xB5, 0xFE, 0xB6, 0xFE, 0xD7, 0xFE, 0xF7, 0xFE, 0xF7, 0xFE, 0xF8, 0xFE,
    0x18, 0xFF, 0xF8, 0xFE, 0xF8, 0xFE, 0xF8, 0xFE, 0xF7, 0xFE, 0xD7, 0xF6, 0xB6, 0xF6, 0x95, 0xF6,
    0x75, 0xF6, 0x54, 0xEE, 0x13, 0xEE, 0xF2, 0xED, 0xD1, 0xE5, 0x90, 0xE5, 0x6F, 0xE5, 0x6F, 0xE5,
    0x70, 0xE5, 0xB1, 0xE5, 0xD2, 0xE5, 0xD2, 0xE5, 0x92, 0xDD, 0x10, 0xD5, 0xAE, 0xCC, 0x8D, 0xCC,
    0x8C, 0xCC, 0x6C, 0xCC, 0x6C, 0xD4, 0x6C, 0xD4, 0x8C, 0xD4, 0xAC, 0xDC, 0xCD, 0xDC, 0x0E, 0xDD,
    0x2F, 0xE5, 0x70, 0xE5, 0x91, 0xE5, 0xD2, 0xED, 0xF3, 0xED, 0x14, 0xEE, 0x55, 0xEE, 0x55, 0xF6,
    0x76, 0xF6, 0x96, 0xF6, 0x96, 0xF6, 0xB7, 0xF6, 0xB7, 0xF6, 0xB7, 0xF6, 0xD7, 0xF6, 0xD7, 0xF6,
    0xD7, 0xF6, 0xD7, 0xF6, 0xD7, 0xF6, 0xD7, 0xF6, 0xD7, 0xFE, 0xD7, 0xFE, 0xD7, 0xFE, 0xD7, 0xFE,
    0xD7, 0xFE, 0xD7, 0xFE, 0xD7, 0xFE, 0xD7, 0xFE, 0xD7, 0xFE, 0xD7, 0xFE, 0xD7, 0xFE, 0xD7, 0xFE,
    0xD7, 0xFE, 0xD7, 0xFE, 0xD6, 0xFE, 0xD6, 0xFE, 0xD6, 0xFE, 0xD6, 0xFE, 0xD6, 0xFE, 0xD7, 0xFE,
    0xD6, 0xFE, 0xB6, 0xF6, 0xD6, 0xFE, 0xF7, 0xFE, 0xF7, 0xFE, 0xD6, 0xFE, 0xB6, 0xFE, 0xB6, 0xFE,
    0xB6, 0xFE, 0xB5, 0xFE, 0xB5, 0xFE, 0xCE, 0xCC, 0xCE, 0xCC, 0xEE, 0xCC, 0xEF, 0xCC, 0x0F, 0xCD,
    0x0F, 0xD5, 0x30, 0xD5, 0x50, 0xD5, 0x50, 0xDD, 0x70, 0xDD, 0x71, 0xDD, 0x91, 0xDD, 0x91, 0xDD,
    0x91, 0xDD, 0x91, 0xDD, 0xB1, 0xDD, 0xB1, 0xE5, 0xB1, 0xE5, 0x90, 0xE5, 0x70, 0xDD, 0x4F, 0xDD,
    0x0E, 0xD5, 0xEE, 0xCC, 0x8C, 0xC4, 0x6B, 0xC4, 0x4B, 0xBC, 0x2A, 0xBC, 0x2A, 0xB4, 0x2A, 0xBC,
    0x2A, 0xBC, 0x2A, 0xBC, 0x4B, 0xBC, 0x8B, 0xC4, 0xAC, 0xCC, 0xCD, 0xD4, 0x0D, 0xDD, 0x4E, 0xDD,
    0x6F, 0xE5, 0xB0, 0xED, 0xD1, 0xED, 0x11, 0xF6, 0x32, 0xF6, 0x33, 0xF6, 0x53, 0xF6, 0x74, 0xFE,
    0x95, 0xFE, 0xB5, 0xFE, 0xB6, 0xFE, 0xD7, 0xFE, 0xF7, 0xFE, 0xF8, 0xFE, 0xF8, 0xFE, 0x18, 0xFF,
    0x18, 0xFF, 0xF8, 0xFE, 0xF8, 0xFE, 0xF7, 0xFE, 0xD7, 0xFE, 0xB6, 0xF6, 0xB6, 0xF6, 0x95, 0xF6,
    0x74, 0xEE, 0x34, 0xEE, 0x13, 0xEE, 0xF2, 0xED, 0xB1, 0xE5, 0x90, 0xE5, 0x8F, 0xE5, 0x70, 0xE5,
    0x90, 0xE5, 0xB1, 0xE5, 0xD2, 0xE5, 0xD2, 0xE5, 0x92, 0xDD, 0x10, 0xD5, 0xAE, 0xCC, 0x6C, 0xCC,
    0x4B, 0xCC, 0x6B, 0xCC, 0x6C, 0xD4, 0x6C, 0xD4, 0x8C, 0xD4, 0x8C, 0xD4, 0xAD, 0xDC, 0xCD, 0xDC,
    0x0E, 0xE5, 0x2F, 0xE5, 0x50, 0xE5, 0x90, 0xED, 0xB1, 0xED, 0xD2, 0xED, 0xF2, 0xED, 0x13, 0xEE,
    0x13, 0xEE, 0x34, 0xF6, 0x54, 0xF6, 0x75, 0xF6, 0x75, 0xF6, 0x95, 0xF6, 0x96, 0xF6, 0x96, 0xF6,
    0x96, 0xF6, 0xB6, 0xF6, 0xB6, 0xF6, 0xB6, 0xF6, 0xB6, 0xFE, 0xB6, 0xFE, 0xB7, 0xFE, 0xD7, 0xFE,
    0xD7, 0xFE, 0xD7, 0xFE, 0xD7, 0xFE, 0xD7, 0xFE, 0xD7, 0xFE, 0xD7, 0xFE, 0xD7, 0xFE, 0xD7, 0xFE,
    0xD7, 0xFE, 0xD7, 0xFE, 0xD6, 0xFE, 0xD7, 0xFE, 0xD6, 0xFE, 0xD6, 0xFE, 0xD7, 0xFE, 0xF7, 0xFE,
    0xD7, 0xFE, 0xB6, 0xFE, 0xB6, 0xF6, 0xB6, 0xF6, 0xB6, 0xFE, 0xB6, 0xFE, 0xB6, 0xFE, 0x95, 0xF6,
    0x95, 0xF6, 0x95, 0xF6, 0x0F, 0xD5, 0x2F, 0xD5, 0x30, 0xD5, 0x30, 0xD5, 0x50, 0xD5, 0x50, 0xD5,
    0x70, 0xDD, 0x70, 0xDD, 0x71, 0xDD, 0x91, 0xDD, 0x91, 0xDD, 0x91, 0xDD, 0x91, 0xDD, 0x90, 0xE5,
    0x90, 0xDD, 0x90, 0xDD, 0x90, 0xE5, 0x90, 0xE5, 0x70, 0xDD, 0x4F, 0xDD, 0x0E, 0xD5, 0xED, 0xCC,
    0xAC, 0xC4, 0x6C, 0xC4, 0x4B, 0xBC, 0x2A, 0xBC, 0x0A, 0xB4, 0x2A, 0xB4, 0x0A, 0xB4, 0x2A, 0xBC,
    0x4B, 0xBC, 0x6B, 0xC4, 0x8B, 0xC4, 0xAC, 0xCC, 0xED, 0xD4, 0x2E, 0xDD, 0x4E, 0xE5, 0x8F, 0xE5,
    0xB0, 0xED, 0xD1, 0xED, 0x12, 0xF6, 0x32, 0xF6, 0x53, 0xF6, 0x53, 0xFE, 0x74, 0xFE, 0x95, 0xFE,
    0xB5, 0xFE, 0xB6, 0xFE, 0xD6, 0xFE, 0xF7, 0xFE, 0xF7, 0xFE, 0x18, 0xFF, 0x18, 0xFF, 0x18, 0xFF,
    0x18, 0xFF, 0xF8, 0xFE, 0xF7, 0xFE, 0xD7, 0xFE, 0xD7, 0xF6, 0xB6, 0xF6, 0x95, 0xF6, 0x75, 0xF6,
    0x54, 0xF6, 0x33, 0xEE, 0x12, 0xEE, 0xF1, 0xED, 0xD1, 0xED, 0x90, 0xE5, 0x90, 0xE5, 0x90, 0xE5,
    0xB1, 0xE5, 0xD2, 0xE5, 0xF3, 0xED, 0xD3, 0xE5, 0xB2, 0xE5, 0x50, 0xDD, 0xCE, 0xD4, 0x8C, 0xCC,
    0x6C, 0xCC, 0x6C, 0xCC, 0x6C, 0xCC, 0x6C, 0xD4, 0x8C, 0xD4, 0x8C, 0xDC, 0xAD, 0xDC, 0xCD, 0xDC,
    0xED, 0xDC, 0x0E, 0xE5, 0x2F, 0xE5, 0x4F, 0xE5, 0x70, 0xED, 0x91, 0xED, 0xB1, 0xED, 0xD1, 0xED,
    0xF2, 0xED, 0x13, 0xF6, 0x33, 0xF6, 0x34, 0xF6, 0x54, 0xF6, 0x54, 0xF6, 0x54, 0xF6, 0x75, 0xF6,
    0x95, 0xF6, 0x95, 0xF6, 0x95, 0xF6, 0xB6, 0xF6, 0xB6, 0xFE, 0xB6, 0xFE, 0xB6, 0xFE, 0xB7, 0xFE,
    0xD7, 0xFE, 0xD7, 0xFE, 0xD7, 0xFE, 0xD7, 0xFE, 0xD7, 0xFE, 0xD7, 0xFE, 0xD7, 0xFE, 0xD7, 0xFE,
    0xD7, 0xFE, 0xD7, 0xFE, 0xD7, 0xFE, 0xD7, 0xFE, 0xD7, 0xFE, 0xD6, 0xFE, 0xF7, 0xFE, 0xF7, 0xFE,
    0xF7, 0xFE, 0xD6, 0xFE, 0xB6, 0xFE, 0xB6, 0xF6, 0x95, 0xF6, 0x95, 0xF6, 0x95, 0xF6, 0x75, 0xF6,
    0x74, 0xF6, 0x50, 0xD5, 0x50, 0xD5, 0x50, 0xDD, 0x70, 0xDD, 0x70, 0xDD, 0x70, 0xDD, 0x70, 0xDD,
    0x70, 0xDD, 0x90, 0xDD, 0x90, 0xDD, 0x90, 0xE5, 0x70, 0xE5, 0x70, 0xE5, 0x70, 0xE5, 0x70, 0xE5,
    0x70, 0xE5, 0x70, 0xDD, 0x4F, 0xDD, 0x4F, 0xDD, 0x2E, 0xD5, 0xEE, 0xD4, 0xAD, 0xC4, 0x8C, 0xC4,
    0x4B, 0xBC, 0x2A, 0xBC, 0x2A, 0xB4, 0x2A, 0xB4, 0x0A, 0xB4, 0x2A, 0xBC, 0x2A, 0xBC, 0x4B, 0xBC,
    0x6B, 0xC4, 0xAC, 0xCC, 0xCC, 0xD4, 0x0D, 0xD5, 0x2E, 0xDD, 0x6F, 0xE5, 0x90, 0xED, 0xD0, 0xED,
    0xF1, 0xF5, 0x12, 0xF6, 0x32, 0xF6, 0x53, 0xF6, 0x73, 0xF6, 0x74, 0xF6, 0x95, 0xFE, 0xB5, 0xFE,
    0xB6, 0xFE, 0xD6, 0xFE, 0xF7, 0xFE, 0xF7, 0xFE, 0x18, 0xFF, 0x18, 0xFF, 0x18, 0xFF, 0xF8, 0xFE,
    0xF7, 0xFE, 0xF7, 0xFE, 0xD7, 0xFE, 0xD7, 0xF6, 0xD6, 0xF6, 0xB6, 0xF6, 0x95, 0xF6, 0x74, 0xF6,
    0x53, 0xF6, 0x33, 0xEE, 0x12, 0xEE, 0xF1, 0xED, 0xD1, 0xED, 0xB0, 0xED, 0xB0, 0xED, 0xB0, 0xED,
    0xD1, 0xED, 0xF2, 0xED, 0xF3, 0xED, 0xF3, 0xE5, 0xD3, 0xE5, 0x91, 0xDD, 0x0F, 0xD5, 0xAD, 0xCC,
    0x8C, 0xCC, 0x6C, 0xCC, 0x6C, 0xCC, 0x8C, 0xD4, 0x8C, 0xD4, 0xAD, 0xD4, 0xAD, 0xDC, 0xCD, 0xDC,
    0xED, 0xDC, 0x0E, 0xE5, 0x0E, 0xE5, 0x2F, 0xE5, 0x50, 0xED, 0x70, 0xED, 0x91, 0xED, 0xB1, 0xED,
    0xD2, 0xED, 0xF2, 0xED, 0x13, 0xEE, 0x13, 0xF6, 0x33, 0xF6, 0x34, 0xF6, 0x54, 0xF6, 0x74, 0xF6,
    0x74, 0xF6, 0x95, 0xF6, 0x95, 0xF6, 0x95, 0xFE, 0x95, 0xFE, 0xB6, 0xFE, 0xB6, 0xFE, 0xB6, 0xFE,
    0xD6, 0xFE, 0xD7, 0xFE, 0xD7, 0xFE, 0xD7, 0xFE, 0xD7, 0xFE, 0xD7, 0xFE, 0xD7, 0xFE, 0xD7, 0xFE,
    0xD7, 0xFE, 0xF7, 0xFE, 0xF7, 0xFE, 0xF7, 0xFE, 0xD6, 0xFE, 0xD7, 0xFE, 0xF7, 0xFE, 0xD6, 0xFE,
    0xD6, 0xFE, 0xD6, 0xFE, 0xD6, 0xFE, 0xB6, 0xFE, 0xB5, 0xFE, 0x95, 0xF6, 0x74, 0xF6, 0x54, 0xF6,
    0x71, 0xDD, 0x71, 0xDD, 0x71, 0xDD, 0x91, 0xDD, 0x91, 0xDD, 0x91, 0xDD, 0x70, 0xDD, 0x90, 0xDD,
    0x90, 0xDD, 0x70, 0xDD, 0x70, 0xE5, 0x6F, 0xE5, 0x6F, 0xE5, 0x6F, 0xE5, 0x4F, 0xDD, 0x4F, 0xDD,
    0x4F, 0xDD, 0x2E, 0xDD, 0x0E, 0xD5, 0xEE, 0xD4, 0xCD, 0xCC, 0x8C, 0xC4, 0x4B, 0xBC, 0x2A, 0xBC,
    0x0A, 0xB4, 0x0A, 0xB4, 0x2A, 0xB4, 0x0A, 0xB4, 0x0A, 0xBC, 0x2A, 0xBC, 0x4B, 0xC4, 0x8B, 0xC4,
    0xCC, 0xCC, 0xCC, 0xD4, 0x0D, 0xDD, 0x4E, 0xE5, 0x6F, 0xE5, 0xB0, 0xED, 0xD1, 0xED, 0xF1, 0xF5,
    0x32, 0xF6, 0x53, 0xF6, 0x53, 0xF6, 0x74, 0xF6, 0x94, 0xF6, 0xB5, 0xFE, 0xB6, 0xFE, 0xD6, 0xFE,
    0xD7, 0xFE, 0xF7, 0xFE, 0xF7, 0xFE, 0x18, 0xFF, 0x18, 0xFF, 0x18, 0xFF, 0xF8, 0xFE, 0xF7, 0xFE,
    0xF7, 0xFE, 0xD7, 0xFE, 0xD7, 0xF6, 0xD7, 0xF6, 0xB6, 0xF6, 0x96, 0xF6, 0x75, 0xF6, 0x54, 0xF6,
    0x53, 0xF6, 0x13, 0xEE, 0xF2, 0xED, 0xF1, 0xED, 0xD1, 0xED, 0xB0, 0xED, 0xB0, 0xED, 0xB1, 0xED,
    0xD1, 0xED, 0xF2, 0xED, 0xF3, 0xED, 0xF3, 0xED, 0xF3, 0xE5, 0xD2, 0xE5, 0x71, 0xDD, 0x2F, 0xD5,
    0xCE, 0xD4, 0xCD, 0xD4, 0xAD, 0xD4, 0xAD, 0xD4, 0xAD, 0xD4, 0xCD, 0xD4, 0xCD, 0xDC, 0xCD, 0xDC,
    0xED, 0xDC, 0xEE, 0xDC, 0x2E, 0xE5, 0x2F, 0xE5, 0x4F, 0xE5, 0x70, 0xE5, 0x90, 0xED, 0x91, 0xED,
    0xB1, 0xED, 0xD1, 0xED, 0xD2, 0xED, 0xF2, 0xED, 0x12, 0xF6, 0x13, 0xF6, 0x33, 0xF6, 0x54, 0xF6,
    0x54, 0xF6, 0x74, 0xF6, 0x95, 0xFE, 0x95, 0xFE, 0x95, 0xF6, 0xB6, 0xFE, 0xB6, 0xFE, 0xB6, 0xFE,
    0xD6, 0xFE, 0xD7, 0xFE, 0xD7, 0xFE, 0xD7, 0xFE, 0xD7, 0xFE, 0xD7, 0xFE, 0xF7, 0xFE, 0xF7, 0xFE,
    0xF7, 0xFE, 0xF7, 0xFE, 0xF7, 0xFE, 0xF7, 0xFE, 0xD6, 0xFE, 0xD7, 0xFE, 0xD6, 0xFE, 0xD6, 0xFE,
    0xD6, 0xFE, 0xD6, 0xFE, 0xD6, 0xFE, 0xB6, 0xFE, 0xB5, 0xFE, 0x95, 0xFE, 0x95, 0xFE, 0x91, 0xDD,
    0x91, 0xDD, 0x71, 0xDD, 0x91, 0xDD, 0x90, 0xDD, 0x90, 0xE5, 0x90, 0xE5, 0x90, 0xE5, 0x90, 0xE5,
    0x6F, 0xE5, 0x6F, 0xE5, 0x6F, 0xE5, 0x4F, 0xE5, 0x4F, 0xE5, 0x4F, 0xDD, 0x2F, 0xDD, 0x2E, 0xDD,
    0x0E, 0xD5, 0x0E, 0xD5, 0xED, 0xCC, 0xAC, 0xC4, 0x6C, 0xC4, 0x4B, 0xBC, 0x0A, 0xB4, 0x09, 0xB4,
    0xE9, 0xB3, 0xE9, 0xB3, 0x0A, 0xB4, 0x2A, 0xBC, 0x4A, 0xBC, 0x6B, 0xC4, 0x8B, 0xCC, 0xAC, 0xCC,
    0xED, 0xD4, 0x2E, 0xDD, 0x4E, 0xE5, 0x8F, 0xED, 0xD0, 0xED, 0xF1, 0xF5, 0x11, 0xF6, 0x32, 0xF6,
    0x53, 0xF6, 0x53, 0xF6, 0x74, 0xF6, 0x94, 0xF6, 0x95, 0xFE, 0xB6, 0xFE, 0xD6, 0xFE, 0xF7, 0xFE,
    0xF7, 0xFE, 0xF7, 0xFE, 0x18, 0xFF, 0x18, 0xFF, 0x18, 0xFF, 0xF8, 0xFE, 0xF8, 0xFE, 0xF7, 0xFE,
    0xF7, 0xFE, 0xD7, 0xFE, 0xD7, 0xF6, 0xB6, 0xF6, 0xB6, 0xF6, 0x95, 0xF6, 0x74, 0xF6, 0x54, 0xF6,
    0x33, 0xF6, 0x12, 0xEE, 0xF2, 0xED, 0xF1, 0xED, 0xF1, 0xED, 0xD1, 0xED, 0xD1, 0xED, 0xD1, 0xED,
    0xD1, 0xED, 0xF2, 0xED, 0xF3, 0xED, 0x13, 0xEE, 0x13, 0xEE, 0xF3, 0xED, 0xD2, 0xE5, 0x91, 0xE5,
    0x70, 0xDD, 0x50, 0xDD, 0x2F, 0xDD, 0x2F, 0xDD, 0x2F, 0xDD, 0x2F, 0xDD, 0x2F, 0xDD, 0x2F, 0xDD,
    0x2F, 0xDD, 0x2F, 0xDD, 0x2F, 0xE5, 0x4F, 0xE5, 0x70, 0xE5, 0x90, 0xE5, 0x91, 0xED, 0xB1, 0xED,
    0xD1, 0xED, 0xD1, 0xED, 0xF2, 0xED, 0x12, 0xF6, 0x13, 0xF6, 0x33, 0xF6, 0x33, 0xF6, 0x54, 0xF6,
    0x54, 0xF6, 0x74, 0xF6, 0x75, 0xF6, 0x95, 0xF6, 0x95, 0xFE, 0xB6, 0xFE, 0xB6, 0xFE, 0xB6, 0xFE,
    0xD7, 0xFE, 0xD7, 0xFE, 0xD7, 0xFE, 0xD7, 0xFE, 0xF7, 0xFE, 0xF7, 0xFE, 0xF7, 0xFE, 0xF7, 0xFE,
    0xF7, 0xFE, 0xF7, 0xFE, 0xF7, 0xFE, 0xD6, 0xFE, 0xD6, 0xFE, 0xD6, 0xFE, 0xD6, 0xFE, 0xD6, 0xFE,
    0xD6, 0xFE, 0xB6, 0xFE, 0xB6, 0xFE, 0xB5, 0xFE, 0x95, 0xFE, 0x95, 0xFE, 0x90, 0xE5, 0x90, 0xE5,
    0x90, 0xE5, 0x90, 0xE5, 0x90, 0xE5, 0x90, 0xE5, 0x90, 0xE5, 0x70, 0xE5, 0x6F, 0xE5, 0x6F, 0xE5,
    0x4F, 0xE5, 0x4F, 0xE5, 0x4F, 0xDD, 0x4E, 0xDD, 0x2E, 0xDD, 0x2E, 0xDD, 0x0E, 0xD5, 0x0E, 0xD5,
    0xED, 0xCC, 0xCD, 0xCC, 0x8C, 0xC4, 0x6B, 0xBC, 0x2A, 0xB4, 0x0A, 0xB4, 0xE9, 0xB3, 0xE9, 0xAB,
    0xE9, 0xB3, 0x09, 0xB4, 0x2A, 0xBC, 0x4A, 0xBC, 0x6B, 0xC4, 0x8B, 0xCC, 0xCC, 0xD4, 0xED, 0xDC,
    0x2E, 0xDD, 0x6F, 0xE5, 0xAF, 0xED, 0xD0, 0xED, 0xF1, 0xF5, 0x12, 0xF6, 0x32, 0xF6, 0x53, 0xF6,
    0x53, 0xF6, 0x74, 0xF6, 0x94, 0xFE, 0xB5, 0xFE, 0xD6, 0xFE, 0xD6, 0xFE, 0xF7, 0xFE, 0xF7, 0xFE,
    0xF7, 0xFE, 0x18, 0xFF, 0x18, 0xFF, 0x18, 0xFF, 0xF8, 0xFE, 0xF7, 0xFE, 0xF7, 0xFE, 0xF7, 0xFE,
    0xD7, 0xFE, 0xD6, 0xFE, 0xB6, 0xFE, 0xB6, 0xF6, 0x95, 0xF6, 0x75, 0xF6, 0x54, 0xF6, 0x53, 0xF6,
    0x33, 0xF6, 0x12, 0xF6, 0x12, 0xF6, 0xF1, 0xED, 0xF1, 0xED, 0xD1, 0xED, 0xD1, 0xED, 0xF1, 0xED,
    0xF2, 0xED, 0xF2, 0xED, 0x12, 0xEE, 0x13, 0xEE, 0x13, 0xEE, 0x13, 0xEE, 0x13, 0xEE, 0x13, 0xEE,
    0xF3, 0xED, 0xD2, 0xE5, 0xD2, 0xE5, 0xB1, 0xE5, 0xB1, 0xE5, 0xB1, 0xE5, 0xB1, 0xE5, 0xB1, 0xE5,
    0xB1, 0xE5, 0xB1, 0xE5, 0xB1, 0xE5, 0xB1, 0xE5, 0xB1, 0xE5, 0xB2, 0xED, 0xD2, 0xED, 0xF2, 0xED,
    0xF2, 0xED, 0xF2, 0xED, 0x13, 0xEE, 0x33, 0xF6, 0x33, 0xF6, 0x34, 0xF6, 0x54, 0xF6, 0x74, 0xF6,
    0x74, 0xF6, 0x74, 0xF6, 0x75, 0xF6, 0x95, 0xFE, 0xB6, 0xFE, 0xB6, 0xFE, 0xB6, 0xFE, 0xD7, 0xFE,
    0xD7, 0xFE, 0xD7, 0xFE, 0xD7, 0xFE, 0xF7, 0xFE, 0xF7, 0xFE, 0xF7, 0xFE, 0xF7, 0xFE, 0xF7, 0xFE,
    0xF7, 0xFE, 0xF7, 0xFE, 0xD7, 0xFE, 0xD6, 0xFE, 0xD6, 0xFE, 0xD6, 0xFE, 0xD6, 0xFE, 0xD6, 0xFE,
    0xB6, 0xFE, 0xB6, 0xFE, 0xB5, 0xFE, 0x95, 0xFE, 0x95, 0xFE, 0x90, 0xE5, 0x90, 0xE5, 0x90, 0xE5,
    0x90, 0xE5, 0x90, 0xE5, 0x90, 0xE5, 0x70, 0xE5, 0x6F, 0xE5, 0x6F, 0xE5, 0x6F, 0xE5, 0x4F, 0xE5,
    0x4F, 0xDD, 0x4E, 0xDD, 0x2E, 0xDD, 0x2E, 0xDD, 0x2E, 0xDD, 0x0E, 0xD5, 0xEE, 0xD4, 0xCD, 0xCC,
    0xAD, 0xC4, 0x6C, 0xBC, 0x4B, 0xBC, 0x0A, 0xB4, 0xE9, 0xB3, 0xE9, 0xAB, 0xE9, 0xAB, 0xE9, 0xB3,
    0xE9, 0xB3, 0x2A, 0xBC, 0x4A, 0xBC, 0x6B, 0xC4, 0xAC, 0xCC, 0xCC, 0xD4, 0x0D, 0xDD, 0x4E, 0xE5,
    0x8F, 0xED, 0xB0, 0xED, 0xF0, 0xF5, 0x11, 0xF6, 0x12, 0xF6, 0x32, 0xF6, 0x53, 0xF6, 0x73, 0xF6,
    0x74, 0xFE, 0x95, 0xFE, 0xB5, 0xFE, 0xD6, 0xFE, 0xD6, 0xFE, 0xF7, 0xFE, 0xF7, 0xFE, 0x18, 0xFF,
    0x18, 0xFF, 0x18, 0xFF, 0x18, 0xFF, 0x17, 0xFF, 0xF7, 0xFE, 0xF7, 0xFE, 0xF7, 0xFE, 0xF7, 0xFE,
    0xD6, 0xFE, 0xB6, 0xFE, 0xB6, 0xFE, 0x95, 0xF6, 0x95, 0xF6, 0x74, 0xF6, 0x54, 0xF6, 0x33, 0xF6,
    0x32, 0xF6, 0x12, 0xF6, 0x12, 0xF6, 0xF1, 0xF5, 0xF1, 0xF5, 0xF1, 0xF5, 0xF1, 0xED, 0xF1, 0xED,
    0xF2, 0xED, 0xF2, 0xED, 0x12, 0xEE, 0x13, 0xEE, 0x13, 0xEE, 0x13, 0xEE, 0x13, 0xEE, 0x13, 0xEE,
    0x13, 0xEE, 0x13, 0xEE, 0x13, 0xEE, 0x13, 0xEE, 0x13, 0xEE, 0xF3, 0xED, 0x13, 0xEE, 0x13, 0xEE,
    0x13, 0xEE, 0x13, 0xEE, 0x13, 0xEE, 0x13, 0xEE, 0x13, 0xEE, 0x13, 0xEE, 0x13, 0xEE, 0x13, 0xEE,
    0x33, 0xEE, 0x33, 0xF6, 0x54, 0xF6, 0x54, 0xF6, 0x54, 0xF6, 0x54, 0xF6, 0x74, 0xF6, 0x74, 0xF6,
    0x75, 0xF6, 0x95, 0xFE, 0x95, 0xFE, 0x95, 0xFE, 0xB6, 0xFE, 0xB6, 0xFE, 0xD7, 0xFE, 0xD7, 0xFE,
    0xD7, 0xFE, 0xF7, 0xFE, 0xF7, 0xFE, 0xF7, 0xFE, 0xF7, 0xFE, 0xF7, 0xFE, 0xF7, 0xFE, 0xF7, 0xFE,
    0xF7, 0xFE, 0xF7, 0xFE, 0xD6, 0xFE, 0xB6, 0xFE, 0xD6, 0xFE, 0xD6, 0xFE, 0xD6, 0xFE, 0xB6, 0xFE,
    0xB6, 0xFE, 0xB5, 0xFE, 0x95, 0xFE, 0x94, 0xFE, 0x90, 0xE5, 0x90, 0xE5, 0x90, 0xE5, 0x90, 0xE5,
    0x90, 0xE5, 0x90, 0xE5, 0x70, 0xE5, 0x6F, 0xE5, 0x6F, 0xE5, 0x6F, 0xE5, 0x4F, 0xE5, 0x4F, 0xDD,
    0x4E, 0xDD, 0x2E, 0xDD, 0x2E, 0xDD, 0x0E, 0xD5, 0x0E, 0xD5, 0xED, 0xCC, 0xAD, 0xC4, 0x8D, 0xC4,
    0x6C, 0xBC, 0x2B, 0xB4, 0xEA, 0xAB, 0xC9, 0xAB, 0xC8, 0xAB, 0xC9, 0xAB, 0xE9, 0xB3, 0x09, 0xB4,
    0x2A, 0xBC, 0x4A, 0xC4, 0x8B, 0xCC, 0xAC, 0xD4, 0xEC, 0xD4, 0x2D, 0xDD, 0x4E, 0xE5, 0x8F, 0xED,
    0xD0, 0xED, 0xF0, 0xF5, 0x11, 0xF6, 0x32, 0xF6, 0x32, 0xF6, 0x53, 0xFE, 0x74, 0xFE, 0x94, 0xFE,
    0x95, 0xFE, 0xB5, 0xFE, 0xD6, 0xFE, 0xF6, 0xFE, 0xF7, 0xFE, 0xF7, 0xFE, 0x18, 0xFF, 0x18, 0xFF,
    0x18, 0xFF, 0x18, 0xFF, 0x18, 0xFF, 0xF7, 0xFE, 0xF7, 0xFE, 0xF7, 0xFE, 0xF7, 0xFE, 0xD6, 0xFE,
    0xD6, 0xFE, 0xB6, 0xFE, 0x95, 0xFE, 0x95, 0xF6, 0x74, 0xF6, 0x54, 0xF6, 0x53, 0xF6, 0x33, 0xF6,
    0x32, 0xF6, 0x12, 0xF6, 0x12, 0xF6, 0x12, 0xF6, 0xF2, 0xF5, 0xF1, 0xED, 0xF1, 0xED, 0xF2, 0xED,
    0xF2, 0xED, 0xF2, 0xED, 0x12, 0xEE, 0x12, 0xEE, 0x13, 0xEE, 0x13, 0xEE, 0x13, 0xEE, 0x13, 0xEE,
    0x13, 0xEE, 0x13, 0xEE, 0x13, 0xEE, 0x13, 0xEE, 0x33, 0xEE, 0x33, 0xEE, 0x33, 0xEE, 0x33, 0xEE,
    0x33, 0xEE, 0x33, 0xEE, 0x33, 0xF6, 0x33, 0xF6, 0x33, 0xF6, 0x33, 0xF6, 0x33, 0xF6, 0x33, 0xF6,
    0x53, 0xF6, 0x54, 0xF6, 0x54, 0xF6, 0x54, 0xF6, 0x54, 0xF6, 0x74, 0xF6, 0x74, 0xF6, 0x75, 0xF6,
    0x95, 0xF6, 0x95, 0xFE, 0x95, 0xFE, 0xB6, 0xFE, 0xB6, 0xFE, 0xD7, 0xFE, 0xD7, 0xFE, 0xD7, 0xFE,
    0xF7, 0xFE, 0xF7, 0xFE, 0xF7, 0xFE, 0xF7, 0xFE, 0xF7, 0xFE, 0xF7, 0xFE, 0xF7, 0xFE, 0xF7, 0xFE,
    0xD7, 0xFE, 0xD6, 0xFE, 0xB6, 0xFE, 0xB6, 0xFE, 0xD6, 0xFE, 0xB6, 0xFE, 0xB6, 0xFE, 0xB5, 0xFE,
    0x95, 0xFE, 0x95, 0xFE, 0x74, 0xFE, 0x90, 0xE5, 0x90, 0xE5, 0x90, 0xE5, 0x90, 0xE5, 0x90, 0xE5,
    0x90, 0xE5, 0x70, 0xE5, 0x6F, 0xE5, 0x6F, 0xE5, 0x6F, 0xE5, 0x6F, 0xE5, 0x4F, 0xDD, 0x4F, 0xDD,
    0x2E, 0xDD, 0x2E, 0xDD, 0x0E, 0xD5, 0xEE, 0xCC, 0xCE, 0xCC, 0xAD, 0xC4, 0x8C, 0xBC, 0x4B, 0xB4,
    0x0A, 0xB4, 0xC9, 0xAB, 0xA8, 0xAB, 0xA8, 0xAB, 0xA8, 0xAB, 0xC9, 0xAB, 0xE9, 0xB3, 0x2A, 0xBC,
    0x4B, 0xC4, 0x8B, 0xCC, 0xCC, 0xD4, 0xED, 0xDC, 0x2D, 0xDD, 0x6E, 0xE5, 0x8F, 0xED, 0xD0, 0xED,
    0x11, 0xF6, 0x11, 0xF6, 0x32, 0xF6, 0x53, 0xF6, 0x53, 0xFE, 0x74, 0xFE, 0x94, 0xFE, 0xB5, 0xFE,
    0xB6, 0xFE, 0xD6, 0xFE, 0xF7, 0xFE, 0xF7, 0xFE, 0x17, 0xFF, 0x18, 0xFF, 0x18, 0xFF, 0x18, 0xFF,
    0x18, 0xFF, 0x18, 0xFF, 0x18, 0xFF, 0xF7, 0xFE, 0xF7, 0xFE, 0xD7, 0xFE, 0xD6, 0xFE, 0xD6, 0xFE,
    0xB6, 0xFE, 0xB5, 0xFE, 0x95, 0xF6, 0x74, 0xF6, 0x74, 0xF6, 0x53, 0xF6, 0x53, 0xF6, 0x33, 0xF6,
    0x32, 0xF6, 0x12, 0xF6, 0x12, 0xF6, 0x12, 0xF6, 0x12, 0xF6, 0x12, 0xF6, 0x12, 0xF6, 0x12, 0xF6,
    0xF2, 0xF5, 0x12, 0xF6, 0x12, 0xF6, 0x12, 0xF6, 0x13, 0xF6, 0x13, 0xF6, 0x13, 0xF6, 0x33, 0xF6,
    0x33, 0xF6, 0x33, 0xF6, 0x33, 0xF6, 0x33, 0xF6, 0x33, 0xF6, 0x34, 0xF6, 0x33, 0xF6, 0x33, 0xF6,
    0x34, 0xF6, 0x33, 0xF6, 0x33, 0xF6, 0x33, 0xF6, 0x33, 0xF6, 0x33, 0xF6, 0x54, 0xF6, 0x54, 0xF6,
    0x54, 0xF6, 0x54, 0xF6, 0x74, 0xF6, 0x74, 0xF6, 0x74, 0xF6, 0x74, 0xF6, 0x75, 0xF6, 0x95, 0xF6,
    0x95, 0xFE, 0x96, 0xFE, 0xB6, 0xFE, 0xB6, 0xFE, 0xD7, 0xFE, 0xD7, 0xFE, 0xD7, 0xFE, 0xF7, 0xFE,
    0xF7, 0xFE, 0xF7, 0xFE, 0xF7, 0xFE, 0xF7, 0xFE, 0xF7, 0xFE, 0xF7, 0xFE, 0xD7, 0xFE, 0xD7, 0xFE,
    0xD6, 0xFE, 0xD6, 0xFE, 0xB6, 0xFE, 0xB6, 0xFE, 0xB6, 0xFE, 0xB6, 0xFE, 0xB5, 0xFE, 0x95, 0xFE,
    0x95, 0xFE, 0x74, 0xFE, 0x90, 0xE5, 0x90, 0xE5, 0x90, 0xE5, 0x90, 0xE5, 0x90, 0xE5, 0x90, 0xE5,
    0x8F, 0xE5, 0x8F, 0xE5, 0x6F, 0xE5, 0x6F, 0xE5, 0x6F, 0xE5, 0x4F, 0xDD, 0x4F, 0xDD, 0x4F, 0xDD,
    0x2E, 0xD5, 0x2F, 0xD5, 0x0E, 0xCD, 0xCE, 0xC4, 0xAD, 0xBC, 0x6C, 0xBC, 0x2B, 0xB4, 0xEA, 0xAB,
    0xA8, 0xA3, 0x87, 0xA3, 0x87, 0xA3, 0xA8, 0xA3, 0xC8, 0xAB, 0xE9, 0xB3, 0x2A, 0xBC, 0x4B, 0xC4,
    0xAC, 0xCC, 0xCC, 0xD4, 0x0D, 0xDD, 0x2E, 0xDD, 0x6F, 0xE5, 0xB0, 0xED, 0xF0, 0xF5, 0x11, 0xF6,
    0x32, 0xF6, 0x32, 0xF6, 0x53, 0xFE, 0x73, 0xFE, 0x74, 0xFE, 0x95, 0xFE, 0xB5, 0xFE, 0xD6, 0xFE,
    0xF7, 0xFE, 0xF7, 0xFE, 0x17, 0xFF, 0x18, 0xFF, 0x18, 0xFF, 0x18, 0xFF, 0x18, 0xFF, 0x18, 0xFF,
    0x18, 0xFF, 0x18, 0xFF, 0xF7, 0xFE, 0xF7, 0xFE, 0xD7, 0xFE, 0xD6, 0xFE, 0xD6, 0xFE, 0xB6, 0xFE,
    0xB5, 0xFE, 0x95, 0xF6, 0x95, 0xF6, 0x74, 0xF6, 0x54, 0xF6, 0x53, 0xF6, 0x53, 0xF6, 0x33, 0xF6,
    0x32, 0xF6, 0x12, 0xF6, 0x12, 0xF6, 0x12, 0xF6, 0x12, 0xF6, 0x12, 0xF6, 0x12, 0xF6, 0x12, 0xF6,
    0x12, 0xF6, 0x12, 0xF6, 0x12, 0xF6, 0x12, 0xF6, 0x13, 0xF6, 0x33, 0xF6, 0x33, 0xF6, 0x33, 0xF6,
    0x33, 0xF6, 0x33, 0xF6, 0x33, 0xF6, 0x33, 0xF6, 0x34, 0xF6, 0x54, 0xF6, 0x54, 0xF6, 0x54, 0xF6,
    0x54, 0xF6, 0x54, 0xF6, 0x54, 0xF6, 0x54, 0xF6, 0x54, 0xF6, 0x54, 0xF6, 0x54, 0xF6, 0x54, 0xF6,
    0x74, 0xF6, 0x74, 0xF6, 0x74, 0xF6, 0x74, 0xF6, 0x75, 0xF6, 0x95, 0xFE, 0x95, 0xFE, 0x95, 0xFE,
    0xB6, 0xFE, 0xB6, 0xFE, 0xD7, 0xFE, 0xD7, 0xFE, 0xD7, 0xFE, 0xF7, 0xFE, 0xF7, 0xFE, 0xF7, 0xFE,
    0xF7, 0xFE, 0xF7, 0xFE, 0xF7, 0xFE, 0xF7, 0xFE, 0xF7, 0xFE, 0xD7, 0xFE, 0xD7, 0xFE, 0xD6, 0xFE,
    0xD6, 0xFE, 0xD6, 0xFE, 0xB6, 0xFE, 0xB6, 0xFE, 0xB5, 0xFE, 0x95, 0xFE, 0x95, 0xFE, 0x94, 0xFE,
    0x74, 0xFE, 0x90, 0xE5, 0x90, 0xE5, 0x90, 0xE5, 0x90, 0xE5, 0x90, 0xE5, 0x90, 0xE5, 0x90, 0xE5,
    0x90, 0xE5, 0x90, 0xE5, 0x70, 0xE5, 0x6F, 0xE5, 0x6F, 0xDD, 0x4F, 0xDD, 0x4F, 0xDD, 0x2F, 0xD5,
    0x2F, 0xD5, 0x0F, 0xCD, 0xCE, 0xC4, 0x8D, 0xBC, 0x4C, 0xB4, 0x0B, 0xAC, 0xA9, 0xA3, 0x67, 0x9B,
    0x47, 0x9B, 0x47, 0x9B, 0x87, 0xA3, 0xC8, 0xAB, 0x09, 0xB4, 0x2A, 0xBC, 0x8B, 0xC4, 0xAC, 0xCC,
    0xED, 0xD4, 0x0D, 0xDD, 0x4E, 0xE5, 0x8F, 0xE5, 0xB0, 0xED, 0xF0, 0xF5, 0x11, 0xF6, 0x32, 0xF6,
    0x52, 0xFE, 0x53, 0xFE, 0x73, 0xFE, 0x94, 0xFE, 0xB5, 0xFE, 0xB5, 0xFE, 0xD6, 0xFE, 0xF7, 0xFE,
    0xF7, 0xFE, 0x17, 0xFF, 0x18, 0xFF, 0x18, 0xFF, 0x38, 0xFF, 0x38, 0xFF, 0x38, 0xFF, 0x18, 0xFF,
    0x18, 0xFF, 0x17, 0xFF, 0xF7, 0xFE, 0xD7, 0xFE, 0xD6, 0xFE, 0xB6, 0xFE, 0xB6, 0xFE, 0xB5, 0xFE,
    0x95, 0xF6, 0x95, 0xF6, 0x74, 0xF6, 0x74, 0xF6, 0x54, 0xF6, 0x53, 0xF6, 0x53, 0xF6, 0x33, 0xF6,
    0x33, 0xF6, 0x32, 0xF6, 0x12, 0xF6, 0x12, 0xF6, 0x12, 0xF6, 0x12, 0xF6, 0x12, 0xF6, 0x12, 0xF6,
    0x12, 0xF6, 0x12, 0xF6, 0x12, 0xF6, 0x12, 0xF6, 0x33, 0xF6, 0x13, 0xF6, 0x33, 0xF6, 0x33, 0xF6,
    0x33, 0xF6, 0x33, 0xF6, 0x33, 0xF6, 0x53, 0xF6, 0x54, 0xF6, 0x54, 0xF6, 0x54, 0xF6, 0x54, 0xF6,
    0x54, 0xF6, 0x54, 0xF6, 0x54, 0xF6, 0x54, 0xF6, 0x54, 0xF6, 0x54, 0xF6, 0x74, 0xF6, 0x74, 0xF6,
    0x74, 0xF6, 0x74, 0xF6, 0x75, 0xF6, 0x95, 0xFE, 0x95, 0xFE, 0x95, 0xFE, 0xB6, 0xFE, 0xB6, 0xFE,
    0xD6, 0xFE, 0xD7, 0xFE, 0xD7, 0xFE, 0xD7, 0xFE, 0xF7, 0xFE, 0xF7, 0xFE, 0xF7, 0xFE, 0xF7, 0xFE,
    0xF7, 0xFE, 0xF7, 0xFE, 0xF7, 0xFE, 0xF7, 0xFE, 0xD7, 0xFE, 0xD7, 0xFE, 0xD6, 0xFE, 0xD6, 0xFE,
    0xB6, 0xFE, 0xB6, 0xFE, 0xB5, 0xFE, 0xB5, 0xFE, 0x95, 0xFE, 0x95, 0xFE, 0x74, 0xFE, 0x74, 0xFE,
    0x90, 0xE5, 0x90, 0xE5, 0x90, 0xE5, 0x90, 0xE5, 0x90, 0xE5, 0x90, 0xE5, 0x90, 0xE5, 0x90, 0xE5,
    0x90, 0xE5, 0x90, 0xE5, 0x70, 0xE5, 0x70, 0xDD, 0x70, 0xDD, 0x50, 0xDD, 0x30, 0xD5, 0x2F, 0xD5,
    0xEF, 0xCC, 0xCE, 0xC4, 0x6D, 0xBC, 0x2C, 0xB4, 0xCA, 0xA3, 0x68, 0x9B, 0x27, 0x93, 0x06, 0x93,
    0x26, 0x9B, 0x67, 0xA3, 0xC8, 0xAB, 0x0A, 0xB4, 0x4B, 0xBC, 0x8C, 0xCC, 0xCC, 0xD4, 0x0D, 0xD5,
    0x2E, 0xDD, 0x6F, 0xE5, 0x8F, 0xE5, 0xD0, 0xED, 0x11, 0xF6, 0x32, 0xF6, 0x32, 0xF6, 0x53, 0xFE,
    0x73, 0xFE, 0x94, 0xFE, 0x95, 0xFE, 0xB5, 0xFE, 0xD6, 0xFE, 0xD6, 0xFE, 0xF7, 0xFE, 0x17, 0xFF,
    0x17, 0xFF, 0x18, 0xFF, 0x18, 0xFF, 0x38, 0xFF, 0x39, 0xFF, 0x39, 0xFF, 0x18, 0xFF, 0x18, 0xFF,
    0x18, 0xFF, 0xF7, 0xFE, 0xF7, 0xFE, 0xD6, 0xFE, 0xB6, 0xFE, 0xB5, 0xFE, 0x95, 0xFE, 0x95, 0xF6,
    0x95, 0xF6, 0x74, 0xF6, 0x74, 0xF6, 0x74, 0xF6, 0x54, 0xF6, 0x53, 0xF6, 0x33, 0xF6, 0x33, 0xF6,
    0x33, 0xF6, 0x12, 0xF6, 0x12, 0xF6, 0x12, 0xF6, 0x12, 0xF6, 0x12, 0xF6, 0x12, 0xF6, 0x12, 0xF6,
    0x12, 0xF6, 0x12, 0xF6, 0x12, 0xF6, 0x12, 0xF6, 0x13, 0xF6, 0x13, 0xF6, 0x33, 0xF6, 0x33, 0xF6,
    0x33, 0xF6, 0x33, 0xF6, 0x33, 0xF6, 0x53, 0xF6, 0x33, 0xF6, 0x53, 0xF6, 0x53, 0xF6, 0x53, 0xF6,
    0x53, 0xF6, 0x54, 0xF6, 0x54, 0xF6, 0x54, 0xF6, 0x54, 0xF6, 0x54, 0xF6, 0x74, 0xF6, 0x74, 0xF6,
    0x75, 0xF6, 0x75, 0xFE, 0x95, 0xFE, 0x96, 0xFE, 0xB6, 0xFE, 0xB6, 0xFE, 0xD6, 0xFE, 0xD7, 0xFE,
    0xD7, 0xFE, 0xD7, 0xFE, 0xF7, 0xFE, 0xF7, 0xFE, 0xF8, 0xFE, 0xF8, 0xFE, 0xF8, 0xFE, 0xF7, 0xFE,
    0xF7, 0xFE, 0xF7, 0xFE, 0xF7, 0xFE, 0xD7, 0xFE, 0xD6, 0xFE, 0xD6, 0xFE, 0xD6, 0xFE, 0xB6, 0xFE,
    0xB6, 0xFE, 0xB5, 0xFE, 0xB5, 0xFE, 0x95, 0xFE, 0x94, 0xFE, 0x74, 0xFE, 0x74, 0xF6, 0x91, 0xE5,
    0xB0, 0xE5, 0x90, 0xE5, 0xB0, 0xE5, 0x90, 0xE5, 0x90, 0xE5, 0x90, 0xE5, 0x90, 0xE5, 0x90, 0xE5,
    0x90, 0xE5, 0x90, 0xE5, 0x90, 0xE5, 0x70, 0xDD, 0x70, 0xDD, 0x50, 0xD5, 0x0F, 0xCD, 0xEF, 0xC4,
    0xAE, 0xBC, 0x6D, 0xB4, 0x0B, 0xAC, 0xAA, 0xA3, 0x48, 0x93, 0x06, 0x93, 0xE5, 0x8A, 0x05, 0x93,
    0x67, 0xA3, 0xC9, 0xAB, 0x2A, 0xBC, 0x6B, 0xC4, 0xAC, 0xCC, 0xED, 0xD4, 0x2D, 0xDD, 0x4E, 0xE5,
    0x8F, 0xE5, 0xB0, 0xED, 0xF0, 0xF5, 0x11, 0xF6, 0x32, 0xF6, 0x52, 0xF6, 0x73, 0xFE, 0x94, 0xFE,
    0x95, 0xFE, 0xB5, 0xFE, 0xB6, 0xFE, 0xD6, 0xFE, 0xF7, 0xFE, 0xF7, 0xFE, 0x17, 0xFF, 0x18, 0xFF,
    0x38, 0xFF, 0x38, 0xFF, 0x39, 0xFF, 0x39, 0xFF, 0x39, 0xFF, 0x39, 0xFF, 0x39, 0xFF, 0x19, 0xFF,
    0x18, 0xFF, 0xF8, 0xFE, 0xD7, 0xFE, 0xB6, 0xFE, 0x95, 0xFE, 0x95, 0xF6, 0x75, 0xF6, 0x74, 0xF6,
    0x74, 0xF6, 0x74, 0xF6, 0x74, 0xF6, 0x54, 0xF6, 0x54, 0xF6, 0x53, 0xF6, 0x33, 0xF6, 0x33, 0xF6,
    0x33, 0xF6, 0x32, 0xF6, 0x32, 0xF6, 0x12, 0xF6, 0x12, 0xF6, 0x12, 0xF6, 0x12, 0xF6, 0x12, 0xF6,
    0x12, 0xF6, 0x12, 0xF6, 0x32, 0xF6, 0x33, 0xF6, 0x33, 0xF6, 0x33, 0xF6, 0x33, 0xF6, 0x33, 0xF6,
    0x33, 0xF6, 0x33, 0xF6, 0x33, 0xF6, 0x33, 0xF6, 0x53, 0xF6, 0x54, 0xF6, 0x53, 0xF6, 0x53, 0xF6,
    0x53, 0xF6, 0x54, 0xF6, 0x54, 0xF6, 0x54, 0xF6, 0x54, 0xF6, 0x74, 0xF6, 0x75, 0xF6, 0x75, 0xF6,
    0x75, 0xF6, 0x95, 0xFE, 0xB6, 0xFE, 0xB6, 0xFE, 0xB7, 0xFE, 0xD7, 0xFE, 0xD7, 0xFE, 0xF7, 0xFE,
    0xF8, 0xFE, 0xF8, 0xFE, 0xF8, 0xFE, 0xF8, 0xFE, 0xF8, 0xFE, 0xF8, 0xFE, 0xF7, 0xFE, 0xF7, 0xFE,
    0xF7, 0xFE, 0xD7, 0xFE, 0xD7, 0xFE, 0xD6, 0xFE, 0xD6, 0xFE, 0xB6, 0xFE, 0xB6, 0xFE, 0xB6, 0xFE,
    0xB5, 0xFE, 0x95, 0xFE, 0x95, 0xFE, 0x74, 0xFE, 0x74, 0xFE, 0x74, 0xF6, 0xB1, 0xE5, 0xB1, 0xE5,
    0xB0, 0xE5, 0xB1, 0xE5, 0xB1, 0xE5, 0xB1, 0xE5, 0xB0, 0xE5, 0x91, 0xE5, 0x90, 0xE5, 0x90, 0xE5,
    0x90, 0xE5, 0x90, 0xDD, 0x71, 0xDD, 0x50, 0xD5, 0x30, 0xD5, 0x10, 0xCD, 0xCF, 0xC4, 0x8E, 0xBC,
    0x2D, 0xAC, 0xEB, 0xA3, 0x89, 0x9B, 0x48, 0x93, 0x06, 0x8B, 0xE5, 0x8A, 0x05, 0x93, 0x67, 0xA3,
    0xE9, 0xB3, 0x4B, 0xBC, 0x8C, 0xCC, 0xCD, 0xD4, 0x0D, 0xDD, 0x4E, 0xDD, 0x6F, 0xE5, 0x8F, 0xE5,
    0xD0, 0xED, 0xF1, 0xF5, 0x11, 0xF6, 0x32, 0xF6, 0x53, 0xF6, 0x73, 0xFE, 0x94, 0xFE, 0xB5, 0xFE,
    0xB6, 0xFE, 0xD6, 0xFE, 0xD7, 0xFE, 0xF7, 0xFE, 0x17, 0xFF, 0x18, 0xFF, 0x38, 0xFF, 0x38, 0xFF,
    0x39, 0xFF, 0x59, 0xFF, 0x59, 0xFF, 0x39, 0xFF, 0x39, 0xFF, 0x39, 0xFF, 0x39, 0xFF, 0x39, 0xFF,
    0x19, 0xFF, 0xF8, 0xFE, 0xD7, 0xFE, 0x96, 0xF6, 0x75, 0xF6, 0x74, 0xF6, 0x74, 0xF6, 0x74, 0xF6,
    0x74, 0xF6, 0x74, 0xF6, 0x54, 0xF6, 0x54, 0xF6, 0x53, 0xF6, 0x33, 0xF6, 0x33, 0xF6, 0x33, 0xF6,
    0x33, 0xF6, 0x33, 0xF6, 0x33, 0xF6, 0x32, 0xF6, 0x32, 0xF6, 0x12, 0xF6, 0x12, 0xF6, 0x32, 0xF6,
    0x33, 0xF6, 0x32, 0xF6, 0x33, 0xF6, 0x33, 0xF6, 0x33, 0xF6, 0x33, 0xF6, 0x33, 0xF6, 0x33, 0xF6,
    0x33, 0xF6, 0x33, 0xF6, 0x33, 0xF6, 0x53, 0xF6, 0x33, 0xF6, 0x53, 0xF6, 0x53, 0xF6, 0x53, 0xF6,
    0x54, 0xF6, 0x54, 0xF6, 0x54, 0xF6, 0x54, 0xF6, 0x74, 0xF6, 0x75, 0xF6, 0x75, 0xF6, 0x96, 0xF6,
    0x96, 0xFE, 0xB6, 0xFE, 0xB7, 0xFE, 0xD7, 0xFE, 0xD7, 0xFE, 0xF7, 0xFE, 0xF8, 0xFE, 0xF8, 0xFE,
    0xF8, 0xFE, 0xF8, 0xFE, 0xF8, 0xFE, 0xF8, 0xFE, 0xF8, 0xFE, 0xF7, 0xFE, 0xF7, 0xFE, 0xF7, 0xFE,
    0xD7, 0xFE, 0xD6, 0xFE, 0xD6, 0xFE, 0xD6, 0xFE, 0xD6, 0xFE, 0xB6, 0xFE, 0xB6, 0xFE, 0xB5, 0xFE,
    0x95, 0xFE, 0x95, 0xFE, 0x74, 0xFE, 0x74, 0xF6, 0x53, 0xF6, 0xB1, 0xE5, 0xB1, 0xE5, 0xB1, 0xE5,
    0xB1, 0xE5, 0xB1, 0xE5, 0xB1, 0xE5, 0xB1, 0xE5, 0xB1, 0xE5, 0xB1, 0xE5, 0xB1, 0xE5, 0x91, 0xE5,
    0x91, 0xDD, 0x71, 0xDD, 0x50, 0xD5, 0x30, 0xCD, 0xF0, 0xC4, 0xAE, 0xBC, 0x2D, 0xAC, 0x0C, 0xA4,
    0xCB, 0xA3, 0xAA, 0x9B, 0x88, 0x9B, 0x27, 0x93, 0xE5, 0x8A, 0x05, 0x93, 0x67, 0xA3, 0x0A, 0xB4,
    0x6B, 0xC4, 0xAD, 0xCC, 0xED, 0xD4, 0x2E, 0xDD, 0x4F, 0xDD, 0x6F, 0xE5, 0xB0, 0xED, 0xD1, 0xED,
    0x11, 0xF6, 0x32, 0xF6, 0x52, 0xF6, 0x73, 0xF6, 0x94, 0xFE, 0xB5, 0xFE, 0xB6, 0xFE, 0xD6, 0xFE,
    0xD7, 0xFE, 0xF7, 0xFE, 0x17, 0xFF, 0x18, 0xFF, 0x18, 0xFF, 0x38, 0xFF, 0x39, 0xFF, 0x39, 0xFF,
    0x39, 0xFF, 0x39, 0xFF, 0x39, 0xFF, 0x39, 0xFF, 0x39, 0xFF, 0x39, 0xFF, 0x3A, 0xF7, 0x19, 0xF7,
    0xF9, 0xF6, 0xF8, 0xF6, 0xB6, 0xF6, 0x95, 0xF6, 0x54, 0xF6, 0x54, 0xF6, 0x54, 0xF6, 0x54, 0xF6,
    0x54, 0xF6, 0x54, 0xF6, 0x54, 0xF6, 0x53, 0xF6, 0x33, 0xF6, 0x33, 0xF6, 0x33, 0xF6, 0x33, 0xF6,
    0x33, 0xF6, 0x33, 0xF6, 0x33, 0xF6, 0x33, 0xF6, 0x33, 0xF6, 0x33, 0xF6, 0x32, 0xF6, 0x33, 0xF6,
    0x33, 0xF6, 0x33, 0xF6, 0x33, 0xF6, 0x33, 0xF6, 0x33, 0xF6, 0x33, 0xF6, 0x33, 0xF6, 0x33, 0xF6,
    0x33, 0xF6, 0x33, 0xF6, 0x53, 0xF6, 0x53, 0xF6, 0x53, 0xF6, 0x53, 0xF6, 0x54, 0xF6, 0x54, 0xF6,
    0x54, 0xF6, 0x54, 0xF6, 0x54, 0xF6, 0x75, 0xF6, 0x75, 0xF6, 0x95, 0xFE, 0x96, 0xFE, 0xB6, 0xFE,
    0xB7, 0xFE, 0xD7, 0xFE, 0xD7, 0xFE, 0xD7, 0xFE, 0xF8, 0xFE, 0xF8, 0xFE, 0xF8, 0xFE, 0xF8, 0xFE,
    0xF8, 0xFE, 0xF8, 0xFE, 0xF8, 0xFE, 0xF8, 0xFE, 0xF7, 0xFE, 0xF7, 0xFE, 0xF7, 0xFE, 0xD7, 0xFE,
    0xD6, 0xFE, 0xD6, 0xFE, 0xD6, 0xFE, 0xD6, 0xFE, 0xB6, 0xFE, 0xB6, 0xFE, 0x95, 0xFE, 0x95, 0xFE,
    0x74, 0xFE, 0x74, 0xF6, 0x74, 0xF6, 0x53, 0xF6, 0xB1, 0xE5, 0xB1, 0xE5, 0xB1, 0xE5, 0xB1, 0xE5,
    0xB1, 0xE5, 0xB1, 0xE5, 0xB1, 0xE5, 0xB1, 0xE5, 0xB1, 0xE5, 0xB1, 0xE5, 0x91, 0xDD, 0x71, 0xDD,
    0x51, 0xD5, 0x30, 0xCD, 0xEF, 0xC4, 0xAE, 0xBC, 0x4D, 0xB4, 0x0B, 0xAC, 0xEB, 0xAB, 0xEB, 0xAB,
    0x0B, 0xAC, 0xCA, 0xAB, 0x68, 0x9B, 0x26, 0x93, 0x26, 0x9B, 0xA8, 0xAB, 0x2A, 0xBC, 0x8C, 0xC4,
    0xCD, 0xD4, 0x0E, 0xDD, 0x2E, 0xDD, 0x6F, 0xE5, 0x8F, 0xE5, 0xB0, 0xED, 0xD1, 0xED, 0x12, 0xF6,
    0x32, 0xF6, 0x53, 0xF6, 0x74, 0xF6, 0x95, 0xFE, 0xB6, 0xFE, 0xD6, 0xFE, 0xF7, 0xFE, 0xF7, 0xFE,
    0xF8, 0xFE, 0x18, 0xFF, 0x18, 0xFF, 0x39, 0xFF, 0x39, 0xFF, 0x39, 0xFF, 0x39, 0xFF, 0x39, 0xFF,
    0x39, 0xFF, 0x38, 0xFF, 0x38, 0xFF, 0x18, 0xFF, 0x18, 0xFF, 0x18, 0xFF, 0xF8, 0xFE, 0xF8, 0xFE,
    0xD7, 0xFE, 0xB6, 0xF6, 0x75, 0xF6, 0x54, 0xF6, 0x13, 0xF6, 0x13, 0xF6, 0x13, 0xF6, 0x33, 0xF6,
    0x33, 0xF6, 0x53, 0xF6, 0x33, 0xF6, 0x33, 0xF6, 0x33, 0xF6, 0x33, 0xF6, 0x33, 0xF6, 0x33, 0xF6,
    0x33, 0xF6, 0x33, 0xF6, 0x33, 0xF6, 0x33, 0xF6, 0x33, 0xF6, 0x33, 0xF6, 0x33, 0xF6, 0x33, 0xF6,
    0x33, 0xF6, 0x33, 0xF6, 0x33, 0xF6, 0x33, 0xF6, 0x33, 0xF6, 0x33, 0xF6, 0x33, 0xF6, 0x33, 0xF6,
    0x53, 0xF6, 0x53, 0xF6, 0x53, 0xF6, 0x54, 0xF6, 0x54, 0xF6, 0x54, 0xF6, 0x54, 0xF6, 0x54, 0xF6,
    0x54, 0xF6, 0x54, 0xF6, 0x75, 0xF6, 0x75, 0xF6, 0x96, 0xFE, 0x96, 0xFE, 0xB7, 0xFE, 0xB7, 0xFE,
    0xD7, 0xFE, 0xD7, 0xFE, 0xD8, 0xFE, 0xF8, 0xFE, 0xF8, 0xFE, 0xF8, 0xFE, 0xF8, 0xFE, 0xF8, 0xFE,
    0xF8, 0xFE, 0xF8, 0xFE, 0xF8, 0xFE, 0xF8, 0xFE, 0xF7, 0xFE, 0xF7, 0xFE, 0xD7, 0xFE, 0xD6, 0xFE,
    0xD6, 0xFE, 0xD6, 0xFE, 0xD6, 0xFE, 0xB6, 0xFE, 0xB5, 0xFE, 0x95, 0xFE, 0x95, 0xFE, 0x74, 0xFE,
    0x74, 0xF6, 0x53, 0xF6, 0x53, 0xF6, 0xB1, 0xE5, 0xD1, 0xE5, 0xB1, 0xE5, 0xB1, 0xE5, 0xB1, 0xE5,
    0xB1, 0xE5, 0xB1, 0xE5, 0xB1, 0xE5, 0xB1, 0xE5, 0x91, 0xE5, 0x91, 0xDD, 0x71, 0xDD, 0x30, 0xD5,
    0xEF, 0xC4, 0xAE, 0xBC, 0x4C, 0xB4, 0x0B, 0xAC, 0x0B, 0xAC, 0x2B, 0xB4, 0x4C, 0xB4, 0x4C, 0xBC,
    0x2B, 0xB4, 0xC9, 0xAB, 0x67, 0xA3, 0x47, 0x9B, 0xC9, 0xAB, 0x4B, 0xBC, 0xAC, 0xCC, 0xEE, 0xD4,
    0x2F, 0xDD, 0x4F, 0xDD, 0x6F, 0xE5, 0x90, 0xE5, 0xB0, 0xED, 0xF1, 0xED, 0x12, 0xF6, 0x33, 0xF6,
    0x74, 0xF6, 0x95, 0xF6, 0xB6, 0xFE, 0xD6, 0xFE, 0xD7, 0xFE, 0xF7, 0xFE, 0xF8, 0xFE, 0x18, 0xFF,
    0x18, 0xFF, 0x39, 0xFF, 0x39, 0xFF, 0x39, 0xFF, 0x39, 0xFF, 0x39, 0xFF, 0x38, 0xFF, 0x38, 0xFF,
    0x18, 0xFF, 0x18, 0xFF, 0x17, 0xFF, 0xF7, 0xFE, 0xF7, 0xFE, 0xF7, 0xFE, 0xD7, 0xFE, 0xB6, 0xFE,
    0x96, 0xFE, 0x54, 0xF6, 0x13, 0xF6, 0xF2, 0xF5, 0xD1, 0xF5, 0xD1, 0xF5, 0x12, 0xF6, 0x13, 0xF6,
    0x33, 0xF6, 0x33, 0xF6, 0x33, 0xF6, 0x33, 0xF6, 0x33, 0xF6, 0x33, 0xF6, 0x33, 0xF6, 0x33, 0xF6,
    0x33, 0xF6, 0x33, 0xF6, 0x33, 0xF6, 0x33, 0xF6, 0x33, 0xF6, 0x33, 0xF6, 0x33, 0xF6, 0x33, 0xF6,
    0x33, 0xF6, 0x33, 0xF6, 0x33, 0xF6, 0x33, 0xF6, 0x33, 0xF6, 0x33, 0xF6, 0x53, 0xF6, 0x33, 0xF6,
    0x54, 0xF6, 0x54, 0xF6, 0x54, 0xF6, 0x54, 0xF6, 0x54, 0xF6, 0x54, 0xF6, 0x54, 0xF6, 0x74, 0xF6,
    0x75, 0xF6, 0x75, 0xF6, 0x75, 0xF6, 0x96, 0xF6, 0x96, 0xFE, 0xB7, 0xFE, 0xB7, 0xFE, 0xD7, 0xFE,
    0xD7, 0xFE, 0xF8, 0xFE, 0xF8, 0xFE, 0xF8, 0xFE, 0xF8, 0xFE, 0xF8, 0xFE, 0xF8, 0xFE, 0xF8, 0xFE,
    0xF8, 0xFE, 0xF8, 0xFE, 0xF8, 0xFE, 0xF7, 0xFE, 0xF7, 0xFE, 0xD7, 0xFE, 0xD7, 0xFE, 0xD6, 0xFE,
    0xD6, 0xFE, 0xD6, 0xFE, 0xB6, 0xFE, 0x95, 0xFE, 0x95, 0xFE, 0x95, 0xFE, 0x74, 0xFE, 0x74, 0xF6,
    0x53, 0xF6, 0x33, 0xF6, 0xD2, 0xE5, 0xD1, 0xE5, 0xB1, 0xE5, 0xD1, 0xE5, 0xD1, 0xE5, 0xD2, 0xE5,
    0xB1, 0xE5, 0xB1, 0xE5, 0xB1, 0xE5, 0x91, 0xDD, 0x71, 0xDD, 0x50, 0xD5, 0xEF, 0xCC, 0x8E, 0xBC,
    0x2C, 0xB4, 0xEB, 0xAB, 0xEB, 0xAB, 0x0B, 0xB4, 0x4C, 0xBC, 0x8D, 0xBC, 0x8D, 0xC4, 0x6C, 0xBC,
    0x2B, 0xB4, 0xA8, 0xAB, 0xA8, 0xAB, 0xE9, 0xB3, 0x6B, 0xBC, 0xCD, 0xCC, 0x0E, 0xD5, 0x2F, 0xDD,
    0x4F, 0xDD, 0x70, 0xE5, 0x90, 0xE5, 0xB0, 0xED, 0xD1, 0xED, 0x12, 0xEE, 0x33, 0xF6, 0x74, 0xF6,
    0x95, 0xF6, 0xB6, 0xF6, 0xD7, 0xFE, 0xF7, 0xFE, 0xF8, 0xFE, 0x18, 0xFF, 0x18, 0xFF, 0x39, 0xFF,
    0x39, 0xFF, 0x39, 0xFF, 0x39, 0xFF, 0x39, 0xFF, 0x39, 0xFF, 0x18, 0xFF, 0x17, 0xFF, 0x17, 0xFF,
    0xF7, 0xFE, 0xF7, 0xFE, 0xF7, 0xFE, 0xD6, 0xFE, 0xD6, 0xFE, 0xD6, 0xFE, 0xB6, 0xFE, 0x75, 0xFE,
    0x54, 0xF6, 0x12, 0xF6, 0xD1, 0xED, 0x90, 0xED, 0x90, 0xED, 0xB0, 0xED, 0xD1, 0xED, 0xF2, 0xF5,
    0x12, 0xEE, 0x13, 0xF6, 0x33, 0xF6, 0x33, 0xF6, 0x33, 0xF6, 0x33, 0xF6, 0x33, 0xF6, 0x33, 0xF6,
    0x33, 0xF6, 0x33, 0xF6, 0x33, 0xF6, 0x33, 0xF6, 0x33, 0xF6, 0x33, 0xF6, 0x33, 0xF6, 0x33, 0xF6,
    0x33, 0xF6, 0x33, 0xF6, 0x33, 0xF6, 0x33, 0xF6, 0x53, 0xF6, 0x53, 0xF6, 0x53, 0xF6, 0x54, 0xF6,
    0x54, 0xF6, 0x54, 0xF6, 0x54, 0xF6, 0x74, 0xF6, 0x74, 0xF6, 0x74, 0xF6, 0x75, 0xF6, 0x75, 0xF6,
    0x75, 0xF6, 0x96, 0xFE, 0x96, 0xF6, 0x96, 0xFE, 0xB7, 0xFE, 0xB7, 0xFE, 0xD7, 0xFE, 0xD8, 0xFE,
    0xF8, 0xFE, 0xF8, 0xFE, 0xF8, 0xFE, 0xF8, 0xFE, 0xF8, 0xFE, 0xF8, 0xFE, 0xF8, 0xFE, 0xF8, 0xFE,
    0xF8, 0xFE, 0xF8, 0xFE, 0xF7, 0xFE, 0xF7, 0xFE, 0xD7, 0xFE, 0xD6, 0xFE, 0xD6, 0xFE, 0xD6, 0xFE,
    0xB6, 0xFE, 0xB5, 0xFE, 0x95, 0xFE, 0x95, 0xFE, 0x74, 0xFE, 0x74, 0xF6, 0x54, 0xF6, 0x53, 0xF6,
    0x33, 0xF6, 0xD2, 0xED, 0xD2, 0xE5, 0xD2, 0xE5, 0xD2, 0xE5, 0xD2, 0xE5, 0xB2, 0xE5, 0xB1, 0xE5,
    0xB1, 0xE5, 0xB1, 0xE5, 0x91, 0xDD, 0x50, 0xD5, 0x0F, 0xCD, 0xAE, 0xC4, 0x2B, 0xB4, 0xCA, 0xA3,
    0xA9, 0xA3, 0xEA, 0xAB, 0x2B, 0xB4, 0x6C, 0xBC, 0xAD, 0xC4, 0xCE, 0xC4, 0xAD, 0xC4, 0x6C, 0xBC,
    0x0A, 0xB4, 0xE9, 0xB3, 0x0A, 0xBC, 0x6C, 0xC4, 0xEE, 0xCC, 0x0F, 0xD5, 0x4F, 0xDD, 0x70, 0xDD,
    0x90, 0xE5, 0x90, 0xE5, 0xB1, 0xE5, 0xD1, 0xED, 0xF2, 0xED, 0x33, 0xF6, 0x54, 0xF6, 0x95, 0xF6,
    0xB6, 0xF6, 0xD7, 0xFE, 0xD7, 0xFE, 0xF8, 0xFE, 0x18, 0xFF, 0x19, 0xFF, 0x39, 0xFF, 0x39, 0xFF,
    0x39, 0xFF, 0x39, 0xFF, 0x39, 0xFF, 0x18, 0xFF, 0x17, 0xFF, 0xF7, 0xFE, 0xF6, 0xFE, 0xD6, 0xFE,
    0xD6, 0xFE, 0xD6, 0xFE, 0xD6, 0xFE, 0xD6, 0xFE, 0xB5, 0xFE, 0xB5, 0xFE, 0x95, 0xFE, 0x74, 0xFE,
    0x13, 0xF6, 0xD1, 0xED, 0x90, 0xED, 0x4E, 0xE5, 0x4E, 0xED, 0x6F, 0xED, 0x90, 0xED, 0xD1, 0xED,
    0xF2, 0xED, 0x12, 0xEE, 0x12, 0xEE, 0x13, 0xF6, 0x33, 0xF6, 0x33, 0xF6, 0x33, 0xF6, 0x33, 0xF6,
    0x33, 0xF6, 0x33, 0xF6, 0x33, 0xF6, 0x33, 0xF6, 0x33, 0xF6, 0x33, 0xF6, 0x33, 0xF6, 0x33, 0xF6,
    0x53, 0xF6, 0x33, 0xF6, 0x53, 0xF6, 0x53, 0xF6, 0x53, 0xF6, 0x54, 0xF6, 0x54, 0xF6, 0x54, 0xF6,
    0x74, 0xF6, 0x74, 0xF6, 0x75, 0xF6, 0x75, 0xF6, 0x75, 0xF6, 0x75, 0xF6, 0x95, 0xF6, 0x96, 0xFE,
    0x96, 0xFE, 0x96, 0xFE, 0xB7, 0xFE, 0xB7, 0xFE, 0xD7, 0xFE, 0xD7, 0xFE, 0xD8, 0xFE, 0xF8, 0xFE,
    0xF8, 0xFE, 0xF8, 0xFE, 0xF8, 0xFE, 0xF8, 0xFE, 0xF8, 0xFE, 0xF8, 0xFE, 0xF8, 0xFE, 0xF8, 0xFE,
    0xF7, 0xFE, 0xF7, 0xFE, 0xF7, 0xFE, 0xD7, 0xFE, 0xD6, 0xFE, 0xD6, 0xFE, 0xB6, 0xFE, 0xB6, 0xFE,
    0xB5, 0xFE, 0x95, 0xFE, 0x94, 0xFE, 0x74, 0xF6, 0x54, 0xF6, 0x53, 0xF6, 0x53, 0xF6, 0x33, 0xF6,
    0xD2, 0xED, 0xD2, 0xE5, 0xD2, 0xE5, 0xD2, 0xE5, 0xD2, 0xE5, 0xB1, 0xE5, 0xB1, 0xE5, 0xB1, 0xE5,
    0x91, 0xDD, 0x70, 0xD5, 0x2F, 0xCD, 0xCE, 0xC4, 0x4C, 0xB4, 0xCA, 0xAB, 0x68, 0x9B, 0xA8, 0xA3,
    0x0A, 0xAC, 0x4B, 0xBC, 0x8D, 0xC4, 0xAE, 0xC4, 0xCE, 0xCC, 0xCE, 0xCC, 0xAD, 0xC4, 0x6C, 0xBC,
    0x2A, 0xB4, 0x2B, 0xBC, 0x8C, 0xC4, 0xEE, 0xCC, 0x2F, 0xD5, 0x50, 0xDD, 0x70, 0xDD, 0x90, 0xDD,
    0xB0, 0xE5, 0xB1, 0xE5, 0xD1, 0xED, 0xF2, 0xED, 0x33, 0xF6, 0x54, 0xF6, 0x75, 0xF6, 0x95, 0xF6,
    0xB6, 0xFE, 0xD7, 0xFE, 0xF8, 0xFE, 0xF8, 0xFE, 0x19, 0xFF, 0x39, 0xFF, 0x39, 0xFF, 0x39, 0xFF,
    0x39, 0xFF, 0x18, 0xFF, 0x17, 0xFF, 0xF6, 0xFE, 0xD6, 0xFE, 0xD5, 0xFE, 0xD5, 0xFE, 0xD5, 0xFE,
    0xD5, 0xFE, 0xD5, 0xFE, 0xD5, 0xFE, 0xD5, 0xFE, 0xB5, 0xFE, 0xB5, 0xFE, 0xB5, 0xFE, 0x94, 0xFE,
    0x33, 0xF6, 0xD1, 0xED, 0x6F, 0xED, 0x2E, 0xE5, 0x0D, 0xE5, 0x2E, 0xED, 0x8F, 0xED, 0xB1, 0xED,
    0xD1, 0xED, 0xF2, 0xED, 0x12, 0xF6, 0x13, 0xF6, 0x13, 0xF6, 0x33, 0xF6, 0x33, 0xF6, 0x33, 0xF6,
    0x33, 0xF6, 0x33, 0xF6, 0x33, 0xF6, 0x33, 0xF6, 0x33, 0xF6, 0x53, 0xF6, 0x53, 0xF6, 0x53, 0xF6,
    0x53, 0xF6, 0x53, 0xF6, 0x54, 0xF6, 0x54, 0xF6, 0x54, 0xF6, 0x74, 0xF6, 0x74, 0xF6, 0x74, 0xF6,
    0x75, 0xF6, 0x75, 0xF6, 0x75, 0xF6, 0x95, 0xFE, 0x96, 0xFE, 0x96, 0xFE, 0x96, 0xFE, 0x96, 0xFE,
    0xB7, 0xFE, 0xB7, 0xFE, 0xB7, 0xFE, 0xD7, 0xFE, 0xD8, 0xFE, 0xD8, 0xFE, 0xF8, 0xFE, 0xF8, 0xFE,
    0xF8, 0xFE, 0xF8, 0xFE, 0xF8, 0xFE, 0xF8, 0xFE, 0xF8, 0xFE, 0xF8, 0xFE, 0xF8, 0xFE, 0xF7, 0xFE,
    0xF7, 0xFE, 0xD7, 0xFE, 0xD7, 0xFE, 0xD6, 0xFE, 0xB6, 0xFE, 0xB6, 0xFE, 0xB6, 0xFE, 0x95, 0xFE,
    0x95, 0xFE, 0x74, 0xFE, 0x74, 0xF6, 0x54, 0xF6, 0x53, 0xF6, 0x33, 0xF6, 0x32, 0xF6, 0xD2, 0xED,
    0xD2, 0xE5, 0xD2, 0xE5, 0xD2, 0xE5, 0xB2, 0xE5, 0xB1, 0xE5, 0xB1, 0xE5, 0x91, 0xDD, 0x70, 0xDD,
    0x2F, 0xD5, 0xEE, 0xCC, 0x6C, 0xBC, 0xEA, 0xAB, 0x68, 0x9B, 0x67, 0x9B, 0xA8, 0xA3, 0x0A, 0xB4,
    0x4B, 0xBC, 0x8D, 0xC4, 0xCE, 0xCC, 0xEF, 0xCC, 0x0F, 0xCD, 0xEE, 0xCC, 0xAD, 0xC4, 0x4B, 0xBC,
    0x4B, 0xBC, 0x8C, 0xC4, 0xEE, 0xCC, 0x2F, 0xD5, 0x4F, 0xDD, 0x50, 0xDD, 0x70, 0xDD, 0x90, 0xE5,
    0xB1, 0xE5, 0xD1, 0xED, 0xF2, 0xED, 0x12, 0xEE, 0x33, 0xF6, 0x54, 0xF6, 0x75, 0xF6, 0x95, 0xF6,
    0xB6, 0xFE, 0xD7, 0xFE, 0xF8, 0xFE, 0x19, 0xFF, 0x19, 0xFF, 0x19, 0xFF, 0x19, 0xFF, 0x18, 0xFF,
    0x18, 0xFF, 0xF7, 0xFE, 0xD6, 0xFE, 0xD6, 0xFE, 0xD5, 0xFE, 0xD5, 0xFE, 0xB5, 0xFE, 0xD5, 0xFE,
    0xD5, 0xFE, 0xD5, 0xFE, 0xD5, 0xFE, 0xD6, 0xFE, 0xD6, 0xFE, 0xD5, 0xFE, 0xB5, 0xFE, 0xB5, 0xFE,
    0x74, 0xFE, 0xF1, 0xF5, 0x6F, 0xED, 0x0D, 0xE5, 0xEC, 0xE4, 0x0D, 0xE5, 0x6F, 0xED, 0x90, 0xED,
    0xD1, 0xED, 0xF2, 0xED, 0x12, 0xEE, 0x12, 0xF6, 0x13, 0xF6, 0x33, 0xF6, 0x33, 0xF6, 0x33, 0xF6,
    0x33, 0xF6, 0x33, 0xF6, 0x53, 0xF6, 0x53, 0xF6, 0x54, 0xF6, 0x54, 0xF6, 0x54, 0xF6, 0x54, 0xF6,
    0x54, 0xF6, 0x54, 0xF6, 0x54, 0xF6, 0x54, 0xF6, 0x74, 0xF6, 0x75, 0xF6, 0x75, 0xFE, 0x75, 0xF6,
    0x75, 0xFE, 0x95, 0xFE, 0x96, 0xFE, 0x96, 0xFE, 0x96, 0xFE, 0xB7, 0xFE, 0xB7, 0xFE, 0xB7, 0xFE,
    0xB7, 0xFE, 0xB7, 0xFE, 0xD8, 0xFE, 0xD8, 0xFE, 0xD8, 0xFE, 0xF8, 0xFE, 0xF8, 0xFE, 0xF8, 0xFE,
    0xF8, 0xFE, 0xF8, 0xFE, 0xF8, 0xFE, 0xF8, 0xFE, 0xF8, 0xFE, 0xF7, 0xFE, 0xF7, 0xFE, 0xF7, 0xFE,
    0xD7, 0xFE, 0xD6, 0xFE, 0xD6, 0xFE, 0xB6, 0xFE, 0xB6, 0xFE, 0xB5, 0xFE, 0x95, 0xFE, 0x95, 0xFE,
    0x74, 0xF6, 0x74, 0xF6, 0x53, 0xF6, 0x53, 0xF6, 0x33, 0xF6, 0x32, 0xF6, 0xD2, 0xED, 0xD2, 0xE5,
    0xD2, 0xE5, 0xD2, 0xE5, 0xB2, 0xE5, 0xB1, 0xE5, 0x91, 0xDD, 0x70, 0xDD, 0x50, 0xD5, 0xEE, 0xCC,
    0x8D, 0xBC, 0x0A, 0xAC, 0x68, 0x9B, 0x47, 0x9B, 0x67, 0x9B, 0xA8, 0xA3, 0x0A, 0xB4, 0x6C, 0xBC,
    0xAD, 0xC4, 0xCE, 0xCC, 0x0F, 0xCD, 0x0F, 0xD5, 0x0F, 0xCD, 0xCE, 0xC4, 0x6C, 0xBC, 0x6C, 0xBC,
    0x8C, 0xC4, 0xCE, 0xCC, 0x0E, 0xD5, 0x2F, 0xD5, 0x4F, 0xDD, 0x70, 0xDD, 0x70, 0xE5, 0x90, 0xE5,
    0xB1, 0xED, 0xD1, 0xED, 0x12, 0xEE, 0x13, 0xF6, 0x33, 0xF6, 0x54, 0xF6, 0x75, 0xF6, 0x95, 0xF6,
    0xB6, 0xF6, 0xD7, 0xFE, 0xD7, 0xFE, 0xF8, 0xFE, 0xF9, 0xFE, 0x19, 0xFF, 0xF8, 0xFE, 0xF7, 0xFE,
    0xD7, 0xFE, 0xD6, 0xFE, 0xD6, 0xFE, 0xD6, 0xFE, 0xD6, 0xFE, 0xD6, 0xFE, 0xD6, 0xFE, 0xD6, 0xFE,
    0xD6, 0xFE, 0xD6, 0xFE, 0xD6, 0xFE, 0xF6, 0xFE, 0xD6, 0xFE, 0xD6, 0xFE, 0xD6, 0xFE, 0xD6, 0xFE,
    0x95, 0xFE, 0x12, 0xF6, 0x6F, 0xED, 0xED, 0xE4, 0xCC, 0xDC, 0xED, 0xE4, 0x4E, 0xE5, 0x90, 0xED,
    0xB1, 0xED, 0xD2, 0xED, 0xF2, 0xED, 0x12, 0xF6, 0x13, 0xF6, 0x33, 0xF6, 0x33, 0xF6, 0x33, 0xF6,
    0x33, 0xF6, 0x34, 0xF6, 0x54, 0xF6, 0x54, 0xF6, 0x54, 0xF6, 0x54, 0xF6, 0x54, 0xF6, 0x54, 0xF6,
    0x54, 0xF6, 0x74, 0xF6, 0x74, 0xF6, 0x74, 0xF6, 0x75, 0xF6, 0x75, 0xF6, 0x75, 0xFE, 0x95, 0xFE,
    0x96, 0xFE, 0x96, 0xFE, 0x96, 0xFE, 0xB6, 0xFE, 0xB7, 0xFE, 0xB7, 0xFE, 0xB7, 0xFE, 0xD7, 0xFE,
    0xD8, 0xFE, 0xD8, 0xFE, 0xD8, 0xFE, 0xF8, 0xFE, 0xF8, 0xFE, 0xF8, 0xFE, 0xF8, 0xFE, 0xF8, 0xFE,
    0xF8, 0xFE, 0xF8, 0xFE, 0xF8, 0xFE, 0xF8, 0xFE, 0xF7, 0xFE, 0xF7, 0xFE, 0xD7, 0xFE, 0xD7, 0xFE,
    0xD6, 0xFE, 0xD6, 0xFE, 0xB6, 0xFE, 0xB6, 0xFE, 0xB5, 0xFE, 0x95, 0xFE, 0x74, 0xFE, 0x74, 0xF6,
    0x53, 0xF6, 0x53, 0xF6, 0x33, 0xF6, 0x32, 0xF6, 0x12, 0xF6, 0xD2, 0xED, 0xD2, 0xE5, 0xD2, 0xE5,
    0xB2, 0xE5, 0xB1, 0xE5, 0x91, 0xDD, 0x70, 0xDD, 0x50, 0xD5, 0x0F, 0xCD, 0xAD, 0xC4, 0x2B, 0xB4,
    0x88, 0xA3, 0x06, 0x93, 0x06, 0x93, 0x46, 0x9B, 0xA9, 0xA3, 0x0A, 0xB4, 0x4C, 0xBC, 0x8D, 0xC4,
    0xCE, 0xCC, 0x0F, 0xCD, 0x30, 0xD5, 0x30, 0xD5, 0xEE, 0xCC, 0x8D, 0xC4, 0x6C, 0xC4, 0x8C, 0xC4,
    0xCE, 0xCC, 0xEE, 0xD4, 0x0E, 0xD5, 0x2F, 0xDD, 0x4F, 0xDD, 0x70, 0xE5, 0x90, 0xE5, 0x90, 0xE5,
    0xD1, 0xED, 0xF1, 0xED, 0x12, 0xEE, 0x13, 0xF6, 0x33, 0xF6, 0x54, 0xF6, 0x74, 0xF6, 0x95, 0xF6,
    0x96, 0xF6, 0xB6, 0xFE, 0xD7, 0xFE, 0xD7, 0xFE, 0xD8, 0xFE, 0xD7, 0xFE, 0xD7, 0xFE, 0xD7, 0xFE,
    0xD7, 0xFE, 0xF7, 0xFE, 0xF7, 0xFE, 0xF7, 0xFE, 0xF7, 0xFE, 0xF7, 0xFE, 0xF7, 0xFE, 0xF7, 0xFE,
    0xF7, 0xFE, 0xF7, 0xFE, 0xF7, 0xFE, 0xF7, 0xFE, 0xF7, 0xFE, 0xF6, 0xFE, 0xD6, 0xFE, 0xD6, 0xFE,
    0xB5, 0xFE, 0x12, 0xF6, 0x4F, 0xE5, 0xAC, 0xDC, 0xAB, 0xDC, 0xCC, 0xE4, 0x2E, 0xE5, 0x6F, 0xE5,
    0xB1, 0xED, 0xD1, 0xED, 0xF2, 0xED, 0xF2, 0xF5, 0x13, 0xF6, 0x13, 0xF6, 0x33, 0xF6, 0x34, 0xF6,
    0x34, 0xF6, 0x34, 0xF6, 0x54, 0xF6, 0x54, 0xF6, 0x54, 0xF6, 0x54, 0xF6, 0x54, 0xF6, 0x74, 0xF6,
    0x75, 0xF6, 0x75, 0xF6, 0x75, 0xF6, 0x75, 0xF6, 0x95, 0xF6, 0x95, 0xF6, 0x96, 0xFE, 0x96, 0xFE,
    0xB6, 0xFE, 0xB6, 0xFE, 0xB7, 0xFE, 0xB7, 0xFE, 0xB7, 0xFE, 0xD7, 0xFE, 0xD8, 0xFE, 0xD8, 0xFE,
    0xD8, 0xFE, 0xD8, 0xFE, 0xF8, 0xFE, 0xF8, 0xFE, 0xF8, 0xFE, 0xF8, 0xFE, 0xF8, 0xFE, 0xF8, 0xFE,
    0xF8, 0xFE, 0xF8, 0xFE, 0xF7, 0xFE, 0xF7, 0xFE, 0xD7, 0xFE, 0xD7, 0xFE, 0xD7, 0xFE, 0xD6, 0xFE,
    0xD6, 0xFE, 0xB6, 0xFE, 0xB6, 0xFE, 0x95, 0xFE, 0x95, 0xFE, 0x74, 0xFE, 0x74, 0xF6, 0x53, 0xF6,
    0x53, 0xF6, 0x33, 0xF6, 0x12, 0xF6, 0x12, 0xF6, 0xD2, 0xE5, 0xD2, 0xE5, 0xB2, 0xE5, 0xB1, 0xE5,
    0x91, 0xDD, 0x70, 0xDD, 0x2F, 0xD5, 0x0F, 0xCD, 0xAD, 0xC4, 0x4C, 0xBC, 0xC9, 0xAB, 0x26, 0x93,
    0xE5, 0x8A, 0xE5, 0x92, 0x46, 0x9B, 0x88, 0xA3, 0xEA, 0xAB, 0x4B, 0xBC, 0x8D, 0xC4, 0xCE, 0xCC,
    0x0F, 0xCD, 0x30, 0xD5, 0x50, 0xD5, 0x0F, 0xCD, 0xAD, 0xC4, 0x8C, 0xC4, 0xAD, 0xC4, 0xCD, 0xCC,
    0xEE, 0xD4, 0x0E, 0xD5, 0x2F, 0xD5, 0x4F, 0xDD, 0x4F, 0xDD, 0x6F, 0xE5, 0x90, 0xE5, 0xB0, 0xE5,
    0xD1, 0xED, 0xF1, 0xED, 0x12, 0xEE, 0x12, 0xF6, 0x33, 0xF6, 0x54, 0xF6, 0x54, 0xF6, 0x74, 0xF6,
    0x95, 0xF6, 0xB6, 0xF6, 0xB6, 0xF6, 0xB7, 0xFE, 0xD7, 0xFE, 0xD7, 0xFE, 0xD7, 0xFE, 0xF8, 0xFE,
    0xF8, 0xFE, 0xF8, 0xFE, 0x18, 0xFF, 0x18, 0xFF, 0x18, 0xFF, 0x18, 0xFF, 0x18, 0xFF, 0x18, 0xFF,
    0x18, 0xFF, 0x17, 0xFF, 0x17, 0xFF, 0x17, 0xFF, 0xF7, 0xFE, 0xF7, 0xFE, 0xF6, 0xFE, 0xD6, 0xFE,
    0x95, 0xFE, 0xD1, 0xF5, 0x0D, 0xDD, 0x8B, 0xD4, 0x6B, 0xD4, 0xAC, 0xDC, 0x0E, 0xE5, 0x70, 0xE5,
    0x90, 0xED, 0xB1, 0xED, 0xF2, 0xED, 0xF2, 0xED, 0x13, 0xF6, 0x13, 0xF6, 0x33, 0xF6, 0x34, 0xF6,
    0x54, 0xF6, 0x34, 0xF6, 0x54, 0xF6, 0x54, 0xF6, 0x54, 0xF6, 0x54, 0xF6, 0x75, 0xF6, 0x75, 0xF6,
    0x75, 0xF6, 0x75, 0xF6, 0x75, 0xF6, 0x95, 0xFE, 0x96, 0xFE, 0x96, 0xFE, 0x96, 0xFE, 0xB6, 0xFE,
    0xB7, 0xFE, 0xB7, 0xFE, 0xB7, 0xFE, 0xB7, 0xFE, 0xD8, 0xFE, 0xD8, 0xFE, 0xD8, 0xFE, 0xD8, 0xFE,
    0xF8, 0xFE, 0xF8, 0xFE, 0xF8, 0xFE, 0xF8, 0xFE, 0xF8, 0xFE, 0xF8, 0xFE, 0xF8, 0xFE, 0xF8, 0xFE,
    0xF8, 0xFE, 0xF7, 0xFE, 0xD7, 0xFE, 0xD7, 0xFE, 0xD7, 0xFE, 0xD6, 0xFE, 0xD6, 0xFE, 0xD6, 0xFE,
    0xB6, 0xFE, 0xB6, 0xFE, 0x95, 0xFE, 0x95, 0xFE, 0x74, 0xF6, 0x74, 0xF6, 0x53, 0xF6, 0x33, 0xF6,
    0x33, 0xF6, 0x12, 0xF6, 0x12, 0xF6, 0xD2, 0xE5, 0xB2, 0xE5, 0xB1, 0xE5, 0x91, 0xE5, 0x70, 0xDD,
    0x2F, 0xD5, 0x0E, 0xCD, 0xCD, 0xCC, 0x6C, 0xBC, 0xEA, 0xAB, 0x67, 0x9B, 0xE5, 0x8A, 0xA4, 0x8A,
    0xE5, 0x92, 0x26, 0x9B, 0x88, 0xA3, 0xC9, 0xAB, 0x2B, 0xB4, 0x6C, 0xBC, 0xAE, 0xC4, 0x0F, 0xCD,
    0x30, 0xD5, 0x50, 0xD5, 0x30, 0xD5, 0xEE, 0xCC, 0xAD, 0xC4, 0xAD, 0xC4, 0xCD, 0xCC, 0xEE, 0xCC,
    0xEE, 0xD4, 0x0E, 0xD5, 0x2E, 0xD5, 0x2F, 0xDD, 0x4F, 0xDD, 0x6F, 0xE5, 0x90, 0xE5, 0xB0, 0xED,
    0xD1, 0xED, 0xF1, 0xED, 0x12, 0xEE, 0x12, 0xEE, 0x33, 0xF6, 0x53, 0xF6, 0x54, 0xF6, 0x74, 0xF6,
    0x75, 0xF6, 0x95, 0xF6, 0xB6, 0xF6, 0xB7, 0xFE, 0xD7, 0xFE, 0xF8, 0xFE, 0xF8, 0xFE, 0x19, 0xFF,
    0x19, 0xFF, 0x19, 0xFF, 0x39, 0xFF, 0x39, 0xFF, 0x39, 0xFF, 0x39, 0xFF, 0x39, 0xFF, 0x38, 0xFF,
    0x38, 0xFF, 0x18, 0xFF, 0x18, 0xFF, 0x17, 0xFF, 0x17, 0xFF, 0xF7, 0xFE, 0xF6, 0xFE, 0xD6, 0xFE,
    0x54, 0xF6, 0x70, 0xE5, 0xAC, 0xDC, 0x4A, 0xCC, 0x6A, 0xD4, 0xAC, 0xDC, 0x0E, 0xE5, 0x4F, 0xE5,
    0x90, 0xED, 0xD1, 0xED, 0xF2, 0xED, 0xF2, 0xED, 0x13, 0xEE, 0x13, 0xF6, 0x34, 0xF6, 0x34, 0xF6,
    0x54, 0xF6, 0x54, 0xF6, 0x54, 0xF6, 0x55, 0xF6, 0x55, 0xF6, 0x75, 0xF6, 0x75, 0xF6, 0x75, 0xF6,
    0x75, 0xF6, 0x75, 0xF6, 0x96, 0xFE, 0x96, 0xFE, 0x96, 0xFE, 0x96, 0xFE, 0xB7, 0xFE, 0xB7, 0xFE,
    0xB7, 0xFE, 0xB7, 0xFE, 0xB7, 0xFE, 0xD8, 0xFE, 0xD8, 0xFE, 0xD8, 0xFE, 0xD8, 0xFE, 0xF8, 0xFE,
    0xF8, 0xFE, 0xF8, 0xFE, 0xF8, 0xFE, 0xF8, 0xFE, 0xF8, 0xFE, 0xF8, 0xFE, 0xF8, 0xFE, 0xD8, 0xFE,
    0xF7, 0xFE, 0xD7, 0xFE, 0xD7, 0xFE, 0xD7, 0xFE, 0xD6, 0xFE, 0xD6, 0xFE, 0xB6, 0xFE, 0xB6, 0xFE,
    0xB6, 0xFE, 0x95, 0xFE, 0x94, 0xFE, 0x74, 0xF6, 0x54, 0xF6, 0x53, 0xF6, 0x33, 0xF6, 0x32, 0xF6,
    0x12, 0xF6, 0x12, 0xF6, 0xD2, 0xE5, 0xB1, 0xE5, 0x91, 0xE5, 0x70, 0xDD, 0x2F, 0xD5, 0x0E, 0xD5,
    0xAD, 0xCC, 0x6C, 0xBC, 0x2B, 0xB4, 0xA8, 0xA3, 0x06, 0x93, 0xA4, 0x82, 0x83, 0x82, 0xC4, 0x8A,
    0x05, 0x93, 0x67, 0x9B, 0xC9, 0xAB, 0x0A, 0xB4, 0x4C, 0xBC, 0xAD, 0xC4, 0xEE, 0xCC, 0x2F, 0xCD,
    0x50, 0xD5, 0x30, 0xD5, 0x0F, 0xCD, 0xCE, 0xC4, 0xAD, 0xC4, 0xAD, 0xCC, 0xCD, 0xCC, 0xCD, 0xCC,
    0xEE, 0xCC, 0x0E, 0xD5, 0x0E, 0xD5, 0x2F, 0xDD, 0x4F, 0xDD, 0x70, 0xE5, 0x90, 0xE5, 0xB1, 0xE5,
    0xD1, 0xED, 0xF2, 0xED, 0xF2, 0xED, 0x13, 0xEE, 0x33, 0xF6, 0x33, 0xF6, 0x54, 0xF6, 0x54, 0xF6,
    0x75, 0xF6, 0x75, 0xF6, 0x96, 0xFE, 0xB6, 0xF6, 0xB7, 0xF6, 0xD8, 0xFE, 0xF9, 0xFE, 0x19, 0xFF,
    0x39, 0xFF, 0x39, 0xFF, 0x3A, 0xFF, 0x3A, 0xFF, 0x3A, 0xFF, 0x39, 0xFF, 0x39, 0xFF, 0x39, 0xFF,
    0x38, 0xFF, 0x38, 0xFF, 0x17, 0xFF, 0x17, 0xFF, 0x17, 0xFF, 0xF7, 0xFE, 0xF6, 0xFE, 0x75, 0xFE,
    0xD1, 0xED, 0x2E, 0xDD, 0x6B, 0xCC, 0x29, 0xCC, 0x4A, 0xCC, 0xAC, 0xD4, 0x0E, 0xDD, 0x4F, 0xE5,
    0x90, 0xE5, 0xB1, 0xED, 0xD2, 0xED, 0xF2, 0xED, 0x13, 0xEE, 0x13, 0xF6, 0x34, 0xF6, 0x34, 0xF6,
    0x34, 0xF6, 0x54, 0xF6, 0x54, 0xF6, 0x55, 0xF6, 0x75, 0xF6, 0x75, 0xF6, 0x75, 0xF6, 0x75, 0xF6,
    0x76, 0xF6, 0x96, 0xF6, 0x96, 0xFE, 0x96, 0xFE, 0xB7, 0xFE, 0xB7, 0xFE, 0xB7, 0xFE, 0xB7, 0xFE,
    0xB7, 0xFE, 0xB7, 0xFE, 0xD8, 0xFE, 0xD8, 0xFE, 0xD8, 0xFE, 0xD8, 0xFE, 0xF8, 0xFE, 0xF8, 0xFE,
    0xF8, 0xFE, 0xF8, 0xFE, 0xF8, 0xFE, 0xF8, 0xFE, 0xF8, 0xFE, 0xF8, 0xFE, 0xF8, 0xFE, 0xD7, 0xFE,
    0xD7, 0xFE, 0xD7, 0xFE, 0xD7, 0xFE, 0xD6, 0xFE, 0xD6, 0xFE, 0xB6, 0xFE, 0xB6, 0xFE, 0xB5, 0xFE,
    0x95, 0xFE, 0x94, 0xFE, 0x74, 0xF6, 0x53, 0xF6, 0x33, 0xF6, 0x32, 0xF6, 0x12, 0xF6, 0x12, 0xF6,
    0x12, 0xF6, 0xB1, 0xE5, 0x91, 0xE5, 0x70, 0xDD, 0x4F, 0xDD, 0x0E, 0xD5, 0xAD, 0xCC, 0x6C, 0xC4,
    0x0A, 0xB4, 0xA9, 0xAB, 0x47, 0x9B, 0xC5, 0x8A, 0x63, 0x82, 0x63, 0x82, 0xC4, 0x8A, 0x05, 0x93,
    0x47, 0x9B, 0x88, 0xA3, 0xE9, 0xAB, 0x2B, 0xBC, 0x6C, 0xBC, 0xAD, 0xC4, 0xEE, 0xCC, 0x2F, 0xCD,
    0x30, 0xD5, 0x0F, 0xCD, 0xEE, 0xCC, 0xAD, 0xC4, 0xAD, 0xC4, 0xAD, 0xCC, 0xCD, 0xCC, 0xCD, 0xCC,
    0xEE, 0xCC, 0xEE, 0xD4, 0x0E, 0xD5, 0x2F, 0xDD, 0x4F, 0xDD, 0x70, 0xE5, 0x90, 0xE5, 0xB1, 0xE5,
    0xD1, 0xED, 0xD2, 0xED, 0xF2, 0xED, 0x12, 0xEE, 0x13, 0xEE, 0x33, 0xF6, 0x33, 0xF6, 0x54, 0xF6,
    0x74, 0xF6, 0x75, 0xF6, 0x95, 0xF6, 0x96, 0xF6, 0xB7, 0xF6, 0xD8, 0xFE, 0xF8, 0xFE, 0x19, 0xFF,
    0x39, 0xFF, 0x3A, 0xFF, 0x3A, 0xFF, 0x3A, 0xFF, 0x39, 0xFF, 0x39, 0xFF, 0x39, 0xFF, 0x39, 0xFF,
    0x38, 0xFF, 0x38, 0xFF, 0x17, 0xFF, 0x17, 0xFF, 0xF7, 0xFE, 0xF6, 0xFE, 0x95, 0xFE, 0xD2, 0xED,
    0x4F, 0xE5, 0xAD, 0xD4, 0x0A, 0xC4, 0x09, 0xC4, 0x4A, 0xCC, 0x8C, 0xD4, 0xEE, 0xDC, 0x4F, 0xE5,
    0x70, 0xE5, 0xB1, 0xED, 0xD2, 0xED, 0xF2, 0xED, 0xF3, 0xED, 0x13, 0xEE, 0x13, 0xF6, 0x34, 0xF6,
    0x34, 0xF6, 0x54, 0xF6, 0x55, 0xF6, 0x75, 0xF6, 0x75, 0xF6, 0x75, 0xF6, 0x75, 0xF6, 0x96, 0xF6,
    0x96, 0xF6, 0x96, 0xF6, 0x96, 0xFE, 0xB7, 0xFE, 0xB7, 0xFE, 0xB7, 0xFE, 0xB7, 0xFE, 0xB7, 0xFE,
    0xD8, 0xFE, 0xD8, 0xFE, 0xD8, 0xFE, 0xD8, 0xFE, 0xD8, 0xFE, 0xD8, 0xFE, 0xF8, 0xFE, 0xF8, 0xFE,
    0xF8, 0xFE, 0xF8, 0xFE, 0xF8, 0xFE, 0xF8, 0xFE, 0xD8, 0xFE, 0xF7, 0xFE, 0xD7, 0xFE, 0xD7, 0xFE,
    0xD7, 0xFE, 0xD7, 0xFE, 0xD6, 0xFE, 0xB6, 0xFE, 0xB6, 0xFE, 0xB5, 0xFE, 0x95, 0xFE, 0x95, 0xFE,
    0x74, 0xFE, 0x54, 0xF6, 0x53, 0xF6, 0x33, 0xF6, 0x32, 0xF6, 0x12, 0xF6, 0x12, 0xEE, 0x12, 0xF6,
    0xB1, 0xE5, 0x91, 0xE5, 0x70, 0xDD, 0x2F, 0xD5, 0xEE, 0xCC, 0x8C, 0xC4, 0x2B, 0xBC, 0xC9, 0xAB,
    0x67, 0xA3, 0x06, 0x93, 0x84, 0x8A, 0x42, 0x7A, 0x42, 0x7A, 0xA4, 0x8A, 0xE5, 0x92, 0x26, 0x9B,
    0x67, 0xA3, 0xC9, 0xAB, 0x0A, 0xB4, 0x4B, 0xBC, 0x8C, 0xBC, 0xCD, 0xC4, 0xEE, 0xCC, 0x0F, 0xCD,
    0x0F, 0xCD, 0xEE, 0xCC, 0xCD, 0xC4, 0xAD, 0xC4, 0xAD, 0xC4, 0xAD, 0xC4, 0xCD, 0xCC, 0xCE, 0xCC,
    0xEE, 0xCC, 0x0E, 0xD5, 0x0E, 0xD5, 0x2F, 0xDD, 0x4F, 0xDD, 0x70, 0xE5, 0x90, 0xE5, 0xB1, 0xE5,
    0xD1, 0xED, 0xD2, 0xED, 0xF2, 0xED, 0x12, 0xEE, 0x13, 0xEE, 0x13, 0xEE, 0x33, 0xF6, 0x53, 0xF6,
    0x54, 0xF6, 0x54, 0xF6, 0x74, 0xF6, 0x95, 0xF6, 0xB6, 0xF6, 0xD7, 0xFE, 0xF8, 0xFE, 0x19, 0xFF,
    0x19, 0xFF, 0x39, 0xFF, 0x39, 0xFF, 0x39, 0xFF, 0x39, 0xFF, 0x39, 0xFF, 0x39, 0xFF, 0x38, 0xFF,
    0x18, 0xFF, 0x17, 0xFF, 0x17, 0xFF, 0xF7, 0xFE, 0xD6, 0xFE, 0x95, 0xFE, 0xF2, 0xED, 0x2F, 0xDD,
    0xCE, 0xD4, 0x4B, 0xC4, 0xE9, 0xC3, 0xE9, 0xC3, 0x4A, 0xCC, 0xAC, 0xD4, 0xEE, 0xDC, 0x2F, 0xDD,
    0x70, 0xE5, 0xB1, 0xE5, 0xD2, 0xED, 0xD2, 0xED, 0xF3, 0xED, 0x13, 0xEE, 0x34, 0xF6, 0x34, 0xF6,
    0x34, 0xF6, 0x54, 0xF6, 0x55, 0xF6, 0x75, 0xF6, 0x75, 0xF6, 0x76, 0xF6, 0x96, 0xF6, 0x96, 0xF6,
    0x96, 0xF6, 0x96, 0xFE, 0xB7, 0xFE, 0xB7, 0xFE, 0xB7, 0xFE, 0xB7, 0xFE, 0xD7, 0xFE, 0xD8, 0xFE,
    0xD8, 0xFE, 0xD8, 0xFE, 0xD8, 0xFE, 0xF8, 0xFE, 0xF8, 0xFE, 0xF8, 0xFE, 0xF8, 0xFE, 0xF8, 0xFE,
    0xF8, 0xFE, 0xF8, 0xFE, 0xD8, 0xFE, 0xD8, 0xFE, 0xD7, 0xFE, 0xD7, 0xFE, 0xD7, 0xFE, 0xD7, 0xFE,
    0xD7, 0xFE, 0xD6, 0xFE, 0xB6, 0xFE, 0xB6, 0xFE, 0xB5, 0xFE, 0x95, 0xFE, 0x95, 0xFE, 0x74, 0xF6,
    0x54, 0xF6, 0x53, 0xF6, 0x33, 0xF6, 0x12, 0xF6, 0x12, 0xEE, 0x12, 0xF6, 0x33, 0xF6, 0x91, 0xE5,
    0x70, 0xDD, 0x50, 0xDD, 0x0E, 0xD5, 0xCD, 0xCC, 0x6C, 0xBC, 0xEA, 0xB3, 0x88, 0xA3, 0x27, 0x9B,
    0xE5, 0x8A, 0x63, 0x82, 0x22, 0x7A, 0x22, 0x7A, 0xA3, 0x82, 0xC4, 0x8A, 0x05, 0x93, 0x67, 0x9B,
    0xA8, 0xA3, 0xE9, 0xAB, 0x2A, 0xB4, 0x4B, 0xBC, 0x8C, 0xBC, 0xCD, 0xC4, 0xEE, 0xC4, 0xEE, 0xCC,
    0xCE, 0xC4, 0xAD, 0xC4, 0xAD, 0xC4, 0xAD, 0xC4, 0xAD, 0xC4, 0xCE, 0xC4, 0xEE, 0xCC, 0xEE, 0xCC,
    0xEE, 0xCC, 0x0E, 0xD5, 0x0F, 0xD5, 0x2F, 0xD5, 0x4F, 0xDD, 0x70, 0xDD, 0x90, 0xE5, 0x91, 0xE5,
    0xB1, 0xE5, 0xD1, 0xED, 0xD2, 0xED, 0xF2, 0xED, 0x13, 0xEE, 0x13, 0xEE, 0x33, 0xF6, 0x33, 0xF6,
    0x54, 0xF6, 0x54, 0xF6, 0x74, 0xF6, 0x75, 0xF6, 0x96, 0xF6, 0xB7, 0xFE, 0xD7, 0xFE, 0xF8, 0xFE,
    0x19, 0xFF, 0x19, 0xFF, 0x19, 0xFF, 0x19, 0xFF, 0x39, 0xFF, 0x38, 0xFF, 0x38, 0xFF, 0x18, 0xFF,
    0x17, 0xFF, 0x17, 0xFF, 0xF6, 0xFE, 0xD6, 0xFE, 0x95, 0xFE, 0xF2, 0xED, 0x0F, 0xD5, 0xAD, 0xCC,
    0x4B, 0xC4, 0xE9, 0xBB, 0xC8, 0xBB, 0xE9, 0xBB, 0x4A, 0xCC, 0xAC, 0xD4, 0xEE, 0xDC, 0x4F, 0xE5,
    0x71, 0xE5, 0xB1, 0xED, 0xD2, 0xED, 0xF2, 0xED, 0xF3, 0xED, 0x13, 0xEE, 0x34, 0xF6, 0x34, 0xF6,
    0x34, 0xF6, 0x55, 0xF6, 0x75, 0xF6, 0x75, 0xF6, 0x75, 0xF6, 0x96, 0xF6, 0x96, 0xF6, 0x96, 0xF6,
    0xB7, 0xFE, 0xB7, 0xFE, 0xB7, 0xFE, 0xB7, 0xFE, 0xB7, 0xFE, 0xB8, 0xFE, 0xD8, 0xFE, 0xD8, 0xFE,
    0xD8, 0xFE, 0xD8, 0xFE, 0xD8, 0xFE, 0xF8, 0xFE, 0xF8, 0xFE, 0xF8, 0xFE, 0xF8, 0xFE, 0xD8, 0xFE,
    0xD8, 0xFE, 0xD8, 0xFE, 0xD7, 0xFE, 0xD7, 0xFE, 0xD7, 0xFE, 0xD7, 0xFE, 0xD7, 0xFE, 0xD6, 0xFE,
    0xB6, 0xFE, 0xB6, 0xFE, 0xB6, 0xFE, 0x95, 0xFE, 0x95, 0xFE, 0x94, 0xFE, 0x74, 0xF6, 0x53, 0xF6,
    0x53, 0xF6, 0x32, 0xF6, 0x12, 0xEE, 0x12, 0xEE, 0x33, 0xF6, 0x33, 0xF6, 0x91, 0xE5, 0x70, 0xDD,
    0x4F, 0xDD, 0xEE, 0xD4, 0xAD, 0xC4, 0x4B, 0xBC, 0xCA, 0xAB, 0x68, 0xA3, 0x27, 0x9B, 0xC5, 0x8A,
    0x63, 0x82, 0x02, 0x7A, 0xE1, 0x69, 0x63, 0x82, 0xC4, 0x8A, 0x05, 0x93, 0x47, 0x9B, 0x88, 0xA3,
    0xC9, 0xAB, 0x0A, 0xB4, 0x2B, 0xB4, 0x4C, 0xBC, 0x8D, 0xBC, 0xCE, 0xC4, 0xCE, 0xC4, 0xCE, 0xC4,
    0xAD, 0xC4, 0x8D, 0xBC, 0x8D, 0xC4, 0xAD, 0xC4, 0xCE, 0xC4, 0xCE, 0xCC, 0xEE, 0xCC, 0xEE, 0xCC,
    0xEE, 0xCC, 0xEE, 0xCC, 0x0E, 0xD5, 0x2F, 0xD5, 0x30, 0xDD, 0x50, 0xDD, 0x70, 0xDD, 0x90, 0xE5,
    0xB1, 0xE5, 0x91, 0xE5, 0xB1, 0xE5, 0xD2, 0xED, 0xF2, 0xED, 0xF2, 0xED, 0x12, 0xEE, 0x13, 0xF6,
    0x33, 0xF6, 0x53, 0xF6, 0x74, 0xF6, 0x95, 0xF6, 0x95, 0xFE, 0xB6, 0xFE, 0xD7, 0xFE, 0xD7, 0xFE,
    0xF7, 0xFE, 0xF7, 0xFE, 0x18, 0xFF, 0x18, 0xFF, 0x18, 0xFF, 0x17, 0xFF, 0x18, 0xFF, 0x17, 0xFF,
    0xF7, 0xFE, 0xF6, 0xFE, 0xD6, 0xFE, 0x74, 0xF6, 0xD2, 0xED, 0x0F, 0xD5, 0x6D, 0xC4, 0x2B, 0xC4,
    0xE9, 0xBB, 0xC8, 0xBB, 0xA8, 0xBB, 0xE9, 0xBB, 0x4B, 0xCC, 0xAD, 0xD4, 0xEE, 0xDC, 0x2F, 0xDD,
    0x71, 0xE5, 0xB2, 0xE5, 0xD2, 0xED, 0xD3, 0xED, 0xF3, 0xED, 0x13, 0xEE, 0x34, 0xF6, 0x34, 0xF6,
    0x55, 0xF6, 0x55, 0xF6, 0x75, 0xF6, 0x75, 0xF6, 0x76, 0xF6, 0x96, 0xF6, 0x96, 0xF6, 0x97, 0xF6,
    0xB7, 0xFE, 0xB7, 0xFE, 0xB7, 0xFE, 0xB8, 0xFE, 0xD8, 0xFE, 0xD8, 0xFE, 0xD8, 0xFE, 0xD8, 0xFE,
    0xD8, 0xFE, 0xD8, 0xFE, 0xD8, 0xFE, 0xD8, 0xFE, 0xD8, 0xFE, 0xD8, 0xFE, 0xD8, 0xFE, 0xD8, 0xFE,
    0xD8, 0xFE, 0xD7, 0xFE, 0xD7, 0xFE, 0xD7, 0xFE, 0xD7, 0xFE, 0xD7, 0xFE, 0xD6, 0xFE, 0xB6, 0xFE,
    0xB6, 0xFE, 0xB5, 0xFE, 0x95, 0xFE, 0x95, 0xFE, 0x74, 0xF6, 0x74, 0xF6, 0x53, 0xF6, 0x33, 0xF6,
    0x12, 0xF6, 0x12, 0xEE, 0x12, 0xEE, 0x33, 0xF6, 0x33, 0xF6, 0x91, 0xE5, 0x70, 0xDD, 0x2F, 0xD5,
    0xEE, 0xCC, 0x8D, 0xC4, 0x2B, 0xBC, 0xCA, 0xAB, 0x88, 0xA3, 0x26, 0x93, 0xC5, 0x8A, 0x83, 0x82,
    0x22, 0x7A, 0xC1, 0x69, 0xE1, 0x71, 0xC4, 0x8A, 0xE5, 0x92, 0x26, 0x9B, 0x88, 0xA3, 0xC9, 0xAB,
    0xEA, 0xAB, 0x0B, 0xB4, 0x2B, 0xB4, 0xA9, 0xA3, 0x06, 0x8B, 0xE6, 0x8A, 0x48, 0x9B, 0xEA, 0xAB,
    0x4C, 0xB4, 0x6C, 0xBC, 0x8D, 0xC4, 0xAD, 0xC4, 0xAD, 0xC4, 0xAD, 0xC4, 0xCE, 0xCC, 0xCE, 0xCC,
    0xCE, 0xCC, 0xCE, 0xCC, 0xEE, 0xCC, 0xEE, 0xD4, 0x0F, 0xD5, 0x2F, 0xD5, 0x4F, 0xDD, 0x4F, 0xDD,
    0x70, 0xDD, 0x70, 0xDD, 0x70, 0xE5, 0x90, 0xE5, 0xB0, 0xE5, 0xB1, 0xED, 0xD1, 0xED, 0xF2, 0xED,
    0x12, 0xF6, 0x33, 0xF6, 0x54, 0xF6, 0x74, 0xF6, 0x95, 0xFE, 0x95, 0xFE, 0xB6, 0xFE, 0xB6, 0xFE,
    0xD6, 0xFE, 0xF7, 0xFE, 0xF7, 0xFE, 0xF7, 0xFE, 0x17, 0xFF, 0x17, 0xFF, 0xF7, 0xFE, 0xF6, 0xFE,
    0xD6, 0xFE, 0xB5, 0xFE, 0x33, 0xF6, 0xB1, 0xE5, 0xEF, 0xD4, 0x4C, 0xC4, 0xEA, 0xBB, 0xC9, 0xB3,
    0xA8, 0xB3, 0x88, 0xB3, 0xA8, 0xBB, 0x0A, 0xC4, 0x6B, 0xCC, 0xAD, 0xD4, 0x0E, 0xDD, 0x2F, 0xDD,
    0x91, 0xE5, 0xB2, 0xE5, 0xD2, 0xED, 0xF3, 0xED, 0xF3, 0xED, 0x14, 0xEE, 0x34, 0xF6, 0x55, 0xF6,
    0x55, 0xF6, 0x55, 0xF6, 0x75, 0xF6, 0x76, 0xF6, 0x96, 0xF6, 0x96, 0xF6, 0x96, 0xF6, 0xB7, 0xF6,
    0xB7, 0xFE, 0xB7, 0xFE, 0xB7, 0xFE, 0xD8, 0xFE, 0xD8, 0xFE, 0xD8, 0xFE, 0xD8, 0xFE, 0xD8, 0xFE,
    0xD8, 0xFE, 0xD8, 0xFE, 0xD8, 0xFE, 0xD8, 0xFE, 0xD8, 0xFE, 0xD8, 0xFE, 0xD8, 0xFE, 0xD7, 0xFE,
    0xD7, 0xFE, 0xD7, 0xFE, 0xD7, 0xFE, 0xD7, 0xFE, 0xD7, 0xFE, 0xB6, 0xFE, 0xB6, 0xFE, 0xB6, 0xFE,
    0x95, 0xFE, 0x95, 0xFE, 0x95, 0xFE, 0x74, 0xF6, 0x74, 0xF6, 0x53, 0xF6, 0x33, 0xF6, 0x12, 0xF6,
    0x12, 0xEE, 0x33, 0xF6, 0x33, 0xF6, 0x33, 0xF6, 0x91, 0xE5, 0x70, 0xDD, 0x2F, 0xD5, 0xEE, 0xCC,
    0x8D, 0xC4, 0x2B, 0xB4, 0xEA, 0xAB, 0xA9, 0xA3, 0x47, 0x9B, 0xE5, 0x92, 0xA4, 0x82, 0x43, 0x7A,
    0x02, 0x72, 0xC1, 0x69, 0x43, 0x7A, 0x06, 0x93, 0x27, 0x9B, 0x88, 0xA3, 0xC9, 0xA3, 0x0A, 0xAC,
    0x0B, 0xAC, 0xA9, 0xA3, 0x84, 0x82, 0xC1, 0x69, 0x60, 0x61, 0x40, 0x59, 0x40, 0x61, 0xC2, 0x69,
    0x44, 0x7A, 0x07, 0x93, 0xCA, 0xAB, 0x4C, 0xBC, 0x8D, 0xBC, 0x8D, 0xC4, 0x8D, 0xC4, 0xAD, 0xC4,
    0xAD, 0xC4, 0xCD, 0xCC, 0xCD, 0xCC, 0xCE, 0xCC, 0xEE, 0xCC, 0xEE, 0xCC, 0xEE, 0xCC, 0xEE, 0xCC,
    0x0E, 0xD5, 0x0E, 0xD5, 0x0E, 0xD5, 0x0F, 0xDD, 0x4F, 0xDD, 0x70, 0xE5, 0x90, 0xED, 0xB1, 0xED,
    0xD1, 0xED, 0xF2, 0xF5, 0x33, 0xF6, 0x53, 0xF6, 0x74, 0xFE, 0x74, 0xFE, 0x95, 0xFE, 0xB5, 0xFE,
    0xB6, 0xFE, 0xD6, 0xFE, 0xD6, 0xFE, 0xF6, 0xFE, 0xF6, 0xFE, 0xF6, 0xFE, 0xD6, 0xFE, 0xB5, 0xFE,
    0x74, 0xF6, 0xF2, 0xED, 0x71, 0xE5, 0x0F, 0xD5, 0x6D, 0xC4, 0xCA, 0xB3, 0x68, 0xAB, 0x67, 0xAB,
    0x88, 0xB3, 0x87, 0xB3, 0xC9, 0xBB, 0x4B, 0xC4, 0x6C, 0xCC, 0xCD, 0xD4, 0x0F, 0xDD, 0x50, 0xE5,
    0x91, 0xE5, 0xB2, 0xE5, 0xD2, 0xED, 0xF3, 0xED, 0xF3, 0xED, 0x14, 0xEE, 0x34, 0xF6, 0x55, 0xF6,
    0x55, 0xF6, 0x75, 0xF6, 0x75, 0xF6, 0x76, 0xF6, 0x96, 0xF6, 0x97, 0xF6, 0xB7, 0xF6, 0xB7, 0xFE,
    0xB7, 0xFE, 0xB7, 0xFE, 0xD8, 0xFE, 0xD8, 0xFE, 0xD8, 0xFE, 0xD8, 0xFE, 0xD8, 0xFE, 0xD8, 0xFE,
    0xD8, 0xFE, 0xD8, 0xFE, 0xD8, 0xFE, 0xD8, 0xFE, 0xD8, 0xFE, 0xD7, 0xFE, 0xD7, 0xFE, 0xD7, 0xFE,
    0xD7, 0xFE, 0xD7, 0xFE, 0xD7, 0xFE, 0xD6, 0xFE, 0xB6, 0xFE, 0xB6, 0xFE, 0xB5, 0xFE, 0x95, 0xFE,
    0x95, 0xFE, 0x75, 0xFE, 0x74, 0xF6, 0x54, 0xF6, 0x33, 0xF6, 0x32, 0xF6, 0x12, 0xEE, 0x12, 0xEE,
    0x33, 0xF6, 0x53, 0xF6, 0x33, 0xF6, 0x70, 0xDD, 0x50, 0xDD, 0x2F, 0xD5, 0xEE, 0xCC, 0x8D, 0xC4,
    0x4C, 0xB4, 0x0B, 0xAC, 0xC9, 0xA3, 0x68, 0x9B, 0x06, 0x93, 0xC5, 0x8A, 0x83, 0x82, 0x42, 0x7A,
    0x02, 0x72, 0xE1, 0x71, 0x43, 0x7A, 0xC5, 0x8A, 0x27, 0x93, 0x88, 0x9B, 0xA9, 0xA3, 0x88, 0x9B,
    0xE6, 0x8A, 0x64, 0x7A, 0x23, 0x7A, 0xC1, 0x71, 0x80, 0x69, 0x60, 0x61, 0x20, 0x61, 0x00, 0x59,
    0x20, 0x59, 0xA1, 0x69, 0x85, 0x82, 0x68, 0xA3, 0x0B, 0xB4, 0x4C, 0xBC, 0x6C, 0xBC, 0x8C, 0xC4,
    0x8D, 0xC4, 0xAD, 0xC4, 0xAD, 0xC4, 0xAD, 0xC4, 0xAD, 0xC4, 0xAD, 0xC4, 0x8D, 0xC4, 0x2B, 0xBC,
    0x89, 0xAB, 0x27, 0xA3, 0x07, 0x9B, 0x07, 0xA3, 0x88, 0xB3, 0x2B, 0xC4, 0xAD, 0xD4, 0x4F, 0xE5,
    0x90, 0xED, 0xB1, 0xF5, 0xF1, 0xF5, 0x12, 0xF6, 0x33, 0xF6, 0x54, 0xFE, 0x74, 0xFE, 0x94, 0xFE,
    0x95, 0xFE, 0xB5, 0xFE, 0xB6, 0xFE, 0xB6, 0xFE, 0xB6, 0xFE, 0x95, 0xFE, 0x54, 0xFE, 0xF3, 0xF5,
    0xB1, 0xED, 0x50, 0xDD, 0xEF, 0xD4, 0xAE, 0xC4, 0x2B, 0xBC, 0x88, 0xAB, 0x06, 0x9B, 0x26, 0xA3,
    0x67, 0xB3, 0x67, 0xB3, 0xE9, 0xBB, 0x4B, 0xCC, 0x6C, 0xCC, 0xCE, 0xD4, 0x0F, 0xDD, 0x50, 0xE5,
    0x71, 0xE5, 0xB2, 0xED, 0xD2, 0xED, 0xF3, 0xED, 0xF3, 0xED, 0x14, 0xEE, 0x34, 0xF6, 0x55, 0xF6,
    0x55, 0xF6, 0x75, 0xF6, 0x76, 0xF6, 0x96, 0xF6, 0x96, 0xF6, 0x97, 0xF6, 0xB7, 0xF6, 0xB7, 0xFE,
    0xB8, 0xFE, 0xB8, 0xFE, 0xB8, 0xFE, 0xD8, 0xFE, 0xD8, 0xFE, 0xD8, 0xFE, 0xD8, 0xFE, 0xD8, 0xFE,
    0xD8, 0xFE, 0xD8, 0xFE, 0xD7, 0xFE, 0xD7, 0xFE, 0xD7, 0xFE, 0xD7, 0xFE, 0xB7, 0xFE, 0xD7, 0xFE,
    0xD7, 0xFE, 0xD6, 0xFE, 0xB6, 0xFE, 0xB6, 0xFE, 0xB6, 0xFE, 0x95, 0xFE, 0x95, 0xFE, 0x95, 0xFE,
    0x75, 0xFE, 0x74, 0xF6, 0x53, 0xF6, 0x33, 0xF6, 0x12, 0xF6, 0x12, 0xEE, 0x12, 0xEE, 0x33, 0xF6,
    0x33, 0xF6, 0x33, 0xF6, 0x70, 0xDD, 0x50, 0xDD, 0x2F, 0xD5, 0xEE, 0xCC, 0x8D, 0xC4, 0x4C, 0xBC,
    0x2B, 0xB4, 0xEA, 0xAB, 0xA9, 0xA3, 0x47, 0x9B, 0x06, 0x93, 0xC5, 0x8A, 0x84, 0x82, 0x43, 0x7A,
    0x22, 0x7A, 0x02, 0x72, 0x02, 0x72, 0x02, 0x72, 0x43, 0x7A, 0x43, 0x7A, 0x43, 0x7A, 0x43, 0x7A,
    0x43, 0x7A, 0x23, 0x7A, 0x02, 0x7A, 0xE1, 0x71, 0xC1, 0x71, 0xC1, 0x71, 0xA0, 0x69, 0xA0, 0x69,
    0x80, 0x69, 0x80, 0x69, 0xC1, 0x69, 0x84, 0x82, 0x68, 0xA3, 0xEA, 0xB3, 0x2B, 0xBC, 0x4B, 0xBC,
    0x6C, 0xBC, 0x8C, 0xC4, 0x8C, 0xC4, 0x8D, 0xC4, 0x4C, 0xBC, 0xA9, 0xAB, 0x06, 0x93, 0xA5, 0x8A,
    0x64, 0x8A, 0x23, 0x82, 0xC1, 0x81, 0xA1, 0x79, 0x81, 0x79, 0xC2, 0x81, 0x64, 0x92, 0xA9, 0xBB,
    0x8C, 0xDC, 0x4F, 0xED, 0xB0, 0xED, 0xD1, 0xF5, 0xF1, 0xF5, 0x12, 0xF6, 0x53, 0xF6, 0x54, 0xFE,
    0x74, 0xFE, 0x94, 0xFE, 0x94, 0xFE, 0x74, 0xFE, 0x33, 0xF6, 0xB1, 0xED, 0x50, 0xE5, 0x30, 0xDD,
    0x30, 0xDD, 0x0F, 0xD5, 0xCE, 0xCC, 0x6D, 0xC4, 0xEA, 0xB3, 0x06, 0x9B, 0x84, 0x92, 0x05, 0xA3,
    0x67, 0xB3, 0x88, 0xB3, 0x0A, 0xBC, 0x4B, 0xC4, 0x8D, 0xCC, 0xCE, 0xD4, 0x2F, 0xDD, 0x50, 0xE5,
    0x91, 0xE5, 0xB2, 0xED, 0xD2, 0xED, 0xF3, 0xED, 0x13, 0xEE, 0x14, 0xF6, 0x34, 0xF6, 0x55, 0xF6,
    0x55, 0xF6, 0x76, 0xF6, 0x96, 0xF6, 0x96, 0xF6, 0x97, 0xF6, 0x97, 0xF6, 0xB7, 0xFE, 0xB7, 0xFE,
    0xB8, 0xFE, 0xB8, 0xFE, 0xB8, 0xFE, 0xD8, 0xFE, 0xD8, 0xFE, 0xD8, 0xFE, 0xD8, 0xFE, 0xD8, 0xFE,
    0xD7, 0xFE, 0xD7, 0xFE, 0xD7, 0xFE, 0xB7, 0xFE, 0xB7, 0xFE, 0xB7, 0xFE, 0xB6, 0xFE, 0xB6, 0xFE,
    0xB6, 0xFE, 0xB6, 0xFE, 0xB6, 0xFE, 0xB5, 0xFE, 0x95, 0xFE, 0x95, 0xFE, 0x95, 0xFE, 0x74, 0xF6,
    0x74, 0xF6, 0x53, 0xF6, 0x33, 0xF6, 0x12, 0xEE, 0xF2, 0xED, 0x12, 0xEE, 0x33, 0xF6, 0x33, 0xF6,
    0x32, 0xF6, 0x70, 0xDD, 0x50, 0xD5, 0x2F, 0xD5, 0xEE, 0xCC, 0xAD, 0xC4, 0x6C, 0xBC, 0x2C, 0xB4,
    0x0B, 0xAC, 0xC9, 0xA3, 0x88, 0x9B, 0x47, 0x9B, 0x06, 0x93, 0xC5, 0x8A, 0xA4, 0x82, 0x84, 0x82,
    0x84, 0x82, 0x63, 0x82, 0x63, 0x82, 0x63, 0x7A, 0x63, 0x7A, 0x64, 0x82, 0x64, 0x82, 0x63, 0x82,
    0x63, 0x82, 0x63, 0x82, 0x43, 0x7A, 0x23, 0x7A, 0x22, 0x7A, 0x22, 0x7A, 0x22, 0x7A, 0x22, 0x7A,
    0x02, 0x7A, 0x02, 0x7A, 0x01, 0x7A, 0x42, 0x7A, 0xC5, 0x8A, 0x47, 0x9B, 0xA9, 0xAB, 0xEA, 0xB3,
    0x0B, 0xB4, 0x2B, 0xB4, 0x0B, 0xB4, 0xA9, 0xA3, 0x68, 0xA3, 0x47, 0xA3, 0x27, 0x9B, 0x07, 0x9B,
    0xC6, 0x9A, 0xA5, 0x92, 0x44, 0x92, 0x02, 0x8A, 0xA1, 0x81, 0x40, 0x79, 0x20, 0x79, 0xA1, 0x89,
    0xA5, 0xA2, 0xEA, 0xCB, 0xED, 0xE4, 0x6F, 0xED, 0xB0, 0xF5, 0xD1, 0xF5, 0xF2, 0xF5, 0x13, 0xF6,
    0x13, 0xF6, 0xF2, 0xF5, 0xB1, 0xED, 0x50, 0xE5, 0x0F, 0xDD, 0x0F, 0xDD, 0x0F, 0xDD, 0x30, 0xDD,
    0x30, 0xDD, 0xEF, 0xD4, 0xAE, 0xC4, 0x4C, 0xBC, 0x88, 0xAB, 0xA4, 0x92, 0x43, 0x8A, 0xE5, 0xA2,
    0x88, 0xB3, 0x88, 0xB3, 0x0A, 0xC4, 0x6C, 0xCC, 0xAD, 0xCC, 0xEE, 0xD4, 0x2F, 0xDD, 0x70, 0xE5,
    0x91, 0xE5, 0xB2, 0xED, 0xD2, 0xED, 0xF3, 0xED, 0x13, 0xEE, 0x34, 0xF6, 0x35, 0xF6, 0x55, 0xF6,
    0x55, 0xF6, 0x76, 0xF6, 0x96, 0xF6, 0x96, 0xF6, 0x97, 0xF6, 0x97, 0xF6, 0xB7, 0xF6, 0xB7, 0xFE,
    0xB8, 0xFE, 0xB8, 0xFE, 0xB8, 0xFE, 0xB8, 0xFE, 0xD8, 0xFE, 0xB7, 0xFE, 0xB7, 0xFE, 0xB7, 0xFE,
    0xB7, 0xFE, 0xB7, 0xFE, 0xB7, 0xFE, 0xB7, 0xFE, 0xB6, 0xFE, 0xB6, 0xFE, 0xB6, 0xFE, 0xB6, 0xFE,
    0xB6, 0xFE, 0x96, 0xFE, 0x95, 0xFE, 0x95, 0xFE, 0x95, 0xFE, 0x75, 0xFE, 0x74, 0xF6, 0x54, 0xF6,
    0x53, 0xF6, 0x12, 0xF6, 0x12, 0xEE, 0x12, 0xEE, 0x12, 0xEE, 0x33, 0xF6, 0x33, 0xF6, 0x12, 0xEE,
    0x70, 0xDD, 0x50, 0xD5, 0x0F, 0xCD, 0xCE, 0xCC, 0xAD, 0xC4, 0x6D, 0xBC, 0x4C, 0xB4, 0x2B, 0xB4,
    0xEA, 0xAB, 0xA9, 0xA3, 0x89, 0xA3, 0x48, 0x9B, 0x27, 0x93, 0x06, 0x93, 0xE6, 0x8A, 0xE6, 0x8A,
    0xE6, 0x8A, 0xE5, 0x8A, 0xE6, 0x8A, 0xE6, 0x8A, 0xE6, 0x8A, 0xE5, 0x8A, 0xE5, 0x8A, 0xC5, 0x8A,
    0xC5, 0x8A, 0xA4, 0x8A, 0xA4, 0x8A, 0xA4, 0x8A, 0xA4, 0x8A, 0xA4, 0x8A, 0xA4, 0x8A, 0xA5, 0x8A,
    0xC5, 0x8A, 0xC5, 0x92, 0xE5, 0x92, 0xE5, 0x92, 0x06, 0x93, 0x47, 0x9B, 0x88, 0xA3, 0xC9, 0xAB,
    0xEA, 0xAB, 0xEA, 0xAB, 0xEA, 0xB3, 0x0A, 0xB4, 0xEA, 0xB3, 0xEA, 0xB3, 0xCA, 0xAB, 0xA9, 0xAB,
    0x68, 0xA3, 0x48, 0xA3, 0x07, 0xA3, 0xC5, 0x9A, 0x84, 0x9A, 0x23, 0x92, 0xE2, 0x91, 0xA1, 0x89,
    0xE2, 0x91, 0xA5, 0xA2, 0xC9, 0xC3, 0x8C, 0xDC, 0xEE, 0xE4, 0x4F, 0xE5, 0x70, 0xE5, 0x70, 0xE5,
    0x70, 0xE5, 0x71, 0xE5, 0x92, 0xE5, 0xB2, 0xED, 0xB2, 0xED, 0x71, 0xE5, 0x71, 0xDD, 0x51, 0xDD,
    0x30, 0xD5, 0xEF, 0xCC, 0x8E, 0xC4, 0x2B, 0xBC, 0x47, 0xA3, 0x43, 0x8A, 0x22, 0x8A, 0x06, 0xA3,
    0x87, 0xB3, 0x88, 0xB3, 0x2B, 0xC4, 0x6C, 0xCC, 0xAD, 0xD4, 0xEF, 0xD4, 0x30, 0xDD, 0x71, 0xE5,
    0x92, 0xE5, 0xD2, 0xED, 0xD2, 0xED, 0xF3, 0xED, 0x13, 0xEE, 0x34, 0xF6, 0x55, 0xF6, 0x55, 0xF6,
    0x55, 0xF6, 0x76, 0xF6, 0x96, 0xF6, 0x96, 0xF6, 0x97, 0xF6, 0x97, 0xF6, 0xB7, 0xF6, 0xB7, 0xFE,
    0xB7, 0xFE, 0xB7, 0xFE, 0xB7, 0xFE, 0xB7, 0xFE, 0xB7, 0xFE, 0xB7, 0xFE, 0xB7, 0xFE, 0xB7, 0xFE,
    0xB7, 0xFE, 0xB7, 0xFE, 0xB6, 0xFE, 0xB6, 0xFE, 0xB6, 0xFE, 0xB6, 0xFE, 0xB6, 0xFE, 0xB6, 0xFE,
    0x95, 0xFE, 0x95, 0xFE, 0x95, 0xFE, 0x75, 0xFE, 0x74, 0xFE, 0x74, 0xF6, 0x53, 0xF6, 0x33, 0xF6,
    0x12, 0xEE, 0x12, 0xEE, 0x12, 0xEE, 0x33, 0xF6, 0x53, 0xF6, 0x33, 0xF6, 0x12, 0xEE, 0x70, 0xDD,
    0x50, 0xD5, 0x0F, 0xCD, 0xCE, 0xC4, 0xAD, 0xC4, 0x8D, 0xBC, 0x4C, 0xB4, 0x2C, 0xB4, 0x0B, 0xAC,
    0xEA, 0xAB, 0xCA, 0xA3, 0x89, 0xA3, 0x68, 0x9B, 0x48, 0x9B, 0x27, 0x93, 0x27, 0x93, 0x27, 0x93,
    0x27, 0x93, 0x47, 0x93, 0x48, 0x93, 0x47, 0x93, 0x27, 0x93, 0x47, 0x93, 0x47, 0x93, 0x27, 0x93,
    0x27, 0x93, 0x26, 0x93, 0x26, 0x93, 0x26, 0x93, 0x27, 0x93, 0x47, 0x9B, 0x68, 0x9B, 0x88, 0xA3,
    0xA9, 0xA3, 0xEA, 0xAB, 0x0B, 0xB4, 0x0B, 0xB4, 0x2B, 0xB4, 0x2B, 0xB4, 0x2B, 0xB4, 0x4C, 0xBC,
    0x6C, 0xBC, 0x6C, 0xBC, 0x6C, 0xBC, 0x6D, 0xBC, 0x6D, 0xBC, 0x4C, 0xBC, 0x4C, 0xBC, 0x2C, 0xBC,
    0x2B, 0xB4, 0xEB, 0xB3, 0xCA, 0xB3, 0x89, 0xAB, 0x68, 0xAB, 0x47, 0xAB, 0x27, 0xAB, 0x27, 0xB3,
    0x27, 0xB3, 0x68, 0xB3, 0x0B, 0xC4, 0xAD, 0xD4, 0x30, 0xDD, 0x71, 0xE5, 0xB2, 0xE5, 0xF4, 0xED,
    0x34, 0xF6, 0x35, 0xF6, 0x14, 0xEE, 0xF3, 0xED, 0xD3, 0xED, 0xB2, 0xE5, 0x92, 0xDD, 0x71, 0xDD,
    0x30, 0xD5, 0xEF, 0xCC, 0x8D, 0xC4, 0xCA, 0xB3, 0xE6, 0x9A, 0x02, 0x82, 0x22, 0x82, 0x26, 0xA3,
    0x88, 0xB3, 0xC9, 0xBB, 0x2B, 0xC4, 0x6C, 0xCC, 0xCD, 0xD4, 0x0F, 0xDD, 0x50, 0xDD, 0x71, 0xE5,
    0xB2, 0xE5, 0xD2, 0xED, 0xD2, 0xED, 0xF3, 0xED, 0x14, 0xEE, 0x34, 0xF6, 0x55, 0xF6, 0x55, 0xF6,
    0x75, 0xF6, 0x76, 0xF6, 0x76, 0xF6, 0x96, 0xF6, 0x97, 0xF6, 0x97, 0xF6, 0x97, 0xF6, 0x97, 0xF6,
    0xB7, 0xFE, 0xB7, 0xFE, 0xB7, 0xFE, 0xB7, 0xFE, 0xB7, 0xFE, 0xB7, 0xFE, 0xB7, 0xFE, 0xB6, 0xFE,
    0xB6, 0xFE, 0xB6, 0xFE, 0xB6, 0xFE, 0xB6, 0xFE, 0x96, 0xFE, 0x96, 0xFE, 0x95, 0xFE, 0x95, 0xFE,
    0x95, 0xFE, 0x95, 0xFE, 0x74, 0xF6, 0x74, 0xF6, 0x54, 0xF6, 0x53, 0xF6, 0x33, 0xF6, 0x12, 0xEE,
    0x12, 0xEE, 0x12, 0xEE, 0x33, 0xF6, 0x53, 0xF6, 0x33, 0xF6, 0x12, 0xEE, 0x50, 0xDD, 0x2F, 0xD5,
    0x0F, 0xCD, 0xCE, 0xC4, 0xAD, 0xC4, 0x8D, 0xBC, 0x6C, 0xBC, 0x4C, 0xB4, 0x2C, 0xB4, 0x0B, 0xAC,
    0xEB, 0xAB, 0xCA, 0xA3, 0xAA, 0xA3, 0x89, 0x9B, 0x69, 0x9B, 0x68, 0x9B, 0x68, 0x9B, 0x68, 0x9B,
    0x69, 0x9B, 0x89, 0x9B, 0x89, 0x9B, 0x89, 0x9B, 0x89, 0xA3, 0x89, 0xA3, 0x89, 0x9B, 0x89, 0xA3,
    0x89, 0xA3, 0x89, 0xA3, 0x89, 0xA3, 0xA9, 0xA3, 0xC9, 0xAB, 0xEA, 0xAB, 0x2B, 0xB4, 0x6D, 0xBC,
    0xAE, 0xC4, 0xCE, 0xC4, 0xCE, 0xCC, 0xCE, 0xCC, 0xCE, 0xC4, 0xAE, 0xC4, 0xAE, 0xC4, 0xAE, 0xC4,
    0xCE, 0xCC, 0xCE, 0xCC, 0xCE, 0xCC, 0xCF, 0xCC, 0xCF, 0xCC, 0xCF, 0xCC, 0xCE, 0xCC, 0xCE, 0xCC,
    0xCE, 0xC4, 0xAE, 0xC4, 0x8D, 0xC4, 0x6D, 0xC4, 0x6D, 0xC4, 0x6D, 0xC4, 0x8D, 0xCC, 0xCE, 0xD4,
    0x0F, 0xDD, 0x71, 0xE5, 0xD3, 0xE5, 0x14, 0xEE, 0x55, 0xEE, 0x76, 0xF6, 0x76, 0xF6, 0x76, 0xF6,
    0x76, 0xF6, 0x55, 0xF6, 0x34, 0xEE, 0x14, 0xEE, 0xF3, 0xED, 0xD2, 0xE5, 0x92, 0xDD, 0x71, 0xDD,
    0x30, 0xD5, 0xEF, 0xCC, 0x4C, 0xBC, 0xA9, 0xAB, 0x84, 0x8A, 0xC1, 0x79, 0x63, 0x8A, 0x46, 0xAB,
    0x88, 0xB3, 0xEA, 0xBB, 0x2B, 0xC4, 0x8C, 0xCC, 0xCE, 0xD4, 0x0F, 0xDD, 0x50, 0xDD, 0x71, 0xE5,
    0xB1, 0xED, 0xB2, 0xED, 0xD2, 0xED, 0x13, 0xEE, 0x14, 0xEE, 0x34, 0xF6, 0x55, 0xF6, 0x55, 0xF6,
    0x75, 0xF6, 0x76, 0xF6, 0x76, 0xF6, 0x76, 0xF6, 0x96, 0xF6, 0x96, 0xF6, 0x96, 0xF6, 0x96, 0xF6,
    0x97, 0xFE, 0xB7, 0xFE, 0xB7, 0xFE, 0xB7, 0xFE, 0xB6, 0xFE, 0x96, 0xFE, 0x96, 0xFE, 0xB6, 0xFE,
    0x96, 0xFE, 0x96, 0xFE, 0x96, 0xFE, 0x96, 0xFE, 0x95, 0xFE, 0x95, 0xFE, 0x95, 0xFE, 0x75, 0xFE,
    0x74, 0xF6, 0x74, 0xF6, 0x74, 0xF6, 0x54, 0xF6, 0x33, 0xF6, 0x12, 0xF6, 0x12, 0xEE, 0x12, 0xEE,
    0x32, 0xEE, 0x53, 0xF6, 0x53, 0xF6, 0x33, 0xF6, 0x12, 0xEE, 0x50, 0xD5, 0x2F, 0xD5, 0x0F, 0xCD,
    0xCE, 0xC4, 0xAD, 0xC4, 0x8D, 0xBC, 0x6D, 0xBC, 0x4C, 0xB4, 0x4C, 0xB4, 0x2C, 0xB4, 0x0B, 0xAC,
    0xEB, 0xAB, 0xEA, 0xAB, 0xCA, 0xA3, 0xA9, 0xA3, 0xA9, 0xA3, 0x89, 0xA3, 0x89, 0xA3, 0xA9, 0xA3,
    0xAA, 0xA3, 0xAA, 0xA3, 0xCA, 0xA3, 0xCA, 0xA3, 0xCA, 0xAB, 0xCA, 0xAB, 0xCA, 0xAB, 0xEA, 0xAB,
    0xEB, 0xAB, 0xEB, 0xAB, 0x0B, 0xB4, 0x0B, 0xB4, 0x4C, 0xBC, 0x8D, 0xBC, 0xCE, 0xC4, 0x10, 0xCD,
    0x30, 0xD5, 0x50, 0xD5, 0x30, 0xD5, 0x30, 0xD5, 0x0F, 0xCD, 0x0F, 0xCD, 0xEF, 0xCC, 0xEF, 0xD4,
    0x0F, 0xD5, 0x10, 0xD5, 0x30, 0xD5, 0x30, 0xD5, 0x50, 0xD5, 0x50, 0xD5, 0x50, 0xD5, 0x51, 0xD5,
    0x51, 0xD5, 0x51, 0xD5, 0x51, 0xDD, 0x51, 0xDD, 0x71, 0xDD, 0x92, 0xDD, 0xB3, 0xE5, 0xF4, 0xED,
    0x35, 0xEE, 0x56, 0xF6, 0x77, 0xF6, 0x97, 0xF6, 0x97, 0xF6, 0x97, 0xF6, 0x96, 0xF6, 0x96, 0xF6,
    0x76, 0xF6, 0x55, 0xF6, 0x35, 0xEE, 0x14, 0xEE, 0xF3, 0xE5, 0xD3, 0xE5, 0x92, 0xE5, 0x71, 0xDD,
    0x30, 0xD5, 0xCE, 0xC4, 0x2C, 0xB4, 0x48, 0xA3, 0x43, 0x82, 0xE1, 0x79, 0xA4, 0x9A, 0x67, 0xAB,
    0xA8, 0xB3, 0xEA, 0xBB, 0x4B, 0xC4, 0xAD, 0xCC, 0xEE, 0xD4, 0x2F, 0xDD, 0x50, 0xE5, 0x91, 0xE5,
    0xB2, 0xED, 0xB2, 0xED, 0xD2, 0xED, 0x13, 0xEE, 0x13, 0xEE, 0x34, 0xF6, 0x54, 0xF6, 0x55, 0xF6,
    0x75, 0xF6, 0x76, 0xF6, 0x76, 0xF6, 0x96, 0xF6, 0x96, 0xF6, 0x96, 0xF6, 0x96, 0xF6, 0x96, 0xF6,
    0x96, 0xF6, 0x96, 0xFE, 0x96, 0xFE, 0x96, 0xFE, 0x96, 0xFE, 0x96, 0xFE, 0x96, 0xFE, 0x96, 0xFE,
    0x96, 0xFE, 0x95, 0xFE, 0x95, 0xFE, 0x95, 0xFE, 0x95, 0xFE, 0x75, 0xFE, 0x75, 0xFE, 0x74, 0xF6,
    0x74, 0xF6, 0x54, 0xF6, 0x53, 0xF6, 0x33, 0xF6, 0x12, 0xEE, 0x12, 0xEE, 0x12, 0xEE, 0x33, 0xF6,
    0x53, 0xF6, 0x53, 0xF6, 0x33, 0xF6, 0x12, 0xEE, 0x50, 0xD5, 0x0F, 0xCD, 0xEE, 0xCC, 0xCE, 0xC4,
    0x8D, 0xBC, 0x8D, 0xBC, 0x6D, 0xBC, 0x6D, 0xB4, 0x4C, 0xB4, 0x4C, 0xB4, 0x2C, 0xB4, 0x0C, 0xAC,
    0xEB, 0xAB, 0xEB, 0xAB, 0xCA, 0xA3, 0xCA, 0xA3, 0xCA, 0xA3, 0xAA, 0xA3, 0xCA, 0xA3, 0xCA, 0xA3,
    0xCA, 0xAB, 0xEA, 0xAB, 0xEA, 0xAB, 0xEB, 0xAB, 0x0B, 0xAC, 0x0B, 0xB4, 0x2B, 0xB4, 0x2B, 0xB4,
    0x4C, 0xBC, 0x4C, 0xBC, 0x6C, 0xBC, 0x8D, 0xC4, 0xCE, 0xC4, 0x10, 0xCD, 0x71, 0xD5, 0x92, 0xDD,
    0x92, 0xDD, 0x92, 0xDD, 0x51, 0xD5, 0x50, 0xD5, 0x30, 0xD5, 0x2F, 0xD5, 0x30, 0xD5, 0x30, 0xD5,
    0x50, 0xDD, 0x71, 0xDD, 0x91, 0xDD, 0x92, 0xDD, 0x92, 0xDD, 0x92, 0xDD, 0xB2, 0xDD, 0xB2, 0xE5,
    0xB3, 0xE5, 0xD3, 0xE5, 0xF4, 0xE5, 0xF4, 0xED, 0x15, 0xEE, 0x55, 0xF6, 0x76, 0xF6, 0x96, 0xF6,
    0x97, 0xF6, 0xB7, 0xF6, 0xB7, 0xF6, 0xB7, 0xF6, 0xB7, 0xF6, 0x97, 0xF6, 0x96, 0xF6, 0x76, 0xF6,
    0x76, 0xF6, 0x55, 0xEE, 0x55, 0xEE, 0x14, 0xEE, 0xF3, 0xE5, 0xD3, 0xE5, 0x92, 0xDD, 0x71, 0xD5,
    0x10, 0xCD, 0xAE, 0xC4, 0x0B, 0xB4, 0x27, 0x9B, 0x02, 0x82, 0x02, 0x82, 0x05, 0xA3, 0x67, 0xAB,
    0xC9, 0xB3, 0x0A, 0xBC, 0x6C, 0xCC, 0xAD, 0xD4, 0xEE, 0xD4, 0x30, 0xDD, 0x50, 0xE5, 0x91, 0xE5,
    0xB2, 0xED, 0xD2, 0xED, 0xF3, 0xED, 0xF3, 0xED, 0x14, 0xF6, 0x34, 0xF6, 0x55, 0xF6, 0x55, 0xF6,
    0x55, 0xF6, 0x75, 0xF6, 0x76, 0xF6, 0x76, 0xF6, 0x76, 0xF6, 0x76, 0xF6, 0x96, 0xF6, 0x96, 0xFE,
    0x76, 0xFE, 0x96, 0xFE, 0x96, 0xFE, 0x96, 0xFE, 0x96, 0xFE, 0x96, 0xFE, 0x95, 0xFE, 0x95, 0xFE,
    0x95, 0xFE, 0x95, 0xFE, 0x75, 0xFE, 0x75, 0xFE, 0x75, 0xF6, 0x74, 0xF6, 0x74, 0xF6, 0x74, 0xF6,
    0x54, 0xF6, 0x53, 0xF6, 0x33, 0xF6, 0x12, 0xEE, 0x12, 0xEE, 0x33, 0xF6, 0x33, 0xF6, 0x53, 0xF6,
    0x33, 0xF6, 0x33, 0xF6, 0x12, 0xEE, 0x4F, 0xD5, 0x0F, 0xCD, 0xCE, 0xC4, 0xCE, 0xC4, 0x8D, 0xBC,
    0x6D, 0xBC, 0x6D, 0xBC, 0x4D, 0xB4, 0x4D, 0xB4, 0x4C, 0xB4, 0x2C, 0xB4, 0x2C, 0xB4, 0x0B, 0xAC,
    0xEB, 0xAB, 0xEB, 0xAB, 0xEB, 0xA3, 0xCA, 0xA3, 0xCA, 0xA3, 0xEA, 0xAB, 0xEB, 0xAB, 0xEB, 0xAB,
    0xEB, 0xAB, 0x0B, 0xAC, 0x2B, 0xB4, 0x2B, 0xB4, 0x4C, 0xB4, 0x4C, 0xBC, 0x6C, 0xBC, 0x6C, 0xBC,
    0x8D, 0xC4, 0xAE, 0xC4, 0xCF, 0xCC, 0x30, 0xD5, 0x51, 0xD5, 0x92, 0xDD, 0xB3, 0xDD, 0xB3, 0xDD,
    0xB2, 0xDD, 0x71, 0xDD, 0x71, 0xDD, 0x50, 0xDD, 0x30, 0xD5, 0x50, 0xDD, 0x50, 0xDD, 0x71, 0xDD,
    0xB2, 0xDD, 0xB2, 0xE5, 0xD2, 0xE5, 0xD3, 0xE5, 0xF3, 0xE5, 0xF4, 0xE5, 0x14, 0xEE, 0x14, 0xEE,
    0x35, 0xEE, 0x35, 0xEE, 0x55, 0xEE, 0x76, 0xF6, 0x96, 0xF6, 0x97, 0xF6, 0xB7, 0xF6, 0xB7, 0xF6,
    0xB7, 0xF6, 0xB7, 0xF6, 0xB7, 0xF6, 0xB7, 0xF6, 0xB7, 0xF6, 0x96, 0xF6, 0x96, 0xF6, 0x76, 0xF6,
    0x76, 0xF6, 0x55, 0xEE, 0x35, 0xEE, 0x14, 0xEE, 0xF3, 0xE5, 0xD3, 0xE5, 0x92, 0xDD, 0x51, 0xD5,
    0xF0, 0xCC, 0x8D, 0xBC, 0xCA, 0xAB, 0xC5, 0x92, 0xC1, 0x79, 0x63, 0x8A, 0x26, 0xA3, 0x67, 0xB3,
    0xC9, 0xBB, 0x2B, 0xC4, 0x8C, 0xCC, 0xCE, 0xD4, 0x0F, 0xDD, 0x50, 0xDD, 0x70, 0xE5, 0x91, 0xE5,
    0xB2, 0xED, 0xD2, 0xED, 0xF3, 0xED, 0x13, 0xF6, 0x34, 0xF6, 0x34, 0xF6, 0x54, 0xF6, 0x55, 0xF6,
    0x55, 0xF6, 0x55, 0xF6, 0x55, 0xF6, 0x75, 0xF6, 0x75, 0xF6, 0x75, 0xF6, 0x75, 0xF6, 0x76, 0xF6,
    0x76, 0xF6, 0x76, 0xFE, 0x75, 0xF6, 0x75, 0xFE, 0x95, 0xFE, 0x95, 0xFE, 0x95, 0xFE, 0x95, 0xFE,
    0x75, 0xFE, 0x75, 0xFE, 0x74, 0xF6, 0x74, 0xF6, 0x74, 0xF6, 0x74, 0xF6, 0x54, 0xF6, 0x54, 0xF6,
    0x33, 0xF6, 0x33, 0xF6, 0x13, 0xEE, 0x33, 0xF6, 0x33, 0xF6, 0x53, 0xF6, 0x53, 0xF6, 0x33, 0xF6,
    0x33, 0xF6, 0xF2, 0xED, 0x2F, 0xD5, 0xEE, 0xCC, 0xCE, 0xC4, 0xAD, 0xBC, 0x8D, 0xBC, 0x6C, 0xB4,
    0x4C, 0xB4, 0x4C, 0xB4, 0x4C, 0xB4, 0x4C, 0xB4, 0x4C, 0xB4, 0x2C, 0xB4, 0x2C, 0xAC, 0x0B, 0xAC,
    0x0B, 0xAC, 0xEB, 0xAB, 0xEB, 0xAB, 0xEB, 0xAB, 0xEB, 0xAB, 0x0B, 0xAC, 0x0B, 0xAC, 0x0B, 0xAC,
    0x2C, 0xB4, 0x2C, 0xB4, 0x4C, 0xBC, 0x6C, 0xBC, 0x8D, 0xBC, 0x8D, 0xC4, 0x8D, 0xC4, 0xAE, 0xC4,
    0xCE, 0xCC, 0x0F, 0xCD, 0x51, 0xD5, 0x72, 0xDD, 0xB2, 0xDD, 0xD3, 0xDD, 0xD3, 0xE5, 0xB2, 0xDD,
    0x71, 0xDD, 0x50, 0xDD, 0x50, 0xDD, 0x50, 0xDD, 0x50, 0xDD, 0x70, 0xDD, 0x91, 0xDD, 0xB2, 0xE5,
    0xD2, 0xE5, 0xF3, 0xE5, 0xF3, 0xED, 0x14, 0xEE, 0x34, 0xEE, 0x35, 0xEE, 0x55, 0xEE, 0x55, 0xF6,
    0x76, 0xF6, 0x76, 0xF6, 0x96, 0xF6, 0x97, 0xF6, 0xB7, 0xF6, 0xB7, 0xF6, 0xD7, 0xF6, 0xD7, 0xFE,
    0xB7, 0xFE, 0xB7, 0xF6, 0xB7, 0xF6, 0xB7, 0xF6, 0x97, 0xF6, 0x96, 0xF6, 0x96, 0xF6, 0x76, 0xF6,
    0x55, 0xEE, 0x35, 0xEE, 0x14, 0xEE, 0xF4, 0xE5, 0xD3, 0xE5, 0xB2, 0xDD, 0x71, 0xDD, 0x30, 0xD5,
    0xEF, 0xCC, 0x4D, 0xBC, 0x69, 0xA3, 0x43, 0x82, 0xE1, 0x81, 0xC4, 0x9A, 0x47, 0xAB, 0x88, 0xB3,
    0xEA, 0xBB, 0x4B, 0xC4, 0x8D, 0xCC, 0xEE, 0xD4, 0x2F, 0xDD, 0x50, 0xE5, 0x71, 0xE5, 0x91, 0xE5,
    0xD2, 0xED, 0xD2, 0xED, 0x13, 0xF6, 0x13, 0xF6, 0x34, 0xF6, 0x34, 0xF6, 0x34, 0xF6, 0x55, 0xF6,
    0x55, 0xF6, 0x55, 0xF6, 0x55, 0xF6, 0x55, 0xF6, 0x75, 0xF6, 0x55, 0xF6, 0x75, 0xF6, 0x75, 0xF6,
    0x75, 0xFE, 0x75, 0xF6, 0x75, 0xFE, 0x75, 0xFE, 0x75, 0xFE, 0x75, 0xFE, 0x75, 0xFE, 0x75, 0xFE,
    0x74, 0xF6, 0x74, 0xF6, 0x74, 0xF6, 0x74, 0xF6, 0x54, 0xF6, 0x54, 0xF6, 0x54, 0xF6, 0x33, 0xF6,
    0x33, 0xF6, 0x33, 0xF6, 0x33, 0xF6, 0x33, 0xF6, 0x53, 0xF6, 0x53, 0xF6, 0x33, 0xF6, 0x12, 0xEE,
    0xF2, 0xED, 0x0F, 0xCD, 0xCE, 0xC4, 0xAD, 0xBC, 0x6C, 0xBC, 0x6C, 0xB4, 0x4C, 0xB4, 0x4C, 0xB4,
    0x4C, 0xB4, 0x2C, 0xB4, 0x4C, 0xB4, 0x4C, 0xB4, 0x2C, 0xB4, 0x2C, 0xAC, 0x2C, 0xAC, 0x0B, 0xAC,
    0x0B, 0xAC, 0xEB, 0xAB, 0xEB, 0xAB, 0xEB, 0xAB, 0x0B, 0xAC, 0x0B, 0xAC, 0x2C, 0xB4, 0x4C, 0xB4,
    0x4C, 0xBC, 0x6D, 0xBC, 0x8D, 0xBC, 0x8D, 0xC4, 0xAE, 0xC4, 0xCE, 0xC4, 0xEE, 0xCC, 0x0F, 0xCD,
    0x30, 0xD5, 0x71, 0xD5, 0x92, 0xDD, 0xD3, 0xDD, 0xD3, 0xE5, 0xD3, 0xE5, 0xB2, 0xE5, 0x71, 0xDD,
    0x50, 0xDD, 0x30, 0xDD, 0x2F, 0xDD, 0x30, 0xDD, 0x50, 0xDD, 0x91, 0xE5, 0xB2, 0xE5, 0xD2, 0xE5,
    0xF3, 0xED, 0x14, 0xEE, 0x34, 0xEE, 0x55, 0xEE, 0x55, 0xEE, 0x75, 0xF6, 0x76, 0xF6, 0x96, 0xF6,
    0x96, 0xF6, 0xB7, 0xF6, 0xB7, 0xF6, 0xB7, 0xF6, 0xD7, 0xF6, 0xD8, 0xF6, 0xD8, 0xF6, 0xB7, 0xF6,
    0xB7, 0xF6, 0xB7, 0xF6, 0xB7, 0xF6, 0x97, 0xF6, 0x97, 0xF6, 0x96, 0xF6, 0x76, 0xF6, 0x76, 0xEE,
    0x55, 0xEE, 0x35, 0xEE, 0x14, 0xEE, 0xF3, 0xE5, 0xD3, 0xE5, 0x92, 0xDD, 0x51, 0xD5, 0x10, 0xCD,
    0xAE, 0xC4, 0xEB, 0xB3, 0xE6, 0x92, 0x02, 0x7A, 0x62, 0x8A, 0x06, 0xA3, 0x68, 0xAB, 0xC9, 0xBB,
    0x2B, 0xC4, 0x6C, 0xCC, 0xCD, 0xD4, 0x0F, 0xDD, 0x30, 0xDD, 0x50, 0xE5, 0x71, 0xE5, 0xB1, 0xED,
    0xD2, 0xED, 0xF2, 0xED, 0x13, 0xF6, 0x13, 0xF6, 0x34, 0xF6, 0x34, 0xF6, 0x34, 0xF6, 0x54, 0xF6,
    0x55, 0xF6, 0x55, 0xF6, 0x55, 0xF6, 0x55, 0xF6, 0x55, 0xF6, 0x55, 0xF6, 0x75, 0xF6, 0x75, 0xF6,
    0x75, 0xF6, 0x75, 0xF6, 0x75, 0xF6, 0x75, 0xFE, 0x75, 0xFE, 0x74, 0xFE, 0x74, 0xF6, 0x74, 0xF6,
    0x74, 0xF6, 0x74, 0xF6, 0x74, 0xF6, 0x54, 0xF6, 0x54, 0xF6, 0x54, 0xF6, 0x53, 0xF6, 0x33, 0xF6,
    0x33, 0xF6, 0x33, 0xF6, 0x53, 0xF6, 0x53, 0xF6, 0x53, 0xF6, 0x33, 0xF6, 0x12, 0xEE, 0xF2, 0xED,
    0xEE, 0xCC, 0xAD, 0xC4, 0x8D, 0xBC, 0x6C, 0xB4, 0x4C, 0xB4, 0x2B, 0xB4, 0x2B, 0xAC, 0x2B, 0xAC,
    0x2C, 0xAC, 0x2C, 0xAC, 0x2C, 0xAC, 0x2C, 0xAC, 0x2C, 0xAC, 0x2C, 0xAC, 0x0B, 0xAC, 0x0B, 0xAC,
    0x0B, 0xAC, 0xEB, 0xAB, 0x0B, 0xAC, 0x0B, 0xAC, 0x2C, 0xB4, 0x2C, 0xB4, 0x4C, 0xB4, 0x6D, 0xBC,
    0x8D, 0xBC, 0x8D, 0xC4, 0xAE, 0xC4, 0xCE, 0xCC, 0xCE, 0xCC, 0xEF, 0xCC, 0x30, 0xD5, 0x51, 0xD5,
    0x92, 0xDD, 0xD3, 0xDD, 0xD3, 0xE5, 0xF4, 0xE5, 0xF3, 0xE5, 0xB2, 0xE5, 0x71, 0xDD, 0x50, 0xDD,
    0x2F, 0xDD, 0x2F, 0xDD, 0x4F, 0xDD, 0x70, 0xDD, 0x91, 0xE5, 0xB2, 0xE5, 0xF2, 0xED, 0x13, 0xEE,
    0x34, 0xEE, 0x55, 0xEE, 0x55, 0xF6, 0x75, 0xF6, 0x76, 0xF6, 0x96, 0xF6, 0x96, 0xF6, 0xB7, 0xF6,
    0xB7, 0xF6, 0xB7, 0xF6, 0xD8, 0xF6, 0xD7, 0xF6, 0xD8, 0xF6, 0xD8, 0xF6, 0xD8, 0xFE, 0xB7, 0xF6,
    0xB7, 0xF6, 0xB7, 0xF6, 0xB7, 0xF6, 0x97, 0xF6, 0x97, 0xF6, 0x77, 0xF6, 0x76, 0xF6, 0x56, 0xEE,
    0x55, 0xEE, 0x35, 0xEE, 0xF4, 0xE5, 0xD3, 0xE5, 0xB2, 0xDD, 0x92, 0xDD, 0x51, 0xD5, 0xEF, 0xCC,
    0x6D, 0xBC, 0xAA, 0xA3, 0x84, 0x8A, 0x22, 0x82, 0xC4, 0x9A, 0x47, 0xAB, 0xA9, 0xB3, 0x0A, 0xBC,
    0x4C, 0xC4, 0xAD, 0xCC, 0xEE, 0xD4, 0x0F, 0xDD, 0x50, 0xDD, 0x70, 0xE5, 0x91, 0xE5, 0xB2, 0xED,
    0xD2, 0xED, 0xF3, 0xED, 0x13, 0xF6, 0x13, 0xEE, 0x13, 0xF6, 0x34, 0xF6, 0x34, 0xF6, 0x34, 0xF6,
    0x54, 0xF6, 0x54, 0xF6, 0x54, 0xF6, 0x55, 0xF6, 0x54, 0xF6, 0x54, 0xF6, 0x54, 0xF6, 0x54, 0xF6,
    0x54, 0xF6, 0x54, 0xF6, 0x54, 0xF6, 0x74, 0xF6, 0x74, 0xF6, 0x74, 0xF6, 0x74, 0xF6, 0x54, 0xF6,
    0x54, 0xF6, 0x74, 0xF6, 0x54, 0xF6, 0x54, 0xF6, 0x54, 0xF6, 0x53, 0xF6, 0x33, 0xF6, 0x33, 0xF6,
    0x53, 0xF6, 0x53, 0xF6, 0x53, 0xF6, 0x53, 0xF6, 0x33, 0xF6, 0x12, 0xEE, 0xF2, 0xED, 0xCE, 0xC4,
    0x8D, 0xBC, 0x6C, 0xBC, 0x4B, 0xB4, 0x2B, 0xAC, 0x0B, 0xAC, 0x0B, 0xAC, 0x0B, 0xAC, 0x0B, 0xAC,
    0x0B, 0xAC, 0x0B, 0xAC, 0x0B, 0xAC, 0x0B, 0xAC, 0x0B, 0xAC, 0x0B, 0xAC, 0x0B, 0xAC, 0xEB, 0xAB,
    0x0B, 0xAC, 0x0B, 0xAC, 0x2B, 0xB4, 0x2C, 0xB4, 0x4C, 0xB4, 0x4C, 0xBC, 0x8D, 0xBC, 0x8D, 0xC4,
    0xAE, 0xC4, 0xCE, 0xC4, 0xCE, 0xCC, 0xEF, 0xCC, 0x0F, 0xD5, 0x50, 0xD5, 0x91, 0xDD, 0xB2, 0xE5,
    0xF3, 0xE5, 0x14, 0xE6, 0xF4, 0xE5, 0xF3, 0xE5, 0xB2, 0xE5, 0x71, 0xDD, 0x50, 0xDD, 0x2F, 0xDD,
    0x2F, 0xDD, 0x50, 0xDD, 0x70, 0xE5, 0x91, 0xE5, 0xD2, 0xE5, 0xF2, 0xED, 0x13, 0xEE, 0x34, 0xEE,
    0x55, 0xF6, 0x75, 0xF6, 0x76, 0xF6, 0x96, 0xF6, 0x96, 0xF6, 0x97, 0xF6, 0xB7, 0xF6, 0xB7, 0xF6,
    0xB7, 0xF6, 0xD7, 0xF6, 0xD7, 0xF6, 0xD8, 0xF6, 0xD8, 0xF6, 0xD8, 0xF6, 0xB7, 0xF6, 0xB7, 0xF6,
    0xB7, 0xF6, 0xB7, 0xF6, 0x97, 0xF6, 0x97, 0xF6, 0x76, 0xF6, 0x76, 0xF6, 0x76, 0xEE, 0x55, 0xEE,
    0x35, 0xEE, 0x14, 0xEE, 0xF4, 0xE5, 0xB3, 0xE5, 0x92, 0xDD, 0x71, 0xD5, 0x30, 0xCD, 0xAF, 0xC4,
    0x2C, 0xB4, 0x27, 0x9B, 0x23, 0x82, 0x83, 0x92, 0x26, 0xA3, 0x88, 0xB3, 0xEA, 0xBB, 0x2B, 0xC4,
    0x8C, 0xCC, 0xCE, 0xD4, 0x0F, 0xDD, 0x2F, 0xDD, 0x70, 0xE5, 0x71, 0xE5, 0xB1, 0xE5, 0xD2, 0xED,
    0xD3, 0xED, 0xF3, 0xED, 0x13, 0xF6, 0x13, 0xEE, 0x14, 0xF6, 0x34, 0xF6, 0x34, 0xF6, 0x34, 0xF6,
    0x34, 0xF6, 0x54, 0xF6, 0x54, 0xF6, 0x54, 0xF6, 0x54, 0xF6, 0x54, 0xF6, 0x54, 0xF6, 0x54, 0xF6,
    0x54, 0xF6, 0x54, 0xF6, 0x54, 0xF6, 0x54, 0xF6, 0x54, 0xF6, 0x54, 0xF6, 0x54, 0xF6, 0x54, 0xF6,
    0x54, 0xF6, 0x54, 0xF6, 0x54, 0xF6, 0x54, 0xF6, 0x53, 0xF6, 0x53, 0xF6, 0x53, 0xF6, 0x53, 0xF6,
    0x53, 0xF6, 0x53, 0xF6, 0x33, 0xF6, 0x33, 0xF6, 0x12, 0xEE, 0xF2, 0xED, 0xAD, 0xC4, 0x6C, 0xBC,
    0x4C, 0xB4, 0x2B, 0xAC, 0x0A, 0xAC, 0xEA, 0xA3, 0xEA, 0xA3, 0xEA, 0xA3, 0xEA, 0xA3, 0xCA, 0xA3,
    0xEA, 0xA3, 0xEA, 0xA3, 0xEB, 0xA3, 0x0B, 0xAC, 0xEB, 0xAB, 0x0B, 0xAC, 0xEB, 0xAB, 0x0B, 0xAC,
    0x0B, 0xAC, 0x2B, 0xB4, 0x2C, 0xB4, 0x4C, 0xB4, 0x6D, 0xBC, 0x8D, 0xBC, 0xAE, 0xC4, 0xAE, 0xC4,
    0xCE, 0xCC, 0xEF, 0xCC, 0x0F, 0xD5, 0x30, 0xD5, 0x71, 0xDD, 0xB2, 0xE5, 0xF3, 0xE5, 0x14, 0xEE,
    0x35, 0xEE, 0x34, 0xEE, 0x14, 0xEE, 0xF3, 0xE5, 0x91, 0xE5, 0x70, 0xE5, 0x50, 0xE5, 0x50, 0xE5,
    0x50, 0xE5, 0x70, 0xE5, 0xB1, 0xED, 0xD2, 0xED, 0xF3, 0xED, 0x34, 0xEE, 0x54, 0xF6, 0x75, 0xF6,
    0x75, 0xF6, 0x96, 0xF6, 0x96, 0xF6, 0x96, 0xF6, 0xB7, 0xF6, 0xB7, 0xF6, 0xB7, 0xF6, 0xB7, 0xF6,
    0xD7, 0xF6, 0xD7, 0xF6, 0xD7, 0xF6, 0xD8, 0xF6, 0xD8, 0xF6, 0xB7, 0xF6, 0xB7, 0xF6, 0xB7, 0xF6,
    0xB7, 0xF6, 0xB7, 0xF6, 0x97, 0xF6, 0x97, 0xF6, 0x76, 0xF6, 0x76, 0xF6, 0x56, 0xEE, 0x35, 0xEE,
    0x14, 0xEE, 0xF4, 0xE5, 0xD3, 0xE5, 0xB2, 0xDD, 0x92, 0xDD, 0x51, 0xD5, 0xEF, 0xCC, 0x8D, 0xBC,
    0xCA, 0xAB, 0xA5, 0x8A, 0x63, 0x8A, 0xE5, 0x9A, 0x67, 0xAB, 0xC9, 0xB3, 0x2B, 0xBC, 0x6C, 0xC4,
    0xAD, 0xCC, 0xEE, 0xD4, 0x2F, 0xDD, 0x50, 0xDD, 0x71, 0xE5, 0x91, 0xE5, 0xB1, 0xE5, 0xD2, 0xED,
    0xD2, 0xED, 0xF3, 0xED, 0xF3, 0xED, 0x13, 0xF6, 0x13, 0xF6, 0x33, 0xF6, 0x34, 0xF6, 0x34, 0xF6,
    0x34, 0xF6, 0x34, 0xF6, 0x34, 0xF6, 0x54, 0xF6, 0x54, 0xF6, 0x54, 0xF6, 0x54, 0xF6, 0x54, 0xF6,
    0x54, 0xF6, 0x54, 0xF6, 0x54, 0xF6, 0x54, 0xF6, 0x54, 0xF6, 0x54, 0xF6, 0x54, 0xF6, 0x54, 0xF6,
    0x54, 0xF6, 0x54, 0xF6, 0x54, 0xF6, 0x53, 0xF6, 0x53, 0xF6, 0x53, 0xF6, 0x53, 0xF6, 0x53, 0xF6,
    0x53, 0xF6, 0x33, 0xF6, 0x33, 0xF6, 0x12, 0xEE, 0xF2, 0xED, 0x8D, 0xBC, 0x4C, 0xB4, 0x2B, 0xB4,
    0x0A, 0xAC, 0xEA, 0xA3, 0xCA, 0xA3, 0xCA, 0xA3, 0xC9, 0xA3, 0xC9, 0xA3, 0xC9, 0xA3, 0xCA, 0xA3,
    0xCA, 0xA3, 0xCA, 0xA3, 0xEA, 0xA3, 0xEA, 0xA3, 0xEB, 0xAB, 0xEA, 0xAB, 0x0B, 0xAC, 0x0B, 0xAC,
    0x2B, 0xB4, 0x4C, 0xB4, 0x4C, 0xBC, 0x8D, 0xBC, 0x8D, 0xC4, 0xAE, 0xC4, 0xCE, 0xC4, 0xEF, 0xCC,
    0x0F, 0xD5, 0x30, 0xD5, 0x50, 0xDD, 0x91, 0xDD, 0xD2, 0xE5, 0xF3, 0xED, 0x14, 0xEE, 0x35, 0xEE,
    0x35, 0xEE, 0x34, 0xEE, 0x13, 0xEE, 0xD2, 0xE5, 0xB1, 0xE5, 0x90, 0xE5, 0x90, 0xE5, 0x91, 0xE5,
    0xB1, 0xED, 0xD2, 0xED, 0xF3, 0xED, 0x13, 0xEE, 0x34, 0xF6, 0x55, 0xF6, 0x75, 0xF6, 0x96, 0xF6,
    0x96, 0xF6, 0xB6, 0xF6, 0xB7, 0xF6, 0xB7, 0xF6, 0xB7, 0xF6, 0xB7, 0xF6, 0xD7, 0xF6, 0xD7, 0xF6,
    0xB7, 0xF6, 0xD8, 0xF6, 0xD8, 0xFE, 0xD7, 0xF6, 0xB7, 0xF6, 0xB7, 0xF6, 0xB7, 0xF6, 0xB7, 0xF6,
    0x97, 0xF6, 0x97, 0xF6, 0x97, 0xF6, 0x76, 0xF6, 0x76, 0xF6, 0x56, 0xEE, 0x55, 0xEE, 0x34, 0xEE,
    0x14, 0xEE, 0xF3, 0xE5, 0xB3, 0xE5, 0x92, 0xDD, 0x71, 0xD5, 0x30, 0xCD, 0xCF, 0xC4, 0x4C, 0xB4,
    0x48, 0x9B, 0x83, 0x8A, 0xC5, 0x9A, 0x47, 0xA3, 0xA8, 0xB3, 0x0A, 0xBC, 0x4C, 0xC4, 0xAD, 0xCC,
    0xEE, 0xD4, 0x0F, 0xDD, 0x50, 0xDD, 0x50, 0xE5, 0x91, 0xE5, 0x91, 0xED, 0xB1, 0xED, 0xD2, 0xED,
    0xF2, 0xED, 0xF3, 0xED, 0xF3, 0xED, 0x13, 0xEE, 0x13, 0xF6, 0x13, 0xF6, 0x33, 0xF6, 0x33, 0xF6,
    0x33, 0xF6, 0x33, 0xF6, 0x33, 0xF6, 0x33, 0xF6, 0x34, 0xF6, 0x34, 0xF6, 0x54, 0xF6, 0x54, 0xF6,
    0x54, 0xF6, 0x54, 0xF6, 0x54, 0xF6, 0x54, 0xF6, 0x54, 0xF6, 0x54, 0xF6, 0x54, 0xF6, 0x54, 0xF6,
    0x54, 0xF6, 0x54, 0xF6, 0x53, 0xF6, 0x53, 0xF6, 0x53, 0xF6, 0x53, 0xF6, 0x53, 0xF6, 0x33, 0xF6,
    0x33, 0xF6, 0x13, 0xEE, 0x12, 0xEE, 0xF2, 0xED, 0x6C, 0xB4, 0x2B, 0xB4, 0x0B, 0xAC, 0xEA, 0xA3,
    0xC9, 0xA3, 0xA9, 0xA3, 0xA9, 0x9B, 0xA9, 0x9B, 0xA9, 0x9B, 0xA9, 0x9B, 0xA9, 0x9B, 0xA9, 0xA3,
    0xA9, 0xA3, 0xA9, 0xA3, 0xCA, 0xA3, 0xCA, 0xA3, 0xCA, 0xA3, 0xEA, 0xAB, 0x0B, 0xAC, 0x2B, 0xB4,
    0x4C, 0xB4, 0x4C, 0xBC, 0x6D, 0xBC, 0x8D, 0xC4, 0xAD, 0xC4, 0xCE, 0xCC, 0xEF, 0xCC, 0x0F, 0xD5,
    0x30, 0xD5, 0x50, 0xDD, 0x91, 0xE5, 0xD2, 0xE5, 0x13, 0xEE, 0x14, 0xEE, 0x34, 0xEE, 0x34, 0xEE,
    0x34, 0xEE, 0x34, 0xEE, 0x13, 0xEE, 0xF2, 0xED, 0xD1, 0xED, 0xD1, 0xED, 0xD2, 0xED, 0xF2, 0xED,
    0x12, 0xEE, 0x13, 0xEE, 0x34, 0xF6, 0x54, 0xF6, 0x75, 0xF6, 0x96, 0xF6, 0x96, 0xF6, 0xB6, 0xF6,
    0xB7, 0xF6, 0xB7, 0xF6, 0xB7, 0xF6, 0xB7, 0xF6, 0xD7, 0xF6, 0xD7, 0xF6, 0xD7, 0xF6, 0xD7, 0xF6,
    0xD8, 0xF6, 0xB7, 0xF6, 0xB7, 0xF6, 0xB7, 0xF6, 0xB8, 0xF6, 0xB7, 0xF6, 0xB7, 0xF6, 0xB7, 0xF6,
    0x97, 0xF6, 0x97, 0xF6, 0x76, 0xF6, 0x76, 0xF6, 0x76, 0xEE, 0x55, 0xEE, 0x35, 0xEE, 0x14, 0xEE,
    0xF3, 0xE5, 0xD3, 0xE5, 0x92, 0xDD, 0x71, 0xDD, 0x51, 0xD5, 0xEF, 0xCC, 0x8E, 0xBC, 0xEB, 0xAB,
    0xC5, 0x92, 0xA4, 0x92, 0x46, 0xA3, 0xA8, 0xAB, 0xEA, 0xBB, 0x4B, 0xC4, 0x8D, 0xCC, 0xCE, 0xD4,
    0x0F, 0xD5, 0x2F, 0xDD, 0x50, 0xDD, 0x70, 0xE5, 0x91, 0xE5, 0xB1, 0xED, 0xB1, 0xED, 0xD2, 0xED,
    0xF2, 0xED, 0xF3, 0xED, 0xF3, 0xED, 0x13, 0xEE, 0x13, 0xF6, 0x13, 0xF6, 0x33, 0xF6, 0x33, 0xF6,
    0x33, 0xF6, 0x33, 0xF6, 0x33, 0xF6, 0x33, 0xF6, 0x33, 0xF6, 0x33, 0xF6, 0x33, 0xF6, 0x33, 0xF6,
    0x54, 0xF6, 0x54, 0xF6, 0x54, 0xF6, 0x54, 0xF6, 0x54, 0xF6, 0x54, 0xF6, 0x54, 0xF6, 0x54, 0xF6,
    0x54, 0xF6, 0x54, 0xF6, 0x54, 0xF6, 0x53, 0xF6, 0x53, 0xF6, 0x53, 0xF6, 0x33, 0xF6, 0x33, 0xEE,
    0x12, 0xEE, 0xF2, 0xED, 0xF2, 0xED, 0x4C, 0xB4, 0x2B, 0xAC, 0xEA, 0xAB, 0xCA, 0xA3, 0xA9, 0x9B,
    0xA9, 0x9B, 0x88, 0x9B, 0x88, 0x9B, 0x89, 0x9B, 0x89, 0x9B, 0x88, 0x9B, 0x89, 0x9B, 0x89, 0x9B,
    0x89, 0x9B, 0xA9, 0x9B, 0xA9, 0xA3, 0xCA, 0xA3, 0xEA, 0xAB, 0x0B, 0xAC, 0x0B, 0xB4, 0x2C, 0xB4,
    0x4C, 0xB4, 0x6C, 0xBC, 0x8D, 0xC4, 0x8D, 0xC4, 0xAE, 0xCC, 0xCE, 0xCC, 0xEF, 0xD4, 0x0F, 0xDD,
    0x2F, 0xDD, 0x50, 0xDD, 0x91, 0xE5, 0xD2, 0xED, 0xF3, 0xED, 0x14, 0xF6, 0x34, 0xF6, 0x34, 0xF6,
    0x34, 0xF6, 0x34, 0xF6, 0x13, 0xEE, 0xF2, 0xED, 0xF2, 0xED, 0xF2, 0xED, 0xF2, 0xF5, 0x13, 0xF6,
    0x34, 0xF6, 0x54, 0xF6, 0x55, 0xF6, 0x95, 0xF6, 0x96, 0xF6, 0x96, 0xF6, 0xB7, 0xF6, 0xB7, 0xF6,
    0xD7, 0xF6, 0xD7, 0xFE, 0xD7, 0xF6, 0xD7, 0xF6, 0xD7, 0xF6, 0xD7, 0xF6, 0xD7, 0xFE, 0xB7, 0xF6,
    0xB7, 0xF6, 0xB7, 0xF6, 0xB7, 0xF6, 0xB7, 0xF6, 0xB7, 0xF6, 0xB7, 0xF6, 0xB7, 0xF6, 0xB7, 0xF6,
    0x96, 0xF6, 0x96, 0xF6, 0x96, 0xF6, 0x76, 0xEE, 0x55, 0xEE, 0x35, 0xEE, 0x14, 0xEE, 0xF3, 0xE5,
    0xD3, 0xE5, 0xB2, 0xDD, 0x71, 0xDD, 0x51, 0xD5, 0x10, 0xCD, 0xAE, 0xC4, 0x4C, 0xB4, 0x68, 0xA3,
    0x84, 0x8A, 0x06, 0xA3, 0x88, 0xAB, 0xE9, 0xB3, 0x2B, 0xBC, 0x6C, 0xC4, 0xAD, 0xCC, 0xEE, 0xD4,
    0x0F, 0xDD, 0x30, 0xDD, 0x50, 0xE5, 0x71, 0xE5, 0x91, 0xE5, 0xB1, 0xED, 0xB2, 0xED, 0xD2, 0xED,
    0xD2, 0xED, 0xF3, 0xED, 0xF3, 0xED, 0xF3, 0xED, 0x13, 0xF6, 0x13, 0xF6, 0x13, 0xF6, 0x13, 0xF6,
    0x33, 0xF6, 0x33, 0xF6, 0x33, 0xF6, 0x33, 0xF6, 0x33, 0xF6, 0x33, 0xF6, 0x33, 0xF6, 0x33, 0xF6,
    0x53, 0xF6, 0x54, 0xF6, 0x53, 0xF6, 0x54, 0xF6, 0x54, 0xF6, 0x54, 0xF6, 0x54, 0xF6, 0x54, 0xF6,
    0x54, 0xF6, 0x54, 0xF6, 0x54, 0xF6, 0x54, 0xF6, 0x53, 0xF6, 0x33, 0xF6, 0x33, 0xEE, 0x12, 0xEE,
    0x12, 0xEE, 0xF2, 0xED, 0x2B, 0xB4, 0x0B, 0xAC, 0xEA, 0xA3, 0xA9, 0x9B, 0x89, 0x9B, 0x89, 0x9B,
    0x68, 0x9B, 0x68, 0x9B, 0x68, 0x93, 0x88, 0x9B, 0x68, 0x9B, 0x89, 0x9B, 0x68, 0x9B, 0x88, 0x9B,
    0x88, 0x9B, 0xA9, 0xA3, 0xA9, 0xA3, 0xCA, 0xAB, 0xEA, 0xAB, 0x0B, 0xAC, 0x0B, 0xB4, 0x2C, 0xB4,
    0x4C, 0xBC, 0x6C, 0xBC, 0x6D, 0xC4, 0x6D, 0xC4, 0x8D, 0xCC, 0x8D, 0xCC, 0xAD, 0xCC, 0xCE, 0xD4,
    0xEE, 0xDC, 0xEE, 0xDC, 0x2F, 0xE5, 0x71, 0xED, 0xB2, 0xED, 0xF3, 0xF5, 0x13, 0xF6, 0x13, 0xF6,
    0x13, 0xF6, 0xF3, 0xF5, 0xF2, 0xED, 0xD2, 0xED, 0xD2, 0xED, 0xF3, 0xF5, 0x13, 0xF6, 0x34, 0xF6,
    0x55, 0xF6, 0x75, 0xF6, 0x96, 0xF6, 0xB6, 0xF6, 0xB7, 0xF6, 0xD7, 0xF6, 0xD7, 0xFE, 0xD7, 0xFE,
    0xD7, 0xFE, 0xD7, 0xFE, 0xD7, 0xFE, 0xD7, 0xFE, 0xD7, 0xFE, 0xD7, 0xFE, 0xD7, 0xFE, 0xB7, 0xF6,
    0xD7, 0xF6, 0xB7, 0xF6, 0xB7, 0xFE, 0xB7, 0xF6, 0xB7, 0xF6, 0x97, 0xF6, 0x97, 0xF6, 0x97, 0xF6,
    0x96, 0xF6, 0x76, 0xF6, 0x76, 0xF6, 0x55, 0xEE, 0x35, 0xEE, 0x14, 0xEE, 0xF4, 0xE5, 0xD3, 0xE5,
    0xB2, 0xDD, 0x71, 0xDD, 0x51, 0xD5, 0x30, 0xCD, 0xEF, 0xC4, 0x8D, 0xBC, 0xEA, 0xAB, 0xE5, 0x92,
    0xC5, 0x92, 0x67, 0xAB, 0xC9, 0xB3, 0x2A, 0xBC, 0x6C, 0xC4, 0x8D, 0xCC, 0xCE, 0xD4, 0x0F, 0xD5,
    0x30, 0xDD, 0x50, 0xDD, 0x71, 0xE5, 0x91, 0xE5, 0x91, 0xE5, 0xB2, 0xED, 0xD2, 0xED, 0xD2, 0xED,
    0xF2, 0xED, 0xF2, 0xED, 0xF3, 0xED, 0x13, 0xF6, 0x13, 0xF6, 0x13, 0xF6, 0x13, 0xF6, 0x13, 0xF6,
    0x13, 0xF6, 0x33, 0xF6, 0x33, 0xF6, 0x33, 0xF6, 0x33, 0xF6, 0x33, 0xF6, 0x33, 0xF6, 0x33, 0xF6,
    0x53, 0xF6, 0x53, 0xF6, 0x53, 0xF6, 0x54, 0xF6, 0x53, 0xF6, 0x53, 0xF6, 0x54, 0xF6, 0x53, 0xF6,
    0x54, 0xF6, 0x53, 0xF6, 0x53, 0xF6, 0x53, 0xF6, 0x33, 0xF6, 0x33, 0xEE, 0x12, 0xEE, 0x33, 0xEE,
    0x30, 0xCD, 0x2B, 0xAC, 0xEA, 0xAB, 0xCA, 0xA3, 0xA9, 0x9B, 0x89, 0x9B, 0x68, 0x93, 0x68, 0x93,
    0x68, 0x93, 0x68, 0x9B, 0x68, 0x93, 0x48, 0x93, 0x68, 0x93, 0x68, 0x9B, 0x68, 0x9B, 0x68, 0x9B,
    0x88, 0x9B, 0x89, 0xA3, 0xA9, 0xA3, 0xCA, 0xAB, 0xEA, 0xAB, 0x0B, 0xB4, 0x0C, 0xB4, 0x2C, 0xBC,
    0x2C, 0xBC, 0x2C, 0xBC, 0x0C, 0xBC, 0x0C, 0xC4, 0x0C, 0xC4, 0x2C, 0xC4, 0x2C, 0xCC, 0x2C, 0xCC,
    0x4C, 0xD4, 0x6C, 0xDC, 0x8D, 0xE4, 0xEE, 0xE4, 0x50, 0xED, 0x91, 0xED, 0xB3, 0xED, 0xB3, 0xF5,
    0xB2, 0xF5, 0x92, 0xED, 0x71, 0xED, 0x71, 0xED, 0x91, 0xED, 0xB2, 0xF5, 0xF3, 0xF5, 0x34, 0xF6,
    0x55, 0xF6, 0x96, 0xF6, 0xB7, 0xF6, 0xB7, 0xF6, 0xD7, 0xF6, 0xD8, 0xFE, 0xD8, 0xFE, 0xD8, 0xFE,
    0xD8, 0xFE, 0xD8, 0xFE, 0xD8, 0xFE, 0xD8, 0xFE, 0xD7, 0xFE, 0xD7, 0xFE, 0xD7, 0xF6, 0xB7, 0xF6,
    0xB7, 0xF6, 0xB7, 0xFE, 0xB7, 0xF6, 0xB7, 0xF6, 0x97, 0xF6, 0x96, 0xF6, 0x96, 0xF6, 0x96, 0xF6,
    0x76, 0xF6, 0x76, 0xF6, 0x55, 0xEE, 0x55, 0xEE, 0x14, 0xEE, 0xF3, 0xE5, 0xD3, 0xE5, 0xB2, 0xDD,
    0x71, 0xDD, 0x51, 0xD5, 0x30, 0xD5, 0xEF, 0xCC, 0xAE, 0xC4, 0x2C, 0xB4, 0x68, 0xA3, 0xA4, 0x92,
    0x46, 0xA3, 0xA8, 0xB3, 0x0A, 0xBC, 0x4B, 0xC4, 0x8C, 0xCC, 0xCE, 0xCC, 0x0F, 0xD5, 0x2F, 0xDD,
    0x50, 0xDD, 0x70, 0xE5, 0x91, 0xE5, 0xB1, 0xE5, 0xB1, 0xE5, 0xB2, 0xED, 0xD2, 0xED, 0xD2, 0xED,
    0xF2, 0xED, 0xF2, 0xED, 0xF2, 0xED, 0x13, 0xEE, 0x13, 0xF6, 0x13, 0xF6, 0x13, 0xF6, 0x13, 0xF6,
    0x13, 0xF6, 0x33, 0xF6, 0x33, 0xF6, 0x33, 0xF6, 0x33, 0xF6, 0x33, 0xF6, 0x33, 0xF6, 0x33, 0xF6,
    0x53, 0xF6, 0x53, 0xF6, 0x53, 0xF6, 0x53, 0xF6, 0x53, 0xF6, 0x53, 0xF6, 0x53, 0xF6, 0x54, 0xF6,
    0x53, 0xF6, 0x53, 0xF6, 0x53, 0xF6, 0x33, 0xEE, 0x33, 0xEE, 0x12, 0xEE, 0x74, 0xF6, 0xAB, 0x93,
    0x0B, 0xAC, 0xCA, 0xA3, 0x89, 0x9B, 0x89, 0x9B, 0x68, 0x93, 0x68, 0x93, 0x48, 0x93, 0x48, 0x93,
    0x68, 0x93, 0x47, 0x93, 0x48, 0x93, 0x48, 0x93, 0x68, 0x9B, 0x48, 0x93, 0x68, 0x9B, 0x68, 0x9B,
    0x88, 0xA3, 0x88, 0xA3, 0xA9, 0xA3, 0xCA, 0xAB, 0xEB, 0xB3, 0xEB, 0xB3, 0xCB, 0xB3, 0xCB, 0xB3,
    0xCA, 0xB3, 0xAA, 0xBB, 0xAA, 0xBB, 0xAA, 0xBB, 0xAA, 0xBB, 0xAA, 0xBB, 0xCA, 0xC3, 0xAB, 0xCB,
    0xCB, 0xD3, 0xEB, 0xD3, 0x0B, 0xDC, 0x4C, 0xE4, 0xCE, 0xEC, 0x71, 0xED, 0x72, 0xED, 0x31, 0xED,
    0x10, 0xED, 0x10, 0xED, 0xF0, 0xEC, 0x10, 0xED, 0x31, 0xED, 0x72, 0xED, 0xB2, 0xF5, 0xF4, 0xF5,
    0x55, 0xF6, 0x97, 0xF6, 0xB7, 0xF6, 0xD8, 0xFE, 0xD8, 0xFE, 0xD8, 0xFE, 0xD8, 0xFE, 0xD8, 0xFE,
    0xD8, 0xFE, 0xD8, 0xFE, 0xD8, 0xFE, 0xD7, 0xFE, 0xD7, 0xFE, 0xD7, 0xFE, 0xD7, 0xFE, 0xB7, 0xFE,
    0xB7, 0xFE, 0xB7, 0xF6, 0xB7, 0xF6, 0x97, 0xF6, 0x97, 0xF6, 0x96, 0xF6, 0x76, 0xF6, 0x76, 0xF6,
    0x75, 0xF6, 0x55, 0xF6, 0x35, 0xEE, 0x14, 0xEE, 0xF3, 0xE5, 0xB2, 0xE5, 0xB2, 0xDD, 0x71, 0xDD,
    0x50, 0xD5, 0x30, 0xD5, 0xEF, 0xCC, 0xAE, 0xC4, 0x6D, 0xBC, 0xCA, 0xAB, 0xE5, 0x92, 0xE5, 0x9A,
    0x88, 0xAB, 0xE9, 0xB3, 0x4B, 0xC4, 0x6C, 0xC4, 0xAD, 0xCC, 0xEE, 0xD4, 0x0F, 0xD5, 0x30, 0xDD,
    0x50, 0xE5, 0x71, 0xE5, 0x91, 0xE5, 0xB1, 0xE5, 0xB1, 0xED, 0xB2, 0xED, 0xD2, 0xED, 0xD2, 0xED,
    0xF2, 0xED, 0xF2, 0xED, 0xF2, 0xED, 0xF2, 0xED, 0x12, 0xF6, 0x13, 0xF6, 0x13, 0xF6, 0x13, 0xF6,
    0x33, 0xF6, 0x33, 0xF6, 0x33, 0xF6, 0x33, 0xF6, 0x33, 0xF6, 0x33, 0xF6, 0x33, 0xF6, 0x53, 0xF6,
    0x53, 0xF6, 0x53, 0xF6, 0x53, 0xF6, 0x53, 0xF6, 0x53, 0xF6, 0x54, 0xF6, 0x53, 0xF6, 0x53, 0xF6,
    0x53, 0xF6, 0x33, 0xF6, 0x33, 0xEE, 0x13, 0xEE, 0x33, 0xEE, 0x13, 0xE6, 0xE4, 0x51, 0xEA, 0xAB,
    0x89, 0x9B, 0x88, 0x9B, 0x48, 0x93, 0x47, 0x93, 0x47, 0x93, 0x27, 0x93, 0x48, 0x93, 0x27, 0x8B,
    0x27, 0x8B, 0x27, 0x93, 0x27, 0x93, 0x48, 0x93, 0x48, 0x93, 0x68, 0x9B, 0x68, 0x9B, 0x68, 0x9B,
    0x48, 0x9B, 0xAA, 0xA3, 0xAA, 0xAB, 0x89, 0xAB, 0x69, 0xAB, 0x69, 0xAB, 0x69, 0xAB, 0x48, 0xAB,
    0x49, 0xB3, 0x49, 0xB3, 0x49, 0xB3, 0x49, 0xB3, 0x49, 0xB3, 0x69, 0xBB, 0x69, 0xBB, 0x69, 0xC3,
    0x69, 0xCB, 0x89, 0xD3, 0x89, 0xD3, 0x2C, 0xDC, 0xF0, 0xEC, 0x10, 0xE5, 0xD0, 0xE4, 0xAF, 0xE4,
    0xAF, 0xE4, 0xAF, 0xE4, 0x8F, 0xE4, 0xAF, 0xE4, 0xD0, 0xE4, 0x10, 0xED, 0x51, 0xED, 0xD3, 0xED,
    0x15, 0xEE, 0x76, 0xF6, 0xB7, 0xFE, 0xB8, 0xFE, 0xD8, 0xFE, 0xD8, 0xFE, 0xD8, 0xFE, 0xD8, 0xFE,
    0xD8, 0xFE, 0xD8, 0xFE, 0xD7, 0xFE, 0xD8, 0xFE, 0xD7, 0xFE, 0xD7, 0xFE, 0xD7, 0xFE, 0xB7, 0xFE,
    0xB7, 0xF6, 0xB7, 0xF6, 0xB7, 0xF6, 0x96, 0xF6, 0x96, 0xF6, 0x76, 0xF6, 0x76, 0xF6, 0x75, 0xF6,
    0x55, 0xEE, 0x34, 0xEE, 0x14, 0xEE, 0xF3, 0xE5, 0xD2, 0xE5, 0x92, 0xDD, 0x71, 0xDD, 0x50, 0xD5,
    0x10, 0xCD, 0xEF, 0xCC, 0xAE, 0xC4, 0x6D, 0xBC, 0x0B, 0xB4, 0x68, 0xA3, 0xC5, 0x92, 0x67, 0xAB,
    0xC9, 0xB3, 0x2A, 0xBC, 0x6C, 0xC4, 0x8D, 0xCC, 0xCE, 0xCC, 0x0F, 0xD5, 0x2F, 0xDD, 0x50, 0xDD,
    0x70, 0xE5, 0x91, 0xE5, 0x91, 0xE5, 0xB1, 0xE5, 0xB1, 0xED, 0xD2, 0xED, 0xD2, 0xED, 0xF2, 0xED,
    0xF2, 0xED, 0xF2, 0xED, 0xF2, 0xED, 0xF2, 0xED, 0x12, 0xEE, 0x12, 0xF6, 0x13, 0xF6, 0x13, 0xF6,
    0x13, 0xF6, 0x33, 0xF6, 0x33, 0xF6, 0x33, 0xF6, 0x33, 0xF6, 0x33, 0xF6, 0x33, 0xF6, 0x53, 0xF6,
    0x53, 0xF6, 0x53, 0xF6, 0x53, 0xF6, 0x54, 0xF6, 0x54, 0xF6, 0x53, 0xF6, 0x53, 0xF6, 0x33, 0xF6,
    0x33, 0xF6, 0x33, 0xEE, 0x12, 0xEE, 0x54, 0xF6, 0xCF, 0xBC, 0xC1, 0x28, 0xEA, 0xAB, 0x89, 0x9B,
    0x68, 0x93, 0x27, 0x93, 0x27, 0x93, 0x06, 0x8B, 0x27, 0x8B, 0x07, 0x8B, 0x06, 0x8B, 0x27, 0x8B,
    0x07, 0x8B, 0x27, 0x93, 0x27, 0x93, 0x48, 0x93, 0x48, 0x93, 0x68, 0x9B, 0x69, 0x9B, 0xCB, 0xA3,
    0x8A, 0xA3, 0x07, 0x9B, 0x07, 0xA3, 0xE7, 0xA2, 0xE7, 0xA2, 0xE7, 0xA2, 0xE7, 0xA2, 0x07, 0xAB,
    0x07, 0xAB, 0x08, 0xAB, 0x28, 0xAB, 0x28, 0xAB, 0x49, 0xB3, 0x49, 0xB3, 0x48, 0xB3, 0x48, 0xBB,
    0x48, 0xC3, 0x48, 0xCB, 0xEB, 0xD3, 0xAF, 0xE4, 0x6E, 0xDC, 0x6E, 0xDC, 0x6E, 0xDC, 0x4E, 0xDC,
    0x4E, 0xDC, 0x4E, 0xDC, 0x6E, 0xDC, 0x8E, 0xE4, 0xAF, 0xE4, 0xD0, 0xE4, 0x11, 0xE5, 0x72, 0xED,
    0xB3, 0xED, 0x15, 0xF6, 0x76, 0xF6, 0x97, 0xF6, 0xB7, 0xFE, 0xD8, 0xFE, 0xD8, 0xFE, 0xD8, 0xFE,
    0xD8, 0xFE, 0xD8, 0xFE, 0xD8, 0xFE, 0xD7, 0xFE, 0xD7, 0xFE, 0xD7, 0xFE, 0xB7, 0xF6, 0xB7, 0xF6,
    0xB7, 0xF6, 0xB7, 0xF6, 0x97, 0xF6, 0x96, 0xF6, 0x96, 0xF6, 0x96, 0xF6, 0x76, 0xF6, 0x75, 0xEE,
    0x34, 0xEE, 0x14, 0xEE, 0xF3, 0xE5, 0xD2, 0xE5, 0x92, 0xDD, 0x71, 0xD5, 0x30, 0xD5, 0xEF, 0xCC,
    0xEF, 0xC4, 0xAE, 0xC4, 0x6D, 0xBC, 0x0B, 0xB4, 0xA9, 0xAB, 0x06, 0x9B, 0x06, 0x9B, 0xC9, 0xB3,
    0x0A, 0xBC, 0x4B, 0xC4, 0x8D, 0xC4, 0xCD, 0xCC, 0xEE, 0xD4, 0x2F, 0xDD, 0x50, 0xDD, 0x50, 0xDD,
    0x71, 0xE5, 0x91, 0xE5, 0x91, 0xE5, 0xB1, 0xE5, 0xB1, 0xED, 0xB2, 0xED, 0xD2, 0xED, 0xD2, 0xED,
    0xF2, 0xED, 0xF2, 0xED, 0xF2, 0xED, 0xF2, 0xED, 0x12, 0xF6, 0x13, 0xF6, 0x13, 0xF6, 0x13, 0xF6,
    0x13, 0xF6, 0x33, 0xF6, 0x33, 0xF6, 0x33, 0xF6, 0x33, 0xF6, 0x33, 0xF6, 0x33, 0xF6, 0x33, 0xF6,
    0x53, 0xF6, 0x53, 0xF6, 0x53, 0xF6, 0x53, 0xF6, 0x53, 0xF6, 0x53, 0xF6, 0x33, 0xF6, 0x33, 0xEE,
    0x33, 0xEE, 0x13, 0xEE, 0x55, 0xF6, 0xE8, 0x72, 0xA0, 0x20, 0x0B, 0xAC, 0xA9, 0xA3, 0x68, 0x93,
    0x06, 0x8B, 0x06, 0x8B, 0xE6, 0x8A, 0xE6, 0x8A, 0x06, 0x8B, 0x06, 0x8B, 0x06, 0x8B, 0x06, 0x8B,
    0x27, 0x8B, 0x27, 0x93, 0x27, 0x93, 0x48, 0x93, 0x69, 0x9B, 0xAA, 0xA3, 0x69, 0x9B, 0xC6, 0x92,
    0xC6, 0x9A, 0xA6, 0x9A, 0xC6, 0xA2, 0xA6, 0xA2, 0xC6, 0xA2, 0xC6, 0xA2, 0xE6, 0xA2, 0xE7, 0xA2,
    0xE7, 0xA2, 0x07, 0xA3, 0x08, 0xA3, 0x08, 0xAB, 0x28, 0xAB, 0x28, 0xB3, 0x48, 0xBB, 0x69, 0xC3,
    0x48, 0xC3, 0xCA, 0xCB, 0x2D, 0xD4, 0x2D, 0xD4, 0x2D, 0xD4, 0x2D, 0xD4, 0x2D, 0xD4, 0x2D, 0xDC,
    0x2D, 0xD4, 0x2D, 0xDC, 0x4E, 0xDC, 0x6E, 0xDC, 0x8E, 0xDC, 0xAF, 0xDC, 0xF0, 0xE4, 0x10, 0xE5,
    0x52, 0xE5, 0xD3, 0xED, 0x15, 0xF6, 0x56, 0xF6, 0x97, 0xF6, 0xB8, 0xF6, 0xB8, 0xFE, 0xB8, 0xFE,
    0xD8, 0xFE, 0xD7, 0xFE, 0xB7, 0xF6, 0xD7, 0xF6, 0xD7, 0xF6, 0xD8, 0xFE, 0xD7, 0xF6, 0xB7, 0xF6,
    0xB7, 0xF6, 0xB7, 0xF6, 0xB7, 0xF6, 0x96, 0xF6, 0x96, 0xF6, 0x76, 0xF6, 0x75, 0xEE, 0x55, 0xEE,
    0x14, 0xEE, 0xF3, 0xED, 0xD3, 0xE5, 0x91, 0xDD, 0x71, 0xDD, 0x0F, 0xD5, 0xCE, 0xCC, 0xAD, 0xC4,
    0x8D, 0xC4, 0x4C, 0xBC, 0x0B, 0xB4, 0xA9, 0xAB, 0x67, 0xA3, 0x06, 0x9B, 0xA8, 0xAB, 0x0A, 0xBC,
    0x2B, 0xBC, 0x6C, 0xC4, 0xAD, 0xCC, 0xEE, 0xD4, 0x0F, 0xD5, 0x50, 0xDD, 0x70, 0xDD, 0x71, 0xE5,
    0x91, 0xE5, 0x91, 0xE5, 0xB1, 0xE5, 0xB1, 0xED, 0xD2, 0xED, 0xD2, 0xED, 0xD2, 0xED, 0xD2, 0xED,
    0xF2, 0xED, 0xF2, 0xED, 0x12, 0xEE, 0x12, 0xEE, 0x12, 0xEE, 0x13, 0xF6, 0x13, 0xF6, 0x33, 0xF6,
    0x33, 0xF6, 0x33, 0xF6, 0x33, 0xF6, 0x33, 0xF6, 0x33, 0xF6, 0x33, 0xF6, 0x33, 0xF6, 0x53, 0xF6,
    0x53, 0xF6, 0x53, 0xF6, 0x53, 0xF6, 0x53, 0xF6, 0x33, 0xF6, 0x33, 0xF6, 0x33, 0xEE, 0x13, 0xEE,
    0x54, 0xF6, 0xB2, 0xD5, 0x63, 0x39, 0xE1, 0x28, 0x2B, 0xAC, 0xC9, 0xA3, 0x68, 0x9B, 0x06, 0x8B,
    0xE5, 0x8A, 0xE5, 0x82, 0xC5, 0x82, 0xE6, 0x8A, 0xE6, 0x8A, 0xE6, 0x8A, 0xE6, 0x8A, 0x07, 0x8B,
    0x27, 0x93, 0x27, 0x93, 0x48, 0x93, 0x48, 0x93, 0x69, 0x9B, 0xE6, 0x92, 0xC6, 0x92, 0xC6, 0x9A,
    0xA6, 0x9A, 0xA6, 0xA2, 0xC6, 0xA2, 0xC6, 0x9A, 0xC6, 0x9A, 0xE7, 0xA2, 0xE7, 0x9A, 0xC7, 0x9A,
    0xC7, 0x9A, 0xC7, 0x9A, 0xE7, 0x9A, 0xE7, 0xA2, 0xE7, 0xA2, 0x07, 0xAB, 0x48, 0xB3, 0x69, 0xBB,
    0xAA, 0xBB, 0xEC, 0xC3, 0x0C, 0xC4, 0x0D, 0xCC, 0x2D, 0xCC, 0x2D, 0xCC, 0x2D, 0xCC, 0x2D, 0xCC,
    0x2D, 0xCC, 0x4D, 0xCC, 0x4D, 0xD4, 0x6E, 0xD4, 0x6E, 0xD4, 0x8E, 0xDC, 0x8E, 0xDC, 0xAF, 0xDC,
    0x10, 0xE5, 0x52, 0xE5, 0xB3, 0xED, 0x15, 0xEE, 0x56, 0xF6, 0x97, 0xF6, 0x97, 0xF6, 0xB7, 0xF6,
    0xB7, 0xF6, 0xB7, 0xF6, 0xB7, 0xF6, 0xB7, 0xF6, 0xD8, 0xF6, 0xB7, 0xF6, 0xB7, 0xF6, 0xB7, 0xF6,
    0xB7, 0xF6, 0x97, 0xF6, 0x96, 0xF6, 0x96, 0xF6, 0x76, 0xF6, 0x75, 0xEE, 0x55, 0xEE, 0x34, 0xEE,
    0xF3, 0xE5, 0xD3, 0xE5, 0x92, 0xDD, 0x71, 0xDD, 0x0F, 0xCD, 0xCE, 0xC4, 0x6C, 0xBC, 0x4C, 0xBC,
    0x2C, 0xB4, 0x0B, 0xB4, 0xCA, 0xAB, 0x88, 0xA3, 0x47, 0xA3, 0x68, 0xA3, 0xEA, 0xB3, 0x4B, 0xC4,
    0x6C, 0xC4, 0xAD, 0xCC, 0xCE, 0xCC, 0x0F, 0xD5, 0x2F, 0xDD, 0x50, 0xDD, 0x70, 0xDD, 0x71, 0xE5,
    0x91, 0xE5, 0xB1, 0xE5, 0xB1, 0xE5, 0xB1, 0xE5, 0xD2, 0xED, 0xD2, 0xED, 0xD2, 0xED, 0xF2, 0xED,
    0xF2, 0xED, 0xF2, 0xED, 0xF2, 0xED, 0x12, 0xEE, 0x13, 0xEE, 0x13, 0xF6, 0x33, 0xF6, 0x33, 0xF6,
    0x33, 0xF6, 0x33, 0xF6, 0x33, 0xF6, 0x33, 0xF6, 0x33, 0xF6, 0x33, 0xF6, 0x33, 0xF6, 0x53, 0xF6,
    0x53, 0xF6, 0x33, 0xF6, 0x33, 0xF6, 0x33, 0xF6, 0x33, 0xEE, 0x33, 0xEE, 0x13, 0xEE, 0x96, 0xF6,
    0x0C, 0x9C, 0xA0, 0x20, 0x02, 0x31, 0x4B, 0xB4, 0xEA, 0xA3, 0x88, 0x9B, 0x27, 0x93, 0xE5, 0x8A,
    0xC5, 0x82, 0xC5, 0x82, 0xC5, 0x82, 0xE6, 0x82, 0xE6, 0x8A, 0xE6, 0x8A, 0x07, 0x8B, 0x07, 0x93,
    0x27, 0x93, 0x07, 0x93, 0x27, 0x93, 0x27, 0x93, 0x07, 0x9B, 0xE6, 0x9A, 0xC6, 0x9A, 0xC6, 0x9A,
    0xC6, 0x9A, 0xE6, 0x9A, 0xE7, 0x9A, 0xE7, 0x9A, 0xE7, 0x9A, 0x08, 0x9B, 0xE7, 0x9A, 0xC7, 0x9A,
    0xC7, 0x9A, 0xC7, 0x9A, 0xC6, 0x9A, 0xC7, 0x9A, 0xE7, 0xA2, 0x27, 0xA3, 0x48, 0xAB, 0x89, 0xB3,
    0xAB, 0xBB, 0xCB, 0xBB, 0xCB, 0xBB, 0xEB, 0xBB, 0xCB, 0xBB, 0xCB, 0xBB, 0xCB, 0xBB, 0xCB, 0xBB,
    0xCB, 0xBB, 0xEB, 0xC3, 0xEC, 0xC3, 0xEC, 0xC3, 0xEC, 0xC3, 0x0C, 0xCC, 0x2C, 0xCC, 0x6D, 0xD4,
    0x8E, 0xDC, 0xEF, 0xDC, 0x51, 0xE5, 0xB3, 0xE5, 0xF4, 0xED, 0x55, 0xF6, 0x76, 0xF6, 0x97, 0xF6,
    0xB7, 0xF6, 0xB7, 0xF6, 0xB7, 0xF6, 0xB7, 0xF6, 0xB7, 0xF6, 0xB7, 0xF6, 0xB7, 0xF6, 0xB7, 0xF6,
    0x97, 0xF6, 0xB6, 0xF6, 0x96, 0xF6, 0x96, 0xF6, 0x75, 0xEE, 0x55, 0xEE, 0x34, 0xEE, 0x13, 0xE6,
    0xD3, 0xE5, 0xB2, 0xDD, 0x71, 0xDD, 0x0F, 0xCD, 0xAE, 0xC4, 0x4C, 0xBC, 0xEA, 0xB3, 0xEA, 0xAB,
    0xEA, 0xAB, 0xCA, 0xAB, 0xA9, 0xAB, 0x68, 0xA3, 0x88, 0xAB, 0xC9, 0xB3, 0x2B, 0xBC, 0x6C, 0xC4,
    0x8D, 0xCC, 0xCE, 0xCC, 0x0F, 0xD5, 0x0F, 0xD5, 0x50, 0xDD, 0x70, 0xDD, 0x70, 0xDD, 0x91, 0xE5,
    0xB1, 0xE5, 0xB1, 0xE5, 0xB1, 0xE5, 0xD1, 0xED, 0xD2, 0xED, 0xD2, 0xED, 0xF2, 0xED, 0xF2, 0xED,
    0xF2, 0xED, 0xF2, 0xED, 0xF2, 0xED, 0x12, 0xEE, 0x12, 0xEE, 0x13, 0xF6, 0x33, 0xF6, 0x33, 0xF6,
    0x33, 0xF6, 0x33, 0xF6, 0x33, 0xF6, 0x33, 0xF6, 0x33, 0xF6, 0x33, 0xF6, 0x53, 0xF6, 0x33, 0xF6,
    0x33, 0xF6, 0x33, 0xF6, 0x33, 0xF6, 0x33, 0xEE, 0x33, 0xEE, 0x34, 0xEE, 0x35, 0xEE, 0x05, 0x52,
    0xC0, 0x20, 0x22, 0x31, 0x4C, 0xB4, 0x0B, 0xAC, 0xA9, 0xA3, 0x47, 0x93, 0xE6, 0x8A, 0xC5, 0x82,
    0xC5, 0x82, 0xC5, 0x82, 0xC6, 0x82, 0xC6, 0x82, 0xE6, 0x8A, 0x27, 0x93, 0x27, 0x93, 0x28, 0x93,
    0x27, 0x93, 0x27, 0x9B, 0x07, 0x93, 0x07, 0x93, 0x07, 0x9B, 0xE6, 0x9A, 0xE6, 0x9A, 0xE7, 0x9A,
    0xE7, 0x9A, 0xE7, 0x9A, 0x08, 0x9B, 0xA7, 0x8A, 0xE5, 0x69, 0xC4, 0x69, 0xC4, 0x71, 0x05, 0x7A,
    0x46, 0x82, 0x86, 0x92, 0xE7, 0x9A, 0x08, 0xA3, 0x48, 0xAB, 0x69, 0xAB, 0xAA, 0xB3, 0xCB, 0xBB,
    0xEB, 0xBB, 0xCB, 0xBB, 0xCB, 0xBB, 0xCB, 0xB3, 0xAA, 0xB3, 0x8A, 0xB3, 0x8A, 0xB3, 0x6A, 0xB3,
    0x6A, 0xB3, 0x6A, 0xB3, 0x8A, 0xBB, 0x8A, 0xBB, 0x8A, 0xBB, 0x8A, 0xBB, 0xAB, 0xC3, 0xEB, 0xCB,
    0x0C, 0xCC, 0x6E, 0xD4, 0xCF, 0xDC, 0x31, 0xE5, 0x92, 0xE5, 0x14, 0xEE, 0x56, 0xF6, 0x76, 0xF6,
    0x96, 0xF6, 0x97, 0xF6, 0x97, 0xF6, 0x97, 0xF6, 0xB7, 0xF6, 0x97, 0xF6, 0xB7, 0xF6, 0x97, 0xF6,
    0x96, 0xF6, 0x96, 0xF6, 0x96, 0xF6, 0x76, 0xF6, 0x75, 0xEE, 0x55, 0xEE, 0x14, 0xEE, 0xF3, 0xE5,
    0xB2, 0xDD, 0x71, 0xDD, 0x30, 0xD5, 0xAE, 0xC4, 0x4C, 0xBC, 0xEA, 0xAB, 0x88, 0xA3, 0xA9, 0xAB,
    0xCA, 0xAB, 0xA9, 0xAB, 0x88, 0xAB, 0xA8, 0xAB, 0xEA, 0xB3, 0x2B, 0xBC, 0x4C, 0xC4, 0x8D, 0xC4,
    0xCE, 0xCC, 0xEE, 0xD4, 0x0F, 0xD5, 0x30, 0xDD, 0x50, 0xDD, 0x70, 0xDD, 0x91, 0xE5, 0x91, 0xE5,
    0xB1, 0xE5, 0xB1, 0xE5, 0xD1, 0xED, 0xD2, 0xED, 0xD2, 0xED, 0xF2, 0xED, 0xF2, 0xED, 0xF2, 0xED,
    0xF2, 0xED, 0xF2, 0xED, 0x12, 0xEE, 0x12, 0xEE, 0x13, 0xEE, 0x13, 0xF6, 0x13, 0xF6, 0x33, 0xF6,
    0x33, 0xF6, 0x33, 0xF6, 0x33, 0xF6, 0x33, 0xF6, 0x33, 0xF6, 0x33, 0xF6, 0x33, 0xF6, 0x33, 0xF6,
    0x33, 0xF6, 0x33, 0xF6, 0x33, 0xEE, 0x13, 0xEE, 0x96, 0xF6, 0xCF, 0xB4, 0xC0, 0x28, 0x02, 0x31,
    0x22, 0x31, 0x6C, 0xB4, 0x2B, 0xAC, 0xEA, 0xA3, 0x88, 0x9B, 0x27, 0x93, 0xC5, 0x82, 0xC5, 0x82,
    0xA5, 0x82, 0x85, 0x82, 0x25, 0x7A, 0xE4, 0x71, 0xE4, 0x71, 0x25, 0x7A, 0x66, 0x82, 0xA7, 0x8A,
    0xE7, 0x8A, 0xE7, 0x8A, 0xE7, 0x8A, 0xE7, 0x92, 0x07, 0x93, 0x07, 0x93, 0x08, 0x93, 0x08, 0x9B,
    0x49, 0x9B, 0x29, 0x8B, 0x02, 0x41, 0x00, 0x20, 0x00, 0x28, 0x00, 0x30, 0x20, 0x40, 0x40, 0x48,
    0x61, 0x48, 0xC2, 0x58, 0x23, 0x61, 0x64, 0x69, 0xA5, 0x71, 0xC5, 0x71, 0xE6, 0x79, 0x06, 0x7A,
    0x06, 0x7A, 0x06, 0x7A, 0x26, 0x7A, 0x26, 0x7A, 0x67, 0x82, 0xA8, 0x8A, 0x09, 0x93, 0x4A, 0x9B,
    0x29, 0x9B, 0xA7, 0x92, 0x88, 0x92, 0x29, 0xA3, 0x6A, 0xB3, 0x4A, 0xB3, 0x49, 0xB3, 0x69, 0xBB,
    0xAA, 0xC3, 0x0C, 0xD4, 0x6E, 0xDC, 0xCF, 0xDC, 0x31, 0xE5, 0xB3, 0xED, 0x14, 0xEE, 0x35, 0xEE,
    0x76, 0xF6, 0x76, 0xF6, 0x96, 0xF6, 0x96, 0xF6, 0x96, 0xF6, 0x96, 0xF6, 0x96, 0xF6, 0x96, 0xF6,
    0x96, 0xF6, 0x76, 0xEE, 0x76, 0xEE, 0x55, 0xEE, 0x55, 0xEE, 0x34, 0xEE, 0xF3, 0xE5, 0xD2, 0xE5,
    0x91, 0xDD, 0x30, 0xD5, 0xCE, 0xC4, 0x6C, 0xBC, 0xCA, 0xAB, 0x47, 0xA3, 0x47, 0x9B, 0xA9, 0xAB,
    0xC9, 0xAB, 0xA9, 0xAB, 0xC9, 0xB3, 0xEA, 0xB3, 0x2B, 0xBC, 0x6C, 0xC4, 0x8D, 0xC4, 0xCE, 0xCC,
    0xEF, 0xD4, 0x0F, 0xD5, 0x30, 0xDD, 0x50, 0xDD, 0x70, 0xDD, 0x91, 0xE5, 0x91, 0xE5, 0xB1, 0xE5,
    0xB1, 0xE5, 0xB1, 0xE5, 0xD2, 0xED, 0xD2, 0xED, 0xF2, 0xED, 0xF2, 0xED, 0xF2, 0xED, 0xF2, 0xED,
    0xF2, 0xED, 0x12, 0xEE, 0x12, 0xEE, 0x13, 0xEE, 0x13, 0xEE, 0x33, 0xEE, 0x33, 0xF6, 0x33, 0xF6,
    0x33, 0xF6, 0x33, 0xF6, 0x33, 0xF6, 0x33, 0xF6, 0x33, 0xF6, 0x33, 0xF6, 0x33, 0xF6, 0x33, 0xF6,
    0x33, 0xEE, 0x33, 0xEE, 0x33, 0xEE, 0x96, 0xF6, 0xC8, 0x72, 0xA0, 0x20, 0x22, 0x31, 0x22, 0x31,
    0x6C, 0xB4, 0x4C, 0xAC, 0x0B, 0xAC, 0xC9, 0xA3, 0x68, 0x93, 0x06, 0x8B, 0xC6, 0x8A, 0xC6, 0x8A,
    0x86, 0x82, 0x25, 0x7A, 0xC4, 0x71, 0x83, 0x69, 0x43, 0x61, 0x22, 0x59, 0x22, 0x51, 0x42, 0x49,
    0x42, 0x49, 0x62, 0x49, 0x83, 0x51, 0xA4, 0x59, 0xE5, 0x61, 0x27, 0x62, 0x68, 0x6A, 0x89, 0x6A,
    0xA6, 0x41, 0x61, 0x20, 0x20, 0x20, 0x00, 0x30, 0x00, 0x40, 0x20, 0x48, 0x00, 0x48, 0x00, 0x48,
    0x00, 0x40, 0x00, 0x40, 0x00, 0x40, 0x00, 0x38, 0x00, 0x38, 0x00, 0x38, 0x00, 0x38, 0x00, 0x30,
    0x00, 0x30, 0x00, 0x30, 0x00, 0x30, 0x00, 0x28, 0x20, 0x30, 0x41, 0x38, 0xA1, 0x40, 0xA1, 0x40,
    0x20, 0x38, 0x20, 0x38, 0xC2, 0x50, 0xA5, 0x71, 0x88, 0x92, 0x2A, 0xAB, 0x4A, 0xB3, 0x49, 0xBB,
    0x6A, 0xC3, 0xCB, 0xCB, 0x0C, 0xD4, 0x6D, 0xD4, 0xCF, 0xDC, 0x31, 0xE5, 0x93, 0xE5, 0xF4, 0xED,
    0x35, 0xEE, 0x35, 0xEE, 0x35, 0xEE, 0x55, 0xEE, 0x76, 0xEE, 0x76, 0xEE, 0x76, 0xEE, 0x76, 0xEE,
    0x76, 0xEE, 0x55, 0xEE, 0x55, 0xEE, 0x34, 0xEE, 0x34, 0xE6, 0xF3, 0xE5, 0xD3, 0xDD, 0x92, 0xDD,
    0x50, 0xD5, 0xCF, 0xCC, 0x8D, 0xBC, 0x0B, 0xB4, 0x47, 0x9B, 0xE5, 0x92, 0x67, 0xA3, 0xC9, 0xAB,
    0xC9, 0xAB, 0xC9, 0xB3, 0x0A, 0xB4, 0x2B, 0xBC, 0x6C, 0xC4, 0xAD, 0xCC, 0xCE, 0xCC, 0xEE, 0xD4,
    0x0F, 0xD5, 0x30, 0xDD, 0x50, 0xDD, 0x70, 0xDD, 0x70, 0xDD, 0x91, 0xE5, 0xB1, 0xE5, 0xB1, 0xE5,
    0xD2, 0xE5, 0xD2, 0xED, 0xD2, 0xED, 0xD2, 0xED, 0xF2, 0xED, 0xF2, 0xED, 0xF2, 0xED, 0xF2, 0xED,
    0xF2, 0xED, 0x12, 0xEE, 0x13, 0xEE, 0x13, 0xEE, 0x13, 0xEE, 0x33, 0xEE, 0x33, 0xF6, 0x33, 0xF6,
    0x33, 0xF6, 0x33, 0xF6, 0x33, 0xF6, 0x33, 0xF6, 0x33, 0xF6, 0x33, 0xF6, 0x33, 0xF6, 0x33, 0xEE,
    0x13, 0xEE, 0x75, 0xF6, 0xB2, 0xD5, 0x22, 0x31, 0xE1, 0x28, 0x22, 0x31, 0x22, 0x31, 0x6C, 0xB4,
    0x2B, 0xAC, 0x0B, 0xAC, 0xEA, 0xA3, 0x89, 0x9B, 0x27, 0x8B, 0xE6, 0x8A, 0xC6, 0x8A, 0xC7, 0x8A,
    0xC7, 0x8A, 0x46, 0x82, 0x06, 0x82, 0xC4, 0x71, 0x84, 0x69, 0x43, 0x59, 0x02, 0x41, 0xC1, 0x38,
    0xA0, 0x30, 0xA0, 0x28, 0x80, 0x28, 0xA1, 0x28, 0x85, 0x41, 0x08, 0x4A, 0x28, 0x4A, 0xA6, 0x39,
    0xA2, 0x20, 0x20, 0x20, 0x20, 0x30, 0x20, 0x40, 0x40, 0x48, 0x41, 0x48, 0x61, 0x50, 0x61, 0x50,
    0x41, 0x48, 0x41, 0x48, 0x40, 0x48, 0x20, 0x48, 0x20, 0x40, 0x20, 0x40, 0x20, 0x40, 0x20, 0x38,
    0x00, 0x38, 0x00, 0x38, 0x00, 0x30, 0x00, 0x30, 0x00, 0x30, 0x00, 0x30, 0x00, 0x30, 0x00, 0x38,
    0x00, 0x30, 0x00, 0x30, 0x00, 0x30, 0x40, 0x38, 0x23, 0x59, 0x47, 0x8A, 0x0A, 0xAB, 0x4A, 0xB3,
    0x6A, 0xBB, 0x6A, 0xBB, 0xAA, 0xC3, 0xCB, 0xCB, 0x2C, 0xD4, 0xAE, 0xDC, 0x30, 0xDD, 0x92, 0xE5,
    0xD3, 0xE5, 0xF3, 0xE5, 0x14, 0xEE, 0x34, 0xEE, 0x34, 0xEE, 0x35, 0xEE, 0x55, 0xEE, 0x35, 0xEE,
    0x35, 0xEE, 0x34, 0xE6, 0x14, 0xE6, 0xF3, 0xE5, 0xD3, 0xE5, 0xB2, 0xDD, 0x91, 0xD5, 0x50, 0xD5,
    0xEF, 0xC4, 0x8D, 0xBC, 0x2C, 0xB4, 0x68, 0xA3, 0xC5, 0x92, 0x06, 0x9B, 0x88, 0xAB, 0xC9, 0xAB,
    0xC9, 0xB3, 0xEA, 0xB3, 0x2B, 0xBC, 0x6C, 0xC4, 0xAD, 0xCC, 0xCE, 0xCC, 0xEE, 0xD4, 0x0F, 0xD5,
    0x2F, 0xD5, 0x50, 0xDD, 0x70, 0xDD, 0x70, 0xDD, 0x91, 0xE5, 0x91, 0xE5, 0xB1, 0xE5, 0xD2, 0xE5,
    0xD2, 0xED, 0xD2, 0xED, 0xF2, 0xED, 0xF2, 0xED, 0xF2, 0xED, 0xF2, 0xED, 0xF2, 0xED, 0xF2, 0xED,
    0xF2, 0xED, 0x13, 0xEE, 0x13, 0xEE, 0x13, 0xEE, 0x33, 0xEE, 0x33, 0xEE, 0x33, 0xEE, 0x33, 0xF6,
    0x33, 0xF6, 0x33, 0xF6, 0x33, 0xF6, 0x33, 0xF6, 0x33, 0xF6, 0x33, 0xEE, 0x33, 0xEE, 0x33, 0xEE,
    0xB5, 0xF6, 0xAB, 0x8B, 0x80, 0x18, 0x02, 0x29, 0x02, 0x31, 0x22, 0x31, 0x6C, 0xB4, 0x0B, 0xAC,
    0xEB, 0xA3, 0xEA, 0xA3, 0xA9, 0x9B, 0x68, 0x93, 0x06, 0x8B, 0xE6, 0x8A, 0x07, 0x8B, 0x08, 0x93,
    0xC8, 0x92, 0x87, 0x92, 0x46, 0x8A, 0xE5, 0x81, 0xC5, 0x71, 0x84, 0x61, 0x02, 0x49, 0xC1, 0x38,
    0x80, 0x28, 0x80, 0x28, 0x64, 0x41, 0xAA, 0x62, 0x0B, 0x6B, 0xEA, 0x62, 0x69, 0x52, 0x03, 0x29,
    0x20, 0x20, 0x20, 0x30, 0x40, 0x48, 0x61, 0x50, 0x82, 0x50, 0x82, 0x50, 0x82, 0x50, 0x82, 0x50,
    0x82, 0x48, 0x81, 0x48, 0x61, 0x48, 0x61, 0x48, 0x41, 0x40, 0x40, 0x40, 0x20, 0x38, 0x20, 0x38,
    0x00, 0x30, 0x00, 0x30, 0x00, 0x30, 0x00, 0x38, 0x00, 0x38, 0x00, 0x38, 0x00, 0x38, 0x00, 0x38,
    0x00, 0x38, 0x00, 0x38, 0x00, 0x38, 0x00, 0x30, 0x00, 0x30, 0xA2, 0x48, 0x85, 0x69, 0x47, 0x8A,
    0xE9, 0xA2, 0x4A, 0xB3, 0x6A, 0xBB, 0x8A, 0xC3, 0xCB, 0xC3, 0x2C, 0xCC, 0x8E, 0xD4, 0xCF, 0xD4,
    0x30, 0xDD, 0x92, 0xE5, 0xB2, 0xE5, 0xD3, 0xE5, 0xF3, 0xE5, 0xF3, 0xE5, 0x14, 0xE6, 0x14, 0xE6,
    0xF3, 0xE5, 0xF3, 0xE5, 0xD3, 0xDD, 0xB2, 0xDD, 0x92, 0xDD, 0x51, 0xD5, 0x30, 0xCD, 0xEF, 0xC4,
    0xAE, 0xBC, 0x2C, 0xB4, 0x88, 0xA3, 0xA4, 0x8A, 0xC5, 0x92, 0x47, 0xA3, 0xA9, 0xAB, 0xC9, 0xB3,
    0x0A, 0xB4, 0x2B, 0xBC, 0x6C, 0xC4, 0xAD, 0xCC, 0xCE, 0xCC, 0xEE, 0xD4, 0x0F, 0xD5, 0x2F, 0xDD,
    0x50, 0xDD, 0x70, 0xDD, 0x91, 0xDD, 0x91, 0xE5, 0xB1, 0xE5, 0xB1, 0xE5, 0xD1, 0xE5, 0xD2, 0xE5,
    0xD2, 0xED, 0xF2, 0xED, 0xF2, 0xED, 0xF2, 0xED, 0xF2, 0xED, 0xF2, 0xED, 0xF2, 0xED, 0xF2, 0xED,
    0x12, 0xEE, 0x12, 0xEE, 0x13, 0xEE, 0x13, 0xEE, 0x33, 0xEE, 0x33, 0xEE, 0x33, 0xF6, 0x33, 0xF6,
    0x33, 0xEE, 0x33, 0xF6, 0x33, 0xEE, 0x33, 0xEE, 0x33, 0xEE, 0x33, 0xEE, 0x54, 0xF6, 0x55, 0xE6,
    0xE5, 0x49, 0x60, 0x10, 0x02, 0x29, 0x02, 0x29, 0x02, 0x29, 0x6C, 0xB4, 0x0B, 0xAC, 0xCA, 0xA3,
    0xCA, 0xA3, 0xC9, 0x9B, 0x68, 0x93, 0x47, 0x93, 0x07, 0x8B, 0x28, 0x8B, 0x69, 0x9B, 0x6A, 0x9B,
    0xE9, 0x9A, 0xA8, 0x92, 0x47, 0x92, 0x06, 0x8A, 0xE6, 0x79, 0x85, 0x61, 0xE2, 0x48, 0x81, 0x30,
    0xA1, 0x28, 0x85, 0x49, 0x47, 0x52, 0xE6, 0x49, 0xC6, 0x41, 0xC6, 0x41, 0x65, 0x39, 0x61, 0x28,
    0x20, 0x30, 0x61, 0x48, 0x82, 0x50, 0xA2, 0x50, 0xC3, 0x50, 0xC3, 0x50, 0xC3, 0x50, 0xC3, 0x50,
    0xC3, 0x50, 0xA2, 0x48, 0xA2, 0x48, 0xA2, 0x48, 0x61, 0x40, 0x41, 0x38, 0x40, 0x38, 0x20, 0x30,
    0x20, 0x30, 0x00, 0x30, 0x00, 0x30, 0x00, 0x38, 0x00, 0x38, 0x00, 0x38, 0x00, 0x38, 0x00, 0x38,
    0x00, 0x38, 0x00, 0x38, 0x00, 0x38, 0x00, 0x38, 0x00, 0x30, 0x00, 0x30, 0x00, 0x38, 0x61, 0x48,
    0x23, 0x61, 0xC6, 0x81, 0x67, 0x92, 0xC8, 0xA2, 0x49, 0xB3, 0xAB, 0xC3, 0xEC, 0xCB, 0x4D, 0xD4,
    0xAE, 0xD4, 0xEF, 0xDC, 0x0F, 0xDD, 0x50, 0xDD, 0x92, 0xDD, 0xB2, 0xE5, 0xB2, 0xE5, 0xB2, 0xDD,
    0xB2, 0xDD, 0xB2, 0xDD, 0x71, 0xD5, 0x51, 0xD5, 0x30, 0xCD, 0x0F, 0xCD, 0xCE, 0xC4, 0x8D, 0xBC,
    0x4C, 0xB4, 0x89, 0xA3, 0x84, 0x8A, 0xA4, 0x8A, 0x47, 0xA3, 0x88, 0xAB, 0xC9, 0xB3, 0xEA, 0xB3,
    0x2B, 0xBC, 0x6C, 0xC4, 0xAD, 0xC4, 0xCE, 0xCC, 0xEE, 0xD4, 0x0F, 0xD5, 0x2F, 0xDD, 0x50, 0xDD,
    0x70, 0xDD, 0x71, 0xDD, 0x91, 0xE5, 0xB1, 0xE5, 0xB1, 0xE5, 0xB1, 0xE5, 0xD2, 0xE5, 0xD2, 0xED,
    0xD2, 0xED, 0xF2, 0xED, 0xF2, 0xED, 0xF2, 0xED, 0xF2, 0xED, 0xF2, 0xED, 0xF2, 0xED, 0x12, 0xEE,
    0x12, 0xEE, 0x13, 0xEE, 0x13, 0xEE, 0x33, 0xEE, 0x33, 0xEE, 0x33, 0xEE, 0x33, 0xF6, 0x33, 0xEE,
    0x33, 0xEE, 0x33, 0xEE, 0x33, 0xEE, 0x33, 0xEE, 0x33, 0xEE, 0x75, 0xF6, 0x92, 0xCD, 0x6F, 0x9C,
    0xCA, 0x62, 0x02, 0x29, 0xC1, 0x20, 0x02, 0x29, 0x6C, 0xBC, 0x0A, 0xAC, 0xA9, 0x9B, 0xC9, 0x9B,
    0xCA, 0xA3, 0x89, 0x9B, 0x68, 0x93, 0x27, 0x93, 0x28, 0x93, 0x69, 0x9B, 0xAB, 0xA3, 0x6A, 0xA3,
    0xC8, 0x9A, 0x88, 0x9A, 0x67, 0x92, 0x47, 0x8A, 0x06, 0x7A, 0xA5, 0x69, 0x03, 0x49, 0xC1, 0x30,
    0xE2, 0x38, 0xE2, 0x30, 0x64, 0x41, 0xA9, 0x6A, 0x2C, 0x7B, 0x4D, 0x7B, 0x89, 0x6A, 0x60, 0x30,
    0x40, 0x40, 0xA2, 0x50, 0xE3, 0x58, 0x04, 0x59, 0x04, 0x59, 0x04, 0x59, 0x04, 0x59, 0xE4, 0x50,
    0xE3, 0x50, 0xC3, 0x50, 0xC3, 0x48, 0xA2, 0x40, 0x82, 0x40, 0x61, 0x38, 0x41, 0x38, 0x20, 0x30,
    0x20, 0x30, 0x20, 0x30, 0x20, 0x38, 0x00, 0x38, 0x00, 0x38, 0x00, 0x38, 0x00, 0x38, 0x00, 0x38,
    0x00, 0x38, 0x00, 0x38, 0x00, 0x38, 0x00, 0x38, 0x00, 0x40, 0x00, 0x40, 0x00, 0x38, 0x00, 0x30,
    0x00, 0x38, 0x20, 0x40, 0x61, 0x48, 0xC2, 0x58, 0x64, 0x71, 0xE6, 0x81, 0x67, 0x92, 0x09, 0xA3,
    0x8B, 0xB3, 0xEC, 0xBB, 0x4D, 0xCC, 0xAE, 0xD4, 0x30, 0xDD, 0x71, 0xDD, 0x71, 0xDD, 0x71, 0xD5,
    0x71, 0xD5, 0x30, 0xD5, 0x0F, 0xCD, 0xEF, 0xC4, 0xCE, 0xC4, 0x8D, 0xBC, 0x4C, 0xB4, 0x2B, 0xB4,
    0x88, 0xA3, 0x63, 0x82, 0x84, 0x8A, 0x26, 0x9B, 0x67, 0xA3, 0xA8, 0xAB, 0xEA, 0xB3, 0x2B, 0xBC,
    0x6C, 0xC4, 0xAD, 0xC4, 0xCE, 0xCC, 0xEE, 0xCC, 0x0F, 0xD5, 0x2F, 0xD5, 0x50, 0xDD, 0x70, 0xDD,
    0x70, 0xDD, 0x91, 0xE5, 0x91, 0xE5, 0xB1, 0xE5, 0xB2, 0xE5, 0xD2, 0xE5, 0xD2, 0xED, 0xF2, 0xED,
    0xF2, 0xED, 0xF2, 0xED, 0xF2, 0xED, 0xF2, 0xED, 0xF2, 0xED, 0x12, 0xEE, 0x12, 0xEE, 0x13, 0xEE,
    0x13, 0xEE, 0x13, 0xEE, 0x33, 0xEE, 0x33, 0xEE, 0x33, 0xEE, 0x33, 0xEE, 0x33, 0xEE, 0x33, 0xEE,
    0x33, 0xEE, 0x33, 0xEE, 0x33, 0xEE, 0x54, 0xEE, 0x34, 0xEE, 0x6D, 0xA4, 0x73, 0xBD, 0x57, 0xD6,
    0xF2, 0x9C, 0xE7, 0x41, 0xA1, 0x18, 0x8C, 0xBC, 0x0A, 0xAC, 0xA9, 0x9B, 0x89, 0x9B, 0xC9, 0x9B,
    0xA9, 0x9B, 0x88, 0x93, 0x48, 0x93, 0x27, 0x93, 0x49, 0x93, 0x8A, 0x9B, 0xAB, 0xA3, 0x2A, 0x9B,
    0xA8, 0x9A, 0x88, 0x9A, 0x68, 0x9A, 0x47, 0x92, 0x27, 0x82, 0xE6, 0x71, 0x44, 0x51, 0xC1, 0x38,
    0xC1, 0x30, 0xE6, 0x59, 0xCA, 0x72, 0xEA, 0x72, 0xEA, 0x6A, 0x0B, 0x73, 0x65, 0x51, 0x41, 0x40,
    0xE3, 0x58, 0x04, 0x59, 0x24, 0x61, 0x45, 0x61, 0x45, 0x61, 0x45, 0x61, 0x45, 0x59, 0x25, 0x59,
    0x04, 0x51, 0xC4, 0x50, 0xC3, 0x48, 0xC3, 0x40, 0xA2, 0x40, 0x82, 0x38, 0x81, 0x38, 0x61, 0x38,
    0x61, 0x38, 0x41, 0x38, 0x20, 0x38, 0x20, 0x38, 0x20, 0x38, 0x20, 0x38, 0x20, 0x38, 0x20, 0x38,
    0x00, 0x38, 0x00, 0x38, 0x00, 0x40, 0x00, 0x40, 0x00, 0x40, 0x00, 0x40, 0x00, 0x40, 0x00, 0x40,
    0x00, 0x38, 0x00, 0x38, 0x00, 0x30, 0x00, 0x30, 0x00, 0x30, 0x00, 0x30, 0x40, 0x30, 0x81, 0x38,
    0xC2, 0x40, 0x44, 0x51, 0xE5, 0x69, 0x67, 0x82, 0x09, 0x9B, 0xEC, 0xB3, 0x6E, 0xC4, 0xAF, 0xC4,
    0xEF, 0xCC, 0xCF, 0xC4, 0x8E, 0xBC, 0x6D, 0xBC, 0x4C, 0xB4, 0x2B, 0xB4, 0xEA, 0xAB, 0x47, 0x9B,
    0x63, 0x82, 0x83, 0x8A, 0x26, 0x9B, 0x67, 0xA3, 0xA8, 0xAB, 0xE9, 0xB3, 0x2B, 0xBC, 0x6C, 0xC4,
    0x8D, 0xC4, 0xCD, 0xCC, 0xEE, 0xD4, 0x0F, 0xD5, 0x2F, 0xD5, 0x50, 0xDD, 0x70, 0xDD, 0x70, 0xDD,
    0x91, 0xE5, 0xB1, 0xE5, 0xB1, 0xE5, 0xB1, 0xE5, 0xD2, 0xE5, 0xD2, 0xED, 0xD2, 0xED, 0xF2, 0xED,
    0xF2, 0xED, 0xF2, 0xED, 0xF2, 0xED, 0xF2, 0xED, 0x12, 0xEE, 0x12, 0xEE, 0x12, 0xEE, 0x13, 0xEE,
    0x13, 0xEE, 0x33, 0xEE, 0x33, 0xEE, 0x33, 0xEE, 0x33, 0xEE, 0x33, 0xEE, 0x33, 0xEE, 0x33, 0xEE,
    0x33, 0xEE, 0x33, 0xEE, 0x95, 0xF6, 0xEF, 0xC4, 0x48, 0x8B, 0x2C, 0xA4, 0x32, 0xBD, 0x57, 0xD6,
    0xF7, 0xC5, 0x4C, 0x6B, 0x8D, 0xBC, 0x2B, 0xAC, 0xA8, 0x9B, 0x68, 0x93, 0xA9, 0x9B, 0xCA, 0x9B,
    0xA9, 0x9B, 0x68, 0x93, 0x48, 0x93, 0x48, 0x93, 0x8A, 0x9B, 0x8B, 0x9B, 0x8A, 0xA3, 0x29, 0xA3,
    0xA8, 0x9A, 0x87, 0x9A, 0x67, 0x9A, 0x47, 0x8A, 0x27, 0x8A, 0x27, 0x82, 0xC6, 0x71, 0x44, 0x59,
    0x85, 0x59, 0xC6, 0x59, 0xA6, 0x51, 0x0B, 0x73, 0x10, 0x8C, 0x8E, 0x83, 0x04, 0x49, 0xA2, 0x48,
    0x04, 0x59, 0x24, 0x61, 0x65, 0x61, 0x66, 0x69, 0x86, 0x61, 0x66, 0x61, 0x66, 0x61, 0x25, 0x59,
    0x05, 0x59, 0x04, 0x51, 0xE4, 0x48, 0xE3, 0x48, 0xC3, 0x40, 0xA2, 0x40, 0x82, 0x38, 0x82, 0x38,
    0x82, 0x40, 0x61, 0x38, 0x41, 0x38, 0x21, 0x38, 0x40, 0x38, 0x40, 0x38, 0x40, 0x38, 0x40, 0x38,
    0x20, 0x40, 0x20, 0x40, 0x00, 0x40, 0x00, 0x40, 0x00, 0x40, 0x00, 0x40, 0x00, 0x40, 0x00, 0x40,
    0x00, 0x40, 0x00, 0x38, 0x00, 0x30, 0x00, 0x28, 0x00, 0x20, 0x00, 0x10, 0x00, 0x10, 0x00, 0x08,
    0x00, 0x08, 0x00, 0x08, 0x00, 0x20, 0x20, 0x38, 0x80, 0x50, 0x02, 0x69, 0xC4, 0x79, 0xA7, 0x92,
    0x89, 0xA3, 0x0B, 0xB4, 0xEA, 0xAB, 0xCA, 0xAB, 0xCA, 0xAB, 0xA9, 0xAB, 0x26, 0x9B, 0x42, 0x82,
    0xA3, 0x8A, 0x26, 0x9B, 0x67, 0xA3, 0xA8, 0xAB, 0xE9, 0xB3, 0x2B, 0xBC, 0x6B, 0xC4, 0x8D, 0xC4,
    0xCD, 0xCC, 0xEE, 0xD4, 0x0F, 0xD5, 0x2F, 0xD5, 0x50, 0xDD, 0x70, 0xDD, 0x91, 0xDD, 0x91, 0xE5,
    0xB1, 0xE5, 0xB1, 0xE5, 0xB1, 0xE5, 0xD1, 0xE5, 0xD2, 0xE5, 0xD2, 0xED, 0xF2, 0xED, 0xF2, 0xED,
    0xF2, 0xED, 0xF2, 0xED, 0xF2, 0xED, 0x12, 0xEE, 0x12, 0xEE, 0x12, 0xEE, 0x13, 0xEE, 0x13, 0xEE,
    0x33, 0xEE, 0x33, 0xEE, 0x33, 0xEE, 0x33, 0xEE, 0x33, 0xEE, 0x33, 0xEE, 0x33, 0xEE, 0x33, 0xEE,
    0x54, 0xF6, 0x13, 0xE6, 0x68, 0x93, 0x07, 0x8B, 0x48, 0x93, 0xCA, 0x9B, 0xCF, 0xB4, 0x16, 0xCE,
    0xDA, 0xE6, 0xAD, 0xBC, 0x4B, 0xB4, 0xC9, 0xA3, 0x67, 0x93, 0x88, 0x9B, 0xA9, 0x9B, 0xA9, 0x9B,
    0x89, 0x9B, 0x68, 0x93, 0x48, 0x93, 0x69, 0x9B, 0xAB, 0x9B, 0x8A, 0x9B, 0x6A, 0xA3, 0x29, 0xA3,
    0xA8, 0x9A, 0x87, 0x9A, 0x46, 0x92, 0x26, 0x92, 0x27, 0x8A, 0x47, 0x8A, 0x47, 0x8A, 0x07, 0x82,
    0xE6, 0x79, 0xE6, 0x71, 0x6D, 0x93, 0x55, 0xBD, 0x55, 0xB5, 0xEB, 0x72, 0x45, 0x51, 0x04, 0x51,
    0x45, 0x61, 0x65, 0x61, 0xA6, 0x69, 0xA7, 0x69, 0xA7, 0x69, 0x86, 0x69, 0x66, 0x61, 0x45, 0x59,
    0x25, 0x51, 0x24, 0x51, 0x04, 0x49, 0xE3, 0x48, 0xC3, 0x48, 0xC3, 0x40, 0xA2, 0x40, 0xA2, 0x40,
    0x82, 0x40, 0x61, 0x40, 0x61, 0x40, 0x41, 0x38, 0x61, 0x40, 0x61, 0x40, 0x40, 0x38, 0x40, 0x40,
    0x20, 0x40, 0x20, 0x40, 0x00, 0x40, 0x00, 0x40, 0x00, 0x40, 0x00, 0x40, 0x00, 0x40, 0x00, 0x40,
    0x00, 0x38, 0x00, 0x30, 0x00, 0x30, 0x00, 0x20, 0x00, 0x18, 0x00, 0x10, 0x00, 0x10, 0x00, 0x20,
    0x41, 0x40, 0xC2, 0x68, 0x23, 0x79, 0x63, 0x81, 0xA4, 0x81, 0xE4, 0x81, 0x45, 0x8A, 0xC6, 0x92,
    0x27, 0x9B, 0x89, 0xA3, 0x88, 0xA3, 0x88, 0xA3, 0x68, 0xA3, 0xC5, 0x92, 0x21, 0x7A, 0xC4, 0x92,
    0x26, 0x9B, 0x67, 0xA3, 0xA8, 0xAB, 0xE9, 0xB3, 0x2B, 0xBC, 0x6C, 0xC4, 0x8C, 0xC4, 0xCD, 0xCC,
    0xEE, 0xD4, 0x0F, 0xD5, 0x2F, 0xD5, 0x50, 0xDD, 0x50, 0xDD, 0x70, 0xDD, 0x91, 0xE5, 0xB1, 0xE5,
    0xB1, 0xE5, 0xB1, 0xE5, 0xD1, 0xE5, 0xD2, 0xED, 0xD2, 0xED, 0xD2, 0xED, 0xF2, 0xED, 0xF2, 0xED,
    0xF2, 0xED, 0xF2, 0xED, 0x12, 0xEE, 0x12, 0xEE, 0x12, 0xEE, 0x13, 0xEE, 0x33, 0xEE, 0x33, 0xEE,
    0x33, 0xEE, 0x33, 0xEE, 0x33, 0xEE, 0x33, 0xEE, 0x33, 0xEE, 0x33, 0xEE, 0x33, 0xEE, 0x95, 0xF6,
    0x8D, 0xB4, 0xA5, 0x7A, 0x27, 0x8B, 0x27, 0x8B, 0x47, 0x93, 0x68, 0x93, 0x8E, 0xAC, 0xB9, 0xDE,
    0xAE, 0xBC, 0x4C, 0xB4, 0xC9, 0xA3, 0x67, 0x93, 0x68, 0x93, 0xA9, 0x9B, 0xCA, 0x9B, 0xAA, 0x9B,
    0x89, 0x9B, 0x48, 0x93, 0x68, 0x93, 0x8A, 0x9B, 0xAA, 0xA3, 0x8A, 0x9B, 0x49, 0x9B, 0x09, 0xA3,
    0xE8, 0xA2, 0x86, 0x9A, 0x66, 0x9A, 0x46, 0x92, 0x46, 0x9A, 0x67, 0x9A, 0x88, 0xA2, 0x88, 0x9A,
    0x88, 0x92, 0x68, 0x8A, 0xEA, 0x8A, 0x8D, 0x93, 0x30, 0xA4, 0x91, 0xB4, 0x07, 0x6A, 0x04, 0x51,
    0x45, 0x61, 0x65, 0x61, 0x86, 0x69, 0xA7, 0x69, 0xA7, 0x69, 0x86, 0x69, 0x66, 0x61, 0x45, 0x59,
    0x25, 0x59, 0x24, 0x51, 0x04, 0x51, 0xE3, 0x48, 0xE3, 0x48, 0xC3, 0x48, 0x82, 0x40, 0x82, 0x40,
    0x61, 0x40, 0x41, 0x40, 0x61, 0x40, 0x61, 0x40, 0x61, 0x40, 0x61, 0x40, 0x61, 0x40, 0x40, 0x40,
    0x20, 0x40, 0x20, 0x48, 0x00, 0x48, 0x00, 0x48, 0x00, 0x40, 0x00, 0x40, 0x00, 0x40, 0x00, 0x38,
    0x00, 0x30, 0x00, 0x28, 0x00, 0x18, 0x00, 0x10, 0x00, 0x18, 0x41, 0x38, 0xE3, 0x68, 0xA6, 0x99,
    0x27, 0xAA, 0xC8, 0xB2, 0x6A, 0xB3, 0xAA, 0xB3, 0xCB, 0xB3, 0xEB, 0xAB, 0xCA, 0xAB, 0xA9, 0xA3,
    0x89, 0xA3, 0x88, 0xA3, 0x68, 0xA3, 0x27, 0x9B, 0x63, 0x82, 0x01, 0x7A, 0xE5, 0x92, 0x46, 0xA3,
    0x88, 0xA3, 0xA9, 0xAB, 0xEA, 0xB3, 0x2B, 0xBC, 0x6C, 0xC4, 0xAD, 0xCC, 0xCE, 0xCC, 0xEE, 0xD4,
    0x0F, 0xD5, 0x2F, 0xDD, 0x50, 0xDD, 0x70, 0xDD, 0x70, 0xDD, 0x91, 0xE5, 0xB1, 0xE5, 0xB1, 0xE5,
    0xB1, 0xE5, 0xD1, 0xE5, 0xD1, 0xE5, 0xD2, 0xED, 0xD2, 0xED, 0xF2, 0xED, 0xF2, 0xED, 0xF2, 0xED,
    0xF2, 0xED, 0xF2, 0xED, 0x12, 0xEE, 0x12, 0xEE, 0x13, 0xEE, 0x33, 0xEE, 0x33, 0xEE, 0x33, 0xEE,
    0x33, 0xEE, 0x33, 0xEE, 0x33, 0xEE, 0x33, 0xEE, 0x33, 0xEE, 0x54, 0xF6, 0xF3, 0xE5, 0x07, 0x83,
    0xC5, 0x7A, 0x06, 0x8B, 0x06, 0x8B, 0x27, 0x93, 0x26, 0x8B, 0x0C, 0xA4, 0x99, 0xDE, 0xAE, 0xBC,
    0x6C, 0xB4, 0xEA, 0xA3, 0x68, 0x93, 0x47, 0x93, 0x88, 0x93, 0xCA, 0x9B, 0xCA, 0x9B, 0x89, 0x9B,
    0x48, 0x93, 0x47, 0x93, 0x68, 0x93, 0x89, 0x9B, 0xAA, 0x9B, 0x69, 0x9B, 0x49, 0x9B, 0xE7, 0x9A,
    0xE7, 0xA2, 0xC7, 0xA2, 0xA7, 0xA2, 0x87, 0xA2, 0xA7, 0xA2, 0xA8, 0xAA, 0xC8, 0xAA, 0xC9, 0xAA,
    0xC9, 0xAA, 0xC9, 0xA2, 0xA9, 0x9A, 0xA9, 0x92, 0xC9, 0x92, 0x88, 0x82, 0x48, 0x82, 0x2B, 0x9B,
    0x8D, 0x9B, 0x0B, 0x93, 0x49, 0x7A, 0xC7, 0x69, 0x45, 0x61, 0x25, 0x59, 0x45, 0x59, 0x45, 0x59,
    0x24, 0x59, 0x04, 0x51, 0x04, 0x51, 0xE3, 0x50, 0xC3, 0x48, 0xA3, 0x48, 0x82, 0x48, 0x61, 0x40,
    0x61, 0x40, 0x61, 0x40, 0x81, 0x40, 0x82, 0x40, 0x41, 0x40, 0x00, 0x38, 0x00, 0x30, 0x00, 0x30,
    0x00, 0x38, 0x00, 0x38, 0x00, 0x38, 0x00, 0x38, 0x00, 0x38, 0x00, 0x30, 0x00, 0x30, 0x00, 0x30,
    0x00, 0x30, 0x41, 0x38, 0xA3, 0x50, 0x45, 0x71, 0xE7, 0x99, 0xC9, 0xBA, 0x2A, 0xC3, 0xAC, 0xC3,
    0x0D, 0xC4, 0x8E, 0xCC, 0xAE, 0xC4, 0x8E, 0xC4, 0x6D, 0xBC, 0x4C, 0xB4, 0xEA, 0xB3, 0xCA, 0xAB,
    0xA9, 0xA3, 0x67, 0x9B, 0x06, 0x93, 0x02, 0x7A, 0x42, 0x82, 0x05, 0x9B, 0x46, 0xA3, 0x88, 0xAB,
    0xC9, 0xB3, 0x0A, 0xBC, 0x2B, 0xBC, 0x6C, 0xC4, 0xAD, 0xCC, 0xCE, 0xCC, 0xEE, 0xD4, 0x0F, 0xD5,
    0x2F, 0xDD, 0x50, 0xDD, 0x70, 0xDD, 0x91, 0xDD, 0x91, 0xE5, 0xB1, 0xE5, 0xB1, 0xE5, 0xB1, 0xE5,
    0xD1, 0xE5, 0xD1, 0xE5, 0xD1, 0xE5, 0xD2, 0xED, 0xF2, 0xED, 0xF2, 0xED, 0xF2, 0xED, 0xF2, 0xED,
    0xF2, 0xED, 0x12, 0xEE, 0x13, 0xEE, 0x13, 0xEE, 0x33, 0xEE, 0x33, 0xEE, 0x33, 0xEE, 0x33, 0xEE,
    0x33, 0xEE, 0x33, 0xEE, 0x33, 0xEE, 0x34, 0xEE, 0x95, 0xF6, 0x0B, 0xA4, 0x65, 0x72, 0xC6, 0x82,
    0xE6, 0x82, 0x06, 0x8B, 0x06, 0x8B, 0x06, 0x8B, 0xAF, 0xB4, 0x1B, 0xE7, 0xAD, 0xBC, 0x6C, 0xB4,
    0x0A, 0xA4, 0x88, 0x9B, 0x47, 0x93, 0x67, 0x93, 0xA9, 0x93, 0xCA, 0x9B, 0xA9, 0x9B, 0x68, 0x93,
    0x47, 0x93, 0x48, 0x93, 0x68, 0x93, 0x69, 0x9B, 0x89, 0x9B, 0x48, 0x9B, 0x07, 0x9B, 0x07, 0xA3,
    0xE7, 0xA2, 0xC7, 0xA2, 0xE8, 0xAA, 0xE8, 0xAA, 0xE8, 0xB2, 0xE9, 0xB2, 0x09, 0xBB, 0x0A, 0xBB,
    0x2A, 0xC3, 0x2B, 0xC3, 0x2A, 0xC3, 0x0A, 0xBB, 0xE9, 0xB2, 0x0A, 0xB3, 0x6B, 0xB3, 0xEE, 0xB3,
    0x90, 0xC4, 0x90, 0xBC, 0x50, 0xB4, 0xCE, 0xA3, 0xEB, 0x8A, 0xE7, 0x69, 0x65, 0x59, 0x24, 0x59,
    0xE3, 0x50, 0xC3, 0x48, 0xA2, 0x48, 0xA2, 0x48, 0x82, 0x40, 0x61, 0x40, 0x41, 0x40, 0x20, 0x40,
    0x20, 0x40, 0x00, 0x38, 0x00, 0x38, 0x61, 0x40, 0x45, 0x59, 0xE7, 0x61, 0xE8, 0x69, 0x08, 0x6A,
    0x08, 0x6A, 0xC6, 0x61, 0xA6, 0x61, 0xA6, 0x69, 0x86, 0x69, 0xA6, 0x69, 0xE7, 0x79, 0x27, 0x92,
    0x48, 0xA2, 0x88, 0xB2, 0x6C, 0xD3, 0x0E, 0xDC, 0x2E, 0xDC, 0x6F, 0xD4, 0xAF, 0xD4, 0xCF, 0xD4,
    0x10, 0xD5, 0x30, 0xD5, 0x0F, 0xCD, 0xCE, 0xC4, 0x8D, 0xBC, 0x4C, 0xB4, 0x0B, 0xB4, 0xC9, 0xAB,
    0x68, 0xA3, 0xC5, 0x92, 0xE1, 0x79, 0xA4, 0x8A, 0x26, 0x9B, 0x67, 0xA3, 0xA8, 0xAB, 0xC9, 0xB3,
    0x0A, 0xBC, 0x4B, 0xBC, 0x6C, 0xC4, 0xAD, 0xCC, 0xCE, 0xCC, 0x0E, 0xD5, 0x0F, 0xD5, 0x2F, 0xDD,
    0x50, 0xDD, 0x70, 0xDD, 0x71, 0xDD, 0x91, 0xE5, 0xB1, 0xE5, 0xB1, 0xE5, 0xB1, 0xE5, 0xD1, 0xE5,
    0xD1, 0xE5, 0xD2, 0xE5, 0xD2, 0xED, 0xF2, 0xED, 0xF2, 0xED, 0xF2, 0xED, 0xF2, 0xED, 0x12, 0xEE,
    0x12, 0xEE, 0x13, 0xEE, 0x13, 0xEE, 0x13, 0xEE, 0x33, 0xEE, 0x33, 0xEE, 0x33, 0xEE, 0x33, 0xEE,
    0x33, 0xEE, 0x33, 0xEE, 0x75, 0xF6, 0x71, 0xD5, 0xE6, 0x82, 0x85, 0x7A, 0xA5, 0x7A, 0xC5, 0x7A,
    0xC5, 0x82, 0xE5, 0x82, 0x89, 0x93, 0xF5, 0xCD, 0x7C, 0xEF, 0x8D, 0xBC, 0x6C, 0xB4, 0x0B, 0xAC,
    0x88, 0x9B, 0x47, 0x93, 0x47, 0x8B, 0x88, 0x93, 0xA9, 0x9B, 0xCA, 0x9B, 0x89, 0x93, 0x27, 0x8B,
    0x27, 0x8B, 0x27, 0x8B, 0x48, 0x93, 0x68, 0x93, 0x68, 0x9B, 0x48, 0x9B, 0xE7, 0x9A, 0xE7, 0x9A,
    0x28, 0xAB, 0x29, 0xAB, 0x08, 0xB3, 0x09, 0xBB, 0x09, 0xBB, 0x2A, 0xBB, 0x2A, 0xC3, 0x4B, 0xCB,
    0x6B, 0xCB, 0x8B, 0xCB, 0x8B, 0xCB, 0x8C, 0xCB, 0x6B, 0xCB, 0x4B, 0xC3, 0x4B, 0xBB, 0x6C, 0xB3,
    0xAD, 0xB3, 0x0E, 0xB4, 0x4F, 0xBC, 0x2F, 0xBC, 0xAD, 0xAB, 0x8D, 0xA3, 0x8D, 0xA3, 0x4C, 0x93,
    0x0B, 0x8B, 0xAA, 0x82, 0x07, 0x6A, 0x45, 0x59, 0x24, 0x51, 0x04, 0x51, 0x45, 0x59, 0xA6, 0x61,
    0x08, 0x72, 0xCA, 0x8A, 0xCE, 0xAB, 0xB2, 0xCC, 0x13, 0xD5, 0xD2, 0xD4, 0xB1, 0xD4, 0xB1, 0xD4,
    0xB1, 0xD4, 0x90, 0xD4, 0x6F, 0xD4, 0x4E, 0xDC, 0x2D, 0xDC, 0x0D, 0xDC, 0xED, 0xDB, 0x0E, 0xDC,
    0xD1, 0xDC, 0x33, 0xE5, 0x12, 0xDD, 0xF1, 0xDC, 0x31, 0xDD, 0x31, 0xDD, 0x52, 0xDD, 0x72, 0xDD,
    0x51, 0xD5, 0x50, 0xD5, 0x0F, 0xCD, 0xCE, 0xC4, 0x8D, 0xBC, 0x4B, 0xB4, 0xEA, 0xAB, 0x88, 0xA3,
    0xA4, 0x8A, 0x22, 0x7A, 0xC4, 0x92, 0x26, 0x9B, 0x67, 0xA3, 0xA8, 0xAB, 0xE9, 0xB3, 0x0A, 0xBC,
    0x4B, 0xBC, 0x8C, 0xC4, 0xAD, 0xCC, 0xCE, 0xCC, 0x0E, 0xD5, 0x0F, 0xD5, 0x4F, 0xDD, 0x50, 0xDD,
    0x70, 0xDD, 0x71, 0xDD, 0x91, 0xE5, 0xB1, 0xE5, 0xB1, 0xE5, 0xB1, 0xE5, 0xD1, 0xE5, 0xD1, 0xE5,
    0xD2, 0xE5, 0xF2, 0xED, 0xF2, 0xED, 0xF2, 0xED, 0xF2, 0xED, 0xF2, 0xED, 0x12, 0xEE, 0x12, 0xEE,
    0x13, 0xEE, 0x13, 0xEE, 0x13, 0xEE, 0x13, 0xEE, 0x13, 0xEE, 0x33, 0xEE, 0x33, 0xEE, 0x33, 0xEE,
    0x54, 0xEE, 0x34, 0xEE, 0x6C, 0xBC, 0x88, 0x9B, 0xA5, 0x82, 0x64, 0x72, 0x84, 0x7A, 0x84, 0x7A,
    0xC5, 0x82, 0xAF, 0xAC, 0xDA, 0xDE, 0x7D, 0xEF, 0x8D, 0xB4, 0x4C, 0xB4, 0x0B, 0xAC, 0xA8, 0x9B,
    0x47, 0x93, 0x26, 0x8B, 0x68, 0x93, 0x89, 0x93, 0xA9, 0x93, 0xA9, 0x9B, 0x68, 0x93, 0x27, 0x8B,
    0x26, 0x8B, 0x27, 0x8B, 0x47, 0x93, 0x47, 0x93, 0x27, 0x93, 0x07, 0x93, 0xE7, 0x9A, 0x08, 0xA3,
    0x08, 0xAB, 0x29, 0xB3, 0x29, 0xBB, 0x4A, 0xBB, 0x6A, 0xC3, 0x6B, 0xCB, 0x6B, 0xCB, 0x8B, 0xD3,
    0x8C, 0xD3, 0xAC, 0xD3, 0xCD, 0xDB, 0xCD, 0xDB, 0xCD, 0xDB, 0xCD, 0xDB, 0xAD, 0xD3, 0xAC, 0xD3,
    0x8C, 0xCB, 0x6C, 0xC3, 0x6C, 0xC3, 0x8B, 0xBB, 0xAC, 0xBB, 0xED, 0xBB, 0x0E, 0xC4, 0x2E, 0xC4,
    0x4F, 0xC4, 0x0D, 0xBC, 0xAC, 0xBB, 0xAC, 0xBB, 0xCD, 0xBB, 0xEE, 0xC3, 0x2E, 0xCC, 0x4F, 0xD4,
    0x6F, 0xDC, 0x6F, 0xDC, 0x0E, 0xD4, 0x0E, 0xD4, 0x2E, 0xDC, 0x2E, 0xDC, 0x4E, 0xE4, 0x4E, 0xEC,
    0x4E, 0xEC, 0x6E, 0xEC, 0x8F, 0xF4, 0xD1, 0xF4, 0x12, 0xED, 0x54, 0xED, 0xB5, 0xED, 0xB5, 0xE5,
    0x74, 0xE5, 0x52, 0xE5, 0x52, 0xE5, 0x72, 0xE5, 0x92, 0xE5, 0xB2, 0xE5, 0xB2, 0xDD, 0x91, 0xDD,
    0x71, 0xD5, 0x30, 0xD5, 0x0F, 0xCD, 0xAE, 0xC4, 0x6C, 0xBC, 0x2B, 0xB4, 0x88, 0xA3, 0xA4, 0x8A,
    0x83, 0x8A, 0xE5, 0x92, 0x26, 0x9B, 0x67, 0xA3, 0xA8, 0xAB, 0xE9, 0xB3, 0x2B, 0xBC, 0x4B, 0xC4,
    0x8C, 0xC4, 0xAD, 0xCC, 0xCE, 0xCC, 0x0E, 0xD5, 0x2F, 0xD5, 0x4F, 0xDD, 0x50, 0xDD, 0x70, 0xDD,
    0x91, 0xDD, 0x91, 0xE5, 0xB1, 0xE5, 0xB1, 0xE5, 0xB1, 0xE5, 0xD1, 0xE5, 0xD2, 0xE5, 0xD2, 0xE5,
    0xF2, 0xE5, 0xF2, 0xED, 0xF2, 0xED, 0xF2, 0xED, 0xF2, 0xED, 0x12, 0xEE, 0x12, 0xEE, 0x13, 0xEE,
    0x13, 0xEE, 0x13, 0xEE, 0x13, 0xEE, 0x13, 0xEE, 0x33, 0xEE, 0x13, 0xEE, 0x33, 0xEE, 0x54, 0xEE,
    0x0F, 0xD5, 0x8B, 0xC4, 0x4B, 0xBC, 0x88, 0xA3, 0xA4, 0x7A, 0x43, 0x72, 0x43, 0x7A, 0x28, 0x8B,
    0xF5, 0xCD, 0x1B, 0xE7, 0x9D, 0xEF, 0x6D, 0xB4, 0x4C, 0xB4, 0x0B, 0xAC, 0xA8, 0x9B, 0x46, 0x93,
    0x26, 0x8B, 0x47, 0x8B, 0x68, 0x93, 0x89, 0x93, 0x89, 0x93, 0x68, 0x93, 0x27, 0x8B, 0x06, 0x8B,
    0x06, 0x8B, 0x26, 0x8B, 0x27, 0x93, 0x27, 0x93, 0x27, 0x93, 0xE6, 0x92, 0xE7, 0xA2, 0xE7, 0xA2,
    0x29, 0xB3, 0x49, 0xB3, 0x6A, 0xC3, 0x8B, 0xCB, 0x8B, 0xCB, 0x8B, 0xCB, 0xAC, 0xD3, 0xAC, 0xD3,
    0xCC, 0xDB, 0xED, 0xDB, 0xED, 0xE3, 0xED, 0xE3, 0x0E, 0xE4, 0x0E, 0xE4, 0x0D, 0xE4, 0xED, 0xE3,
    0xED, 0xE3, 0xED, 0xDB, 0xCD, 0xDB, 0xCC, 0xDB, 0xCC, 0xDB, 0xCC, 0xD3, 0xCC, 0xD3, 0xCC, 0xD3,
    0xCC, 0xD3, 0xCC, 0xDB, 0xEC, 0xDB, 0x0D, 0xDC, 0x0D, 0xDC, 0x0D, 0xDC, 0x4E, 0xE4, 0x8F, 0xE4,
    0xB0, 0xEC, 0xD1, 0xEC, 0x53, 0xED, 0x73, 0xF5, 0x53, 0xF5, 0x32, 0xF5, 0x32, 0xF5, 0x94, 0xF5,
    0xB5, 0xF5, 0xD5, 0xF5, 0x17, 0xF6, 0x17, 0xEE, 0xF6, 0xED, 0xD5, 0xED, 0xB4, 0xED, 0x93, 0xED,
    0x73, 0xED, 0x93, 0xED, 0xB3, 0xE5, 0xD3, 0xE5, 0xD3, 0xE5, 0xD2, 0xE5, 0xB2, 0xDD, 0x91, 0xDD,
    0x50, 0xD5, 0x2F, 0xCD, 0xCE, 0xC4, 0x8D, 0xC4, 0x4C, 0xBC, 0xA9, 0xAB, 0xE5, 0x92, 0xC4, 0x92,
    0x05, 0x9B, 0x46, 0xA3, 0x87, 0xA3, 0xC9, 0xAB, 0xEA, 0xB3, 0x2B, 0xBC, 0x6C, 0xC4, 0x8C, 0xC4,
    0xAD, 0xCC, 0xCE, 0xCC, 0xEE, 0xD4, 0x2F, 0xD5, 0x2F, 0xDD, 0x50, 0xDD, 0x70, 0xDD, 0x71, 0xDD,
    0x91, 0xE5, 0xB1, 0xE5, 0xB1, 0xE5, 0xB1, 0xE5, 0xD2, 0xE5, 0xD2, 0xE5, 0xD2, 0xE5, 0xF2, 0xE5,
    0xF2, 0xED, 0xF2, 0xED, 0xF2, 0xED, 0x12, 0xEE, 0x12, 0xEE, 0x12, 0xEE, 0x12, 0xEE, 0x13, 0xEE,
    0x13, 0xEE, 0x13, 0xEE, 0x13, 0xEE, 0x33, 0xEE, 0x33, 0xEE, 0x74, 0xEE, 0x90, 0xDD, 0xAC, 0xCC,
    0xAB, 0xCC, 0x8B, 0xC4, 0x4B, 0xBC, 0x46, 0x9B, 0x43, 0x72, 0x43, 0x72, 0x2C, 0xA4, 0xB9, 0xDE,
    0x3C, 0xE7, 0x7D, 0xEF, 0x4C, 0xB4, 0x2C, 0xAC, 0x0B, 0xA4, 0xA8, 0x9B, 0x47, 0x93, 0x26, 0x8B,
    0x27, 0x8B, 0x68, 0x93, 0x68, 0x93, 0x88, 0x93, 0x68, 0x93, 0x26, 0x8B, 0x06, 0x8B, 0x05, 0x8B,
    0x05, 0x8B, 0x26, 0x8B, 0x26, 0x93, 0x26, 0x93, 0x06, 0x93, 0xC6, 0x9A, 0xE7, 0xA2, 0x08, 0xAB,
    0x49, 0xB3, 0x8B, 0xC3, 0xAB, 0xC3, 0xCC, 0xCB, 0xCC, 0xD3, 0xCC, 0xD3, 0xCC, 0xDB, 0xED, 0xDB,
    0xED, 0xE3, 0x0D, 0xE4, 0x0D, 0xE4, 0x2E, 0xE4, 0x2E, 0xEC, 0x2E, 0xEC, 0x2E, 0xEC, 0x2E, 0xEC,
    0x4E, 0xEC, 0x2E, 0xEC, 0x4E, 0xEC, 0x4E, 0xEC, 0x4E, 0xEC, 0x4E, 0xEC, 0x4E, 0xEC, 0x4E, 0xEC,
    0x4E, 0xEC, 0x6E, 0xEC, 0x8F, 0xEC, 0xF1, 0xF4, 0xF2, 0xEC, 0x33, 0xF5, 0x94, 0xED, 0xF6, 0xF5,
    0xF6, 0xF5, 0xD5, 0xF5, 0xF6, 0xED, 0x17, 0xF6, 0x37, 0xF6, 0x37, 0xF6, 0x78, 0xF6, 0x78, 0xF6,
    0x78, 0xF6, 0x58, 0xF6, 0x57, 0xF6, 0x37, 0xF6, 0xF5, 0xF5, 0xD4, 0xED, 0xB4, 0xED, 0xD3, 0xED,
    0xF4, 0xED, 0xF4, 0xED, 0x14, 0xEE, 0xF3, 0xE5, 0xF2, 0xE5, 0xD2, 0xE5, 0xB1, 0xDD, 0x70, 0xD5,
    0x2F, 0xD5, 0x0F, 0xCD, 0xAE, 0xC4, 0x6C, 0xBC, 0xEA, 0xAB, 0x47, 0x9B, 0x05, 0x9B, 0x05, 0x9B,
    0x67, 0xA3, 0x87, 0xA3, 0xC9, 0xAB, 0x0A, 0xB4, 0x2B, 0xBC, 0x6C, 0xC4, 0x8C, 0xC4, 0xAD, 0xCC,
    0xEE, 0xCC, 0xEE, 0xD4, 0x0F, 0xD5, 0x2F, 0xD5, 0x50, 0xDD, 0x70, 0xDD, 0x90, 0xDD, 0x91, 0xDD,
    0xB1, 0xE5, 0xB1, 0xE5, 0xB1, 0xE5, 0xD1, 0xE5, 0xD2, 0xE5, 0xD2, 0xE5, 0xF2, 0xE5, 0xF2, 0xED,
    0xF2, 0xED, 0xF2, 0xED, 0x12, 0xEE, 0x12, 0xEE, 0x12, 0xEE, 0x12, 0xEE, 0x12, 0xEE, 0x13, 0xEE,
    0x13, 0xEE, 0x13, 0xEE, 0x33, 0xE6, 0x54, 0xEE, 0xD2, 0xDD, 0xAC, 0xCC, 0xAC, 0xCC, 0x8B, 0xCC,
    0xAB, 0xCC, 0x8B, 0xC4, 0xA8, 0xAB, 0x83, 0x82, 0x84, 0x7A, 0x10, 0xBD, 0x1B, 0xE7, 0x3C, 0xE7,
    0x7D, 0xEF, 0x2B, 0xAC, 0x2B, 0xAC, 0xEA, 0xA3, 0xA8, 0x9B, 0x47, 0x93, 0x06, 0x8B, 0x26, 0x8B,
    0x47, 0x8B, 0x68, 0x93, 0x68, 0x93, 0x68, 0x93, 0x26, 0x8B, 0x06, 0x8B, 0x05, 0x8B, 0x05, 0x8B,
    0x05, 0x8B, 0x06, 0x8B, 0x06, 0x93, 0x06, 0x93, 0xE6, 0x92, 0xC6, 0x9A, 0xC7, 0xA2, 0x08, 0xB3,
    0x6A, 0xBB, 0x8B, 0xC3, 0xCC, 0xCB, 0xCC, 0xCB, 0xED, 0xD3, 0x0D, 0xDC, 0x0D, 0xDC, 0x2E, 0xE4,
    0x2E, 0xE4, 0x2E, 0xE4, 0x2E, 0xE4, 0x4E, 0xEC, 0x4E, 0xEC, 0x4E, 0xEC, 0x4F, 0xEC, 0x6F, 0xEC,
    0x6F, 0xEC, 0x6F, 0xEC, 0x6F, 0xEC, 0x6F, 0xEC, 0x8F, 0xEC, 0x8F, 0xF4, 0x8F, 0xF4, 0x8F, 0xF4,
    0xB0, 0xF4, 0xB0, 0xEC, 0xF1, 0xEC, 0x12, 0xF5, 0xF2, 0xEC, 0x33, 0xF5, 0x53, 0xF5, 0x33, 0xF5,
    0x54, 0xF5, 0xB5, 0xF5, 0x17, 0xF6, 0x58, 0xF6, 0x58, 0xF6, 0x78, 0xF6, 0x78, 0xF6, 0x78, 0xF6,
    0x77, 0xF6, 0x57, 0xF6, 0xF5, 0xF5, 0xF4, 0xF5, 0xD4, 0xED, 0xD4, 0xED, 0xF4, 0xED, 0x14, 0xEE,
    0x34, 0xEE, 0x34, 0xEE, 0x13, 0xEE, 0xF3, 0xE5, 0xD2, 0xE5, 0xB1, 0xDD, 0x91, 0xDD, 0x50, 0xD5,
    0x0F, 0xCD, 0xCE, 0xC4, 0x8D, 0xBC, 0x2B, 0xB4, 0xA8, 0xA3, 0x26, 0x9B, 0x05, 0x9B, 0x47, 0xA3,
    0x88, 0xAB, 0xC9, 0xAB, 0x0A, 0xB4, 0x4B, 0xBC, 0x6C, 0xC4, 0x8C, 0xC4, 0xAD, 0xCC, 0xEE, 0xCC,
    0x0E, 0xD5, 0x2F, 0xD5, 0x2F, 0xD5, 0x50, 0xDD, 0x70, 0xDD, 0x70, 0xDD, 0x91, 0xDD, 0x91, 0xE5,
    0xB1, 0xE5, 0xB1, 0xE5, 0xD1, 0xE5, 0xD2, 0xE5, 0xD2, 0xE5, 0xF2, 0xE5, 0xF2, 0xED, 0xF2, 0xED,
    0xF2, 0xED, 0x12, 0xEE, 0x13, 0xEE, 0x13, 0xEE, 0x12, 0xEE, 0x13, 0xEE, 0x13, 0xEE, 0x13, 0xEE,
    0x13, 0xE6, 0x54, 0xEE, 0xF3, 0xE5, 0xAC, 0xC4, 0x8B, 0xCC, 0xAB, 0xCC, 0x8B, 0xCC, 0xAC, 0xCC,
    0xAB, 0xCC, 0xE8, 0xB3, 0xC4, 0x8A, 0x06, 0x8B, 0xB4, 0xCD, 0x3C, 0xE7, 0x3C, 0xE7, 0x5C, 0xE7,
    0xEA, 0xA3, 0xEA, 0xA3, 0xEA, 0xA3, 0x88, 0x9B, 0x46, 0x93, 0x05, 0x8B, 0x26, 0x8B, 0x47, 0x8B,
    0x67, 0x93, 0x68, 0x93, 0x68, 0x93, 0x47, 0x8B, 0x26, 0x8B, 0x05, 0x8B, 0x05, 0x8B, 0xE5, 0x8A,
    0x05, 0x8B, 0x06, 0x8B, 0x06, 0x93, 0xE6, 0x92, 0xC5, 0x92, 0xC6, 0x9A, 0xE7, 0xAA, 0x28, 0xB3,
    0x6A, 0xBB, 0xAB, 0xC3, 0xCC, 0xCB, 0xED, 0xD3, 0x0D, 0xDC, 0x2E, 0xDC, 0x4F, 0xE4, 0x6F, 0xE4,
    0x6F, 0xE4, 0x6E, 0xEC, 0x4E, 0xEC, 0x4E, 0xEC, 0x6F, 0xEC, 0x8F, 0xEC, 0x6F, 0xEC, 0x6F, 0xEC,
    0x6F, 0xEC, 0x6F, 0xEC, 0x8F, 0xEC, 0x90, 0xEC, 0xB0, 0xF4, 0x90, 0xF4, 0x90, 0xEC, 0xB0, 0xEC,
    0xB0, 0xF4, 0xB0, 0xF4, 0x11, 0xF5, 0x32, 0xF5, 0x73, 0xF5, 0xB4, 0xF5, 0xD5, 0xF5, 0xF6, 0xF5,
    0x37, 0xF6, 0x37, 0xF6, 0x37, 0xF6, 0x57, 0xF6, 0x57, 0xF6, 0x37, 0xF6, 0x16, 0xF6, 0xF5, 0xED,
    0xB4, 0xED, 0xB4, 0xED, 0xD4, 0xED, 0xF4, 0xF5, 0x14, 0xF6, 0x34, 0xF6, 0x35, 0xEE, 0x34, 0xEE,
    0x34, 0xEE, 0x13, 0xEE, 0xF3, 0xE5, 0xD2, 0xE5, 0xB1, 0xE5, 0x91, 0xDD, 0x70, 0xD5, 0x2F, 0xD5,
    0xEE, 0xCC, 0xAD, 0xC4, 0x4C, 0xBC, 0xC9, 0xAB, 0x47, 0xA3, 0x05, 0x9B, 0x67, 0xA3, 0xA8, 0xAB,
    0xC9, 0xB3, 0x0A, 0xB4, 0x2B, 0xBC, 0x6C, 0xC4, 0x8C, 0xC4, 0xCD, 0xCC, 0xEE, 0xCC, 0x0E, 0xD5,
    0x2F, 0xD5, 0x2F, 0xD5, 0x50, 0xDD, 0x70, 0xDD, 0x90, 0xDD, 0x91, 0xDD, 0x91, 0xE5, 0xB1, 0xE5,
    0xB1, 0xE5, 0xD1, 0xE5, 0xD2, 0xE5, 0xF2, 0xE5, 0xF2, 0xE5, 0xF2, 0xE5, 0xF2, 0xED, 0xF2, 0xED,
    0xF2, 0xED, 0x12, 0xEE, 0x12, 0xEE, 0x13, 0xEE, 0x13, 0xEE, 0x13, 0xE6, 0x13, 0xE6, 0x33, 0xE6,
    0x13, 0xE6, 0xCD, 0xC4, 0x6A, 0xC4, 0xAB, 0xCC, 0x8B, 0xC4, 0xAB, 0xCC, 0xCC, 0xD4, 0x8B, 0xCC,
    0xC8, 0xB3, 0xC4, 0x92, 0xA9, 0x9B, 0x36, 0xD6, 0x5C, 0xE7, 0x5C, 0xE7, 0x5C, 0xE7, 0xA9, 0x9B,
    0xC9, 0x9B, 0xA9, 0x9B, 0x88, 0x93, 0x47, 0x93, 0x05, 0x8B, 0x06, 0x8B, 0x26, 0x8B, 0x47, 0x93,
    0x68, 0x93, 0x68, 0x93, 0x47, 0x93, 0x27, 0x8B, 0x06, 0x8B, 0x05, 0x8B, 0xE5, 0x8A, 0xE5, 0x8A,
    0x05, 0x8B, 0x06, 0x8B, 0xE5, 0x92, 0xE5, 0x92, 0xA5, 0x9A, 0xC6, 0xA2, 0xE7, 0xAA, 0x29, 0xB3,
    0x6A, 0xBB, 0xAB, 0xCB, 0xEC, 0xD3, 0x0D, 0xD4, 0x2E, 0xDC, 0x6F, 0xE4, 0x6F, 0xE4, 0xB0, 0xEC,
    0x6F, 0xE4, 0x6F, 0xEC, 0x4E, 0xEC, 0x8F, 0xEC, 0x11, 0xF5, 0x6F, 0xEC, 0x4E, 0xEC, 0x6F, 0xEC,
    0x8F, 0xF4, 0xB0, 0xF4, 0x90, 0xEC, 0xB0, 0xEC, 0xD0, 0xF4, 0xD0, 0xEC, 0xF1, 0xF4, 0x11, 0xF5,
    0x32, 0xF5, 0x32, 0xF5, 0x73, 0xF5, 0x94, 0xF5, 0xB5, 0xF5, 0xF5, 0xF5, 0x16, 0xF6, 0x16, 0xF6,
    0x37, 0xF6, 0x57, 0xF6, 0x36, 0xF6, 0x15, 0xF6, 0xD4, 0xF5, 0xB3, 0xED, 0xB3, 0xF5, 0xB3, 0xF5,
    0xD3, 0xF5, 0xF4, 0xF5, 0x14, 0xF6, 0x35, 0xF6, 0x55, 0xF6, 0x55, 0xEE, 0x54, 0xEE, 0x34, 0xEE,
    0x13, 0xEE, 0xF3, 0xE5, 0xD2, 0xE5, 0xB2, 0xE5, 0x91, 0xDD, 0x70, 0xDD, 0x50, 0xD5, 0x0F, 0xCD,
    0xCE, 0xC4, 0x6C, 0xBC, 0x0A, 0xB4, 0x67, 0xA3, 0x05, 0x9B, 0x66, 0xA3, 0xA8, 0xAB, 0xC9, 0xB3,
    0x0A, 0xBC, 0x4B, 0xBC, 0x6C, 0xC4, 0x8D, 0xC4, 0xCD, 0xCC, 0xEE, 0xCC, 0x0E, 0xD5, 0x2F, 0xD5,
    0x2F, 0xD5, 0x50, 0xDD, 0x70, 0xDD, 0x70, 0xDD, 0x91, 0xDD, 0x91, 0xE5, 0xB1, 0xE5, 0xB1, 0xE5,
    0xD1, 0xE5, 0xD2, 0xE5, 0xD2, 0xE5, 0xF2, 0xE5, 0xF2, 0xE5, 0xF2, 0xED, 0xF2, 0xED, 0xF2, 0xED,
    0x12, 0xEE, 0x12, 0xEE, 0x13, 0xE6, 0x13, 0xE6, 0x13, 0xE6, 0x13, 0xE6, 0x33, 0xE6, 0x0E, 0xCD,
    0x4A, 0xBC, 0x8B, 0xC4, 0x8B, 0xCC, 0x8B, 0xC4, 0xAB, 0xCC, 0xCC, 0xCC, 0x8B, 0xC4, 0xA8, 0xAB,
    0xE4, 0x92, 0x4C, 0xAC, 0x98, 0xDE, 0x5C, 0xE7, 0x5C, 0xE7, 0x3C, 0xE7, 0x88, 0x93, 0xA8, 0x9B,
    0x88, 0x93, 0x68, 0x93, 0x26, 0x8B, 0x05, 0x8B, 0xE5, 0x8A, 0x06, 0x8B, 0x27, 0x8B, 0x47, 0x93,
    0x68, 0x93, 0x67, 0x93, 0x47, 0x93, 0x26, 0x8B, 0x05, 0x8B, 0xE5, 0x8A, 0xE5, 0x82, 0xE5, 0x8A,
    0xE5, 0x8A, 0x05, 0x93, 0xE5, 0x92, 0xC5, 0x92, 0xA5, 0x9A, 0xC5, 0xA2, 0xE7, 0xAA, 0x28, 0xB3,
    0x6A, 0xC3, 0xAC, 0xCB, 0xCC, 0xD3, 0x0D, 0xDC, 0x4E, 0xDC, 0x6F, 0xE4, 0x8F, 0xE4, 0x8F, 0xEC,
    0x8F, 0xEC, 0x6F, 0xEC, 0x90, 0xEC, 0x12, 0xF5, 0x90, 0xEC, 0x4E, 0xEC, 0x6F, 0xF4, 0x90, 0xEC,
    0xB0, 0xEC, 0xB0, 0xEC, 0xD0, 0xEC, 0x32, 0xF5, 0x32, 0xF5, 0x73, 0xF5, 0x73, 0xF5, 0xB4, 0xF5,
    0xB4, 0xF5, 0xF5, 0xF5, 0x15, 0xFE, 0x36, 0xF6, 0x36, 0xF6, 0x16, 0xF6, 0x16, 0xF6, 0x15, 0xF6,
    0xF5, 0xF5, 0xB4, 0xF5, 0xB3, 0xF5, 0x93, 0xF5, 0x92, 0xF5, 0xB3, 0xF5, 0xD3, 0xF5, 0xF4, 0xF5,
    0x34, 0xF6, 0x55, 0xF6, 0x55, 0xF6, 0x55, 0xEE, 0x54, 0xEE, 0x34, 0xEE, 0x34, 0xEE, 0x13, 0xEE,
    0xF2, 0xED, 0xF2, 0xE5, 0xB1, 0xE5, 0x91, 0xDD, 0x90, 0xDD, 0x50, 0xD5, 0x2F, 0xD5, 0xCE, 0xC4,
    0x8D, 0xBC, 0x0B, 0xB4, 0x88, 0xA3, 0x25, 0x9B, 0x46, 0xA3, 0xC8, 0xAB, 0xE9, 0xB3, 0x2A, 0xBC,
    0x4B, 0xBC, 0x6C, 0xC4, 0x8D, 0xC4, 0xCD, 0xCC, 0xEE, 0xCC, 0x0E, 0xD5, 0x2F, 0xD5, 0x2F, 0xD5,
    0x50, 0xDD, 0x70, 0xDD, 0x70, 0xDD, 0x91, 0xDD, 0x91, 0xE5, 0xB1, 0xE5, 0xB1, 0xE5, 0xD1, 0xE5,
    0xD2, 0xE5, 0xD2, 0xE5, 0xF2, 0xE5, 0xF2, 0xE5, 0xF2, 0xE5, 0xF2, 0xE5, 0xF2, 0xE5, 0xF2, 0xE5,
    0xF2, 0xE5, 0xF2, 0xE5, 0x13, 0xE6, 0x13, 0xE6, 0x33, 0xE6, 0x4F, 0xD5, 0x4A, 0xBC, 0x4A, 0xC4,
    0x6A, 0xC4, 0x6B, 0xC4, 0x8B, 0xC4, 0xCC, 0xCC, 0xCC, 0xCC, 0x4A, 0xC4, 0x66, 0xA3, 0x05, 0x93,
    0xEF, 0xBC, 0xB9, 0xDE, 0x3C, 0xE7, 0x5C, 0xE7, 0x3B, 0xE7, 0x67, 0x93, 0x68, 0x93, 0x68, 0x93,
    0x67, 0x93, 0x26, 0x8B, 0x05, 0x8B, 0xE5, 0x82, 0x05, 0x8B, 0x26, 0x8B, 0x47, 0x93, 0x67, 0x93,
    0x68, 0x93, 0x47, 0x93, 0x46, 0x8B, 0x06, 0x8B, 0xE5, 0x8A, 0xE5, 0x82, 0xE5, 0x8A, 0xE5, 0x8A,
    0xE5, 0x8A, 0x05, 0x93, 0xE5, 0x92, 0xC5, 0x9A, 0x84, 0x9A, 0xA5, 0xA2, 0xE6, 0xAA, 0x08, 0xBB,
    0x4A, 0xC3, 0x8B, 0xCB, 0xCC, 0xD3, 0xED, 0xDB, 0x2E, 0xDC, 0x4E, 0xE4, 0x4E, 0xE4, 0x6F, 0xE4,
    0x6F, 0xEC, 0x6F, 0xEC, 0xB0, 0xEC, 0x8F, 0xEC, 0x4E, 0xEC, 0x6F, 0xEC, 0x8F, 0xEC, 0xB0, 0xEC,
    0x8F, 0xEC, 0xD0, 0xF4, 0x12, 0xF5, 0x32, 0xF5, 0x72, 0xF5, 0x93, 0xF5, 0x94, 0xF5, 0xD5, 0xF5,
    0x15, 0xF6, 0x16, 0xF6, 0x16, 0xF6, 0x15, 0xF6, 0xF5, 0xF5, 0xB4, 0xF5, 0x93, 0xF5, 0x72, 0xF5,
    0x92, 0xF5, 0x92, 0xF5, 0x92, 0xF5, 0xB3, 0xF5, 0xF3, 0xF5, 0x14, 0xF6, 0x34, 0xF6, 0x55, 0xF6,
    0x55, 0xF6, 0x55, 0xEE, 0x54, 0xEE, 0x54, 0xEE, 0x34, 0xEE, 0x13, 0xEE, 0x13, 0xEE, 0xF2, 0xED,
    0xF2, 0xE5, 0xD1, 0xE5, 0xB1, 0xE5, 0x90, 0xDD, 0x70, 0xDD, 0x2F, 0xD5, 0xEE, 0xCC, 0xAD, 0xC4,
    0x2B, 0xB4, 0xA8, 0xAB, 0x26, 0x9B, 0x46, 0xA3, 0xA8, 0xAB, 0xE9, 0xB3, 0x2A, 0xBC, 0x4B, 0xBC,
    0x6C, 0xC4, 0xAD, 0xC4, 0xCD, 0xCC, 0xEE, 0xCC, 0x0E, 0xD5, 0x2F, 0xD5, 0x4F, 0xD5, 0x50, 0xDD,
    0x70, 0xDD, 0x90, 0xDD, 0x91, 0xDD, 0xB1, 0xDD, 0xB1, 0xE5, 0xB1, 0xE5, 0xD2, 0xE5, 0xD2, 0xE5,
    0xD2, 0xE5, 0xF2, 0xE5, 0xF2, 0xE5, 0xF2, 0xE5, 0xF2, 0xE5, 0xF2, 0xE5, 0xF2, 0xE5, 0xF2, 0xE5,
    0xF2, 0xE5, 0x13, 0xE6, 0x13, 0xE6, 0x4F, 0xD5, 0x6B, 0xC4, 0x4A, 0xC4, 0x4A, 0xC4, 0x6A, 0xC4,
    0x6A, 0xBC, 0x8B, 0xC4, 0xCC, 0xCC, 0x8B, 0xCC, 0x09, 0xBC, 0x25, 0x9B, 0x67, 0x9B, 0xB3, 0xCD,
    0xDA, 0xDE, 0x1B, 0xE7, 0x3B, 0xE7, 0x3C, 0xE7, 0x68, 0x8B, 0x67, 0x8B, 0x47, 0x8B, 0x47, 0x8B,
    0x26, 0x8B, 0x05, 0x8B, 0xE5, 0x82, 0xE5, 0x8A, 0x06, 0x8B, 0x27, 0x8B, 0x47, 0x93, 0x68, 0x93,
    0x68, 0x93, 0x47, 0x93, 0x26, 0x8B, 0x06, 0x8B, 0x05, 0x8B, 0xE5, 0x82, 0xE5, 0x82, 0xE5, 0x82,
    0xE5, 0x8A, 0x05, 0x93, 0xE5, 0x92, 0xC5, 0x92, 0xA4, 0x9A, 0xA5, 0xA2, 0xC6, 0xAA, 0x08, 0xBB,
    0x49, 0xC3, 0x8B, 0xCB, 0xAB, 0xD3, 0xEC, 0xDB, 0x0D, 0xDC, 0x2E, 0xE4, 0x2E, 0xE4, 0x2E, 0xE4,
    0x4E, 0xE4, 0x4E, 0xE4, 0x2E, 0xE4, 0x2E, 0xEC, 0x2E, 0xEC, 0x6F, 0xEC, 0x6F, 0xEC, 0x8F, 0xEC,
    0xB0, 0xEC, 0xB0, 0xF4, 0xF1, 0xF4, 0xF1, 0xF4, 0x32, 0xF5, 0x53, 0xF5, 0x93, 0xF5, 0xD4, 0xF5,
    0xB4, 0xF5, 0x93, 0xF5, 0x93, 0xF5, 0x72, 0xF5, 0x72, 0xF5, 0x51, 0xF5, 0x51, 0xF5, 0x72, 0xF5,
    0x92, 0xF5, 0xD3, 0xF5, 0xF3, 0xF5, 0x14, 0xF6, 0x34, 0xF6, 0x55, 0xF6, 0x55, 0xF6, 0x55, 0xF6,
    0x54, 0xEE, 0x54, 0xEE, 0x54, 0xEE, 0x33, 0xEE, 0x13, 0xEE, 0x13, 0xEE, 0xF2, 0xED, 0xF2, 0xE5,
    0xD2, 0xE5, 0xB1, 0xE5, 0x91, 0xDD, 0x70, 0xDD, 0x50, 0xD5, 0x0F, 0xCD, 0xAD, 0xC4, 0x4B, 0xBC,
    0xC8, 0xAB, 0x66, 0xA3, 0x67, 0xA3, 0xC8, 0xAB, 0x0A, 0xB4, 0x2A, 0xBC, 0x4B, 0xBC, 0x6C, 0xC4,
    0xAD, 0xC4, 0xCD, 0xCC, 0xEE, 0xCC, 0x0E, 0xD5, 0x2F, 0xD5, 0x4F, 0xD5, 0x50, 0xDD, 0x70, 0xDD,
    0x90, 0xDD, 0x91, 0xDD, 0xB1, 0xDD, 0xB1, 0xE5, 0xB1, 0xE5, 0xD1, 0xE5, 0xD2, 0xE5, 0xD2, 0xE5,
    0xF2, 0xE5, 0xF2, 0xE5, 0xF2, 0xE5, 0xF2, 0xE5, 0xF2, 0xE5, 0xF2, 0xE5, 0xF2, 0xE5, 0xF3, 0xE5,
    0x13, 0xE6, 0x70, 0xD5, 0x8C, 0xC4, 0x6A, 0xC4, 0x4A, 0xBC, 0x4A, 0xC4, 0x4A, 0xBC, 0x4A, 0xBC,
    0xAB, 0xCC, 0xAB, 0xCC, 0x6A, 0xC4, 0xA7, 0xAB, 0xC4, 0x92, 0x6D, 0xAC, 0x77, 0xD6, 0xD9, 0xDE,
    0xFA, 0xDE, 0x3B, 0xE7, 0x5C, 0xE7, 0x27, 0x83, 0x68, 0x8B, 0x47, 0x8B, 0x47, 0x8B, 0x26, 0x8B,
    0x05, 0x83, 0xE5, 0x82, 0xE5, 0x8A, 0x06, 0x8B, 0x26, 0x8B, 0x47, 0x93, 0x68, 0x93, 0x68, 0x93,
    0x68, 0x93, 0x47, 0x93, 0x26, 0x8B, 0x26, 0x8B, 0x05, 0x8B, 0xE5, 0x82, 0xE5, 0x8A, 0x06, 0x8B,
    0x05, 0x8B, 0x06, 0x93, 0x06, 0x93, 0xC5, 0x9A, 0xA5, 0x9A, 0xA5, 0xA2, 0xC6, 0xB2, 0x07, 0xBB,
    0x49, 0xC3, 0x8A, 0xCB, 0xAB, 0xD3, 0xEC, 0xDB, 0x0D, 0xDC, 0x2E, 0xE4, 0x2D, 0xE4, 0x2D, 0xE4,
    0x2D, 0xE4, 0x0D, 0xE4, 0x0D, 0xE4, 0x2E, 0xEC, 0x4E, 0xEC, 0x6E, 0xEC, 0x6E, 0xEC, 0x6F, 0xEC,
    0x8F, 0xEC, 0xB0, 0xEC, 0xD0, 0xEC, 0xF0, 0xF4, 0x11, 0xF5, 0x31, 0xF5, 0x31, 0xF5, 0x31, 0xF5,
    0x31, 0xF5, 0x31, 0xED, 0x31, 0xED, 0x51, 0xED, 0x51, 0xED, 0x72, 0xF5, 0xB2, 0xF5, 0xD3, 0xF5,
    0x14, 0xF6, 0x34, 0xF6, 0x54, 0xF6, 0x54, 0xF6, 0x54, 0xF6, 0x54, 0xF6, 0x54, 0xF6, 0x54, 0xEE,
    0x34, 0xEE, 0x33, 0xEE, 0x33, 0xEE, 0x13, 0xEE, 0x13, 0xEE, 0xF2, 0xED, 0xF2, 0xE5, 0xD2, 0xE5,
    0xB1, 0xE5, 0x91, 0xE5, 0x70, 0xDD, 0x50, 0xD5, 0x0F, 0xD5, 0xCD, 0xC4, 0x6B, 0xBC, 0xC9, 0xAB,
    0x87, 0xA3, 0x87, 0xAB, 0xC9, 0xB3, 0x2A, 0xBC, 0x4B, 0xBC, 0x6C, 0xC4, 0x8C, 0xC4, 0xAD, 0xC4,
    0xCD, 0xCC, 0xEE, 0xCC, 0x0E, 0xD5, 0x2F, 0xD5, 0x4F, 0xD5, 0x70, 0xDD, 0x70, 0xDD, 0x90, 0xDD,
    0x91, 0xDD, 0xB1, 0xDD, 0xB1, 0xE5, 0xB1, 0xE5, 0xD2, 0xE5, 0xD2, 0xE5, 0xD2, 0xE5, 0xD2, 0xE5,
    0xD2, 0xE5, 0xF2, 0xE5, 0xF2, 0xE5, 0xF2, 0xE5, 0xF2, 0xE5, 0xF2, 0xE5, 0xF3, 0xE5, 0x70, 0xD5,
    0xAC, 0xC4, 0x8B, 0xC4, 0x4A, 0xC4, 0x49, 0xBC, 0x29, 0xBC, 0x2A, 0xBC, 0x6B, 0xC4, 0xAB, 0xCC,
    0x8B, 0xCC, 0x09, 0xBC, 0x05, 0x9B, 0xCA, 0x9B, 0xF5, 0xCD, 0xD9, 0xDE, 0xFA, 0xDE, 0x1B, 0xE7,
    0x5C, 0xE7, 0x5C, 0xEF, 0xA5, 0x6A, 0x07, 0x7B, 0x48, 0x8B, 0x47, 0x8B, 0x26, 0x8B, 0x05, 0x83,
    0xE5, 0x82, 0xE5, 0x82, 0x05, 0x8B, 0x26, 0x8B, 0x27, 0x8B, 0x47, 0x93, 0x68, 0x93, 0x68, 0x93,
    0x68, 0x93, 0x47, 0x93, 0x26, 0x8B, 0x06, 0x8B, 0x05, 0x8B, 0xE5, 0x82, 0x06, 0x8B, 0x06, 0x8B,
    0x06, 0x8B, 0x06, 0x8B, 0x06, 0x93, 0xE5, 0x9A, 0xC5, 0xA2, 0xC6, 0xAA, 0xE6, 0xB2, 0x07, 0xBB,
    0x29, 0xC3, 0x8A, 0xCB, 0xAB, 0xD3, 0xEC, 0xDB, 0x0D, 0xDC, 0x2E, 0xE4, 0x2D, 0xE4, 0x0D, 0xE4,
    0x0D, 0xE4, 0x0D, 0xE4, 0x2D, 0xE4, 0x4E, 0xEC, 0x4E, 0xEC, 0x6E, 0xEC, 0x6E, 0xEC, 0x6F, 0xEC,
    0xAF, 0xEC, 0xD0, 0xEC, 0xD0, 0xEC, 0xF0, 0xEC, 0xF0, 0xEC, 0xF0, 0xEC, 0x10, 0xED, 0x31, 0xED,
    0x31, 0xED, 0x51, 0xED, 0x72, 0xED, 0xB2, 0xF5, 0xD3, 0xF5, 0x14, 0xF6, 0x34, 0xF6, 0x34, 0xF6,
    0x54, 0xF6, 0x54, 0xF6, 0x54, 0xEE, 0x54, 0xEE, 0x54, 0xF6, 0x54, 0xEE, 0x34, 0xEE, 0x33, 0xEE,
    0x33, 0xEE, 0x13, 0xEE, 0x13, 0xEE, 0xF2, 0xED, 0xF2, 0xED, 0xF2, 0xED, 0xD2, 0xE5, 0xB1, 0xE5,
    0xB1, 0xE5, 0x90, 0xDD, 0x50, 0xDD, 0x2F, 0xD5, 0xCE, 0xCC, 0x6C, 0xBC, 0xE9, 0xB3, 0xA8, 0xAB,
    0xC8, 0xAB, 0xE9, 0xB3, 0x2A, 0xBC, 0x4B, 0xBC, 0x8C, 0xC4, 0x8C, 0xC4, 0xAD, 0xC4, 0xCD, 0xCC,
    0xEE, 0xCC, 0x0E, 0xD5, 0x2F, 0xD5, 0x4F, 0xD5, 0x70, 0xDD, 0x70, 0xDD, 0x90, 0xDD, 0x91, 0xDD,
    0xB1, 0xDD, 0xB1, 0xDD, 0xB1, 0xE5, 0xD2, 0xE5, 0xD2, 0xE5, 0xD2, 0xE5, 0xD2, 0xE5, 0xD2, 0xE5,
    0xD2, 0xE5, 0xD2, 0xE5, 0xD2, 0xDD, 0xD2, 0xDD, 0xF2, 0xE5, 0x50, 0xD5, 0xAC, 0xC4, 0xAB, 0xCC,
    0x8B, 0xC4, 0x4A, 0xBC, 0x29, 0xBC, 0x29, 0xBC, 0x2A, 0xBC, 0x8B, 0xC4, 0x8B, 0xCC, 0x4A, 0xC4,
    0x46, 0xA3, 0xA9, 0x9B, 0xD5, 0xCD, 0xB9, 0xDE, 0xFA, 0xDE, 0x3B, 0xE7, 0x5C, 0xEF, 0x7D, 0xEF,
    0x7D, 0xEF, 0x85, 0x62, 0x85, 0x62, 0x07, 0x7B, 0x47, 0x8B, 0x26, 0x83, 0x05, 0x83, 0xE5, 0x82,
    0xE4, 0x82, 0xE5, 0x8A, 0x06, 0x8B, 0x26, 0x8B, 0x47, 0x93, 0x68, 0x93, 0x68, 0x93, 0x68, 0x93,
    0x68, 0x93, 0x47, 0x93, 0x26, 0x8B, 0x26, 0x8B, 0xE5, 0x8A, 0xE5, 0x8A, 0x05, 0x8B, 0x06, 0x8B,
    0x26, 0x8B, 0x26, 0x93, 0x26, 0x9B, 0x26, 0x9B, 0x06, 0xA3, 0xE6, 0xAA, 0xE6, 0xAA, 0x07, 0xBB,
    0x49, 0xC3, 0x6A, 0xCB, 0xCB, 0xD3, 0xEC, 0xD3, 0x0D, 0xDC, 0x2D, 0xDC, 0x0D, 0xDC, 0x0D, 0xDC,
    0x0D, 0xDC, 0x2D, 0xE4, 0x2E, 0xE4, 0x4E, 0xE4, 0x4E, 0xE4, 0x6E, 0xEC, 0x6E, 0xE4, 0x8F, 0xEC,
    0xAF, 0xEC, 0xAF, 0xEC, 0xCF, 0xEC, 0xF0, 0xEC, 0xF0, 0xEC, 0x10, 0xED, 0x31, 0xED, 0x71, 0xED,
    0x92, 0xED, 0xB3, 0xED, 0xF3, 0xED, 0x14, 0xF6, 0x34, 0xF6, 0x34, 0xEE, 0x54, 0xEE, 0x54, 0xEE,
    0x54, 0xEE, 0x54, 0xEE, 0x54, 0xEE, 0x34, 0xEE, 0x33, 0xEE, 0x33, 0xEE, 0x33, 0xEE, 0x33, 0xEE,
    0x13, 0xEE, 0x12, 0xEE, 0xF2, 0xED, 0xF2, 0xED, 0xF2, 0xED, 0xD2, 0xE5, 0xD1, 0xE5, 0xB1, 0xE5,
    0x90, 0xDD, 0x70, 0xDD, 0x2F, 0xD5, 0xEE, 0xCC, 0x8C, 0xC4, 0x0A, 0xB4, 0xC9, 0xB3, 0xE9, 0xB3,
    0x0A, 0xB4, 0x4B, 0xBC, 0x6B, 0xC4, 0x8C, 0xC4, 0xAD, 0xC4, 0xCD, 0xCC, 0xCE, 0xCC, 0xEE, 0xCC,
    0x0F, 0xD5, 0x2F, 0xD5, 0x4F, 0xD5, 0x70, 0xD5, 0x70, 0xDD, 0x90, 0xDD, 0x91, 0xDD, 0xB1, 0xDD,
    0xB1, 0xDD, 0xB1, 0xDD, 0xD1, 0xE5, 0xD1, 0xE5, 0xD2, 0xE5, 0xD2, 0xE5, 0xD2, 0xE5, 0xD2, 0xDD,
    0xD2, 0xDD, 0xD2, 0xDD, 0xD2, 0xDD, 0x4F, 0xD5, 0xAC, 0xC4, 0xAC, 0xC4, 0xAB, 0xC4, 0x6A, 0xC4,
    0x29, 0xBC, 0x09, 0xBC, 0x09, 0xB4, 0x2A, 0xBC, 0x6B, 0xC4, 0x6A, 0xC4, 0x87, 0xA3, 0x68, 0x93,
    0xB3, 0xC5, 0xFA, 0xE6, 0x1B, 0xDF, 0x1B, 0xE7, 0x7D, 0xEF, 0x7D, 0xEF, 0x9D, 0xEF, 0x9D, 0xEF,
    0x86, 0x62, 0x85, 0x62, 0x65, 0x62, 0xE6, 0x7A, 0x47, 0x8B, 0x06, 0x83, 0xE5, 0x82, 0xE5, 0x82,
    0xE5, 0x82, 0x05, 0x8B, 0x26, 0x8B, 0x47, 0x93, 0x68, 0x93, 0x88, 0x93, 0x88, 0x93, 0x68, 0x93,
    0x67, 0x93, 0x47, 0x93, 0x26, 0x93, 0x26, 0x8B, 0x05, 0x8B, 0x05, 0x8B, 0x26, 0x8B, 0x26, 0x93,
    0x47, 0x93, 0x47, 0x93, 0x47, 0x93, 0x47, 0x9B, 0x47, 0xA3, 0x47, 0xA3, 0x27, 0xAB, 0x27, 0xB3,
    0x48, 0xBB, 0x8A, 0xC3, 0xCB, 0xCB, 0xEC, 0xD3, 0x0C, 0xD4, 0x0C, 0xD4, 0x2D, 0xD4, 0x2D, 0xDC,
    0x2D, 0xDC, 0x4D, 0xDC, 0x4E, 0xDC, 0x6E, 0xE4, 0x8E, 0xE4, 0x8E, 0xE4, 0xAF, 0xE4, 0xCF, 0xE4,
    0xF0, 0xE4, 0xF0, 0xEC, 0x10, 0xED, 0x51, 0xED, 0x92, 0xED, 0x92, 0xED, 0xB2, 0xED, 0xD3, 0xED,
    0xF3, 0xED, 0x14, 0xEE, 0x34, 0xEE, 0x34, 0xEE, 0x54, 0xEE, 0x54, 0xEE, 0x54, 0xEE, 0x54, 0xEE,
    0x54, 0xEE, 0x33, 0xEE, 0x33, 0xEE, 0x33, 0xEE, 0x13, 0xEE, 0x13, 0xEE, 0x13, 0xEE, 0x13, 0xEE,
    0x12, 0xEE, 0x12, 0xEE, 0xF2, 0xED, 0xF2, 0xED, 0xD2, 0xE5, 0xD1, 0xE5, 0xB1, 0xE5, 0x91, 0xDD,
    0x70, 0xDD, 0x2F, 0xD5, 0xEE, 0xCC, 0x8C, 0xC4, 0x4B, 0xBC, 0x0A, 0xB4, 0x0A, 0xB4, 0x2A, 0xBC,
    0x6B, 0xBC, 0x8C, 0xC4, 0x8C, 0xC4, 0xAD, 0xC4, 0xCD, 0xCC, 0xEE, 0xCC, 0x0E, 0xCD, 0x2F, 0xD5,
    0x2F, 0xD5, 0x50, 0xD5, 0x70, 0xD5, 0x70, 0xDD, 0x90, 0xDD, 0x91, 0xDD, 0xB1, 0xDD, 0xB1, 0xDD,
    0xB1, 0xDD, 0xB1, 0xDD, 0xB1, 0xDD, 0xB1, 0xDD, 0xD1, 0xDD, 0xB1, 0xDD, 0xB1, 0xDD, 0xD2, 0xDD,
    0xB1, 0xDD, 0x4F, 0xD5, 0xAC, 0xC4, 0xAC, 0xC4, 0xAC, 0xCC, 0x8B, 0xC4, 0x2A, 0xBC, 0x09, 0xB4,
    0x09, 0xB4, 0x09, 0xB4, 0x4A, 0xBC, 0x4A, 0xC4, 0x87, 0xA3, 0x47, 0x93, 0x72, 0xBD, 0xFA, 0xDE,
    0x3C, 0xE7, 0x5C, 0xE7, 0x3C, 0xE7, 0x7D, 0xEF, 0x9D, 0xEF, 0x9E, 0xF7, 0x9E, 0xEF, 0x86, 0x62,
    0x65, 0x62, 0x65, 0x62, 0x65, 0x62, 0x07, 0x7B, 0x47, 0x8B, 0xE5, 0x82, 0xE5, 0x82, 0xE5, 0x82,
    0x05, 0x8B, 0x06, 0x8B, 0x47, 0x8B, 0x68, 0x93, 0x88, 0x93, 0x88, 0x9B, 0x88, 0x9B, 0x88, 0x9B,
    0x68, 0x93, 0x47, 0x93, 0x46, 0x93, 0x26, 0x8B, 0x05, 0x8B, 0x26, 0x8B, 0x26, 0x8B, 0x47, 0x93,
    0x47, 0x93, 0x67, 0x9B, 0x68, 0x9B, 0x68, 0x9B, 0x68, 0xA3, 0x68, 0xA3, 0x68, 0xAB, 0x88, 0xB3,
    0x89, 0xB3, 0xAA, 0xC3, 0xCA, 0xC3, 0xEB, 0xCB, 0xEB, 0xCB, 0x2C, 0xD4, 0x2C, 0xD4, 0x4D, 0xD4,
    0x6D, 0xDC, 0x6D, 0xDC, 0x8E, 0xDC, 0x8E, 0xDC, 0xAF, 0xE4, 0xCF, 0xDC, 0xCF, 0xE4, 0x10, 0xE5,
    0x30, 0xE5, 0x51, 0xE5, 0x71, 0xE5, 0x92, 0xE5, 0xB2, 0xED, 0xD3, 0xED, 0xF3, 0xED, 0x13, 0xEE,
    0x14, 0xEE, 0x34, 0xEE, 0x34, 0xEE, 0x34, 0xEE, 0x34, 0xEE, 0x33, 0xEE, 0x33, 0xEE, 0x33, 0xEE,
    0x33, 0xEE, 0x33, 0xEE, 0x13, 0xEE, 0x13, 0xEE, 0x13, 0xEE, 0x13, 0xEE, 0x12, 0xEE, 0x12, 0xEE,
    0x12, 0xEE, 0xF2, 0xED, 0xF2, 0xED, 0xF2, 0xED, 0xD1, 0xE5, 0xB1, 0xE5, 0xB1, 0xE5, 0x70, 0xDD,
    0x4F, 0xD5, 0x0E, 0xCD, 0xAD, 0xC4, 0x6B, 0xBC, 0x2A, 0xBC, 0x2A, 0xBC, 0x4B, 0xBC, 0x6C, 0xC4,
    0x8C, 0xC4, 0xAD, 0xC4, 0xCD, 0xCC, 0xEE, 0xCC, 0xEE, 0xCC, 0x0E, 0xCD, 0x2F, 0xD5, 0x4F, 0xD5,
    0x50, 0xD5, 0x70, 0xD5, 0x70, 0xDD, 0x91, 0xDD, 0x91, 0xDD, 0xB1, 0xDD, 0xB1, 0xDD, 0xB1, 0xDD,
    0xB1, 0xDD, 0xB1, 0xDD, 0xB1, 0xDD, 0xB1, 0xDD, 0xB1, 0xD5, 0xB1, 0xD5, 0xB1, 0xDD, 0x2F, 0xD5,
    0xCC, 0xCC, 0xAC, 0xC4, 0xAC, 0xCC, 0xAC, 0xCC, 0x6A, 0xBC, 0x09, 0xB4, 0xE9, 0xB3, 0xE9, 0xAB,
    0x0A, 0xB4, 0x2A, 0xBC, 0x87, 0xA3, 0x06, 0x8B, 0x11, 0xB5, 0xDA, 0xDE, 0x3B, 0xE7, 0x5C, 0xE7,
    0x7D, 0xEF, 0x5C, 0xE7, 0x7D, 0xEF, 0x9E, 0xF7, 0xBE, 0xF7, 0xBE, 0xF7, 0x86, 0x62, 0x65, 0x62,
    0x45, 0x5A, 0x24, 0x5A, 0x24, 0x5A, 0x06, 0x7B, 0x26, 0x83, 0xE5, 0x82, 0xE5, 0x82, 0xE5, 0x82,
    0x05, 0x8B, 0x26, 0x8B, 0x67, 0x93, 0x68, 0x93, 0x88, 0x9B, 0x89, 0x9B, 0x89, 0x9B, 0x88, 0x9B,
    0x68, 0x9B, 0x67, 0x93, 0x47, 0x93, 0x26, 0x93, 0x26, 0x8B, 0x26, 0x8B, 0x46, 0x93, 0x67, 0x93,
    0x88, 0x9B, 0x88, 0x9B, 0xA8, 0x9B, 0xA9, 0xA3, 0xA9, 0xA3, 0xCA, 0xAB, 0xCA, 0xAB, 0xC9, 0xB3,
    0xC9, 0xB3, 0xCA, 0xB3, 0xCA, 0xBB, 0xEA, 0xBB, 0x0B, 0xC4, 0x0B, 0xC4, 0x2B, 0xCC, 0x2C, 0xCC,
    0x4C, 0xCC, 0x6D, 0xD4, 0x8D, 0xD4, 0xAE, 0xD4, 0xCF, 0xDC, 0x0F, 0xDD, 0x10, 0xDD, 0x30, 0xDD,
    0x51, 0xDD, 0x91, 0xE5, 0xB2, 0xE5, 0xD3, 0xE5, 0xF3, 0xED, 0xF3, 0xED, 0x13, 0xEE, 0x13, 0xEE,
    0x13, 0xEE, 0x13, 0xEE, 0x13, 0xEE, 0x13, 0xEE, 0x13, 0xEE, 0x13, 0xEE, 0x13, 0xEE, 0x13, 0xEE,
    0x13, 0xEE, 0x13, 0xEE, 0x13, 0xEE, 0x13, 0xEE, 0x12, 0xEE, 0x12, 0xEE, 0x12, 0xEE, 0xF2, 0xED,
    0xF2, 0xED, 0xF2, 0xED, 0xF2, 0xED, 0xD1, 0xED, 0xD1, 0xE5, 0xB1, 0xE5, 0x90, 0xDD, 0x4F, 0xDD,
    0x0E, 0xD5, 0xCD, 0xCC, 0x8C, 0xC4, 0x4B, 0xBC, 0x4B, 0xBC, 0x6B, 0xBC, 0x8C, 0xC4, 0xAC, 0xC4,
    0xCD, 0xC4, 0xCE, 0xCC, 0xEE, 0xCC, 0x0E, 0xCD, 0x2F, 0xD5, 0x2F, 0xD5, 0x50, 0xD5, 0x70, 0xD5,
    0x70, 0xD5, 0x70, 0xDD, 0x90, 0xDD, 0x91, 0xDD, 0x91, 0xDD, 0x91, 0xDD, 0x91, 0xDD, 0x91, 0xDD,
    0x91, 0xD5, 0x91, 0xD5, 0x91, 0xD5, 0x91, 0xD5, 0x90, 0xD5, 0x2E, 0xD5, 0xCD, 0xCC, 0xAC, 0xCC,
    0xAC, 0xCC, 0xCC, 0xCC, 0x8B, 0xC4, 0x2A, 0xBC, 0xE9, 0xB3, 0xC8, 0xAB, 0xE9, 0xAB, 0x09, 0xB4,
    0xA7, 0xAB, 0xC5, 0x8A, 0xAF, 0xAC, 0xD9, 0xDE, 0x3B, 0xE7, 0x5C, 0xE7, 0x7D, 0xEF, 0x7D, 0xEF,
    0x7D, 0xEF, 0x5D, 0xEF, 0x9E, 0xEF, 0x9E, 0xF7, 0x9D, 0xF7, 0x86, 0x62, 0x65, 0x62, 0x45, 0x5A,
    0x24, 0x52, 0xE3, 0x51, 0x03, 0x5A, 0x07, 0x7B, 0x06, 0x83, 0xE5, 0x82, 0xE5, 0x82, 0x05, 0x8B,
    0x26, 0x8B, 0x47, 0x93, 0x68, 0x93, 0x88, 0x9B, 0xA9, 0x9B, 0xA9, 0x9B, 0xA9, 0x9B, 0xA9, 0x9B,
    0x88, 0x9B, 0x68, 0x9B, 0x67, 0x93, 0x47, 0x93, 0x46, 0x93, 0x26, 0x93, 0x47, 0x93, 0x67, 0x93,
    0x88, 0x9B, 0xA8, 0x9B, 0xA9, 0x9B, 0xC9, 0xA3, 0xCA, 0xA3, 0xEA, 0xA3, 0xCA, 0xA3, 0xEA, 0xAB,
    0xEA, 0xAB, 0xCA, 0xAB, 0xC9, 0xB3, 0xC9, 0xB3, 0xE9, 0xB3, 0xEA, 0xBB, 0xEA, 0xBB, 0xEA, 0xBB,
    0x0B, 0xBC, 0x2B, 0xC4, 0x6C, 0xC4, 0x8D, 0xC4, 0xCE, 0xCC, 0x0F, 0xD5, 0x50, 0xDD, 0x71, 0xDD,
    0x91, 0xDD, 0xB2, 0xE5, 0xD2, 0xE5, 0xD2, 0xE5, 0xF3, 0xE5, 0xF3, 0xE5, 0xF3, 0xED, 0xF3, 0xED,
    0x13, 0xEE, 0x13, 0xEE, 0x13, 0xEE, 0x13, 0xEE, 0x13, 0xEE, 0x13, 0xEE, 0x13, 0xEE, 0x13, 0xEE,
    0x13, 0xEE, 0x13, 0xEE, 0x12, 0xEE, 0x12, 0xEE, 0x12, 0xEE, 0x12, 0xEE, 0x12, 0xEE, 0xF2, 0xED,
    0xF2, 0xED, 0xF2, 0xED, 0xD2, 0xED, 0xD1, 0xE5, 0xB1, 0xE5, 0x90, 0xDD, 0x4F, 0xDD, 0x2E, 0xD5,
    0xED, 0xCC, 0xAC, 0xC4, 0x6C, 0xC4, 0x6C, 0xC4, 0x8C, 0xC4, 0xAC, 0xC4, 0xCD, 0xC4, 0xCD, 0xCC,
    0xEE, 0xCC, 0x0E, 0xCD, 0x0F, 0xCD, 0x2F, 0xD5, 0x4F, 0xD5, 0x50, 0xD5, 0x70, 0xD5, 0x70, 0xD5,
    0x70, 0xD5, 0x70, 0xD5, 0x90, 0xDD, 0x90, 0xD5, 0x91, 0xD5, 0x90, 0xD5, 0x70, 0xD5, 0x70, 0xD5,
    0x70, 0xD5, 0x70, 0xD5, 0x4F, 0xD5, 0x2E, 0xD5, 0xED, 0xCC, 0xAC, 0xCC, 0xAC, 0xCC, 0xAC, 0xCC,
    0xAC, 0xCC, 0x6B, 0xBC, 0xE9, 0xB3, 0xA8, 0xAB, 0xA8, 0xA3, 0xC9, 0xAB, 0xA8, 0xAB, 0xA4, 0x8A,
    0x0C, 0xA4, 0xB9, 0xDE, 0x1B, 0xE7, 0x3C, 0xE7, 0x5C, 0xE7, 0x5C, 0xEF, 0x7D, 0xEF, 0x7D, 0xEF,
    0x5D, 0xEF, 0x7D, 0xEF, 0x9D, 0xEF, 0x9D, 0xEF, 0x85, 0x62, 0x65, 0x62, 0x24, 0x5A, 0x04, 0x52,
    0xC3, 0x49, 0xA2, 0x41, 0x24, 0x5A, 0x27, 0x83, 0x06, 0x83, 0xE5, 0x82, 0x05, 0x8B, 0x05, 0x8B,
    0x47, 0x93, 0x67, 0x93, 0x88, 0x9B, 0xA9, 0x9B, 0xA9, 0x9B, 0xA9, 0x9B, 0xA9, 0x9B, 0xA9, 0x9B,
    0x89, 0x9B, 0x88, 0x9B, 0x68, 0x9B, 0x67, 0x93, 0x67, 0x93, 0x67, 0x93, 0x67, 0x93, 0x88, 0x9B,
    0xA8, 0x9B, 0xA9, 0x9B, 0xC9, 0xA3, 0xEA, 0xA3, 0x0A, 0xA4, 0x0B, 0xAC, 0x0B, 0xAC, 0x0B, 0xAC,
    0x2B, 0xAC, 0x0A, 0xAC, 0x0A, 0xB4, 0x0A, 0xAC, 0xEA, 0xB3, 0xE9, 0xB3, 0xEA, 0xB3, 0x0A, 0xB4,
    0x0A, 0xB4, 0x2B, 0xBC, 0x4B, 0xBC, 0x8D, 0xC4, 0xCE, 0xCC, 0x0F, 0xCD, 0x2F, 0xD5, 0x50, 0xD5,
    0x71, 0xDD, 0x91, 0xDD, 0xB1, 0xDD, 0xB2, 0xE5, 0xD2, 0xE5, 0xD2, 0xE5, 0xD2, 0xE5, 0xF2, 0xE5,
    0xF2, 0xED, 0xF2, 0xED, 0x12, 0xEE, 0x13, 0xEE, 0x13, 0xEE, 0x12, 0xEE, 0x13, 0xEE, 0x13, 0xEE,
    0x13, 0xEE, 0x12, 0xEE, 0x12, 0xEE, 0x12, 0xEE, 0x12, 0xEE, 0x12, 0xEE, 0x12, 0xEE, 0xF2, 0xED,
    0xF2, 0xED, 0xF2, 0xED, 0xD1, 0xE5, 0xB1, 0xE5, 0x90, 0xE5, 0x70, 0xDD, 0x2F, 0xD5, 0xEE, 0xCC,
    0xCD, 0xCC, 0xAC, 0xC4, 0x8C, 0xC4, 0xAC, 0xC4, 0xCD, 0xC4, 0xCD, 0xCC, 0xEE, 0xCC, 0x0E, 0xCD,
    0x0E, 0xCD, 0x2F, 0xD5, 0x2F, 0xD5, 0x50, 0xD5, 0x50, 0xD5, 0x70, 0xD5, 0x70, 0xD5, 0x70, 0xD5,
    0x70, 0xD5, 0x70, 0xD5, 0x70, 0xD5, 0x70, 0xD5, 0x70, 0xD5, 0x70, 0xCD, 0x70, 0xD5, 0x50, 0xD5,
    0x4F, 0xD5, 0x0E, 0xD5, 0xED, 0xD4, 0xCC, 0xCC, 0xAC, 0xCC, 0xAC, 0xCC, 0xCC, 0xCC, 0x8C, 0xC4,
    0x2A, 0xB4, 0xC8, 0xAB, 0xA8, 0xA3, 0xA8, 0xA3, 0xA8, 0xAB, 0xA5, 0x8A, 0x8A, 0x93, 0x78, 0xD6,
    0x3B, 0xE7, 0x3C, 0xE7, 0x5C, 0xE7, 0x5C, 0xE7, 0x5C, 0xEF, 0x7C, 0xEF, 0x7D, 0xEF, 0x5C, 0xEF,
    0x3C, 0xE7, 0x7C, 0xEF, 0x5C, 0xEF, 0x85, 0x62, 0x45, 0x62, 0x24, 0x5A, 0xE3, 0x51, 0xA3, 0x49,
    0xA2, 0x41, 0x82, 0x41, 0x85, 0x6A, 0x47, 0x8B, 0x05, 0x83, 0xE5, 0x82, 0x05, 0x8B, 0x26, 0x8B,
    0x47, 0x93, 0x68, 0x93, 0xA9, 0x9B, 0xA9, 0x9B, 0xCA, 0xA3, 0xCA, 0xA3, 0xCA, 0xA3, 0xC9, 0xA3,
    0xA9, 0xA3, 0xA9, 0x9B, 0x89, 0x9B, 0x88, 0x9B, 0x88, 0x9B, 0x88, 0x9B, 0x88, 0x9B, 0xA8, 0x9B,
    0xA9, 0x9B, 0xC9, 0xA3, 0xEA, 0xA3, 0xEA, 0xA3, 0x0B, 0xAC, 0x0B, 0xAC, 0x2B, 0xAC, 0x2B, 0xAC,
    0x2B, 0xAC, 0x0B, 0xAC, 0x0B, 0xAC, 0x0A, 0xAC, 0x0A, 0xAC, 0x0A, 0xAC, 0x0A, 0xAC, 0xEA, 0xAB,
    0x0A, 0xB4, 0x2B, 0xB4, 0x6B, 0xBC, 0x8C, 0xBC, 0xAD, 0xC4, 0xCE, 0xC4, 0xEE, 0xCC, 0x2F, 0xD5,
    0x50, 0xD5, 0x70, 0xD5, 0x71, 0xDD, 0x91, 0xDD, 0xB1, 0xDD, 0xB1, 0xE5, 0xD2, 0xE5, 0xF2, 0xE5,
    0xF2, 0xED, 0xF2, 0xED, 0xF2, 0xED, 0x13, 0xEE, 0x13, 0xEE, 0x13, 0xEE, 0x12, 0xEE, 0x13, 0xEE,
    0x12, 0xEE, 0x12, 0xEE, 0x12, 0xEE, 0x12, 0xEE, 0x12, 0xEE, 0x12, 0xEE, 0xF2, 0xED, 0xF2, 0xED,
    0xF1, 0xED, 0xD1, 0xED, 0xB1, 0xE5, 0x90, 0xE5, 0x70, 0xDD, 0x4F, 0xDD, 0x0E, 0xD5, 0xED, 0xCC,
    0xCD, 0xCC, 0xCD, 0xCC, 0xCD, 0xCC, 0xCD, 0xCC, 0xEE, 0xCC, 0xEE, 0xCC, 0x0E, 0xCD, 0x2F, 0xCD,
    0x2F, 0xD5, 0x4F, 0xD5, 0x50, 0xD5, 0x50, 0xD5, 0x50, 0xD5, 0x70, 0xD5, 0x70, 0xD5, 0x50, 0xD5,
    0x50, 0xD5, 0x50, 0xCD, 0x50, 0xCD, 0x50, 0xCD, 0x50, 0xCD, 0x4F, 0xD5, 0x2E, 0xD5, 0x0D, 0xD5,
    0xED, 0xD4, 0xCC, 0xCC, 0xAC, 0xCC, 0xAC, 0xC4, 0xAC, 0xCC, 0xAC, 0xCC, 0x4B, 0xBC, 0xC9, 0xAB,
    0x88, 0xA3, 0x88, 0xA3, 0x87, 0xA3, 0xA4, 0x8A, 0x08, 0x83, 0x16, 0xCE, 0x3B, 0xE7, 0x3C, 0xE7,
    0x5C, 0xE7, 0x5C, 0xE7, 0x5C, 0xE7, 0x5C, 0xEF, 0x5C, 0xEF, 0x5C, 0xEF, 0x5C, 0xE7, 0x1B, 0xE7,
    0x1A, 0xE7, 0x1A, 0xE7, 0x65, 0x62, 0x45, 0x5A, 0x04, 0x5A, 0xC3, 0x49, 0xA2, 0x41, 0x62, 0x41,
    0x61, 0x41, 0x24, 0x5A, 0x07, 0x7B, 0x27, 0x8B, 0xE5, 0x82, 0x05, 0x8B, 0x26, 0x8B, 0x47, 0x93,
    0x68, 0x93, 0x89, 0x9B, 0xA9, 0x9B, 0xCA, 0xA3, 0xCA, 0xA3, 0xEA, 0xA3, 0xEA, 0xA3, 0xCA, 0xA3,
    0xCA, 0xA3, 0xCA, 0xA3, 0xCA, 0xA3, 0xC9, 0xA3, 0xC9, 0xA3, 0xC9, 0xA3, 0xC9, 0xA3, 0xC9, 0xA3,
    0xEA, 0xA3, 0xEA, 0xA3, 0xEA, 0xAB, 0x0B, 0xAC, 0x0B, 0xAC, 0x0B, 0xAC, 0x2B, 0xAC, 0x2B, 0xAC,
    0x2B, 0xAC, 0x2B, 0xAC, 0x0B, 0xAC, 0x0A, 0xAC, 0x0B, 0xAC, 0xEA, 0xAB, 0xEA, 0xAB, 0xEA, 0xAB,
    0x0A, 0xB4, 0x2B, 0xB4, 0x4B, 0xB4, 0x6C, 0xBC, 0x8D, 0xBC, 0xAD, 0xC4, 0xCE, 0xCC, 0xEF, 0xCC,
    0x2F, 0xD5, 0x50, 0xD5, 0x71, 0xDD, 0xB1, 0xDD, 0xB2, 0xE5, 0xB2, 0xE5, 0xD2, 0xE5, 0xD2, 0xE5,
    0xF2, 0xED, 0xF2, 0xED, 0x12, 0xEE, 0x13, 0xEE, 0x13, 0xEE, 0x13, 0xEE, 0x13, 0xEE, 0x13, 0xEE,
    0x12, 0xEE, 0x12, 0xEE, 0x12, 0xEE, 0x12, 0xEE, 0x12, 0xEE, 0x12, 0xEE, 0xF2, 0xED, 0xF2, 0xED,
    0xD1, 0xED, 0xD1, 0xE5, 0xB0, 0xE5, 0x90, 0xDD, 0x6F, 0xDD, 0x2F, 0xD5, 0x0E, 0xCD, 0xED, 0xCC,
    0xED, 0xCC, 0xED, 0xCC, 0xEE, 0xCC, 0x0E, 0xCD, 0x0E, 0xCD, 0x2F, 0xCD, 0x2F, 0xCD, 0x4F, 0xD5,
    0x4F, 0xD5, 0x50, 0xD5, 0x50, 0xD5, 0x50, 0xD5, 0x50, 0xD5, 0x50, 0xD5, 0x4F, 0xCD, 0x2F, 0xCD,
    0x2F, 0xCD, 0x2F, 0xCD, 0x2F, 0xCD, 0x2F, 0xD5, 0x0E, 0xD5, 0xED, 0xD4, 0xED, 0xD4, 0xED, 0xD4,
    0xAC, 0xCC, 0xAC, 0xC4, 0xAC, 0xC4, 0xAC, 0xCC, 0x8B, 0xC4, 0xE9, 0xB3, 0x88, 0xA3, 0x88, 0xA3,
    0x88, 0xA3, 0xA4, 0x8A, 0x85, 0x7A, 0x94, 0xC5, 0x1B, 0xE7, 0x3C, 0xE7, 0x5C, 0xE7, 0x5C, 0xE7,
    0x5C, 0xE7, 0x5C, 0xE7, 0x5C, 0xE7, 0x3C, 0xE7, 0x3B, 0xE7, 0x1B, 0xE7, 0xDA, 0xDE, 0xB9, 0xDE,
    0xB9, 0xD6, 0x65, 0x62, 0x24, 0x5A, 0xE4, 0x51, 0xA3, 0x49, 0x82, 0x41, 0x61, 0x39, 0xA2, 0x49,
    0x65, 0x62, 0xC6, 0x72, 0x27, 0x83, 0x26, 0x8B, 0xE5, 0x8A, 0x05, 0x8B, 0x26, 0x8B, 0x67, 0x93,
    0x88, 0x9B, 0xC9, 0x9B, 0xCA, 0xA3, 0xEA, 0xA3, 0xEA, 0xA3, 0xEA, 0xA3, 0xEA, 0xAB, 0xEA, 0xAB,
    0xEA, 0xAB, 0xEA, 0xAB, 0x0A, 0xAC, 0x0A, 0xAC, 0x0A, 0xAC, 0x0B, 0xAC, 0x0B, 0xAC, 0x0B, 0xAC,
    0x2B, 0xAC, 0x2B, 0xB4, 0x2B, 0xAC, 0x2C, 0xAC, 0x4C, 0xB4, 0x4C, 0xB4, 0x2C, 0xB4, 0x4C, 0xB4,
    0x2C, 0xB4, 0x2B, 0xAC, 0x2B, 0xAC, 0x0A, 0xAC, 0xEA, 0xAB, 0xEA, 0xAB, 0xEA, 0xAB, 0x0B, 0xAC,
    0x2B, 0xB4, 0x2B, 0xB4, 0x4C, 0xBC, 0x6C, 0xBC, 0x8D, 0xBC, 0xAD, 0xC4, 0xCE, 0xC4, 0xEF, 0xCC,
    0x2F, 0xD5, 0x71, 0xDD, 0xB2, 0xDD, 0x91, 0xDD, 0xB1, 0xE5, 0xB1, 0xE5, 0xD2, 0xE5, 0xF2, 0xED,
    0xF2, 0xED, 0x12, 0xEE, 0x12, 0xEE, 0x12, 0xEE, 0x13, 0xEE, 0x13, 0xEE, 0x13, 0xEE, 0x13, 0xEE,
    0x12, 0xEE, 0x12, 0xEE, 0x12, 0xEE, 0x12, 0xEE, 0x12, 0xEE, 0xF2, 0xED, 0xF2, 0xED, 0xD1, 0xED,
    0xD1, 0xE5, 0xB1, 0xE5, 0x90, 0xE5, 0x70, 0xDD, 0x2F, 0xD5, 0x0E, 0xD5, 0x0E, 0xCD, 0x0E, 0xCD,
    0x0E, 0xCD, 0x0E, 0xCD, 0x0E, 0xCD, 0x2F, 0xCD, 0x2F, 0xD5, 0x2F, 0xD5, 0x4F, 0xD5, 0x4F, 0xD5,
    0x4F, 0xD5, 0x4F, 0xD5, 0x4F, 0xCD, 0x2F, 0xCD, 0x2F, 0xCD, 0x2F, 0xCD, 0x2F, 0xCD, 0x0F, 0xCD,
    0x2E, 0xCD, 0x0E, 0xD5, 0x0D, 0xD5, 0xED, 0xCC, 0xED, 0xD4, 0xED, 0xD4, 0xCC, 0xCC, 0xAC, 0xC4,
    0xAC, 0xC4, 0xAC, 0xCC, 0x8C, 0xC4, 0x2A, 0xBC, 0xA8, 0xA3, 0x67, 0x9B, 0x67, 0xA3, 0xC5, 0x92,
    0x03, 0x72, 0xD0, 0xAC, 0x1B, 0xE7, 0x3B, 0xE7, 0x3C, 0xE7, 0x3C, 0xE7, 0x3C, 0xE7, 0x3C, 0xE7,
    0x3C, 0xE7, 0x3B, 0xE7, 0x1B, 0xE7, 0xDA, 0xDE, 0xB9, 0xDE, 0xB8, 0xDE, 0x98, 0xD6, 0x78, 0xCE,
    0x65, 0x62, 0x24, 0x5A, 0xE3, 0x49, 0xA2, 0x41, 0x61, 0x39, 0x82, 0x41, 0x24, 0x5A, 0xA6, 0x6A,
    0xA6, 0x6A, 0xE7, 0x7A, 0x47, 0x8B, 0x05, 0x83, 0x05, 0x8B, 0x26, 0x8B, 0x47, 0x93, 0x88, 0x9B,
    0xA9, 0x9B, 0xCA, 0xA3, 0xEA, 0xA3, 0xEA, 0xAB, 0x0B, 0xAC, 0x0B, 0xAC, 0x0B, 0xAC, 0x0B, 0xAC,
    0x2B, 0xAC, 0x2B, 0xB4, 0x2B, 0xB4, 0x4C, 0xB4, 0x4C, 0xB4, 0x4C, 0xB4, 0x6C, 0xB4, 0x6C, 0xBC,
    0x6C, 0xBC, 0x6C, 0xBC, 0x8D, 0xBC, 0x8D, 0xBC, 0x6D, 0xBC, 0x6D, 0xBC, 0x6D, 0xBC, 0x6D, 0xB4,
    0x6C, 0xB4, 0x4C, 0xB4, 0x2B, 0xB4, 0x2B, 0xB4, 0x2B, 0xB4, 0x2B, 0xB4, 0x2B, 0xB4, 0x4B, 0xB4,
    0x2B, 0xB4, 0x6C, 0xBC, 0x6C, 0xBC, 0x8D, 0xBC, 0xAD, 0xC4, 0xCE, 0xCC, 0xEE, 0xCC, 0x0F, 0xCD,
    0x30, 0xD5, 0x70, 0xDD, 0x90, 0xDD, 0xB1, 0xE5, 0xB1, 0xE5, 0xD2, 0xE5, 0xD2, 0xE5, 0xF2, 0xED,
    0xF2, 0xED, 0xF2, 0xED, 0x12, 0xEE, 0x12, 0xEE, 0x13, 0xEE, 0x13, 0xEE, 0x13, 0xEE, 0x13, 0xEE,
    0x12, 0xEE, 0x12, 0xEE, 0x12, 0xEE, 0x12, 0xEE, 0xF2, 0xED, 0xF2, 0xED, 0xD1, 0xED, 0xD1, 0xE5,
    0xB1, 0xE5, 0x90, 0xE5, 0x70, 0xDD, 0x4F, 0xDD, 0x2F, 0xD5, 0x2F, 0xD5, 0x0E, 0xD5, 0x0E, 0xCD,
    0x2F, 0xCD, 0x2F, 0xCD, 0x2F, 0xCD, 0x2F, 0xD5, 0x2F, 0xCD, 0x2F, 0xCD, 0x2F, 0xCD, 0x2F, 0xCD,
    0x2F, 0xCD, 0x2F, 0xCD, 0x0F, 0xCD, 0x0F, 0xC5, 0x0E, 0xC5, 0x0E, 0xCD, 0x0E, 0xCD, 0x0E, 0xCD,
    0x0D, 0xD5, 0xCD, 0xCC, 0xCD, 0xCC, 0xED, 0xD4, 0xCC, 0xCC, 0xAC, 0xC4, 0x8C, 0xC4, 0xAC, 0xC4,
    0xAC, 0xC4, 0x6B, 0xBC, 0xC9, 0xAB, 0x67, 0x9B, 0x47, 0x9B, 0xE5, 0x92, 0xE2, 0x69, 0x2D, 0x9C,
    0xFA, 0xE6, 0x3C, 0xE7, 0x3C, 0xE7, 0x3C, 0xE7, 0x3C, 0xE7, 0x3C, 0xE7, 0x3B, 0xE7, 0x3B, 0xE7,
    0xFA, 0xE6, 0xB9, 0xDE, 0x78, 0xD6, 0x98, 0xD6, 0x98, 0xD6, 0x78, 0xD6, 0x58, 0xCE, 0x45, 0x5A,
    0x04, 0x52, 0xC3, 0x49, 0x62, 0x41, 0x61, 0x39, 0xE3, 0x49, 0x86, 0x62, 0xA6, 0x6A, 0xA6, 0x6A,
    0xA6, 0x6A, 0x27, 0x83, 0x26, 0x8B, 0x05, 0x8B, 0x05, 0x8B, 0x46, 0x8B, 0x68, 0x93, 0xA9, 0x9B,
    0xC9, 0xA3, 0xEA, 0xA3, 0x0B, 0xAC, 0x0B, 0xAC, 0x0B, 0xAC, 0x2B, 0xAC, 0x2B, 0xB4, 0x2C, 0xB4,
    0x4C, 0xB4, 0x4C, 0xB4, 0x6C, 0xBC, 0x6C, 0xBC, 0x8D, 0xBC, 0x8D, 0xBC, 0xAD, 0xC4, 0xAD, 0xC4,
    0xAE, 0xC4, 0xCE, 0xC4, 0xCE, 0xC4, 0xCE, 0xC4, 0xCE, 0xC4, 0xCE, 0xC4, 0xAE, 0xC4, 0xAE, 0xC4,
    0xAD, 0xC4, 0x8D, 0xBC, 0x8D, 0xBC, 0x6D, 0xBC, 0x6D, 0xBC, 0x6C, 0xBC, 0x6C, 0xBC, 0x6C, 0xBC,
    0x6C, 0xBC, 0x8D, 0xBC, 0x8D, 0xC4, 0xAD, 0xC4, 0xCE, 0xCC, 0xEE, 0xCC, 0x0F, 0xD5, 0x2F, 0xD5,
    0x70, 0xDD, 0x90, 0xDD, 0xB1, 0xE5, 0xB1, 0xE5, 0xD1, 0xE5, 0xD2, 0xED, 0xF2, 0xED, 0xF2, 0xED,
    0xF2, 0xED, 0x12, 0xEE, 0x12, 0xEE, 0x13, 0xEE, 0x13, 0xEE, 0x12, 0xEE, 0x12, 0xEE, 0x12, 0xEE,
    0x12, 0xEE, 0x12, 0xEE, 0x12, 0xEE, 0xF2, 0xED, 0xF2, 0xED, 0xD1, 0xED, 0xD1, 0xE5, 0xB1, 0xE5,
    0x90, 0xE5, 0x70, 0xDD, 0x70, 0xDD, 0x4F, 0xD5, 0x2F, 0xD5, 0x2F, 0xD5, 0x2F, 0xD5, 0x2F, 0xD5,
    0x2F, 0xCD, 0x2F, 0xCD, 0x2F, 0xCD, 0x2F, 0xCD, 0x2F, 0xCD, 0x0F, 0xCD, 0x0F, 0xCD, 0x0F, 0xC5,
    0x0F, 0xC5, 0x0F, 0xC5, 0x0E, 0xC5, 0xEE, 0xCC, 0xED, 0xCC, 0xED, 0xCC, 0xED, 0xD4, 0xCD, 0xCC,
    0xCC, 0xCC, 0xCC, 0xCC, 0xCC, 0xD4, 0xAC, 0xCC, 0x8C, 0xC4, 0xAC, 0xC4, 0xAC, 0xC4, 0x8B, 0xC4,
    0x0A, 0xB4, 0x88, 0xA3, 0x26, 0x9B, 0xC5, 0x92, 0xE2, 0x69, 0x6A, 0x8B, 0xB9, 0xDE, 0x3C, 0xE7,
    0x3C, 0xE7, 0x3C, 0xE7, 0x3C, 0xE7, 0x3B, 0xE7, 0x3B, 0xE7, 0x1B, 0xE7, 0xFA, 0xDE, 0x98, 0xD6,
    0x57, 0xCE, 0x57, 0xD6, 0x78, 0xD6, 0x77, 0xD6, 0x37, 0xCE, 0x77, 0xCE, 0x25, 0x5A, 0xE3, 0x51,
    0xA2, 0x49, 0x61, 0x39, 0x82, 0x41, 0x65, 0x62, 0xC6, 0x6A, 0xC6, 0x6A, 0xA6, 0x6A, 0xA6, 0x6A,
    0xE6, 0x72, 0x47, 0x8B, 0x06, 0x8B, 0x05, 0x8B, 0x26, 0x8B, 0x67, 0x93, 0x88, 0x9B, 0xC9, 0xA3,
    0xEA, 0xA3, 0x0B, 0xAC, 0x0B, 0xAC, 0x2B, 0xAC, 0x2B, 0xB4, 0x4C, 0xB4, 0x4C, 0xB4, 0x4C, 0xBC,
    0x6C, 0xBC, 0x6D, 0xBC, 0x8D, 0xC4, 0xAD, 0xC4, 0xAE, 0xC4, 0xCE, 0xC4, 0xCE, 0xC4, 0xCE, 0xCC,
    0xEE, 0xCC, 0xEF, 0xCC, 0xEF, 0xCC, 0xEE, 0xCC, 0xEF, 0xCC, 0xEF, 0xCC, 0xEF, 0xCC, 0xEE, 0xCC,
    0xEE, 0xCC, 0xCE, 0xCC, 0xCE, 0xCC, 0xCE, 0xC4, 0xCE, 0xCC, 0xCE, 0xC4, 0xAD, 0xC4, 0xAD, 0xC4,
    0xAD, 0xC4, 0xCE, 0xCC, 0xCE, 0xCC, 0xEE, 0xCC, 0xEF, 0xD4, 0x2F, 0xD5, 0x50, 0xDD, 0x70, 0xDD,
    0x90, 0xDD, 0xB1, 0xE5, 0xB1, 0xE5, 0xD1, 0xE5, 0xD2, 0xED, 0xF2, 0xED, 0xF2, 0xED, 0xF2, 0xED,
    0x12, 0xEE, 0x12, 0xEE, 0x12, 0xEE, 0x13, 0xEE, 0x12, 0xEE, 0x12, 0xEE, 0x12, 0xEE, 0x12, 0xEE,
    0x12, 0xEE, 0x12, 0xEE, 0xF2, 0xED, 0xF2, 0xED, 0xD1, 0xE5, 0xD1, 0xE5, 0xB1, 0xE5, 0x91, 0xE5,
    0x90, 0xDD, 0x70, 0xDD, 0x50, 0xD5, 0x4F, 0xD5, 0x4F, 0xD5, 0x2F, 0xD5, 0x2F, 0xD5, 0x2F, 0xCD,
    0x2F, 0xCD, 0x0F, 0xCD, 0x0F, 0xCD, 0x0F, 0xC5, 0x0F, 0xC5, 0x0E, 0xC5, 0xEE, 0xC4, 0xEE, 0xC4,
    0xEE, 0xC4, 0xEE, 0xCC, 0xED, 0xCC, 0xED, 0xCC, 0xED, 0xD4, 0xCC, 0xCC, 0xCC, 0xCC, 0xAC, 0xCC,
    0xCC, 0xCC, 0xAC, 0xCC, 0x8C, 0xC4, 0x8C, 0xC4, 0xAC, 0xC4, 0x6B, 0xC4, 0x2A, 0xBC, 0xA8, 0xA3,
    0x27, 0x93, 0xC5, 0x92, 0xE1, 0x71, 0xC7, 0x7A, 0x57, 0xD6, 0x5C, 0xE7, 0x3C, 0xE7, 0x3C, 0xE7,
    0x3C, 0xE7, 0x3B, 0xE7, 0x1B, 0xE7, 0xFA, 0xDE, 0xD9, 0xDE, 0x78, 0xD6, 0x36, 0xCE, 0x36, 0xCE,
    0x57, 0xD6, 0x57, 0xCE, 0x36, 0xCE, 0x36, 0xCE, 0x36, 0xCE, 0x24, 0x5A, 0xC3, 0x49, 0x82, 0x41,
    0x62, 0x39, 0xE3, 0x51, 0xA6, 0x6A, 0xC6, 0x6A, 0xC6, 0x6A, 0xC6, 0x6A, 0xC6, 0x6A, 0xC6, 0x6A,
    0x07, 0x7B, 0x47, 0x8B, 0x06, 0x8B, 0x06, 0x8B, 0x46, 0x93, 0x88, 0x9B, 0xA9, 0x9B, 0xCA, 0xA3,
    0xEA, 0xAB, 0x0B, 0xAC, 0x2B, 0xB4, 0x4C, 0xB4, 0x4C, 0xB4, 0x6C, 0xBC, 0x6C, 0xBC, 0x8D, 0xBC,
    0xAD, 0xC4, 0xAE, 0xC4, 0xCE, 0xC4, 0xEE, 0xCC, 0xEE, 0xCC, 0xEE, 0xCC, 0x0F, 0xCD, 0x0F, 0xCD,
    0x0F, 0xD5, 0x0F, 0xD5, 0x0F, 0xD5, 0x0F, 0xD5, 0x0F, 0xD5, 0x0F, 0xD5, 0x0F, 0xD5, 0x0F, 0xD5,
    0x0F, 0xD5, 0x0F, 0xD5, 0x0F, 0xD5, 0x0F, 0xD5, 0x0F, 0xD5, 0x0F, 0xD5, 0xEF, 0xCC, 0x0F, 0xD5,
    0x0F, 0xD5, 0x0F, 0xD5, 0x0F, 0xD5, 0x2F, 0xD5, 0x4F, 0xDD, 0x50, 0xDD, 0x70, 0xDD, 0x91, 0xE5,
    0xB1, 0xE5, 0xD1, 0xE5, 0xD1, 0xE5, 0xD2, 0xED, 0xF2, 0xED, 0xF2, 0xED, 0xF2, 0xED, 0x12, 0xEE,
    0x12, 0xEE, 0x12, 0xEE, 0x13, 0xEE, 0x13, 0xEE, 0x13, 0xEE, 0x12, 0xEE, 0x12, 0xEE, 0x12, 0xEE,
    0xF2, 0xED, 0xF2, 0xED, 0xF2, 0xED, 0xD1, 0xE5, 0xD1, 0xE5, 0xB1, 0xE5, 0xB1, 0xE5, 0x90, 0xDD,
    0x70, 0xDD, 0x70, 0xD5, 0x4F, 0xD5, 0x4F, 0xD5, 0x2F, 0xD5, 0x2F, 0xCD, 0x2F, 0xCD, 0x0F, 0xCD,
    0x0F, 0xCD, 0x0E, 0xC5, 0x0E, 0xC5, 0xEE, 0xC4, 0xEE, 0xC4, 0xEE, 0xC4, 0xEE, 0xC4, 0xED, 0xCC,
    0xED, 0xCC, 0xED, 0xCC, 0xCD, 0xCC, 0xCD, 0xD4, 0xCC, 0xCC, 0xAC, 0xCC, 0xAC, 0xCC, 0xAC, 0xCC,
    0x8C, 0xC4, 0x8C, 0xC4, 0x8C, 0xC4, 0x8B, 0xC4, 0x2B, 0xBC, 0xC9, 0xAB, 0x27, 0x9B, 0xA4, 0x8A,
    0xE1, 0x71, 0x03, 0x6A, 0x74, 0xBD, 0x5C, 0xE7, 0x3C, 0xE7, 0x3C, 0xE7, 0x3B, 0xE7, 0x1B, 0xE7,
    0x1B, 0xE7, 0xFA, 0xDE, 0xB9, 0xDE, 0x57, 0xD6, 0x16, 0xCE, 0x36, 0xCE, 0x36, 0xCE, 0x36, 0xCE,
    0x16, 0xC6, 0xF6, 0xC5, 0x16, 0xC6, 0xF5, 0xC5, 0x04, 0x52, 0xA3, 0x49, 0x62, 0x41, 0xA2, 0x41,
    0x65, 0x62, 0xE7, 0x72, 0xC6, 0x6A, 0xC6, 0x6A, 0xC6, 0x6A, 0xC6, 0x6A, 0xC6, 0x6A, 0xE7, 0x72,
    0x48, 0x8B, 0x47, 0x8B, 0x05, 0x8B, 0x26, 0x8B, 0x67, 0x93, 0xA8, 0x9B, 0xCA, 0xA3, 0xEA, 0xA3,
    0x0B, 0xAC, 0x2B, 0xB4, 0x4C, 0xB4, 0x4C, 0xB4, 0x6C, 0xBC, 0x8D, 0xBC, 0x8D, 0xC4, 0xCE, 0xC4,
    0xCE, 0xC4, 0xEE, 0xCC, 0xEF, 0xCC, 0x0F, 0xCD, 0x0F, 0xCD, 0x0F, 0xD5, 0x0F, 0xD5, 0x2F, 0xD5,
    0x2F, 0xD5, 0x2F, 0xD5, 0x2F, 0xD5, 0x2F, 0xD5, 0x2F, 0xD5, 0x2F, 0xD5, 0x2F, 0xDD, 0x2F, 0xDD,
    0x30, 0xDD, 0x30, 0xDD, 0x50, 0xDD, 0x50, 0xDD, 0x50, 0xDD, 0x30, 0xD5, 0x30, 0xD5, 0x50, 0xDD,
    0x50, 0xDD, 0x50, 0xDD, 0x70, 0xDD, 0x70, 0xDD, 0x70, 0xDD, 0x91, 0xE5, 0xB1, 0xE5, 0xB1, 0xE5,
    0xD1, 0xE5, 0xD1, 0xED, 0xF2, 0xED, 0xF2, 0xED, 0xF2, 0xED, 0xF2, 0xED, 0x12, 0xEE, 0x12, 0xEE,
    0x12, 0xEE, 0x13, 0xEE, 0x13, 0xEE, 0x12, 0xEE, 0x12, 0xEE, 0x12, 0xEE, 0x12, 0xEE, 0xF2, 0xED,
    0xF2, 0xED, 0xF2, 0xE5, 0xD1, 0xE5, 0xD1, 0xE5, 0xB1, 0xE5, 0xB1, 0xDD, 0x90, 0xDD, 0x70, 0xDD,
    0x70, 0xD5, 0x4F, 0xD5, 0x4F, 0xD5, 0x2F, 0xCD, 0x2F, 0xCD, 0x0F, 0xCD, 0x0E, 0xC5, 0xEE, 0xC4,
    0xEE, 0xC4, 0xEE, 0xC4, 0xEE, 0xC4, 0xCD, 0xC4, 0xCD, 0xC4, 0xCD, 0xCC, 0xCD, 0xCC, 0xCD, 0xCC,
    0xCD, 0xD4, 0xCD, 0xD4, 0xCC, 0xCC, 0xAC, 0xCC, 0xAC, 0xCC, 0xAC, 0xCC, 0x8C, 0xC4, 0x6B, 0xC4,
    0x8B, 0xC4, 0x8B, 0xC4, 0x4B, 0xBC, 0xC9, 0xAB, 0x47, 0x9B, 0xA5, 0x8A, 0x02, 0x72, 0x81, 0x59,
    0xB0, 0xA4, 0x1B, 0xE7, 0x3B, 0xE7, 0x3C, 0xE7, 0x3B, 0xE7, 0x1B, 0xE7, 0x1B, 0xDF, 0xFA, 0xDE,
    0xB9, 0xDE, 0x36, 0xCE, 0xF5, 0xC5, 0x16, 0xCE, 0x16, 0xCE, 0x16, 0xCE, 0xF5, 0xC5, 0xD5, 0xC5,
    0xF5, 0xC5, 0xD4, 0xC5, 0x92, 0xC5, 0xE4, 0x51, 0xA2, 0x41, 0x82, 0x41, 0x04, 0x52, 0xE7, 0x6A,
    0xE7, 0x72, 0xC6, 0x72, 0xC6, 0x6A, 0xC6, 0x6A, 0xC6, 0x6A, 0xC6, 0x72, 0xE7, 0x72, 0x07, 0x7B,
    0x68, 0x8B, 0x26, 0x8B, 0x26, 0x8B, 0x46, 0x93, 0x88, 0x9B, 0xA9, 0x9B, 0xEA, 0xA3, 0x0B, 0xAC,
    0x2B, 0xB4, 0x4C, 0xB4, 0x6C, 0xBC, 0x6C, 0xBC, 0x8D, 0xBC, 0xAD, 0xC4, 0xAE, 0xC4, 0xEE, 0xCC,
    0xEE, 0xCC, 0x0F, 0xCD, 0x0F, 0xCD, 0x0F, 0xD5, 0x2F, 0xD5, 0x2F, 0xD5, 0x2F, 0xD5, 0x2F, 0xD5,
    0x30, 0xDD, 0x2F, 0xDD, 0x2F, 0xDD, 0x2F, 0xDD, 0x30, 0xDD, 0x50, 0xDD, 0x50, 0xDD, 0x50, 0xDD,
    0x50, 0xDD, 0x70, 0xDD, 0x70, 0xDD, 0x70, 0xDD, 0x70, 0xDD, 0x70, 0xDD, 0x70, 0xDD, 0x71, 0xDD,
    0x91, 0xE5, 0x91, 0xE5, 0x91, 0xE5, 0x91, 0xE5, 0xB1, 0xE5, 0xB1, 0xE5, 0xB1, 0xE5, 0xD2, 0xED,
    0xF2, 0xED, 0xF2, 0xED, 0xF2, 0xED, 0x12, 0xEE, 0x12, 0xEE, 0x12, 0xEE, 0x12, 0xEE, 0x13, 0xEE,
    0x13, 0xEE, 0x12, 0xEE, 0x12, 0xEE, 0x13, 0xEE, 0x12, 0xEE, 0x12, 0xEE, 0xF2, 0xED, 0xF2, 0xED,
    0xD1, 0xE5, 0xD1, 0xE5, 0xD1, 0xE5, 0xB1, 0xE5, 0x91, 0xDD, 0x90, 0xDD, 0x70, 0xD5, 0x70, 0xD5,
    0x4F, 0xD5, 0x2F, 0xCD, 0x2F, 0xCD, 0x0F, 0xC5, 0x0E, 0xC5, 0xEE, 0xC4, 0xEE, 0xC4, 0xCE, 0xBC,
    0xAD, 0xBC, 0xCD, 0xC4, 0xCD, 0xC4, 0xCD, 0xCC, 0xCD, 0xCC, 0xCD, 0xCC, 0xCD, 0xD4, 0xCD, 0xD4,
    0xCD, 0xCC, 0xCC, 0xCC, 0xAC, 0xCC, 0xAC, 0xCC, 0x8C, 0xC4, 0x6B, 0xC4, 0x6B, 0xC4, 0x6B, 0xC4,
    0x4B, 0xBC, 0xE9, 0xAB, 0x47, 0x9B, 0xA4, 0x8A, 0x02, 0x7A, 0x60, 0x59, 0x6A, 0x8B, 0xB9, 0xDE,
    0x1B, 0xDF, 0x1B, 0xE7, 0x1B, 0xE7, 0x1B, 0xDF, 0xFB, 0xDE, 0xDA, 0xDE, 0x98, 0xD6, 0x36, 0xCE,
    0xF5, 0xC5, 0x15, 0xCE, 0xF5, 0xCD, 0xF5, 0xC5, 0xF5, 0xC5, 0xB4, 0xBD, 0xB4, 0xC5, 0xB3, 0xC5,
    0x72, 0xBD, 0x30, 0xBD, 0xE3, 0x49, 0xA2, 0x41, 0xA3, 0x49, 0x86, 0x62, 0x07, 0x73, 0xE7, 0x72,
    0xC7, 0x72, 0xC6, 0x72, 0xE6, 0x72, 0xE6, 0x72, 0xE6, 0x72, 0xE7, 0x72, 0xE7, 0x72, 0x48, 0x83,
    0x47, 0x8B, 0x06, 0x8B, 0x26, 0x8B, 0x47, 0x93, 0x88, 0x9B, 0xC9, 0xA3, 0x0A, 0xAC, 0x0B, 0xAC,
    0x4C, 0xB4, 0x6C, 0xB4, 0x6C, 0xBC, 0x8D, 0xC4, 0xAD, 0xC4, 0xCE, 0xC4, 0xEE, 0xCC, 0xEF, 0xCC,
    0x0F, 0xCD, 0x2F, 0xD5, 0x2F, 0xD5, 0x2F, 0xD5, 0x2F, 0xD5, 0x2F, 0xD5, 0x4F, 0xDD, 0x2F, 0xDD,
    0x2F, 0xDD, 0x2F, 0xDD, 0x2F, 0xDD, 0x50, 0xDD, 0x50, 0xDD, 0x50, 0xDD, 0x50, 0xDD, 0x70, 0xDD,
    0x70, 0xE5, 0x91, 0xE5, 0x91, 0xE5, 0x91, 0xE5, 0x91, 0xE5, 0x91, 0xE5, 0xB1, 0xE5, 0xB1, 0xE5,
    0xB1, 0xE5, 0xB1, 0xE5, 0xB1, 0xE5, 0xD1, 0xED, 0xD2, 0xED, 0xD2, 0xED, 0xF2, 0xED, 0xF2, 0xED,
    0xF2, 0xED, 0x12, 0xEE, 0x12, 0xEE, 0x12, 0xEE, 0x12, 0xEE, 0x13, 0xEE, 0x33, 0xEE, 0x33, 0xEE,
    0x13, 0xEE, 0x12, 0xEE, 0x12, 0xEE, 0x12, 0xEE, 0xF2, 0xED, 0xF2, 0xED, 0xF2, 0xED, 0xD2, 0xE5,
    0xD1, 0xE5, 0xB1, 0xE5, 0xB1, 0xDD, 0x91, 0xDD, 0x90, 0xDD, 0x70, 0xD5, 0x50, 0xD5, 0x2F, 0xCD,
    0x2F, 0xCD, 0x0F, 0xCD, 0x0E, 0xC5, 0xEE, 0xC4, 0xCD, 0xC4, 0xAD, 0xBC, 0xAD, 0xC4, 0xAD, 0xC4,
    0xAD, 0xC4, 0xCD, 0xCC, 0xCD, 0xCC, 0xCD, 0xCC, 0xCD, 0xD4, 0xCD, 0xD4, 0xCD, 0xD4, 0xCC, 0xCC,
    0xAC, 0xC4, 0xAC, 0xC4, 0x8C, 0xC4, 0x8B, 0xC4, 0x6B, 0xC4, 0x6B, 0xC4, 0x2A, 0xBC, 0xE9, 0xAB,
    0x47, 0x9B, 0xA5, 0x8A, 0x02, 0x7A, 0x60, 0x61, 0x66, 0x72, 0x17, 0xCE, 0xFB, 0xDE, 0xFB, 0xDE,
    0x1B, 0xDF, 0xFA, 0xDE, 0xFA, 0xDE, 0xD9, 0xDE, 0x78, 0xD6, 0x16, 0xCE, 0xF5, 0xC5, 0x15, 0xCE,
    0xF5, 0xC5, 0xD4, 0xC5, 0xD4, 0xC5, 0x93, 0xBD, 0x73, 0xBD, 0x92, 0xC5, 0x51, 0xBD, 0x10, 0xB5,
    0xCE, 0xAC, 0xC3, 0x49, 0x82, 0x41, 0x04, 0x52, 0xE7, 0x6A, 0x08, 0x73, 0xE7, 0x72, 0xE7, 0x72,
    0xE7, 0x72, 0xE7, 0x72, 0xE7, 0x72, 0xE7, 0x72, 0xE7, 0x72, 0x07, 0x73, 0x07, 0x7B, 0x68, 0x8B,
    0x47, 0x8B, 0x05, 0x8B, 0x26, 0x93, 0x67, 0x9B, 0xA9, 0xA3, 0xEA, 0xA3, 0x0B, 0xAC, 0x2B, 0xB4,
    0x4C, 0xB4, 0x6C, 0xBC, 0x8D, 0xBC, 0xAD, 0xC4, 0xCE, 0xCC, 0xEE, 0xCC, 0x0F, 0xCD, 0x0F, 0xD5,
    0x2F, 0xD5, 0x2F, 0xD5, 0x2F, 0xD5, 0x30, 0xD5, 0x4F, 0xD5, 0x50, 0xDD, 0x2F, 0xDD, 0x2F, 0xDD,
    0x2F, 0xDD, 0x2F, 0xDD, 0x4F, 0xDD, 0x50, 0xDD, 0x50, 0xDD, 0x50, 0xDD, 0x70, 0xE5, 0x91, 0xE5,
    0x91, 0xE5, 0xB1, 0xE5, 0xB1, 0xE5, 0xB1, 0xE5, 0xB1, 0xE5, 0xB1, 0xE5, 0xD2, 0xE5, 0xD2, 0xE5,
    0xD2, 0xE5, 0xD2, 0xED, 0xF2, 0xED, 0xF2, 0xED, 0xF2, 0xED, 0xF2, 0xED, 0x12, 0xEE, 0x12, 0xEE,
    0x12, 0xEE, 0x13, 0xEE, 0x13, 0xEE, 0x33, 0xEE, 0x33, 0xEE, 0x33, 0xEE, 0x33, 0xEE, 0x13, 0xEE,
    0x12, 0xEE, 0x12, 0xEE, 0x12, 0xEE, 0xF2, 0xED, 0xF2, 0xED, 0xD2, 0xE5, 0xD1, 0xE5, 0xB1, 0xE5,
    0xB1, 0xDD, 0xB1, 0xDD, 0x90, 0xDD, 0x70, 0xD5, 0x50, 0xCD, 0x4F, 0xCD, 0x2F, 0xCD, 0x0F, 0xC5,
    0xEE, 0xC4, 0xAD, 0xBC, 0xAD, 0xBC, 0xAD, 0xC4, 0xAD, 0xC4, 0xAD, 0xC4, 0xAD, 0xCC, 0xCD, 0xCC,
    0xCD, 0xCC, 0xCD, 0xCC, 0xCD, 0xCC, 0xCD, 0xCC, 0xCC, 0xCC, 0xCC, 0xCC, 0xAC, 0xCC, 0x8C, 0xC4,
    0x8C, 0xC4, 0x6B, 0xC4, 0x6B, 0xC4, 0x4B, 0xBC, 0x2A, 0xBC, 0xC9, 0xAB, 0x47, 0x9B, 0xA5, 0x8A,
    0x22, 0x7A, 0x60, 0x61, 0xA2, 0x59, 0x32, 0xB5, 0xDA, 0xDE, 0xDA, 0xDE, 0xFA, 0xDE, 0xFA, 0xDE,
    0xDA, 0xDE, 0xB9, 0xD6, 0x57, 0xD6, 0xF5, 0xC5, 0xF5, 0xC5, 0xF5, 0xCD, 0xD5, 0xC5, 0xB4, 0xC5,
    0xD4, 0xC5, 0x73, 0xBD, 0x52, 0xBD, 0x51, 0xBD, 0x30, 0xBD, 0xEF, 0xB4, 0xCF, 0xAC, 0x51, 0xBD,
    0xC3, 0x49, 0xA3, 0x49, 0x65, 0x5A, 0x08, 0x73, 0x08, 0x73, 0xE7, 0x72, 0xE7, 0x72, 0xE7, 0x72,
    0xE7, 0x72, 0xE7, 0x72, 0x07, 0x73, 0x07, 0x73, 0x07, 0x73, 0x28, 0x73, 0x48, 0x7B, 0x88, 0x93,
    0x26, 0x8B, 0x05, 0x8B, 0x47, 0x93, 0x88, 0x9B, 0xC9, 0xA3, 0xEA, 0xAB, 0x2B, 0xAC, 0x4B, 0xB4,
    0x6C, 0xBC, 0x8D, 0xBC, 0xAD, 0xC4, 0xCE, 0xC4, 0xEE, 0xCC, 0x0F, 0xCD, 0x0F, 0xD5, 0x2F, 0xD5,
    0x2F, 0xD5, 0x2F, 0xD5, 0x30, 0xDD, 0x50, 0xDD, 0x50, 0xDD, 0x2F, 0xDD, 0x2F, 0xDD, 0x2F, 0xDD,
    0x2F, 0xDD, 0x4F, 0xDD, 0x4F, 0xDD, 0x50, 0xDD, 0x50, 0xDD, 0x70, 0xE5, 0x91, 0xE5, 0xB1, 0xE5,
    0xB1, 0xE5, 0xD2, 0xE5, 0xD2, 0xE5, 0xD2, 0xE5, 0xD2, 0xE5, 0xD2, 0xED, 0xF2, 0xED, 0xF2, 0xED,
    0xF2, 0xED, 0xF2, 0xED, 0xF2, 0xED, 0x12, 0xEE, 0x12, 0xEE, 0x12, 0xEE, 0x13, 0xEE, 0x13, 0xEE,
    0x13, 0xEE, 0x33, 0xEE, 0x33, 0xEE, 0x33, 0xEE, 0x33, 0xEE, 0x33, 0xEE, 0x12, 0xEE, 0x12, 0xEE,
    0x12, 0xEE, 0x12, 0xEE, 0xF2, 0xED, 0xF2, 0xE5, 0xD2, 0xE5, 0xD1, 0xE5, 0xB1, 0xDD, 0x91, 0xDD,
    0x90, 0xDD, 0x70, 0xD5, 0x50, 0xCD, 0x2F, 0xCD, 0x0F, 0xC5, 0xCE, 0xC4, 0xAD, 0xBC, 0xAD, 0xBC,
    0x8D, 0xBC, 0xAD, 0xC4, 0xAD, 0xC4, 0xCD, 0xCC, 0xAD, 0xCC, 0xAD, 0xCC, 0xCD, 0xCC, 0xCD, 0xCC,
    0xCC, 0xCC, 0xCC, 0xCC, 0xCC, 0xCC, 0xCC, 0xCC, 0xAC, 0xCC, 0x8C, 0xC4, 0x8B, 0xC4, 0x8B, 0xC4,
    0x6B, 0xC4, 0x4B, 0xBC, 0x2A, 0xBC, 0xC9, 0xAB, 0x47, 0x9B, 0xC5, 0x8A, 0x22, 0x7A, 0x80, 0x61,
    0x20, 0x51, 0xCC, 0x93, 0x78, 0xD6, 0x99, 0xD6, 0xB9, 0xDE, 0xB9, 0xD6, 0xB9, 0xD6, 0x98, 0xD6,
    0x36, 0xCE, 0xD4, 0xC5, 0xD4, 0xC5, 0xF5, 0xC5, 0xD5, 0xC5, 0xB4, 0xBD, 0xB4, 0xC5, 0x73, 0xBD,
    0x31, 0xB5, 0x10, 0xB5, 0x0F, 0xB5, 0xAE, 0xAC, 0xCF, 0xAC, 0x93, 0xC5, 0x98, 0xD6, 0xC3, 0x49,
    0xE4, 0x51, 0xC7, 0x6A, 0x28, 0x73, 0x08, 0x73, 0x08, 0x73, 0xE7, 0x72, 0x07, 0x73, 0x08, 0x73,
    0x08, 0x73, 0x08, 0x73, 0x08, 0x7B, 0x28, 0x7B, 0x28, 0x7B, 0x28, 0x7B, 0x48, 0x83, 0x68, 0x93,
    0x25, 0x8B, 0x26, 0x8B, 0x47, 0x93, 0xA8, 0x9B, 0xC9, 0xA3, 0x0A, 0xAC, 0x2B, 0xB4, 0x4C, 0xBC,
    0x8C, 0xBC, 0xAD, 0xC4, 0xCE, 0xC4, 0xEE, 0xCC, 0x0F, 0xCD, 0x0F, 0xCD, 0x2F, 0xD5, 0x2F, 0xD5,
    0x2F, 0xD5, 0x30, 0xDD, 0x50, 0xDD, 0x2F, 0xD5, 0x4F, 0xDD, 0x2F, 0xDD, 0x2F, 0xDD, 0x2F, 0xDD,
    0x2F, 0xDD, 0x2F, 0xDD, 0x50, 0xDD, 0x50, 0xDD, 0x70, 0xDD, 0x90, 0xE5, 0x91, 0xE5, 0xB1, 0xE5,
    0xD2, 0xE5, 0xD2, 0xE5, 0xD2, 0xE5, 0xF2, 0xE5, 0xF2, 0xED, 0xF2, 0xED, 0xF3, 0xED, 0x13, 0xEE,
    0x13, 0xEE, 0x13, 0xEE, 0x13, 0xEE, 0x33, 0xEE, 0x13, 0xEE, 0x13, 0xEE, 0x33, 0xEE, 0x33, 0xEE,
    0x33, 0xEE, 0x33, 0xEE, 0x33, 0xEE, 0x33, 0xEE, 0x33, 0xEE, 0x12, 0xEE, 0x12, 0xEE, 0x12, 0xEE,
    0xF2, 0xED, 0xF2, 0xE5, 0xD2, 0xE5, 0xD1, 0xE5, 0xB1, 0xDD, 0x91, 0xDD, 0x91, 0xD5, 0x70, 0xD5,
    0x50, 0xCD, 0x0F, 0xC5, 0xCE, 0xC4, 0xAD, 0xBC, 0x8D, 0xBC, 0x8D, 0xBC, 0xAD, 0xC4, 0xAD, 0xC4,
    0xAD, 0xC4, 0xAD, 0xCC, 0xCD, 0xCC, 0xAD, 0xCC, 0xAD, 0xCC, 0xAD, 0xCC, 0xAC, 0xCC, 0xAC, 0xCC,
    0xAC, 0xCC, 0xAC, 0xCC, 0xAC, 0xCC, 0x8C, 0xC4, 0x6B, 0xBC, 0x6B, 0xC4, 0x4B, 0xBC, 0x4A, 0xBC,
    0x0A, 0xB4, 0xC9, 0xAB, 0x47, 0x9B, 0xC5, 0x8A, 0x43, 0x7A, 0xA1, 0x69, 0xE0, 0x50, 0x86, 0x72,
    0x94, 0xC5, 0x57, 0xD6, 0x78, 0xD6, 0x78, 0xD6, 0x78, 0xD6, 0x57, 0xD6, 0xF5, 0xCD, 0xB4, 0xC5,
    0xD4, 0xC5, 0xF5, 0xC5, 0xB4, 0xC5, 0xB4, 0xBD, 0xB4, 0xC5, 0x72, 0xBD, 0x10, 0xB5, 0xEF, 0xB4,
    0xCF, 0xB4, 0x8E, 0xAC, 0xEF, 0xB4, 0xD4, 0xC5, 0xB9, 0xDE, 0x1A, 0xDF, 0xE4, 0x49, 0x45, 0x5A,
    0x08, 0x73, 0x28, 0x7B, 0x28, 0x73, 0x28, 0x73, 0x08, 0x73, 0x28, 0x7B, 0x28, 0x7B, 0x28, 0x7B,
    0x28, 0x7B, 0x28, 0x7B, 0x48, 0x7B, 0x49, 0x7B, 0x49, 0x7B, 0xE8, 0x72, 0xE7, 0x7A, 0x67, 0x93,
    0x05, 0x8B, 0x26, 0x93, 0x67, 0x9B, 0xA8, 0xA3, 0xE9, 0xAB, 0x0B, 0xAC, 0x4B, 0xB4, 0x6C, 0xBC,
    0xAD, 0xC4, 0xCE, 0xC4, 0xCE, 0xCC, 0xEE, 0xCC, 0x0F, 0xD5, 0x2F, 0xD5, 0x2F, 0xD5, 0x2F, 0xD5,
    0x2F, 0xDD, 0x50, 0xDD, 0x2F, 0xDD, 0x2F, 0xDD, 0x2F, 0xDD, 0x2F, 0xDD, 0x2F, 0xDD, 0x2F, 0xDD,
    0x2F, 0xDD, 0x4F, 0xDD, 0x50, 0xDD, 0x70, 0xDD, 0x90, 0xE5, 0x91, 0xE5, 0xB1, 0xE5, 0xD2, 0xE5,
    0xD2, 0xE5, 0xD2, 0xE5, 0xF3, 0xED, 0x13, 0xEE, 0xF3, 0xED, 0x13, 0xEE, 0x13, 0xEE, 0x13, 0xEE,
    0x13, 0xEE, 0x13, 0xEE, 0x33, 0xEE, 0x33, 0xEE, 0x33, 0xEE, 0x33, 0xEE, 0x33, 0xEE, 0x33, 0xEE,
    0x33, 0xEE, 0x33, 0xEE, 0x33, 0xEE, 0x13, 0xEE, 0x12, 0xEE, 0x12, 0xEE, 0xF2, 0xED, 0xF2, 0xE5,
    0xD2, 0xE5, 0xD1, 0xE5, 0xB1, 0xDD, 0x91, 0xDD, 0x91, 0xD5, 0x50, 0xD5, 0x0F, 0xCD, 0xCE, 0xBC,
    0x8D, 0xBC, 0x8D, 0xBC, 0xAD, 0xBC, 0xAD, 0xC4, 0xAD, 0xC4, 0xAD, 0xC4, 0xAD, 0xC4, 0xAD, 0xCC,
    0xCD, 0xCC, 0xAD, 0xCC, 0xAD, 0xCC, 0xAC, 0xCC, 0xAC, 0xCC, 0xAC, 0xCC, 0xAC, 0xCC, 0xAC, 0xCC,
    0x8C, 0xCC, 0x8C, 0xC4, 0x4B, 0xBC, 0x4B, 0xBC, 0x4B, 0xBC, 0x2A, 0xBC, 0xEA, 0xB3, 0xA8, 0xAB,
    0x47, 0x9B, 0xC5, 0x8A, 0x43, 0x7A, 0xA1, 0x69, 0x00, 0x51, 0x62, 0x59, 0x6E, 0xA4, 0xF5, 0xCD,
    0x16, 0xCE, 0x37, 0xCE, 0x36, 0xCE, 0x15, 0xCE, 0xB3, 0xC5, 0x93, 0xBD, 0xB4, 0xC5, 0xF5, 0xC5,
    0xB4, 0xBD, 0x93, 0xBD, 0xB3, 0xBD, 0x72, 0xBD, 0xEF, 0xB4, 0xCE, 0xB4, 0xAE, 0xAC, 0x8E, 0xAC,
    0xEF, 0xB4, 0xF5, 0xCD, 0xB9, 0xDE, 0x1B, 0xE7, 0x3B, 0xE7, 0x04, 0x52, 0xA6, 0x62, 0x49, 0x7B,
    0x49, 0x7B, 0x29, 0x7B, 0x28, 0x7B, 0x28, 0x7B, 0x28, 0x7B, 0x49, 0x7B, 0x49, 0x7B, 0x49, 0x7B,
    0x49, 0x7B, 0x49, 0x7B, 0x49, 0x7B, 0x49, 0x7B, 0x29, 0x73, 0x25, 0x5A, 0xA6, 0x72, 0x67, 0x93,
    0x05, 0x8B, 0x26, 0x93, 0x67, 0x9B, 0xA8, 0xA3, 0xEA, 0xAB, 0x2B, 0xB4, 0x4C, 0xB4, 0x8D, 0xBC,
    0xAD, 0xC4, 0xCE, 0xC4, 0xEE, 0xCC, 0x0F, 0xD5, 0x0F, 0xD5, 0x2F, 0xD5, 0x2F, 0xD5, 0x2F, 0xD5,
    0x2F, 0xD5, 0x2F, 0xD5, 0x2F, 0xDD, 0x2F, 0xDD, 0x2F, 0xD5, 0x2F, 0xD5, 0x2F, 0xDD, 0x2F, 0xDD,
    0x2F, 0xDD, 0x50, 0xDD, 0x50, 0xDD, 0x70, 0xE5, 0x91, 0xE5, 0x91, 0xE5, 0xB2, 0xE5, 0xD2, 0xE5,
    0xD2, 0xE5, 0xF2, 0xED, 0x13, 0xEE, 0x13, 0xEE, 0x13, 0xEE, 0x13, 0xEE, 0x13, 0xEE, 0x33, 0xEE,
    0x33, 0xEE, 0x33, 0xEE, 0x33, 0xEE, 0x33, 0xEE, 0x33, 0xEE, 0x33, 0xEE, 0x33, 0xEE, 0x33, 0xEE,
    0x33, 0xEE, 0x33, 0xEE, 0x13, 0xEE, 0x12, 0xEE, 0xF2, 0xED, 0xF2, 0xE5, 0xD2, 0xE5, 0xD1, 0xE5,
    0xB1, 0xDD, 0x91, 0xDD, 0x71, 0xD5, 0x2F, 0xCD, 0xCE, 0xC4, 0x8D, 0xBC, 0x8D, 0xBC, 0x8D, 0xBC,
    0xAD, 0xC4, 0xAD, 0xC4, 0xAD, 0xC4, 0xAD, 0xC4, 0xAD, 0xC4, 0xAD, 0xC4, 0xAD, 0xC4, 0xAD, 0xCC,
    0xAC, 0xCC, 0xAC, 0xCC, 0xAC, 0xCC, 0xAC, 0xCC, 0x8C, 0xCC, 0x8C, 0xC4, 0x8C, 0xC4, 0x6B, 0xC4,
    0x4B, 0xBC, 0x2A, 0xB4, 0x2A, 0xBC, 0x0A, 0xB4, 0xE9, 0xAB, 0xA8, 0xA3, 0x47, 0x9B, 0xC5, 0x8A,
    0x43, 0x7A, 0xC1, 0x69, 0x20, 0x59, 0x00, 0x49, 0x6A, 0x8B, 0x93, 0xC5, 0xB4, 0xC5, 0xF5, 0xC5,
    0xF5, 0xCD, 0xD4, 0xC5, 0x72, 0xBD, 0x52, 0xBD, 0xB4, 0xC5, 0xD4, 0xC5, 0xB4, 0xBD, 0x93, 0xBD,
    0x93, 0xBD, 0x72, 0xBD, 0xCF, 0xAC, 0x8D, 0xAC, 0x8D, 0xAC, 0x8E, 0xAC, 0x31, 0xB5, 0x36, 0xCE,
    0xD9, 0xDE, 0x1B, 0xDF, 0x3B, 0xE7, 0x3C, 0xE7, 0x25, 0x52, 0xE8, 0x6A, 0x69, 0x7B, 0x49, 0x7B,
    0x49, 0x7B, 0x49, 0x7B, 0x49, 0x7B, 0x49, 0x7B, 0x49, 0x7B, 0x69, 0x7B, 0x69, 0x7B, 0x69, 0x7B,
    0x69, 0x7B, 0x6A, 0x7B, 0x6A, 0x7B, 0x4A, 0x7B, 0x46, 0x5A, 0x21, 0x39, 0xE6, 0x7A, 0x67, 0x93,
    0x05, 0x8B, 0x26, 0x93, 0x67, 0x9B, 0xC9, 0xA3, 0x0A, 0xAC, 0x2B, 0xB4, 0x6C, 0xBC, 0x8D, 0xC4,
    0xAD, 0xC4, 0xEE, 0xCC, 0xEE, 0xCC, 0x0F, 0xD5, 0x0F, 0xD5, 0x2F, 0xD5, 0x2F, 0xD5, 0x2F, 0xD5,
    0x2F, 0xD5, 0x2F, 0xD5, 0x2F, 0xD5, 0x2F, 0xD5, 0x0F, 0xD5, 0x2F, 0xD5, 0x2F, 0xD5, 0x2F, 0xDD,
    0x4F, 0xDD, 0x50, 0xDD, 0x70, 0xE5, 0x90, 0xE5, 0x91, 0xE5, 0xB1, 0xE5, 0xD2, 0xE5, 0xD2, 0xE5,
    0xF2, 0xE5, 0xF2, 0xED, 0x13, 0xEE, 0x13, 0xEE, 0x13, 0xEE, 0x13, 0xEE, 0x13, 0xEE, 0x33, 0xEE,
    0x33, 0xEE, 0x33, 0xEE, 0x33, 0xEE, 0x33, 0xEE, 0x33, 0xEE, 0x33, 0xEE, 0x33, 0xEE, 0x13, 0xEE,
    0x13, 0xEE, 0x12, 0xEE, 0xF2, 0xED, 0xF2, 0xE5, 0xD2, 0xE5, 0xD1, 0xE5, 0xB1, 0xDD, 0x91, 0xDD,
    0x50, 0xD5, 0xCE, 0xC4, 0x8C, 0xBC, 0x8C, 0xBC, 0x8D, 0xBC, 0x8D, 0xBC, 0x8D, 0xBC, 0x8D, 0xC4,
    0xAD, 0xC4, 0x8C, 0xC4, 0x8C, 0xC4, 0x8C, 0xC4, 0x8C, 0xC4, 0x8C, 0xC4, 0x8C, 0xC4, 0x8C, 0xC4,
    0x8C, 0xC4, 0x8C, 0xC4, 0x8C, 0xC4, 0x6C, 0xC4, 0x6B, 0xC4, 0x6B, 0xC4, 0x2B, 0xBC, 0x0A, 0xB4,
    0x0A, 0xB4, 0x0A, 0xB4, 0xC9, 0xAB, 0x88, 0xA3, 0x27, 0x9B, 0xC5, 0x8A, 0x64, 0x82, 0xE1, 0x71,
    0x40, 0x59, 0xC0, 0x48, 0x86, 0x72, 0x31, 0xBD, 0x93, 0xC5, 0xB4, 0xC5, 0xB3, 0xC5, 0x93, 0xC5,
    0x51, 0xBD, 0x31, 0xBD, 0x93, 0xBD, 0xB4, 0xBD, 0x93, 0xBD, 0x93, 0xBD, 0x93, 0xBD, 0x51, 0xBD,
    0xCE, 0xAC, 0x6D, 0xAC, 0x6D, 0xAC, 0xAE, 0xAC, 0x72, 0xBD, 0x57, 0xD6, 0xDA, 0xDE, 0x1B, 0xDF,
    0x3B, 0xE7, 0x3B, 0xE7, 0x3B, 0xE7, 0x66, 0x5A, 0x49, 0x7B, 0x8A, 0x83, 0x6A, 0x7B, 0x6A, 0x7B,
    0x6A, 0x7B, 0x6A, 0x7B, 0x6A, 0x83, 0x6A, 0x83, 0x6A, 0x83, 0x6A, 0x83, 0x8A, 0x83, 0x8A, 0x83,
    0x8A, 0x83, 0x8A, 0x83, 0x6A, 0x7B, 0x86, 0x62, 0x01, 0x39, 0x21, 0x39, 0x27, 0x83, 0x66, 0x93,
    0x05, 0x8B, 0x46, 0x93, 0x87, 0x9B, 0xC9, 0xA3, 0x0A, 0xAC, 0x4B, 0xB4, 0x6C, 0xBC, 0xAD, 0xC4,
    0xCD, 0xC4, 0xCE, 0xCC, 0xEE, 0xCC, 0x0F, 0xD5, 0x0F, 0xD5, 0x2F, 0xD5, 0x2F, 0xD5, 0x2F, 0xD5,
    0x2F, 0xD5, 0x0F, 0xD5, 0x0F, 0xD5, 0x0E, 0xD5, 0x0F, 0xD5, 0x0F, 0xD5, 0x2F, 0xDD, 0x2F, 0xDD,
    0x4F, 0xDD, 0x70, 0xDD, 0x70, 0xDD, 0x91, 0xE5, 0xB1, 0xE5, 0xB1, 0xE5, 0xD2, 0xED, 0xF2, 0xED,
    0xF2, 0xED, 0x13, 0xEE, 0x13, 0xEE, 0x13, 0xEE, 0x13, 0xEE, 0x13, 0xEE, 0x33, 0xEE, 0x33, 0xEE,
    0x33, 0xEE, 0x33, 0xEE, 0x33, 0xEE, 0x33, 0xEE, 0x13, 0xEE, 0x13, 0xEE, 0x12, 0xEE, 0x12, 0xEE,
    0xF2, 0xED, 0xD2, 0xE5, 0xD2, 0xE5, 0xD1, 0xE5, 0xB1, 0xDD, 0x70, 0xD5, 0x0F, 0xC5, 0x8D, 0xBC,
    0x6C, 0xB4, 0x8C, 0xBC, 0x8C, 0xBC, 0x8C, 0xBC, 0x8C, 0xBC, 0x8C, 0xC4, 0x8C, 0xC4, 0x8C, 0xC4,
    0x8C, 0xC4, 0x8C, 0xC4, 0x8C, 0xC4, 0x8C, 0xC4, 0x6C, 0xC4, 0x6C, 0xC4, 0x6C, 0xC4, 0x6B, 0xC4,
    0x6B, 0xC4, 0x6B, 0xC4, 0x4B, 0xBC, 0x4B, 0xBC, 0x2A, 0xBC, 0x0A, 0xB4, 0xEA, 0xAB, 0xC9, 0xAB,
    0xA8, 0xAB, 0x68, 0xA3, 0x06, 0x93, 0xC5, 0x8A, 0x64, 0x82, 0xE2, 0x71, 0x60, 0x61, 0xC0, 0x48,
    0xC3, 0x61, 0x8F, 0xAC, 0x73, 0xBD, 0x93, 0xBD, 0x93, 0xC5, 0x72, 0xBD, 0x10, 0xB5, 0x10, 0xB5,
    0x72, 0xBD, 0x93, 0xBD, 0x93, 0xBD, 0x93, 0xBD, 0x93, 0xBD, 0x31, 0xBD, 0xAE, 0xAC, 0x6D, 0xA4,
    0x6D, 0xAC, 0xCF, 0xB4, 0xB3, 0xC5, 0x78, 0xD6, 0xDA, 0xDE, 0xFB, 0xDE, 0x1B, 0xDF, 0x3B, 0xE7,
    0x3B, 0xE7, 0x3B, 0xE7, 0xC7, 0x6A, 0x8A, 0x83, 0x8A, 0x83, 0x8A, 0x83, 0x8A, 0x83, 0x8A, 0x83,
    0x8A, 0x83, 0x8A, 0x83, 0x8A, 0x83, 0x8A, 0x83, 0x8A, 0x83, 0x8A, 0x83, 0xAA, 0x83, 0xAB, 0x83,
    0xAB, 0x83, 0xAB, 0x83, 0xA7, 0x62, 0x62, 0x41, 0xE0, 0x30, 0x82, 0x49, 0x68, 0x8B, 0x66, 0x93,
    0x26, 0x93, 0x46, 0x9B, 0x88, 0xA3, 0xC9, 0xAB, 0x2A, 0xB4, 0x4B, 0xBC, 0x8C, 0xBC, 0xAD, 0xC4,
    0xCE, 0xCC, 0xEE, 0xCC, 0x0E, 0xCD, 0x0E, 0xD5, 0x0F, 0xD5, 0x2F, 0xD5, 0x2F, 0xD5, 0x0F, 0xD5,
    0x0F, 0xD5, 0x0E, 0xD5, 0xEE, 0xD4, 0x0E, 0xD5, 0x0F, 0xD5, 0x0F, 0xD5, 0x2F, 0xDD, 0x4F, 0xDD,
    0x70, 0xDD, 0x70, 0xDD, 0x90, 0xE5, 0xB1, 0xE5, 0xB1, 0xE5, 0xD2, 0xE5, 0xF2, 0xED, 0xF2, 0xED,
    0x12, 0xEE, 0x12, 0xEE, 0x12, 0xEE, 0x13, 0xEE, 0x13, 0xEE, 0x13, 0xEE, 0x13, 0xEE, 0x13, 0xEE,
    0x13, 0xEE, 0x13, 0xEE, 0x13, 0xEE, 0x12, 0xEE, 0x12, 0xEE, 0xF2, 0xED, 0xF2, 0xED, 0xD2, 0xE5,
    0xD1, 0xE5, 0xB1, 0xE5, 0xB1, 0xDD, 0x4F, 0xCD, 0xAD, 0xBC, 0x6C, 0xB4, 0x6C, 0xBC, 0x6C, 0xBC,
    0x6C, 0xBC, 0x6C, 0xBC, 0x6C, 0xBC, 0x6C, 0xBC, 0x6C, 0xC4, 0x6C, 0xBC, 0x6C, 0xC4, 0x6C, 0xC4,
    0x6C, 0xC4, 0x6C, 0xC4, 0x6B, 0xC4, 0x6B, 0xC4, 0x6B, 0xC4, 0x4B, 0xBC, 0x4B, 0xBC, 0x4B, 0xBC,
    0x2A, 0xBC, 0x2A, 0xBC, 0x0A, 0xB4, 0xE9, 0xB3, 0xC9, 0xAB, 0xA8, 0xAB, 0x88, 0xA3, 0x47, 0x9B,
    0xE6, 0x92, 0xA5, 0x8A, 0x43, 0x7A, 0xE2, 0x71, 0x60, 0x61, 0xE0, 0x50, 0x21, 0x51, 0xCC, 0x9B,
    0x72, 0xBD, 0x73, 0xBD, 0x72, 0xBD, 0x51, 0xBD, 0xF0, 0xB4, 0xF0, 0xB4, 0x72, 0xBD, 0x73, 0xBD,
    0x73, 0xBD, 0x93, 0xBD, 0x93, 0xBD, 0x31, 0xB5, 0x8E, 0xAC, 0x4C, 0xA4, 0x8E, 0xAC, 0x10, 0xB5,
    0xF4, 0xCD, 0x98, 0xD6, 0xDA, 0xDE, 0xFB, 0xDE, 0x1B, 0xDF, 0x1B, 0xDF, 0x1B, 0xE7, 0x1B, 0xE7,
    0x1B, 0xDF, 0x08, 0x73, 0xAB, 0x83, 0xAB, 0x83, 0xAB, 0x83, 0xAB, 0x83, 0xAB, 0x83, 0xAB, 0x83,
    0xAB, 0x83, 0xAB, 0x83, 0xAB, 0x83, 0xAB, 0x83, 0xAB, 0x83, 0xCB, 0x83, 0xCB, 0x83, 0xCC, 0x83,
    0xCC, 0x83, 0x09, 0x73, 0x83, 0x41, 0x21, 0x39, 0x41, 0x39, 0x03, 0x5A, 0x68, 0x93, 0x67, 0x9B,
    0x46, 0x93, 0x67, 0x9B, 0xA8, 0xA3, 0xE9, 0xAB, 0x2A, 0xB4, 0x4B, 0xBC, 0x8C, 0xC4, 0xCD, 0xC4,
    0xCE, 0xCC, 0xEE, 0xCC, 0x0E, 0xCD, 0x0F, 0xD5, 0x2F, 0xD5, 0x0F, 0xD5, 0x0F, 0xD5, 0x0F, 0xD5,
    0x0E, 0xD5, 0x0E, 0xD5, 0x0E, 0xD5, 0x0F, 0xD5, 0x0F, 0xD5, 0x2F, 0xD5, 0x2F, 0xDD, 0x70, 0xDD,
    0x70, 0xDD, 0x90, 0xE5, 0x91, 0xE5, 0xB1, 0xE5, 0xD1, 0xE5, 0xD2, 0xED, 0xF2, 0xED, 0xF2, 0xED,
    0x12, 0xEE, 0x12, 0xEE, 0x13, 0xEE, 0x12, 0xEE, 0x13, 0xEE, 0x13, 0xEE, 0x13, 0xEE, 0x12, 0xEE,
    0x12, 0xEE, 0x12, 0xEE, 0x12, 0xEE, 0xF2, 0xED, 0xF2, 0xE5, 0xD2, 0xE5, 0xD1, 0xE5, 0xB1, 0xE5,
    0x91, 0xDD, 0x0F, 0xCD, 0x6C, 0xB4, 0x4C, 0xB4, 0x6C, 0xB4, 0x6C, 0xBC, 0x6C, 0xBC, 0x6C, 0xBC,
    0x6C, 0xBC, 0x6C, 0xBC, 0x6C, 0xBC, 0x6C, 0xBC, 0x6C, 0xBC, 0x6B, 0xBC, 0x6B, 0xBC, 0x4B, 0xBC,
    0x4B, 0xBC, 0x4B, 0xBC, 0x4B, 0xBC, 0x4B, 0xBC, 0x2A, 0xBC, 0x2A, 0xBC, 0x2A, 0xBC, 0x0A, 0xB4,
    0xE9, 0xB3, 0xE9, 0xB3, 0xA8, 0xAB, 0x88, 0xA3, 0x67, 0xA3, 0x27, 0x9B, 0xE6, 0x92, 0xA5, 0x8A,
    0x43, 0x7A, 0xE2, 0x71, 0x80, 0x61, 0x20, 0x51, 0xE0, 0x48, 0x09, 0x8B, 0x32, 0xBD, 0x72, 0xBD,
    0x72, 0xBD, 0x31, 0xBD, 0xEF, 0xB4, 0xEF, 0xB4, 0x51, 0xBD, 0x72, 0xBD, 0x73, 0xBD, 0x93, 0xBD,
    0x93, 0xBD, 0x30, 0xBD, 0x8E, 0xAC, 0x4C, 0xA4, 0xAE, 0xAC, 0x72, 0xBD, 0x36, 0xCE, 0xB8, 0xD6,
    0xFA, 0xDE, 0xFB, 0xDE, 0x1B, 0xDF, 0x1B, 0xDF, 0x1B, 0xDF, 0x1B, 0xE7, 0x1B, 0xDF, 0x1A, 0xDF,
};

const lv_img_dsc_t avatar_open = {
    .header = { .cf = LV_COLOR_FORMAT_RGB565, .w = 135, .h = 240 },
    .data_size = sizeof(avatar_open_data),
    .data = avatar_open_data,
};

